publish_time,source_stamp,city,region,store_no,store_name,address,station_id,station_name,station_role,station_distance_km,fallback_used,aqi,aqi_status,pollutant,pm25_avg,pm25_hour,pm10_avg,pm10_hour,o3_8h,o3_hour,co_8h,co_hour,so2_hour,no2_hour
2026-09-01 13:00,2026090112,桃園,桃新區,1001,八德置地生活店,桃園市八德區介壽路一段728號1F,43,桃園,primary,5.193,0,23.0,Good,,3.1,2.0,5.0,3.0,25.0,41.0,0.2,,,
2026-09-01 13:00,2026090112,桃園,桃新區,1002,新光影城桃園高鐵站店,桃園市中壢區春德路107號1F,18,平鎮,primary,3.207,0,26.0,Good,,1.8,4.0,9.0,8.0,24.0,36.0,0.2,0.22,0.0,11.0
2026-09-01 13:00,2026090112,新北,北三區,1003,蘆洲佳瑪店,新北市蘆洲區長榮路2號1F,53,菜寮,primary,2.465,0,22.0,Good,,0.2,1.0,3.0,3.0,24.0,29.0,0.2,0.18,0.4,5.0
2026-09-01 13:00,2026090112,彰化,南一區,1008,員林大潤發店,彰化縣埔心鄉中山路319號1F,139,員林,primary,3.097,0,19.0,Good,,1.2,1.0,9.0,7.0,21.0,44.0,0.1,0.16,1.3,1.0
2026-09-01 13:00,2026090112,花蓮,北一區,1009,花蓮遠百店,花蓮縣花蓮市和平路581號1F,33,花蓮,primary,2.954,0,17.0,Good,,2.6,,9.0,,18.0,,0.1,,,
2026-09-01 13:00,2026090112,高雄,南二區,1010,高雄夢時代,高雄市前鎮區中華五路789號7F,10,小港,primary,3.812,0,38.0,Good,,5.9,5.0,12.0,12.0,18.0,22.0,0.2,0.22,1.8,16.0
2026-09-01 13:00,2026090112,新竹,新中區,1012,遠百竹北店,新竹縣竹北市莊敬北路18號6F,55,新竹,primary,4.271,0,27.0,Good,,4.5,3.0,14.0,15.0,29.0,49.0,0.2,0.27,1.0,9.0
2026-09-01 13:00,2026090112,台東,南二區,1013,秀泰台東,台東縣台東市新生路93號2F,66,臺東,primary,4.131,0,13.0,Good,,0.8,0.0,2.0,0.0,14.0,21.0,0.2,0.24,1.5,5.0
2026-09-01 13:00,2026090112,台南,南一區,1015,MITSUI OUTLET PARK 台南店,台南市歸仁區歸仁大道101號3F,67,臺南,primary,8.892,0,26.0,Good,,1.0,0.0,3.0,0.0,28.0,27.0,0.2,0.21,0.7,8.0
2026-09-01 13:00,2026090112,新北,北三區,1017,三重佳瑪,新北市三重區自強路一段73號1F,53,菜寮,primary,0.916,0,22.0,Good,,0.2,1.0,3.0,3.0,24.0,29.0,0.2,0.18,0.4,5.0
2026-09-01 13:00,2026090112,新竹,新中區,1018,新竹大魯閣店（遠雄廣場）,新竹市北區大雅路88號1F,55,新竹,primary,6.242,0,27.0,Good,,4.5,3.0,14.0,15.0,29.0,49.0,0.2,0.27,1.0,9.0
2026-09-01 13:00,2026090112,台中,新中區,1021,台中中友店,台中市北區三民路三段161號A棟3F,28,忠明,primary,4.112,0,16.0,Good,,2.5,0.0,8.0,6.0,17.0,40.0,0.2,0.2,1.5,3.0
2026-09-01 13:00,2026090112,台北,北二區,1022,內湖大全聯,台北市內湖區舊宗路一段188號1F,29,松山,primary,3.996,0,17.0,Good,,1.8,2.0,9.0,9.0,18.0,24.0,0.1,0.16,1.2,7.0
2026-09-01 13:00,2026090112,新北,北三區,1024,板橋愛買店,新北市板橋區貴興路101號1F,30,板橋,primary,0.142,0,19.0,Good,,2.2,3.0,3.0,2.0,20.0,26.0,0.2,0.21,0.5,7.0
2026-09-01 13:00,2026090112,新北,北三區,1025,新莊宏匯店,新北市新莊區新北大道4段3號2F,57,新莊,primary,0.49,0,25.0,Good,,0.8,1.0,12.0,11.0,27.0,33.0,0.1,0.13,0.9,4.0
2026-09-01 13:00,2026090112,台中,新中區,1029,Mitsui Shopping Park LaLaport台中店,台中市東區進德路600號3F(櫃號C30270),7,大里,primary,4.601,0,25.0,Good,,2.7,1.0,15.0,13.0,16.0,35.0,0.2,0.2,0.8,4.0
2026-09-01 13:00,2026090112,新北,北三區,1031,三峽店,新北市三峽區民生街106之3號1F,4,土城,primary,11.729,0,19.0,Good,,1.7,2.0,6.0,6.0,21.0,27.0,0.1,0.16,0.8,5.0
2026-09-01 13:00,2026090112,台中,新中區,1032,新光三越台中中港,台中市西屯區台灣大道三段301號6F,25,西屯,primary,2.539,0,22.0,Good,,5.5,4.0,11.0,5.0,15.0,39.0,0.2,0.15,0.9,2.0
2026-09-01 13:00,2026090112,高雄,南二區,1033,高雄SKM Park,高雄市前鎮區中安路1-1號1F,10,小港,primary,3.812,0,38.0,Good,,5.9,5.0,12.0,12.0,18.0,22.0,0.2,0.22,1.8,16.0
2026-09-01 13:00,2026090112,高雄,南一區,1034,高雄漢神百貨,高雄市前金區成功一路266-1號7F,35,前金,primary,1.1,0,23.0,Good,,2.0,2.0,11.0,17.0,25.0,25.0,0.1,0.21,0.4,9.0
2026-09-01 13:00,2026090112,台北,北二區,1036,台北永康,台北市大安區永康街10-3號1F,16,古亭,primary,1.558,0,21.0,Good,,2.5,4.0,4.0,6.0,23.0,26.0,0.1,0.16,1.1,3.0
2026-09-01 13:00,2026090112,新北,北一區,1037,竹圍店,新北市淡水區民權路42號1~2F,48,淡水,primary,3.106,0,25.0,Good,,,1.0,7.0,4.0,27.0,32.0,0.1,0.12,0.8,1.0
2026-09-01 13:00,2026090112,台北,北一區,1038,石牌,台北市北投區石牌路二段66號,5,士林,primary,4.975,0,22.0,Good,,2.9,7.0,5.0,10.0,24.0,30.0,0.1,0.13,0.5,2.0
2026-09-01 13:00,2026090112,苗栗,新中區,1040,頭份大潤發,苗栗縣頭份市自強路230號1F,55,新竹,primary,15.362,0,27.0,Good,,4.5,3.0,14.0,15.0,29.0,49.0,0.2,0.27,1.0,9.0
2026-09-01 13:00,2026090112,桃園,桃新區,1041,中原家樂福,桃園市中壢區中華路二段 501號1F,18,平鎮,primary,3.207,0,26.0,Good,,1.8,4.0,9.0,8.0,24.0,36.0,0.2,0.22,0.0,11.0
2026-09-01 13:00,2026090112,高雄,南二區,1044,高雄義享,高雄市鼓山區大順一路115號3F,35,前金,primary,2.226,0,23.0,Good,,2.0,2.0,11.0,17.0,25.0,25.0,0.1,0.21,0.4,9.0
2026-09-01 13:00,2026090112,新北,北一區,1045,江子翠,新北市板橋區雙十路二段176號1F,30,板橋,primary,0.142,0,19.0,Good,,2.2,3.0,3.0,2.0,20.0,26.0,0.2,0.21,0.5,7.0
2026-09-01 13:00,2026090112,澎湖,南一區,1046,澎湖三號港,澎湖縣馬公市同和路158號3F,44,馬公,primary,3.072,0,44.0,Good,,4.0,3.0,10.0,11.0,25.0,8.0,0.1,0.18,7.8,
2026-09-01 13:00,2026090112,桃園,桃新區,1047,環球桃園A8,桃園市龜山區復興一路8號B1F,31,林口,primary,6.046,0,19.0,Good,,4.2,3.0,6.0,6.0,20.0,28.0,0.2,0.19,1.3,8.0
2026-09-01 13:00,2026090112,台北,北一區,1049,公館,台北市中正區羅斯福路四段88之1號,16,古亭,primary,1.634,0,21.0,Good,,2.5,4.0,4.0,6.0,23.0,26.0,0.1,0.16,1.1,3.0
2026-09-01 13:00,2026090112,新北,北三區,1050,新店佳瑪,新北市新店區民權路78號1F,56,新店,primary,5.244,0,21.0,Good,,0.2,1.0,2.0,0.0,23.0,,0.1,0.14,0.1,2.0
2026-09-01 13:00,2026090112,台北,北一區,1051,LaLaport南港,台北市南港區經貿二路131號3F,29,松山,primary,3.502,0,17.0,Good,,1.8,2.0,9.0,9.0,18.0,24.0,0.1,0.16,1.2,7.0
2026-09-01 13:00,2026090112,台北,北二區,1054,大巨蛋sogo,台北市信義區忠孝東路4段505號4F,29,松山,primary,2.265,0,17.0,Good,,1.8,2.0,9.0,9.0,18.0,24.0,0.1,0.16,1.2,7.0
2026-09-01 13:00,2026090112,宜蘭,北二區,1055,新月廣場,宜蘭縣宜蘭市民權路二段38巷6號3F,27,宜蘭,primary,1.095,0,23.0,Good,,5.0,4.0,6.0,9.0,25.0,31.0,0.1,0.16,0.8,1.0
2026-09-01 13:00,2026090112,台北,北二區,1056,統一夢廣場,台北市信義區松高路11號B1F,29,松山,primary,2.265,0,17.0,Good,,1.8,2.0,9.0,9.0,18.0,24.0,0.1,0.16,1.2,7.0
2026-09-01 13:00,2026090112,新北,北三區,1057,新莊民安,新北市新莊區民安路224號1樓,57,新莊,primary,0.49,0,25.0,Good,,0.8,1.0,12.0,11.0,27.0,33.0,0.1,0.13,0.9,4.0
2026-09-01 13:00,2026090112,新北,北一區,1059,淡水,新北市淡水區中山路1之1號1F,48,淡水,primary,3.106,0,25.0,Good,,,1.0,7.0,4.0,27.0,32.0,0.1,0.12,0.8,1.0
2026-09-01 13:00,2026090112,嘉義,南一區,1060,嘉義新光,嘉義市西區垂楊路726號4樓,63,嘉義,primary,3.538,0,24.0,Good,,0.3,1.0,1.0,0.0,26.0,33.0,0.1,0.15,1.1,1.0
2026-09-01 13:00,2026090112,新竹,新中區,1062,竹馬,新竹市東區光復路二段690號2F。 平安樓-眼科眼鏡配整中心,55,新竹,primary,6.242,0,27.0,Good,,4.5,3.0,14.0,15.0,29.0,49.0,0.2,0.27,1.0,9.0
2026-09-01 13:00,2026090112,台中,新中區,1063,漢神洲際,台中市北屯區崇德路三段865號3F,74,豐原,primary,8.142,0,27.0,Good,,5.4,4.0,16.0,19.0,23.0,60.0,0.2,0.24,0.7,5.0
2026-09-01 13:00,2026090112,台北,北一區,1065,台北微風廣場,臺北市松山區復興南路一段39號3F,29,松山,primary,2.391,0,17.0,Good,,1.8,2.0,9.0,9.0,18.0,24.0,0.1,0.16,1.2,7.0
2026-09-01 13:00,2026090112,屏東,南二區,1066,潮州驛站,屏東縣潮州鎮信義路111號1F,69,潮州,primary,1.548,0,27.0,Good,,1.6,0.0,4.0,0.0,29.0,30.0,0.1,0.13,0.4,1.0
2026-09-01 13:00,2026090112,台北,北一區,1067,大葉高島屋,臺北市士林區忠誠路2段55號4F,5,士林,primary,4.231,0,22.0,Good,,2.9,7.0,5.0,10.0,24.0,30.0,0.1,0.13,0.5,2.0
2026-09-01 13:00,2026090112,新北,北三區,1068,環球中和,新北市中和區中山路3段122號2F,30,板橋,primary,4.299,0,19.0,Good,,2.2,3.0,3.0,2.0,20.0,26.0,0.2,0.21,0.5,7.0
2026-09-01 13:00,2026090112,台中,新中區,1069,誠品台中三井,台中市梧棲區臺灣大道10段168號1F(櫃號19800),26,沙鹿,primary,4.502,0,20.0,Good,,3.8,1.0,12.0,6.0,21.0,39.0,0.2,0.16,0.6,4.0
2026-09-01 13:00,2026090112,桃園,桃新區,1070,環球青埔A19,桃園市中壢區高鐵南路二段352號4F,18,平鎮,primary,3.207,0,26.0,Good,,1.8,4.0,9.0,8.0,24.0,36.0,0.2,0.22,0.0,11.0
2026-09-01 13:00,2026090112,台北,北二區,1071,南港CITY LINK,臺北市南港區東明里忠孝東路七段369號2F(B棟),29,松山,primary,3.502,0,17.0,Good,,1.8,2.0,9.0,9.0,18.0,24.0,0.1,0.16,1.2,7.0
2026-09-01 13:00,2026090112,台北,北二區,917,微風台北車站店,台北市中正區北平西路3號 微風台北車站1樓(G18),16,古亭,primary,1.634,0,21.0,Good,,2.5,4.0,4.0,6.0,23.0,26.0,0.1,0.16,1.1,3.0
2026-09-01 13:00,2026090112,台北,北二區,921,att4fun店,台北市信義區松壽路12號1F,29,松山,primary,2.265,0,17.0,Good,,1.8,2.0,9.0,9.0,18.0,24.0,0.1,0.16,1.2,7.0
2026-09-01 13:00,2026090112,台北,北二區,923,京站店,台北市大同區承德路一段1號B1 (Q24012),11,中山,primary,1.364,0,19.0,Good,,3.7,6.0,4.0,2.0,20.0,25.0,0.2,0.22,0.2,7.0
2026-09-01 13:00,2026090112,台北,北一區,925,忠孝敦化店,台北市大安區忠孝東路四段205巷20號1樓~3樓,16,古亭,primary,1.558,0,21.0,Good,,2.5,4.0,4.0,6.0,23.0,26.0,0.1,0.16,1.1,3.0
2026-09-01 13:00,2026090112,高雄,南二區,930,漢神巨蛋店,高雄市左營區博愛二路777號4F,17,左營,primary,1.037,0,23.0,Good,,2.7,2.0,7.0,6.0,25.0,26.0,0.2,0.21,0.2,7.0
2026-09-01 13:00,2026090112,台北,北二區,932,微風南京店,台北市松山區南京東路三段337號B1-08(櫃號01070),29,松山,primary,2.391,0,17.0,Good,,1.8,2.0,9.0,9.0,18.0,24.0,0.1,0.16,1.2,7.0
2026-09-01 13:00,2026090112,新北,桃新區,935,MITSUI OUTLET PARK 林口店,新北市林口區文化三路一段356號 1F,31,林口,primary,2.773,0,19.0,Good,,4.2,3.0,6.0,6.0,20.0,28.0,0.2,0.19,1.3,8.0
2026-09-01 13:00,2026090112,台南,南一區,939,新光三越台南小西門,台南市中西區西門路1段658-1號1F,67,臺南,primary,2.822,0,26.0,Good,,1.0,0.0,3.0,0.0,28.0,27.0,0.2,0.21,0.7,8.0
2026-09-01 13:00,2026090112,新竹,新中區,940,新竹巨城店,新竹市東區中央路229號3F,55,新竹,primary,6.242,0,27.0,Good,,4.5,3.0,14.0,15.0,29.0,49.0,0.2,0.27,1.0,9.0
2026-09-01 13:00,2026090112,台北,北一區,941,台北忠孝SOGO店,台北市大安區忠孝東路四段45號B1F,16,古亭,primary,1.558,0,21.0,Good,,2.5,4.0,4.0,6.0,23.0,26.0,0.1,0.16,1.1,3.0
2026-09-01 13:00,2026090112,高雄,南二區,943,高雄三多SOGO店,高雄市前鎮區三多三路217號2F,10,小港,primary,3.812,0,38.0,Good,,5.9,5.0,12.0,12.0,18.0,22.0,0.2,0.22,1.8,16.0
2026-09-01 13:00,2026090112,台南,南一區,944,南紡購物中心店,台南市東區中華東路一段366號2F,67,臺南,primary,1.221,0,26.0,Good,,1.0,0.0,3.0,0.0,28.0,27.0,0.2,0.21,0.7,8.0
2026-09-01 13:00,2026090112,桃園,桃新區,946,台茂購物中心店,桃園市蘆竹區南崁路一段112號B2F,43,桃園,primary,7.665,0,23.0,Good,,3.1,2.0,5.0,3.0,25.0,41.0,0.2,,,
2026-09-01 13:00,2026090112,桃園,桃新區,947,大江購物中心店,桃園市中壢區中園路二段501號B1F,18,平鎮,primary,3.207,0,26.0,Good,,1.8,4.0,9.0,8.0,24.0,36.0,0.2,0.22,0.0,11.0
2026-09-01 13:00,2026090112,台北,北三區,950,南西店,台北市中山區南京西路13號1F,11,中山,primary,1.428,0,19.0,Good,,3.7,6.0,4.0,2.0,20.0,25.0,0.2,0.22,0.2,7.0
2026-09-01 13:00,2026090112,台中,新中區,952,台中大遠百店,台中市西屯區台灣大道三段251號10F,25,西屯,primary,2.539,0,22.0,Good,,5.5,4.0,11.0,5.0,15.0,39.0,0.2,0.15,0.9,2.0
2026-09-01 13:00,2026090112,桃園,桃新區,956,桃園ATT,桃園市桃園區中正路47號1F,43,桃園,primary,0.831,0,23.0,Good,,3.1,2.0,5.0,3.0,25.0,41.0,0.2,,,
2026-09-01 13:00,2026090112,台中,新中區,958,台中新時代,台中市東區復興路四段186號2F,7,大里,primary,4.601,0,25.0,Good,,2.7,1.0,15.0,13.0,16.0,35.0,0.2,0.2,0.8,4.0
2026-09-01 13:00,2026090112,台中,新中區,960,秀泰台中站前店,台中市東區南京路66號1F,7,大里,primary,4.601,0,25.0,Good,,2.7,1.0,15.0,13.0,16.0,35.0,0.2,0.2,0.8,4.0
2026-09-01 13:00,2026090112,台北,北二區,964,新光三越信義A11,台北市信義區松壽路11號B1F,29,松山,primary,2.265,0,17.0,Good,,1.8,2.0,9.0,9.0,18.0,24.0,0.1,0.16,1.2,7.0
2026-09-01 13:00,2026090112,台北,北一區,966,台北天母ＳＯＧＯ,台北市士林區中山北路六段77號2F,5,士林,primary,4.231,0,22.0,Good,,2.9,7.0,5.0,10.0,24.0,30.0,0.1,0.13,0.5,2.0
2026-09-01 13:00,2026090112,高雄,南二區,967,高雄大遠百,高雄市苓雅區三多四路21號3F,35,前金,primary,3.688,0,23.0,Good,,2.0,2.0,11.0,17.0,25.0,25.0,0.1,0.21,0.4,9.0
2026-09-01 13:00,2026090112,基隆,北二區,969,基隆東岸廣場,基隆市仁愛區仁二路236號1F,46,基隆,primary,1.993,0,22.0,Good,,1.1,2.0,4.0,4.0,24.0,26.0,0.1,0.15,0.0,2.0
2026-09-01 13:00,2026090112,新北,北三區,973,環球板橋,新北市板橋區縣民大道二段7號2F,30,板橋,primary,0.142,0,19.0,Good,,2.2,3.0,3.0,2.0,20.0,26.0,0.2,0.21,0.5,7.0
2026-09-01 13:00,2026090112,台北,北二區,975,美麗華店,台北市中山區敬業三路20號B1F,11,中山,primary,1.428,0,19.0,Good,,3.7,6.0,4.0,2.0,20.0,25.0,0.2,0.22,0.2,7.0
2026-09-01 13:00,2026090112,新北,北三區,981,新店家樂福店,新北市新店區中興路三段1號1F,56,新店,primary,5.244,0,21.0,Good,,0.2,1.0,2.0,0.0,23.0,,0.1,0.14,0.1,2.0
2026-09-01 13:00,2026090112,桃園,桃新區,982,內壢家樂福店,桃園市中壢區中華路一段450號1F,18,平鎮,primary,3.207,0,26.0,Good,,1.8,4.0,9.0,8.0,24.0,36.0,0.2,0.22,0.0,11.0
2026-09-01 13:00,2026090112,桃園,桃新區,984,經國家樂福店,桃園市桃園區經國路 369號B1F,43,桃園,primary,0.831,0,23.0,Good,,3.1,2.0,5.0,3.0,25.0,41.0,0.2,,,
2026-09-01 13:00,2026090112,台北,北二區,986,內湖CITYLINK店,台北市內湖區成功路四段188號1F,29,松山,primary,3.996,0,17.0,Good,,1.8,2.0,9.0,9.0,18.0,24.0,0.1,0.16,1.2,7.0
2026-09-01 13:00,2026090112,高雄,南一區,987,新光三越高雄左營店,高雄市左營區高鐵路123號3F,17,左營,primary,1.037,0,23.0,Good,,2.7,2.0,7.0,6.0,25.0,26.0,0.2,0.21,0.2,7.0
2026-09-01 13:00,2026090112,嘉義,南一區,988,秀泰嘉義店,嘉義市西區文化路299號1F,63,嘉義,primary,3.538,0,24.0,Good,,0.3,1.0,1.0,0.0,26.0,33.0,0.1,0.15,1.1,1.0
2026-09-01 13:00,2026090112,高雄,南二區,990,高雄成功家樂福OUTLET店,高雄市前鎮區中華五路1111號1F,10,小港,primary,3.812,0,38.0,Good,,5.9,5.0,12.0,12.0,18.0,22.0,0.2,0.22,1.8,16.0
2026-09-01 13:00,2026090112,台北,北一區,992,西門漢中,台北市萬華區漢中街110號,62,萬華,primary,2.232,0,19.0,Good,,1.4,2.0,5.0,2.0,21.0,26.0,0.1,0.2,0.5,8.0
2026-09-01 13:00,2026090112,新北,北三區,993,秀泰樹林,新北市樹林區樹新路40-6號1F,4,土城,primary,5.133,0,19.0,Good,,1.7,2.0,6.0,6.0,21.0,27.0,0.1,0.16,0.8,5.0
2026-09-01 13:00,2026090112,新北,北三區,995,JCPARK新莊店,新北市新莊區幸福路742號1F,57,新莊,primary,0.49,0,25.0,Good,,0.8,1.0,12.0,11.0,27.0,33.0,0.1,0.13,0.9,4.0
2026-09-01 13:00,2026090112,新北,北三區,996,板橋府中店,新北市板橋區中山路一段19號1F,30,板橋,primary,0.142,0,19.0,Good,,2.2,3.0,3.0,2.0,20.0,26.0,0.2,0.21,0.5,7.0
2026-09-01 13:00,2026090112,新北,北三區,997,京站小碧潭店,新北市新店區中央路157號5F,56,新店,primary,5.244,0,21.0,Good,,0.2,1.0,2.0,0.0,23.0,,0.1,0.14,0.1,2.0
2026-09-01 13:00,2026090112,屏東,南二區,998,屏東車站店,屏東縣屏東市公勇路62號1F,38,屏東,primary,1.241,0,25.0,Good,,1.2,,4.0,6.0,27.0,,0.2,0.25,0.9,7.0
2026-09-01 15:00,2026090114,桃園,桃新區,1001,八德置地生活店,桃園市八德區介壽路一段728號1F,43,桃園,primary,5.193,0,33.0,Good,,4.4,8.0,5.0,4.0,36.0,43.0,0.2,0.22,0.9,12.0
2026-09-01 15:00,2026090114,桃園,桃新區,1002,新光影城桃園高鐵站店,桃園市中壢區春德路107號1F,18,平鎮,primary,3.207,0,29.0,Good,,2.5,1.0,9.0,4.0,28.0,26.0,0.2,0.24,0.0,12.0
2026-09-01 15:00,2026090114,新北,北三區,1003,蘆洲佳瑪店,新北市蘆洲區長榮路2號1F,53,菜寮,primary,2.465,0,22.0,Good,,1.6,6.0,3.0,,24.0,,0.2,,,
2026-09-01 15:00,2026090114,彰化,南一區,1008,員林大潤發店,彰化縣埔心鄉中山路319號1F,139,員林,primary,3.097,0,26.0,Good,,0.8,0.0,10.0,7.0,28.0,36.0,0.1,0.16,1.3,1.0
2026-09-01 15:00,2026090114,花蓮,北一區,1009,花蓮遠百店,花蓮縣花蓮市和平路581號1F,33,花蓮,primary,2.954,0,22.0,Good,,3.0,4.0,7.0,3.0,24.0,29.0,0.1,0.15,0.9,1.0
2026-09-01 15:00,2026090114,高雄,南二區,1010,高雄夢時代,高雄市前鎮區中華五路789號7F,10,小港,primary,3.812,0,33.0,Good,,6.1,8.0,11.0,8.0,18.0,23.0,0.2,0.29,1.0,14.0
2026-09-01 15:00,2026090114,新竹,新中區,1012,遠百竹北店,新竹縣竹北市莊敬北路18號6F,55,新竹,primary,4.271,0,36.0,Good,,8.2,17.0,16.0,16.0,39.0,48.0,0.2,0.25,1.0,8.0
2026-09-01 15:00,2026090114,台東,南二區,1013,秀泰台東,台東縣台東市新生路93號2F,66,臺東,primary,4.131,0,17.0,Good,,0.9,0.0,3.0,13.0,18.0,28.0,0.2,0.18,1.4,3.0
2026-09-01 15:00,2026090114,台南,南一區,1015,MITSUI OUTLET PARK 台南店,台南市歸仁區歸仁大道101號3F,67,臺南,primary,8.892,0,25.0,Good,,0.8,1.0,3.0,2.0,27.0,28.0,0.2,0.21,0.5,6.0
2026-09-01 15:00,2026090114,新北,北三區,1017,三重佳瑪,新北市三重區自強路一段73號1F,53,菜寮,primary,0.916,0,22.0,Good,,1.6,6.0,3.0,,24.0,,0.2,,,
2026-09-01 15:00,2026090114,新竹,新中區,1018,新竹大魯閣店（遠雄廣場）,新竹市北區大雅路88號1F,55,新竹,primary,6.242,0,36.0,Good,,8.2,17.0,16.0,16.0,39.0,48.0,0.2,0.25,1.0,8.0
2026-09-01 15:00,2026090114,台中,新中區,1021,台中中友店,台中市北區三民路三段161號A棟3F,28,忠明,primary,4.112,0,23.0,Good,,1.6,1.0,8.0,7.0,25.0,32.0,0.2,0.2,1.5,5.0
2026-09-01 15:00,2026090114,台北,北二區,1022,內湖大全聯,台北市內湖區舊宗路一段188號1F,29,松山,primary,3.996,0,21.0,Good,,1.6,0.0,8.0,8.0,20.0,23.0,0.1,0.16,1.3,9.0
2026-09-01 15:00,2026090114,新北,北三區,1024,板橋愛買店,新北市板橋區貴興路101號1F,30,板橋,primary,0.142,0,26.0,Good,,2.0,2.0,2.0,5.0,21.0,20.0,0.2,0.25,0.4,11.0
2026-09-01 15:00,2026090114,新北,北三區,1025,新莊宏匯店,新北市新莊區新北大道4段3號2F,57,新莊,primary,0.49,0,27.0,Good,,1.3,2.0,11.0,,29.0,,0.1,0.18,0.8,10.0
2026-09-01 15:00,2026090114,台中,新中區,1029,Mitsui Shopping Park LaLaport台中店,台中市東區進德路600號3F(櫃號C30270),7,大里,primary,4.601,0,22.0,Good,,1.5,1.0,13.0,8.0,23.0,32.0,0.2,0.17,0.7,4.0
2026-09-01 15:00,2026090114,新北,北三區,1031,三峽店,新北市三峽區民生街106之3號1F,4,土城,primary,11.729,0,36.0,Good,,2.0,4.0,6.0,7.0,22.0,13.0,0.2,0.24,0.8,15.0
2026-09-01 15:00,2026090114,台中,新中區,1032,新光三越台中中港,台中市西屯區台灣大道三段301號6F,25,西屯,primary,2.539,0,22.0,Good,,4.3,3.0,8.0,3.0,24.0,33.0,0.2,0.18,0.9,3.0
2026-09-01 15:00,2026090114,高雄,南二區,1033,高雄SKM Park,高雄市前鎮區中安路1-1號1F,10,小港,primary,3.812,0,33.0,Good,,6.1,8.0,11.0,8.0,18.0,23.0,0.2,0.29,1.0,14.0
2026-09-01 15:00,2026090114,高雄,南一區,1034,高雄漢神百貨,高雄市前金區成功一路266-1號7F,35,前金,primary,1.1,0,22.0,Good,,1.6,2.0,10.0,6.0,24.0,25.0,0.2,0.32,0.0,8.0
2026-09-01 15:00,2026090114,台北,北二區,1036,台北永康,台北市大安區永康街10-3號1F,16,古亭,primary,1.558,0,21.0,Good,,3.9,6.0,5.0,9.0,23.0,22.0,0.1,0.19,1.1,6.0
2026-09-01 15:00,2026090114,新北,北一區,1037,竹圍店,新北市淡水區民權路42號1~2F,48,淡水,primary,3.106,0,27.0,Good,,1.9,3.0,9.0,14.0,29.0,30.0,0.1,0.16,0.7,6.0
2026-09-01 15:00,2026090114,台北,北一區,1038,石牌,台北市北投區石牌路二段66號,5,士林,primary,4.975,0,26.0,Good,,4.7,9.0,6.0,7.0,25.0,23.0,0.1,0.15,0.8,11.0
2026-09-01 15:00,2026090114,苗栗,新中區,1040,頭份大潤發,苗栗縣頭份市自強路230號1F,55,新竹,primary,15.362,0,36.0,Good,,8.2,17.0,16.0,16.0,39.0,48.0,0.2,0.25,1.0,8.0
2026-09-01 15:00,2026090114,桃園,桃新區,1041,中原家樂福,桃園市中壢區中華路二段 501號1F,18,平鎮,primary,3.207,0,29.0,Good,,2.5,1.0,9.0,4.0,28.0,26.0,0.2,0.24,0.0,12.0
2026-09-01 15:00,2026090114,高雄,南二區,1044,高雄義享,高雄市鼓山區大順一路115號3F,35,前金,primary,2.226,0,22.0,Good,,1.6,2.0,10.0,6.0,24.0,25.0,0.2,0.32,0.0,8.0
2026-09-01 15:00,2026090114,新北,北一區,1045,江子翠,新北市板橋區雙十路二段176號1F,30,板橋,primary,0.142,0,26.0,Good,,2.0,2.0,2.0,5.0,21.0,20.0,0.2,0.25,0.4,11.0
2026-09-01 15:00,2026090114,澎湖,南一區,1046,澎湖三號港,澎湖縣馬公市同和路158號3F,44,馬公,primary,3.072,0,24.0,Good,,3.2,4.0,9.0,7.0,24.0,27.0,0.1,0.17,2.8,10.0
2026-09-01 15:00,2026090114,桃園,桃新區,1047,環球桃園A8,桃園市龜山區復興一路8號B1F,31,林口,primary,6.046,0,31.0,Good,,3.6,,6.0,8.0,22.0,,0.2,0.21,1.1,13.0
2026-09-01 15:00,2026090114,台北,北一區,1049,公館,台北市中正區羅斯福路四段88之1號,16,古亭,primary,1.634,0,21.0,Good,,3.9,6.0,5.0,9.0,23.0,22.0,0.1,0.19,1.1,6.0
2026-09-01 15:00,2026090114,新北,北三區,1050,新店佳瑪,新北市新店區民權路78號1F,56,新店,primary,5.244,0,26.0,Good,,0.2,0.0,1.0,,22.0,12.0,0.1,0.21,0.1,11.0
2026-09-01 15:00,2026090114,台北,北一區,1051,LaLaport南港,台北市南港區經貿二路131號3F,29,松山,primary,3.502,0,21.0,Good,,1.6,0.0,8.0,8.0,20.0,23.0,0.1,0.16,1.3,9.0
2026-09-01 15:00,2026090114,台北,北二區,1054,大巨蛋sogo,台北市信義區忠孝東路4段505號4F,29,松山,primary,2.265,0,21.0,Good,,1.6,0.0,8.0,8.0,20.0,23.0,0.1,0.16,1.3,9.0
2026-09-01 15:00,2026090114,宜蘭,北二區,1055,新月廣場,宜蘭縣宜蘭市民權路二段38巷6號3F,27,宜蘭,primary,1.095,0,25.0,Good,,5.6,6.0,8.0,11.0,27.0,28.0,0.1,0.15,0.8,3.0
2026-09-01 15:00,2026090114,台北,北二區,1056,統一夢廣場,台北市信義區松高路11號B1F,29,松山,primary,2.265,0,21.0,Good,,1.6,0.0,8.0,8.0,20.0,23.0,0.1,0.16,1.3,9.0
2026-09-01 15:00,2026090114,新北,北三區,1057,新莊民安,新北市新莊區民安路224號1樓,57,新莊,primary,0.49,0,27.0,Good,,1.3,2.0,11.0,,29.0,,0.1,0.18,0.8,10.0
2026-09-01 15:00,2026090114,新北,北一區,1059,淡水,新北市淡水區中山路1之1號1F,48,淡水,primary,3.106,0,27.0,Good,,1.9,3.0,9.0,14.0,29.0,30.0,0.1,0.16,0.7,6.0
2026-09-01 15:00,2026090114,嘉義,南一區,1060,嘉義新光,嘉義市西區垂楊路726號4樓,63,嘉義,primary,3.538,0,27.0,Good,,0.8,2.0,2.0,,29.0,,0.1,0.15,1.3,3.0
2026-09-01 15:00,2026090114,新竹,新中區,1062,竹馬,新竹市東區光復路二段690號2F。 平安樓-眼科眼鏡配整中心,55,新竹,primary,6.242,0,36.0,Good,,8.2,17.0,16.0,16.0,39.0,48.0,0.2,0.25,1.0,8.0
2026-09-01 15:00,2026090114,台中,新中區,1063,漢神洲際,台中市北屯區崇德路三段865號3F,74,豐原,primary,8.142,0,30.0,Good,,4.5,3.0,15.0,13.0,32.0,37.0,0.2,0.16,0.4,4.0
2026-09-01 15:00,2026090114,台北,北一區,1065,台北微風廣場,臺北市松山區復興南路一段39號3F,29,松山,primary,2.391,0,21.0,Good,,1.6,0.0,8.0,8.0,20.0,23.0,0.1,0.16,1.3,9.0
2026-09-01 15:00,2026090114,屏東,南二區,1066,潮州驛站,屏東縣潮州鎮信義路111號1F,69,潮州,primary,1.548,0,27.0,Good,,1.0,0.0,3.0,4.0,29.0,29.0,0.1,0.11,0.5,0.0
2026-09-01 15:00,2026090114,台北,北一區,1067,大葉高島屋,臺北市士林區忠誠路2段55號4F,5,士林,primary,4.231,0,26.0,Good,,4.7,9.0,6.0,7.0,25.0,23.0,0.1,0.15,0.8,11.0
2026-09-01 15:00,2026090114,新北,北三區,1068,環球中和,新北市中和區中山路3段122號2F,30,板橋,primary,4.299,0,26.0,Good,,2.0,2.0,2.0,5.0,21.0,20.0,0.2,0.25,0.4,11.0
2026-09-01 15:00,2026090114,台中,新中區,1069,誠品台中三井,台中市梧棲區臺灣大道10段168號1F(櫃號19800),26,沙鹿,primary,4.502,0,27.0,Good,,3.5,6.0,10.0,,29.0,35.0,0.2,,,
2026-09-01 15:00,2026090114,桃園,桃新區,1070,環球青埔A19,桃園市中壢區高鐵南路二段352號4F,18,平鎮,primary,3.207,0,29.0,Good,,2.5,1.0,9.0,4.0,28.0,26.0,0.2,0.24,0.0,12.0
2026-09-01 15:00,2026090114,台北,北二區,1071,南港CITY LINK,臺北市南港區東明里忠孝東路七段369號2F(B棟),29,松山,primary,3.502,0,21.0,Good,,1.6,0.0,8.0,8.0,20.0,23.0,0.1,0.16,1.3,9.0
2026-09-01 15:00,2026090114,台北,北二區,917,微風台北車站店,台北市中正區北平西路3號 微風台北車站1樓(G18),16,古亭,primary,1.634,0,21.0,Good,,3.9,6.0,5.0,9.0,23.0,22.0,0.1,0.19,1.1,6.0
2026-09-01 15:00,2026090114,台北,北二區,921,att4fun店,台北市信義區松壽路12號1F,29,松山,primary,2.265,0,21.0,Good,,1.6,0.0,8.0,8.0,20.0,23.0,0.1,0.16,1.3,9.0
2026-09-01 15:00,2026090114,台北,北二區,923,京站店,台北市大同區承德路一段1號B1 (Q24012),11,中山,primary,1.364,0,29.0,Good,,3.7,1.0,3.0,3.0,21.0,21.0,0.2,0.25,0.4,12.0
2026-09-01 15:00,2026090114,台北,北一區,925,忠孝敦化店,台北市大安區忠孝東路四段205巷20號1樓~3樓,16,古亭,primary,1.558,0,21.0,Good,,3.9,6.0,5.0,9.0,23.0,22.0,0.1,0.19,1.1,6.0
2026-09-01 15:00,2026090114,高雄,南二區,930,漢神巨蛋店,高雄市左營區博愛二路777號4F,17,左營,primary,1.037,0,31.0,Good,,3.8,7.0,6.0,4.0,23.0,18.0,0.2,0.29,0.4,13.0
2026-09-01 15:00,2026090114,台北,北二區,932,微風南京店,台北市松山區南京東路三段337號B1-08(櫃號01070),29,松山,primary,2.391,0,21.0,Good,,1.6,0.0,8.0,8.0,20.0,23.0,0.1,0.16,1.3,9.0
2026-09-01 15:00,2026090114,新北,桃新區,935,MITSUI OUTLET PARK 林口店,新北市林口區文化三路一段356號 1F,31,林口,primary,2.773,0,31.0,Good,,3.6,,6.0,8.0,22.0,,0.2,0.21,1.1,13.0
2026-09-01 15:00,2026090114,台南,南一區,939,新光三越台南小西門,台南市中西區西門路1段658-1號1F,67,臺南,primary,2.822,0,25.0,Good,,0.8,1.0,3.0,2.0,27.0,28.0,0.2,0.21,0.5,6.0
2026-09-01 15:00,2026090114,新竹,新中區,940,新竹巨城店,新竹市東區中央路229號3F,55,新竹,primary,6.242,0,36.0,Good,,8.2,17.0,16.0,16.0,39.0,48.0,0.2,0.25,1.0,8.0
2026-09-01 15:00,2026090114,台北,北一區,941,台北忠孝SOGO店,台北市大安區忠孝東路四段45號B1F,16,古亭,primary,1.558,0,21.0,Good,,3.9,6.0,5.0,9.0,23.0,22.0,0.1,0.19,1.1,6.0
2026-09-01 15:00,2026090114,高雄,南二區,943,高雄三多SOGO店,高雄市前鎮區三多三路217號2F,10,小港,primary,3.812,0,33.0,Good,,6.1,8.0,11.0,8.0,18.0,23.0,0.2,0.29,1.0,14.0
2026-09-01 15:00,2026090114,台南,南一區,944,南紡購物中心店,台南市東區中華東路一段366號2F,67,臺南,primary,1.221,0,25.0,Good,,0.8,1.0,3.0,2.0,27.0,28.0,0.2,0.21,0.5,6.0
2026-09-01 15:00,2026090114,桃園,桃新區,946,台茂購物中心店,桃園市蘆竹區南崁路一段112號B2F,43,桃園,primary,7.665,0,33.0,Good,,4.4,8.0,5.0,4.0,36.0,43.0,0.2,0.22,0.9,12.0
2026-09-01 15:00,2026090114,桃園,桃新區,947,大江購物中心店,桃園市中壢區中園路二段501號B1F,18,平鎮,primary,3.207,0,29.0,Good,,2.5,1.0,9.0,4.0,28.0,26.0,0.2,0.24,0.0,12.0
2026-09-01 15:00,2026090114,台北,北三區,950,南西店,台北市中山區南京西路13號1F,11,中山,primary,1.428,0,29.0,Good,,3.7,1.0,3.0,3.0,21.0,21.0,0.2,0.25,0.4,12.0
2026-09-01 15:00,2026090114,台中,新中區,952,台中大遠百店,台中市西屯區台灣大道三段251號10F,25,西屯,primary,2.539,0,22.0,Good,,4.3,3.0,8.0,3.0,24.0,33.0,0.2,0.18,0.9,3.0
2026-09-01 15:00,2026090114,桃園,桃新區,956,桃園ATT,桃園市桃園區中正路47號1F,43,桃園,primary,0.831,0,33.0,Good,,4.4,8.0,5.0,4.0,36.0,43.0,0.2,0.22,0.9,12.0
2026-09-01 15:00,2026090114,台中,新中區,958,台中新時代,台中市東區復興路四段186號2F,7,大里,primary,4.601,0,22.0,Good,,1.5,1.0,13.0,8.0,23.0,32.0,0.2,0.17,0.7,4.0
2026-09-01 15:00,2026090114,台中,新中區,960,秀泰台中站前店,台中市東區南京路66號1F,7,大里,primary,4.601,0,22.0,Good,,1.5,1.0,13.0,8.0,23.0,32.0,0.2,0.17,0.7,4.0
2026-09-01 15:00,2026090114,台北,北二區,964,新光三越信義A11,台北市信義區松壽路11號B1F,29,松山,primary,2.265,0,21.0,Good,,1.6,0.0,8.0,8.0,20.0,23.0,0.1,0.16,1.3,9.0
2026-09-01 15:00,2026090114,台北,北一區,966,台北天母ＳＯＧＯ,台北市士林區中山北路六段77號2F,5,士林,primary,4.231,0,26.0,Good,,4.7,9.0,6.0,7.0,25.0,23.0,0.1,0.15,0.8,11.0
2026-09-01 15:00,2026090114,高雄,南二區,967,高雄大遠百,高雄市苓雅區三多四路21號3F,35,前金,primary,3.688,0,22.0,Good,,1.6,2.0,10.0,6.0,24.0,25.0,0.2,0.32,0.0,8.0
2026-09-01 15:00,2026090114,基隆,北二區,969,基隆東岸廣場,基隆市仁愛區仁二路236號1F,46,基隆,primary,1.993,0,23.0,Good,,1.5,1.0,5.0,7.0,25.0,25.0,0.1,0.16,0.0,1.0
2026-09-01 15:00,2026090114,新北,北三區,973,環球板橋,新北市板橋區縣民大道二段7號2F,30,板橋,primary,0.142,0,26.0,Good,,2.0,2.0,2.0,5.0,21.0,20.0,0.2,0.25,0.4,11.0
2026-09-01 15:00,2026090114,台北,北二區,975,美麗華店,台北市中山區敬業三路20號B1F,11,中山,primary,1.428,0,29.0,Good,,3.7,1.0,3.0,3.0,21.0,21.0,0.2,0.25,0.4,12.0
2026-09-01 15:00,2026090114,新北,北三區,981,新店家樂福店,新北市新店區中興路三段1號1F,56,新店,primary,5.244,0,26.0,Good,,0.2,0.0,1.0,,22.0,12.0,0.1,0.21,0.1,11.0
2026-09-01 15:00,2026090114,桃園,桃新區,982,內壢家樂福店,桃園市中壢區中華路一段450號1F,18,平鎮,primary,3.207,0,29.0,Good,,2.5,1.0,9.0,4.0,28.0,26.0,0.2,0.24,0.0,12.0
2026-09-01 15:00,2026090114,桃園,桃新區,984,經國家樂福店,桃園市桃園區經國路 369號B1F,43,桃園,primary,0.831,0,33.0,Good,,4.4,8.0,5.0,4.0,36.0,43.0,0.2,0.22,0.9,12.0
2026-09-01 15:00,2026090114,台北,北二區,986,內湖CITYLINK店,台北市內湖區成功路四段188號1F,29,松山,primary,3.996,0,21.0,Good,,1.6,0.0,8.0,8.0,20.0,23.0,0.1,0.16,1.3,9.0
2026-09-01 15:00,2026090114,高雄,南一區,987,新光三越高雄左營店,高雄市左營區高鐵路123號3F,17,左營,primary,1.037,0,31.0,Good,,3.8,7.0,6.0,4.0,23.0,18.0,0.2,0.29,0.4,13.0
2026-09-01 15:00,2026090114,嘉義,南一區,988,秀泰嘉義店,嘉義市西區文化路299號1F,63,嘉義,primary,3.538,0,27.0,Good,,0.8,2.0,2.0,,29.0,,0.1,0.15,1.3,3.0
2026-09-01 15:00,2026090114,高雄,南二區,990,高雄成功家樂福OUTLET店,高雄市前鎮區中華五路1111號1F,10,小港,primary,3.812,0,33.0,Good,,6.1,8.0,11.0,8.0,18.0,23.0,0.2,0.29,1.0,14.0
2026-09-01 15:00,2026090114,台北,北一區,992,西門漢中,台北市萬華區漢中街110號,62,萬華,primary,2.232,0,29.0,Good,,3.2,6.0,5.0,10.0,21.0,18.0,0.2,0.28,0.3,12.0
2026-09-01 15:00,2026090114,新北,北三區,993,秀泰樹林,新北市樹林區樹新路40-6號1F,4,土城,primary,5.133,0,36.0,Good,,2.0,4.0,6.0,7.0,22.0,13.0,0.2,0.24,0.8,15.0
2026-09-01 15:00,2026090114,新北,北三區,995,JCPARK新莊店,新北市新莊區幸福路742號1F,57,新莊,primary,0.49,0,27.0,Good,,1.3,2.0,11.0,,29.0,,0.1,0.18,0.8,10.0
2026-09-01 15:00,2026090114,新北,北三區,996,板橋府中店,新北市板橋區中山路一段19號1F,30,板橋,primary,0.142,0,26.0,Good,,2.0,2.0,2.0,5.0,21.0,20.0,0.2,0.25,0.4,11.0
2026-09-01 15:00,2026090114,新北,北三區,997,京站小碧潭店,新北市新店區中央路157號5F,56,新店,primary,5.244,0,26.0,Good,,0.2,0.0,1.0,,22.0,12.0,0.1,0.21,0.1,11.0
2026-09-01 15:00,2026090114,屏東,南二區,998,屏東車站店,屏東縣屏東市公勇路62號1F,38,屏東,primary,1.241,0,24.0,Good,,0.6,0.0,4.0,4.0,26.0,25.0,0.2,0.21,1.3,6.0
2026-09-02 08:00,2026090207,桃園,桃新區,1001,八德置地生活店,桃園市八德區介壽路一段728號1F,43,桃園,primary,5.193,0,26.0,Good,,4.3,6.0,10.0,9.0,21.0,20.0,0.2,0.43,0.5,11.0
2026-09-02 08:00,2026090207,桃園,桃新區,1002,新光影城桃園高鐵站店,桃園市中壢區春德路107號1F,18,平鎮,primary,3.207,0,51.0,Moderate,6,4.0,6.0,13.0,20.0,8.0,3.0,0.3,0.72,1.6,22.0
2026-09-02 08:00,2026090207,新北,北三區,1003,蘆洲佳瑪店,新北市蘆洲區長榮路2號1F,53,菜寮,primary,2.465,0,33.0,Good,,2.2,3.0,8.0,12.0,10.0,6.0,0.2,0.4,3.6,14.0
2026-09-02 08:00,2026090207,彰化,南一區,1008,員林大潤發店,彰化縣埔心鄉中山路319號1F,139,員林,primary,3.097,0,32.0,Good,,6.2,5.0,19.0,19.0,6.0,4.0,0.2,0.47,1.0,9.0
2026-09-02 08:00,2026090207,花蓮,北一區,1009,花蓮遠百店,花蓮縣花蓮市和平路581號1F,33,花蓮,primary,2.954,0,30.0,Good,,3.7,6.0,18.0,17.0,11.0,9.0,0.3,0.27,1.5,2.0
2026-09-02 08:00,2026090207,高雄,南二區,1010,高雄夢時代,高雄市前鎮區中華五路789號7F,10,小港,primary,3.812,0,64.0,Moderate,2,17.0,22.0,43.0,53.0,14.0,12.0,0.9,2.81,15.2,21.0
2026-09-02 08:00,2026090207,新竹,新中區,1012,遠百竹北店,新竹縣竹北市莊敬北路18號6F,55,新竹,primary,4.271,0,43.0,Good,,5.0,7.0,14.0,21.0,9.0,3.0,0.2,0.41,0.6,18.0
2026-09-02 08:00,2026090207,台東,南二區,1013,秀泰台東,台東縣台東市新生路93號2F,66,臺東,primary,4.131,0,18.0,Good,,4.2,5.0,11.0,6.0,12.0,16.0,0.1,0.14,1.3,1.0
2026-09-02 08:00,2026090207,台南,南一區,1015,MITSUI OUTLET PARK 台南店,台南市歸仁區歸仁大道101號3F,67,臺南,primary,8.892,0,20.0,Good,,4.1,5.0,10.0,18.0,22.0,21.0,0.1,0.2,1.0,5.0
2026-09-02 08:00,2026090207,新北,北三區,1017,三重佳瑪,新北市三重區自強路一段73號1F,53,菜寮,primary,0.916,0,33.0,Good,,2.2,3.0,8.0,12.0,10.0,6.0,0.2,0.4,3.6,14.0
2026-09-02 08:00,2026090207,新竹,新中區,1018,新竹大魯閣店（遠雄廣場）,新竹市北區大雅路88號1F,55,新竹,primary,6.242,0,43.0,Good,,5.0,7.0,14.0,21.0,9.0,3.0,0.2,0.41,0.6,18.0
2026-09-02 08:00,2026090207,台中,新中區,1021,台中中友店,台中市北區三民路三段161號A棟3F,28,忠明,primary,4.112,0,23.0,Good,,4.4,5.0,14.0,12.0,2.0,3.0,0.2,0.33,0.7,8.0
2026-09-02 08:00,2026090207,台北,北二區,1022,內湖大全聯,台北市內湖區舊宗路一段188號1F,29,松山,primary,3.996,0,33.0,Good,,1.6,2.0,13.0,16.0,7.0,5.0,0.1,0.27,1.2,14.0
2026-09-02 08:00,2026090207,新北,北三區,1024,板橋愛買店,新北市板橋區貴興路101號1F,30,板橋,primary,0.142,0,26.0,Good,,2.7,5.0,6.0,7.0,11.0,8.0,0.2,0.41,1.1,11.0
2026-09-02 08:00,2026090207,新北,北三區,1025,新莊宏匯店,新北市新莊區新北大道4段3號2F,57,新莊,primary,0.49,0,36.0,Good,,4.1,7.0,14.0,21.0,9.0,7.0,0.2,0.4,1.3,15.0
2026-09-02 08:00,2026090207,台中,新中區,1029,Mitsui Shopping Park LaLaport台中店,台中市東區進德路600號3F(櫃號C30270),7,大里,primary,4.601,0,38.0,Good,,5.1,5.0,23.0,25.0,3.0,1.0,0.2,0.49,1.2,8.0
2026-09-02 08:00,2026090207,新北,北三區,1031,三峽店,新北市三峽區民生街106之3號1F,4,土城,primary,11.729,0,25.0,Good,,2.5,3.0,15.0,15.0,11.0,8.0,0.2,0.39,0.6,9.0
2026-09-02 08:00,2026090207,台中,新中區,1032,新光三越台中中港,台中市西屯區台灣大道三段301號6F,25,西屯,primary,2.539,0,28.0,Good,,6.2,8.0,17.0,18.0,1.0,0.0,0.2,0.36,0.8,11.0
2026-09-02 08:00,2026090207,高雄,南二區,1033,高雄SKM Park,高雄市前鎮區中安路1-1號1F,10,小港,primary,3.812,0,64.0,Moderate,2,17.0,22.0,43.0,53.0,14.0,12.0,0.9,2.81,15.2,21.0
2026-09-02 08:00,2026090207,高雄,南一區,1034,高雄漢神百貨,高雄市前金區成功一路266-1號7F,35,前金,primary,1.1,0,30.0,Good,,5.8,9.0,18.0,34.0,21.0,17.0,0.2,0.46,3.2,12.0
2026-09-02 08:00,2026090207,台北,北二區,1036,台北永康,台北市大安區永康街10-3號1F,16,古亭,primary,1.558,0,20.0,Good,,1.2,0.0,12.0,15.0,11.0,9.0,0.1,0.27,1.2,8.0
2026-09-02 08:00,2026090207,新北,北一區,1037,竹圍店,新北市淡水區民權路42號1~2F,48,淡水,primary,3.106,0,22.0,Good,,2.2,2.0,13.0,14.0,10.0,10.0,0.2,0.3,1.6,7.0
2026-09-02 08:00,2026090207,台北,北一區,1038,石牌,台北市北投區石牌路二段66號,5,士林,primary,4.975,0,21.0,Good,,4.5,8.0,12.0,14.0,11.0,9.0,0.1,0.23,1.9,9.0
2026-09-02 08:00,2026090207,苗栗,新中區,1040,頭份大潤發,苗栗縣頭份市自強路230號1F,55,新竹,primary,15.362,0,43.0,Good,,5.0,7.0,14.0,21.0,9.0,3.0,0.2,0.41,0.6,18.0
2026-09-02 08:00,2026090207,桃園,桃新區,1041,中原家樂福,桃園市中壢區中華路二段 501號1F,18,平鎮,primary,3.207,0,51.0,Moderate,6,4.0,6.0,13.0,20.0,8.0,3.0,0.3,0.72,1.6,22.0
2026-09-02 08:00,2026090207,高雄,南二區,1044,高雄義享,高雄市鼓山區大順一路115號3F,35,前金,primary,2.226,0,30.0,Good,,5.8,9.0,18.0,34.0,21.0,17.0,0.2,0.46,3.2,12.0
2026-09-02 08:00,2026090207,新北,北一區,1045,江子翠,新北市板橋區雙十路二段176號1F,30,板橋,primary,0.142,0,26.0,Good,,2.7,5.0,6.0,7.0,11.0,8.0,0.2,0.41,1.1,11.0
2026-09-02 08:00,2026090207,澎湖,南一區,1046,澎湖三號港,澎湖縣馬公市同和路158號3F,44,馬公,primary,3.072,0,23.0,Good,,2.5,1.0,10.0,8.0,25.0,24.0,0.1,0.14,0.6,4.0
2026-09-02 08:00,2026090207,桃園,桃新區,1047,環球桃園A8,桃園市龜山區復興一路8號B1F,31,林口,primary,6.046,0,38.0,Good,,3.5,3.0,7.0,11.0,15.0,8.0,0.2,0.33,3.1,16.0
2026-09-02 08:00,2026090207,台北,北一區,1049,公館,台北市中正區羅斯福路四段88之1號,16,古亭,primary,1.634,0,20.0,Good,,1.2,0.0,12.0,15.0,11.0,9.0,0.1,0.27,1.2,8.0
2026-09-02 08:00,2026090207,新北,北三區,1050,新店佳瑪,新北市新店區民權路78號1F,56,新店,primary,5.244,0,18.0,Good,,,2.0,11.0,10.0,11.0,8.0,0.1,0.24,0.7,7.0
2026-09-02 08:00,2026090207,台北,北一區,1051,LaLaport南港,台北市南港區經貿二路131號3F,29,松山,primary,3.502,0,33.0,Good,,1.6,2.0,13.0,16.0,7.0,5.0,0.1,0.27,1.2,14.0
2026-09-02 08:00,2026090207,台北,北二區,1054,大巨蛋sogo,台北市信義區忠孝東路4段505號4F,29,松山,primary,2.265,0,33.0,Good,,1.6,2.0,13.0,16.0,7.0,5.0,0.1,0.27,1.2,14.0
2026-09-02 08:00,2026090207,宜蘭,北二區,1055,新月廣場,宜蘭縣宜蘭市民權路二段38巷6號3F,27,宜蘭,primary,1.095,0,30.0,Good,,4.9,5.0,18.0,15.0,9.0,11.0,0.1,0.22,0.8,3.0
2026-09-02 08:00,2026090207,台北,北二區,1056,統一夢廣場,台北市信義區松高路11號B1F,29,松山,primary,2.265,0,33.0,Good,,1.6,2.0,13.0,16.0,7.0,5.0,0.1,0.27,1.2,14.0
2026-09-02 08:00,2026090207,新北,北三區,1057,新莊民安,新北市新莊區民安路224號1樓,57,新莊,primary,0.49,0,36.0,Good,,4.1,7.0,14.0,21.0,9.0,7.0,0.2,0.4,1.3,15.0
2026-09-02 08:00,2026090207,新北,北一區,1059,淡水,新北市淡水區中山路1之1號1F,48,淡水,primary,3.106,0,22.0,Good,,2.2,2.0,13.0,14.0,10.0,10.0,0.2,0.3,1.6,7.0
2026-09-02 08:00,2026090207,嘉義,南一區,1060,嘉義新光,嘉義市西區垂楊路726號4樓,63,嘉義,primary,3.538,0,22.0,Good,,3.3,1.0,13.0,12.0,4.0,9.0,0.2,0.35,0.9,7.0
2026-09-02 08:00,2026090207,新竹,新中區,1062,竹馬,新竹市東區光復路二段690號2F。 平安樓-眼科眼鏡配整中心,55,新竹,primary,6.242,0,43.0,Good,,5.0,7.0,14.0,21.0,9.0,3.0,0.2,0.41,0.6,18.0
2026-09-02 08:00,2026090207,台中,新中區,1063,漢神洲際,台中市北屯區崇德路三段865號3F,74,豐原,primary,8.142,0,40.0,Good,,2.5,5.0,24.0,22.0,8.0,3.0,0.1,0.39,0.7,9.0
2026-09-02 08:00,2026090207,台北,北一區,1065,台北微風廣場,臺北市松山區復興南路一段39號3F,29,松山,primary,2.391,0,33.0,Good,,1.6,2.0,13.0,16.0,7.0,5.0,0.1,0.27,1.2,14.0
2026-09-02 08:00,2026090207,屏東,南二區,1066,潮州驛站,屏東縣潮州鎮信義路111號1F,69,潮州,primary,1.548,0,25.0,Good,,5.2,7.0,14.0,23.0,27.0,27.0,0.1,0.11,0.6,0.0
2026-09-02 08:00,2026090207,台北,北一區,1067,大葉高島屋,臺北市士林區忠誠路2段55號4F,5,士林,primary,4.231,0,21.0,Good,,4.5,8.0,12.0,14.0,11.0,9.0,0.1,0.23,1.9,9.0
2026-09-02 08:00,2026090207,新北,北三區,1068,環球中和,新北市中和區中山路3段122號2F,30,板橋,primary,4.299,0,26.0,Good,,2.7,5.0,6.0,7.0,11.0,8.0,0.2,0.41,1.1,11.0
2026-09-02 08:00,2026090207,台中,新中區,1069,誠品台中三井,台中市梧棲區臺灣大道10段168號1F(櫃號19800),26,沙鹿,primary,4.502,0,32.0,Good,,5.9,8.0,19.0,26.0,8.0,3.0,0.2,0.37,0.5,12.0
2026-09-02 08:00,2026090207,桃園,桃新區,1070,環球青埔A19,桃園市中壢區高鐵南路二段352號4F,18,平鎮,primary,3.207,0,51.0,Moderate,6,4.0,6.0,13.0,20.0,8.0,3.0,0.3,0.72,1.6,22.0
2026-09-02 08:00,2026090207,台北,北二區,1071,南港CITY LINK,臺北市南港區東明里忠孝東路七段369號2F(B棟),29,松山,primary,3.502,0,33.0,Good,,1.6,2.0,13.0,16.0,7.0,5.0,0.1,0.27,1.2,14.0
2026-09-02 08:00,2026090207,台北,北二區,917,微風台北車站店,台北市中正區北平西路3號 微風台北車站1樓(G18),16,古亭,primary,1.634,0,20.0,Good,,1.2,0.0,12.0,15.0,11.0,9.0,0.1,0.27,1.2,8.0
2026-09-02 08:00,2026090207,台北,北二區,921,att4fun店,台北市信義區松壽路12號1F,29,松山,primary,2.265,0,33.0,Good,,1.6,2.0,13.0,16.0,7.0,5.0,0.1,0.27,1.2,14.0
2026-09-02 08:00,2026090207,台北,北二區,923,京站店,台北市大同區承德路一段1號B1 (Q24012),11,中山,primary,1.364,0,31.0,Good,,4.8,6.0,6.0,10.0,9.0,7.0,0.2,0.42,1.8,13.0
2026-09-02 08:00,2026090207,台北,北一區,925,忠孝敦化店,台北市大安區忠孝東路四段205巷20號1樓~3樓,16,古亭,primary,1.558,0,20.0,Good,,1.2,0.0,12.0,15.0,11.0,9.0,0.1,0.27,1.2,8.0
2026-09-02 08:00,2026090207,高雄,南二區,930,漢神巨蛋店,高雄市左營區博愛二路777號4F,17,左營,primary,1.037,0,25.0,Good,,5.6,8.0,15.0,22.0,22.0,20.0,0.1,0.29,0.5,6.0
2026-09-02 08:00,2026090207,台北,北二區,932,微風南京店,台北市松山區南京東路三段337號B1-08(櫃號01070),29,松山,primary,2.391,0,33.0,Good,,1.6,2.0,13.0,16.0,7.0,5.0,0.1,0.27,1.2,14.0
2026-09-02 08:00,2026090207,新北,桃新區,935,MITSUI OUTLET PARK 林口店,新北市林口區文化三路一段356號 1F,31,林口,primary,2.773,0,38.0,Good,,3.5,3.0,7.0,11.0,15.0,8.0,0.2,0.33,3.1,16.0
2026-09-02 08:00,2026090207,台南,南一區,939,新光三越台南小西門,台南市中西區西門路1段658-1號1F,67,臺南,primary,2.822,0,20.0,Good,,4.1,5.0,10.0,18.0,22.0,21.0,0.1,0.2,1.0,5.0
2026-09-02 08:00,2026090207,新竹,新中區,940,新竹巨城店,新竹市東區中央路229號3F,55,新竹,primary,6.242,0,43.0,Good,,5.0,7.0,14.0,21.0,9.0,3.0,0.2,0.41,0.6,18.0
2026-09-02 08:00,2026090207,台北,北一區,941,台北忠孝SOGO店,台北市大安區忠孝東路四段45號B1F,16,古亭,primary,1.558,0,20.0,Good,,1.2,0.0,12.0,15.0,11.0,9.0,0.1,0.27,1.2,8.0
2026-09-02 08:00,2026090207,高雄,南二區,943,高雄三多SOGO店,高雄市前鎮區三多三路217號2F,10,小港,primary,3.812,0,64.0,Moderate,2,17.0,22.0,43.0,53.0,14.0,12.0,0.9,2.81,15.2,21.0
2026-09-02 08:00,2026090207,台南,南一區,944,南紡購物中心店,台南市東區中華東路一段366號2F,67,臺南,primary,1.221,0,20.0,Good,,4.1,5.0,10.0,18.0,22.0,21.0,0.1,0.2,1.0,5.0
2026-09-02 08:00,2026090207,桃園,桃新區,946,台茂購物中心店,桃園市蘆竹區南崁路一段112號B2F,43,桃園,primary,7.665,0,26.0,Good,,4.3,6.0,10.0,9.0,21.0,20.0,0.2,0.43,0.5,11.0
2026-09-02 08:00,2026090207,桃園,桃新區,947,大江購物中心店,桃園市中壢區中園路二段501號B1F,18,平鎮,primary,3.207,0,51.0,Moderate,6,4.0,6.0,13.0,20.0,8.0,3.0,0.3,0.72,1.6,22.0
2026-09-02 08:00,2026090207,台北,北三區,950,南西店,台北市中山區南京西路13號1F,11,中山,primary,1.428,0,31.0,Good,,4.8,6.0,6.0,10.0,9.0,7.0,0.2,0.42,1.8,13.0
2026-09-02 08:00,2026090207,台中,新中區,952,台中大遠百店,台中市西屯區台灣大道三段251號10F,25,西屯,primary,2.539,0,28.0,Good,,6.2,8.0,17.0,18.0,1.0,0.0,0.2,0.36,0.8,11.0
2026-09-02 08:00,2026090207,桃園,桃新區,956,桃園ATT,桃園市桃園區中正路47號1F,43,桃園,primary,0.831,0,26.0,Good,,4.3,6.0,10.0,9.0,21.0,20.0,0.2,0.43,0.5,11.0
2026-09-02 08:00,2026090207,台中,新中區,958,台中新時代,台中市東區復興路四段186號2F,7,大里,primary,4.601,0,38.0,Good,,5.1,5.0,23.0,25.0,3.0,1.0,0.2,0.49,1.2,8.0
2026-09-02 08:00,2026090207,台中,新中區,960,秀泰台中站前店,台中市東區南京路66號1F,7,大里,primary,4.601,0,38.0,Good,,5.1,5.0,23.0,25.0,3.0,1.0,0.2,0.49,1.2,8.0
2026-09-02 08:00,2026090207,台北,北二區,964,新光三越信義A11,台北市信義區松壽路11號B1F,29,松山,primary,2.265,0,33.0,Good,,1.6,2.0,13.0,16.0,7.0,5.0,0.1,0.27,1.2,14.0
2026-09-02 08:00,2026090207,台北,北一區,966,台北天母ＳＯＧＯ,台北市士林區中山北路六段77號2F,5,士林,primary,4.231,0,21.0,Good,,4.5,8.0,12.0,14.0,11.0,9.0,0.1,0.23,1.9,9.0
2026-09-02 08:00,2026090207,高雄,南二區,967,高雄大遠百,高雄市苓雅區三多四路21號3F,35,前金,primary,3.688,0,30.0,Good,,5.8,9.0,18.0,34.0,21.0,17.0,0.2,0.46,3.2,12.0
2026-09-02 08:00,2026090207,基隆,北二區,969,基隆東岸廣場,基隆市仁愛區仁二路236號1F,46,基隆,primary,1.993,0,23.0,Good,,2.0,2.0,14.0,9.0,7.0,7.0,0.2,0.3,0.2,8.0
2026-09-02 08:00,2026090207,新北,北三區,973,環球板橋,新北市板橋區縣民大道二段7號2F,30,板橋,primary,0.142,0,26.0,Good,,2.7,5.0,6.0,7.0,11.0,8.0,0.2,0.41,1.1,11.0
2026-09-02 08:00,2026090207,台北,北二區,975,美麗華店,台北市中山區敬業三路20號B1F,11,中山,primary,1.428,0,31.0,Good,,4.8,6.0,6.0,10.0,9.0,7.0,0.2,0.42,1.8,13.0
2026-09-02 08:00,2026090207,新北,北三區,981,新店家樂福店,新北市新店區中興路三段1號1F,56,新店,primary,5.244,0,18.0,Good,,,2.0,11.0,10.0,11.0,8.0,0.1,0.24,0.7,7.0
2026-09-02 08:00,2026090207,桃園,桃新區,982,內壢家樂福店,桃園市中壢區中華路一段450號1F,18,平鎮,primary,3.207,0,51.0,Moderate,6,4.0,6.0,13.0,20.0,8.0,3.0,0.3,0.72,1.6,22.0
2026-09-02 08:00,2026090207,桃園,桃新區,984,經國家樂福店,桃園市桃園區經國路 369號B1F,43,桃園,primary,0.831,0,26.0,Good,,4.3,6.0,10.0,9.0,21.0,20.0,0.2,0.43,0.5,11.0
2026-09-02 08:00,2026090207,台北,北二區,986,內湖CITYLINK店,台北市內湖區成功路四段188號1F,29,松山,primary,3.996,0,33.0,Good,,1.6,2.0,13.0,16.0,7.0,5.0,0.1,0.27,1.2,14.0
2026-09-02 08:00,2026090207,高雄,南一區,987,新光三越高雄左營店,高雄市左營區高鐵路123號3F,17,左營,primary,1.037,0,25.0,Good,,5.6,8.0,15.0,22.0,22.0,20.0,0.1,0.29,0.5,6.0
2026-09-02 08:00,2026090207,嘉義,南一區,988,秀泰嘉義店,嘉義市西區文化路299號1F,63,嘉義,primary,3.538,0,22.0,Good,,3.3,1.0,13.0,12.0,4.0,9.0,0.2,0.35,0.9,7.0
2026-09-02 08:00,2026090207,高雄,南二區,990,高雄成功家樂福OUTLET店,高雄市前鎮區中華五路1111號1F,10,小港,primary,3.812,0,64.0,Moderate,2,17.0,22.0,43.0,53.0,14.0,12.0,0.9,2.81,15.2,21.0
2026-09-02 08:00,2026090207,台北,北一區,992,西門漢中,台北市萬華區漢中街110號,62,萬華,primary,2.232,0,29.0,Good,,3.7,1.0,10.0,14.0,10.0,8.0,0.2,0.28,2.1,12.0
2026-09-02 08:00,2026090207,新北,北三區,993,秀泰樹林,新北市樹林區樹新路40-6號1F,4,土城,primary,5.133,0,25.0,Good,,2.5,3.0,15.0,15.0,11.0,8.0,0.2,0.39,0.6,9.0
2026-09-02 08:00,2026090207,新北,北三區,995,JCPARK新莊店,新北市新莊區幸福路742號1F,57,新莊,primary,0.49,0,36.0,Good,,4.1,7.0,14.0,21.0,9.0,7.0,0.2,0.4,1.3,15.0
2026-09-02 08:00,2026090207,新北,北三區,996,板橋府中店,新北市板橋區中山路一段19號1F,30,板橋,primary,0.142,0,26.0,Good,,2.7,5.0,6.0,7.0,11.0,8.0,0.2,0.41,1.1,11.0
2026-09-02 08:00,2026090207,新北,北三區,997,京站小碧潭店,新北市新店區中央路157號5F,56,新店,primary,5.244,0,18.0,Good,,,2.0,11.0,10.0,11.0,8.0,0.1,0.24,0.7,7.0
2026-09-02 08:00,2026090207,屏東,南二區,998,屏東車站店,屏東縣屏東市公勇路62號1F,38,屏東,primary,1.241,0,23.0,Good,,5.3,9.0,13.0,17.0,25.0,26.0,0.1,0.2,0.5,2.0
2026-09-04 10:00,2026090409,桃園,桃新區,1001,八德置地生活店,桃園市八德區介壽路一段728號1F,43,桃園,primary,5.193,0,43.0,Good,,6.7,8.0,11.0,17.0,17.0,18.0,0.3,0.39,1.0,18.0
2026-09-04 10:00,2026090409,桃園,桃新區,1002,新光影城桃園高鐵站店,桃園市中壢區春德路107號1F,18,平鎮,primary,3.207,0,38.0,Good,,3.6,2.0,15.0,16.0,3.0,6.0,0.2,0.24,1.2,16.0
2026-09-04 10:00,2026090409,新北,北三區,1003,蘆洲佳瑪店,新北市蘆洲區長榮路2號1F,53,菜寮,primary,2.465,0,51.0,Moderate,6,1.7,2.0,8.0,7.0,2.0,1.0,0.4,0.54,0.3,22.0
2026-09-04 10:00,2026090409,彰化,南一區,1008,員林大潤發店,彰化縣埔心鄉中山路319號1F,139,員林,primary,3.097,0,28.0,Good,,5.3,8.0,17.0,22.0,18.0,44.0,0.2,0.27,1.4,3.0
2026-09-04 10:00,2026090409,花蓮,北一區,1009,花蓮遠百店,花蓮縣花蓮市和平路581號1F,33,花蓮,primary,2.954,0,22.0,Good,,3.6,5.0,13.0,14.0,20.0,23.0,0.2,0.21,1.5,3.0
2026-09-04 10:00,2026090409,高雄,南二區,1010,高雄夢時代,高雄市前鎮區中華五路789號7F,10,小港,primary,3.812,0,38.0,Good,,8.7,6.0,23.0,24.0,21.0,39.0,0.3,0.24,0.0,11.0
2026-09-04 10:00,2026090409,新竹,新中區,1012,遠百竹北店,新竹縣竹北市莊敬北路18號6F,55,新竹,primary,4.271,0,32.0,Good,,8.0,11.0,14.0,13.0,6.0,12.0,0.2,0.3,0.7,11.0
2026-09-04 10:00,2026090409,台東,南二區,1013,秀泰台東,台東縣台東市新生路93號2F,66,臺東,primary,4.131,0,33.0,Good,,7.3,7.0,20.0,17.0,18.0,35.0,0.1,0.23,1.4,5.0
2026-09-04 10:00,2026090409,台南,南一區,1015,MITSUI OUTLET PARK 台南店,台南市歸仁區歸仁大道101號3F,67,臺南,primary,8.892,0,33.0,Good,,6.4,8.0,20.0,21.0,25.0,48.0,0.2,0.27,0.8,6.0
2026-09-04 10:00,2026090409,新北,北三區,1017,三重佳瑪,新北市三重區自強路一段73號1F,53,菜寮,primary,0.916,0,51.0,Moderate,6,1.7,2.0,8.0,7.0,2.0,1.0,0.4,0.54,0.3,22.0
2026-09-04 10:00,2026090409,新竹,新中區,1018,新竹大魯閣店（遠雄廣場）,新竹市北區大雅路88號1F,55,新竹,primary,6.242,0,32.0,Good,,8.0,11.0,14.0,13.0,6.0,12.0,0.2,0.3,0.7,11.0
2026-09-04 10:00,2026090409,台中,新中區,1021,台中中友店,台中市北區三民路三段161號A棟3F,28,忠明,primary,4.112,0,25.0,Good,,4.6,5.0,15.0,18.0,10.0,35.0,0.3,0.37,2.0,8.0
2026-09-04 10:00,2026090409,台北,北二區,1022,內湖大全聯,台北市內湖區舊宗路一段188號1F,29,松山,primary,3.996,0,53.0,Moderate,6,1.7,6.0,7.0,8.0,4.0,0.0,0.2,0.54,1.4,25.0
2026-09-04 10:00,2026090409,新北,北三區,1024,板橋愛買店,新北市板橋區貴興路101號1F,30,板橋,primary,0.142,0,51.0,Moderate,6,3.6,6.0,9.0,7.0,2.0,1.0,0.4,0.71,0.4,22.0
2026-09-04 10:00,2026090409,新北,北三區,1025,新莊宏匯店,新北市新莊區新北大道4段3號2F,57,新莊,primary,0.49,0,50.0,Good,,4.5,5.0,12.0,10.0,6.0,4.0,0.3,0.66,0.8,21.0
2026-09-04 10:00,2026090409,台中,新中區,1029,Mitsui Shopping Park LaLaport台中店,台中市東區進德路600號3F(櫃號C30270),7,大里,primary,4.601,0,35.0,Good,,4.9,4.0,21.0,23.0,10.0,36.0,0.2,0.26,1.1,6.0
2026-09-04 10:00,2026090409,新北,北三區,1031,三峽店,新北市三峽區民生街106之3號1F,4,土城,primary,11.729,0,50.0,Good,,2.4,7.0,13.0,21.0,2.0,0.0,0.3,0.53,1.0,21.0
2026-09-04 10:00,2026090409,台中,新中區,1032,新光三越台中中港,台中市西屯區台灣大道三段301號6F,25,西屯,primary,2.539,0,27.0,Good,,4.2,8.0,16.0,20.0,9.0,37.0,0.2,0.29,1.6,6.0
2026-09-04 10:00,2026090409,高雄,南二區,1033,高雄SKM Park,高雄市前鎮區中安路1-1號1F,10,小港,primary,3.812,0,38.0,Good,,8.7,6.0,23.0,24.0,21.0,39.0,0.3,0.24,0.0,11.0
2026-09-04 10:00,2026090409,高雄,南一區,1034,高雄漢神百貨,高雄市前金區成功一路266-1號7F,35,前金,primary,1.1,0,44.0,Good,,11.0,7.0,23.0,24.0,22.0,48.0,0.3,0.25,0.8,3.0
2026-09-04 10:00,2026090409,台北,北二區,1036,台北永康,台北市大安區永康街10-3號1F,16,古亭,primary,1.558,0,38.0,Good,,2.1,3.0,9.0,4.0,4.0,5.0,0.2,0.4,1.3,16.0
2026-09-04 10:00,2026090409,新北,北一區,1037,竹圍店,新北市淡水區民權路42號1~2F,48,淡水,primary,3.106,0,17.0,Good,,2.2,1.0,5.0,3.0,6.0,14.0,0.2,0.18,0.1,7.0
2026-09-04 10:00,2026090409,台北,北一區,1038,石牌,台北市北投區石牌路二段66號,5,士林,primary,4.975,0,45.0,Good,,4.6,4.0,4.0,5.0,3.0,3.0,0.2,0.35,1.0,19.0
2026-09-04 10:00,2026090409,苗栗,新中區,1040,頭份大潤發,苗栗縣頭份市自強路230號1F,55,新竹,primary,15.362,0,32.0,Good,,8.0,11.0,14.0,13.0,6.0,12.0,0.2,0.3,0.7,11.0
2026-09-04 10:00,2026090409,桃園,桃新區,1041,中原家樂福,桃園市中壢區中華路二段 501號1F,18,平鎮,primary,3.207,0,38.0,Good,,3.6,2.0,15.0,16.0,3.0,6.0,0.2,0.24,1.2,16.0
2026-09-04 10:00,2026090409,高雄,南二區,1044,高雄義享,高雄市鼓山區大順一路115號3F,35,前金,primary,2.226,0,44.0,Good,,11.0,7.0,23.0,24.0,22.0,48.0,0.3,0.25,0.8,3.0
2026-09-04 10:00,2026090409,新北,北一區,1045,江子翠,新北市板橋區雙十路二段176號1F,30,板橋,primary,0.142,0,51.0,Moderate,6,3.6,6.0,9.0,7.0,2.0,1.0,0.4,0.71,0.4,22.0
2026-09-04 10:00,2026090409,澎湖,南一區,1046,澎湖三號港,澎湖縣馬公市同和路158號3F,44,馬公,primary,3.072,0,32.0,Good,,6.2,6.0,13.0,16.0,35.0,47.0,0.2,0.26,0.7,5.0
2026-09-04 10:00,2026090409,桃園,桃新區,1047,環球桃園A8,桃園市龜山區復興一路8號B1F,31,林口,primary,6.046,0,43.0,Good,,6.2,8.0,13.0,13.0,4.0,3.0,0.2,0.28,1.4,18.0
2026-09-04 10:00,2026090409,台北,北一區,1049,公館,台北市中正區羅斯福路四段88之1號,16,古亭,primary,1.634,0,38.0,Good,,2.1,3.0,9.0,4.0,4.0,5.0,0.2,0.4,1.3,16.0
2026-09-04 10:00,2026090409,新北,北三區,1050,新店佳瑪,新北市新店區民權路78號1F,56,新店,primary,5.244,0,45.0,Good,,2.2,7.0,9.0,6.0,4.0,2.0,0.2,0.46,0.4,19.0
2026-09-04 10:00,2026090409,台北,北一區,1051,LaLaport南港,台北市南港區經貿二路131號3F,29,松山,primary,3.502,0,53.0,Moderate,6,1.7,6.0,7.0,8.0,4.0,0.0,0.2,0.54,1.4,25.0
2026-09-04 10:00,2026090409,台北,北二區,1054,大巨蛋sogo,台北市信義區忠孝東路4段505號4F,29,松山,primary,2.265,0,53.0,Moderate,6,1.7,6.0,7.0,8.0,4.0,0.0,0.2,0.54,1.4,25.0
2026-09-04 10:00,2026090409,宜蘭,北二區,1055,新月廣場,宜蘭縣宜蘭市民權路二段38巷6號3F,27,宜蘭,primary,1.095,0,28.0,Good,,5.6,8.0,17.0,17.0,9.0,11.0,0.1,0.17,0.9,5.0
2026-09-04 10:00,2026090409,台北,北二區,1056,統一夢廣場,台北市信義區松高路11號B1F,29,松山,primary,2.265,0,53.0,Moderate,6,1.7,6.0,7.0,8.0,4.0,0.0,0.2,0.54,1.4,25.0
2026-09-04 10:00,2026090409,新北,北三區,1057,新莊民安,新北市新莊區民安路224號1樓,57,新莊,primary,0.49,0,50.0,Good,,4.5,5.0,12.0,10.0,6.0,4.0,0.3,0.66,0.8,21.0
2026-09-04 10:00,2026090409,新北,北一區,1059,淡水,新北市淡水區中山路1之1號1F,48,淡水,primary,3.106,0,17.0,Good,,2.2,1.0,5.0,3.0,6.0,14.0,0.2,0.18,0.1,7.0
2026-09-04 10:00,2026090409,嘉義,南一區,1060,嘉義新光,嘉義市西區垂楊路726號4樓,63,嘉義,primary,3.538,0,35.0,Good,,1.9,6.0,21.0,22.0,11.0,37.0,0.2,0.32,1.8,5.0
2026-09-04 10:00,2026090409,新竹,新中區,1062,竹馬,新竹市東區光復路二段690號2F。 平安樓-眼科眼鏡配整中心,55,新竹,primary,6.242,0,32.0,Good,,8.0,11.0,14.0,13.0,6.0,12.0,0.2,0.3,0.7,11.0
2026-09-04 10:00,2026090409,台中,新中區,1063,漢神洲際,台中市北屯區崇德路三段865號3F,74,豐原,primary,8.142,0,30.0,Good,,2.2,8.0,18.0,25.0,18.0,41.0,0.2,0.35,1.3,4.0
2026-09-04 10:00,2026090409,台北,北一區,1065,台北微風廣場,臺北市松山區復興南路一段39號3F,29,松山,primary,2.391,0,53.0,Moderate,6,1.7,6.0,7.0,8.0,4.0,0.0,0.2,0.54,1.4,25.0
2026-09-04 10:00,2026090409,屏東,南二區,1066,潮州驛站,屏東縣潮州鎮信義路111號1F,69,潮州,primary,1.548,0,23.0,Good,,3.6,8.0,14.0,17.0,17.0,46.0,0.1,0.23,0.8,2.0
2026-09-04 10:00,2026090409,台北,北一區,1067,大葉高島屋,臺北市士林區忠誠路2段55號4F,5,士林,primary,4.231,0,45.0,Good,,4.6,4.0,4.0,5.0,3.0,3.0,0.2,0.35,1.0,19.0
2026-09-04 10:00,2026090409,新北,北三區,1068,環球中和,新北市中和區中山路3段122號2F,30,板橋,primary,4.299,0,51.0,Moderate,6,3.6,6.0,9.0,7.0,2.0,1.0,0.4,0.71,0.4,22.0
2026-09-04 10:00,2026090409,台中,新中區,1069,誠品台中三井,台中市梧棲區臺灣大道10段168號1F(櫃號19800),26,沙鹿,primary,4.502,0,25.0,Good,,4.0,6.0,15.0,20.0,18.0,34.0,0.2,0.36,1.0,7.0
2026-09-04 10:00,2026090409,桃園,桃新區,1070,環球青埔A19,桃園市中壢區高鐵南路二段352號4F,18,平鎮,primary,3.207,0,38.0,Good,,3.6,2.0,15.0,16.0,3.0,6.0,0.2,0.24,1.2,16.0
2026-09-04 10:00,2026090409,台北,北二區,1071,南港CITY LINK,臺北市南港區東明里忠孝東路七段369號2F(B棟),29,松山,primary,3.502,0,53.0,Moderate,6,1.7,6.0,7.0,8.0,4.0,0.0,0.2,0.54,1.4,25.0
2026-09-04 10:00,2026090409,台北,北二區,917,微風台北車站店,台北市中正區北平西路3號 微風台北車站1樓(G18),16,古亭,primary,1.634,0,38.0,Good,,2.1,3.0,9.0,4.0,4.0,5.0,0.2,0.4,1.3,16.0
2026-09-04 10:00,2026090409,台北,北二區,921,att4fun店,台北市信義區松壽路12號1F,29,松山,primary,2.265,0,53.0,Moderate,6,1.7,6.0,7.0,8.0,4.0,0.0,0.2,0.54,1.4,25.0
2026-09-04 10:00,2026090409,台北,北二區,923,京站店,台北市大同區承德路一段1號B1 (Q24012),11,中山,primary,1.364,0,43.0,Good,,4.7,5.0,6.0,2.0,3.0,4.0,0.4,0.55,0.3,18.0
2026-09-04 10:00,2026090409,台北,北一區,925,忠孝敦化店,台北市大安區忠孝東路四段205巷20號1樓~3樓,16,古亭,primary,1.558,0,38.0,Good,,2.1,3.0,9.0,4.0,4.0,5.0,0.2,0.4,1.3,16.0
2026-09-04 10:00,2026090409,高雄,南二區,930,漢神巨蛋店,高雄市左營區博愛二路777號4F,17,左營,primary,1.037,0,40.0,Good,,10.0,5.0,20.0,18.0,22.0,46.0,0.3,0.29,0.3,6.0
2026-09-04 10:00,2026090409,台北,北二區,932,微風南京店,台北市松山區南京東路三段337號B1-08(櫃號01070),29,松山,primary,2.391,0,53.0,Moderate,6,1.7,6.0,7.0,8.0,4.0,0.0,0.2,0.54,1.4,25.0
2026-09-04 10:00,2026090409,新北,桃新區,935,MITSUI OUTLET PARK 林口店,新北市林口區文化三路一段356號 1F,31,林口,primary,2.773,0,43.0,Good,,6.2,8.0,13.0,13.0,4.0,3.0,0.2,0.28,1.4,18.0
2026-09-04 10:00,2026090409,台南,南一區,939,新光三越台南小西門,台南市中西區西門路1段658-1號1F,67,臺南,primary,2.822,0,33.0,Good,,6.4,8.0,20.0,21.0,25.0,48.0,0.2,0.27,0.8,6.0
2026-09-04 10:00,2026090409,新竹,新中區,940,新竹巨城店,新竹市東區中央路229號3F,55,新竹,primary,6.242,0,32.0,Good,,8.0,11.0,14.0,13.0,6.0,12.0,0.2,0.3,0.7,11.0
2026-09-04 10:00,2026090409,台北,北一區,941,台北忠孝SOGO店,台北市大安區忠孝東路四段45號B1F,16,古亭,primary,1.558,0,38.0,Good,,2.1,3.0,9.0,4.0,4.0,5.0,0.2,0.4,1.3,16.0
2026-09-04 10:00,2026090409,高雄,南二區,943,高雄三多SOGO店,高雄市前鎮區三多三路217號2F,10,小港,primary,3.812,0,38.0,Good,,8.7,6.0,23.0,24.0,21.0,39.0,0.3,0.24,0.0,11.0
2026-09-04 10:00,2026090409,台南,南一區,944,南紡購物中心店,台南市東區中華東路一段366號2F,67,臺南,primary,1.221,0,33.0,Good,,6.4,8.0,20.0,21.0,25.0,48.0,0.2,0.27,0.8,6.0
2026-09-04 10:00,2026090409,桃園,桃新區,946,台茂購物中心店,桃園市蘆竹區南崁路一段112號B2F,43,桃園,primary,7.665,0,43.0,Good,,6.7,8.0,11.0,17.0,17.0,18.0,0.3,0.39,1.0,18.0
2026-09-04 10:00,2026090409,桃園,桃新區,947,大江購物中心店,桃園市中壢區中園路二段501號B1F,18,平鎮,primary,3.207,0,38.0,Good,,3.6,2.0,15.0,16.0,3.0,6.0,0.2,0.24,1.2,16.0
2026-09-04 10:00,2026090409,台北,北三區,950,南西店,台北市中山區南京西路13號1F,11,中山,primary,1.428,0,43.0,Good,,4.7,5.0,6.0,2.0,3.0,4.0,0.4,0.55,0.3,18.0
2026-09-04 10:00,2026090409,台中,新中區,952,台中大遠百店,台中市西屯區台灣大道三段251號10F,25,西屯,primary,2.539,0,27.0,Good,,4.2,8.0,16.0,20.0,9.0,37.0,0.2,0.29,1.6,6.0
2026-09-04 10:00,2026090409,桃園,桃新區,956,桃園ATT,桃園市桃園區中正路47號1F,43,桃園,primary,0.831,0,43.0,Good,,6.7,8.0,11.0,17.0,17.0,18.0,0.3,0.39,1.0,18.0
2026-09-04 10:00,2026090409,台中,新中區,958,台中新時代,台中市東區復興路四段186號2F,7,大里,primary,4.601,0,35.0,Good,,4.9,4.0,21.0,23.0,10.0,36.0,0.2,0.26,1.1,6.0
2026-09-04 10:00,2026090409,台中,新中區,960,秀泰台中站前店,台中市東區南京路66號1F,7,大里,primary,4.601,0,35.0,Good,,4.9,4.0,21.0,23.0,10.0,36.0,0.2,0.26,1.1,6.0
2026-09-04 10:00,2026090409,台北,北二區,964,新光三越信義A11,台北市信義區松壽路11號B1F,29,松山,primary,2.265,0,53.0,Moderate,6,1.7,6.0,7.0,8.0,4.0,0.0,0.2,0.54,1.4,25.0
2026-09-04 10:00,2026090409,台北,北一區,966,台北天母ＳＯＧＯ,台北市士林區中山北路六段77號2F,5,士林,primary,4.231,0,45.0,Good,,4.6,4.0,4.0,5.0,3.0,3.0,0.2,0.35,1.0,19.0
2026-09-04 10:00,2026090409,高雄,南二區,967,高雄大遠百,高雄市苓雅區三多四路21號3F,35,前金,primary,3.688,0,44.0,Good,,11.0,7.0,23.0,24.0,22.0,48.0,0.3,0.25,0.8,3.0
2026-09-04 10:00,2026090409,基隆,北二區,969,基隆東岸廣場,基隆市仁愛區仁二路236號1F,46,基隆,primary,1.993,0,38.0,Good,,0.1,0.0,8.0,5.0,5.0,2.0,0.2,0.27,0.6,16.0
2026-09-04 10:00,2026090409,新北,北三區,973,環球板橋,新北市板橋區縣民大道二段7號2F,30,板橋,primary,0.142,0,51.0,Moderate,6,3.6,6.0,9.0,7.0,2.0,1.0,0.4,0.71,0.4,22.0
2026-09-04 10:00,2026090409,台北,北二區,975,美麗華店,台北市中山區敬業三路20號B1F,11,中山,primary,1.428,0,43.0,Good,,4.7,5.0,6.0,2.0,3.0,4.0,0.4,0.55,0.3,18.0
2026-09-04 10:00,2026090409,新北,北三區,981,新店家樂福店,新北市新店區中興路三段1號1F,56,新店,primary,5.244,0,45.0,Good,,2.2,7.0,9.0,6.0,4.0,2.0,0.2,0.46,0.4,19.0
2026-09-04 10:00,2026090409,桃園,桃新區,982,內壢家樂福店,桃園市中壢區中華路一段450號1F,18,平鎮,primary,3.207,0,38.0,Good,,3.6,2.0,15.0,16.0,3.0,6.0,0.2,0.24,1.2,16.0
2026-09-04 10:00,2026090409,桃園,桃新區,984,經國家樂福店,桃園市桃園區經國路 369號B1F,43,桃園,primary,0.831,0,43.0,Good,,6.7,8.0,11.0,17.0,17.0,18.0,0.3,0.39,1.0,18.0
2026-09-04 10:00,2026090409,台北,北二區,986,內湖CITYLINK店,台北市內湖區成功路四段188號1F,29,松山,primary,3.996,0,53.0,Moderate,6,1.7,6.0,7.0,8.0,4.0,0.0,0.2,0.54,1.4,25.0
2026-09-04 10:00,2026090409,高雄,南一區,987,新光三越高雄左營店,高雄市左營區高鐵路123號3F,17,左營,primary,1.037,0,40.0,Good,,10.0,5.0,20.0,18.0,22.0,46.0,0.3,0.29,0.3,6.0
2026-09-04 10:00,2026090409,嘉義,南一區,988,秀泰嘉義店,嘉義市西區文化路299號1F,63,嘉義,primary,3.538,0,35.0,Good,,1.9,6.0,21.0,22.0,11.0,37.0,0.2,0.32,1.8,5.0
2026-09-04 10:00,2026090409,高雄,南二區,990,高雄成功家樂福OUTLET店,高雄市前鎮區中華五路1111號1F,10,小港,primary,3.812,0,38.0,Good,,8.7,6.0,23.0,24.0,21.0,39.0,0.3,0.24,0.0,11.0
2026-09-04 10:00,2026090409,台北,北一區,992,西門漢中,台北市萬華區漢中街110號,62,萬華,primary,2.232,0,52.0,Moderate,6,6.0,10.0,7.0,6.0,1.0,0.0,0.4,0.49,0.5,24.0
2026-09-04 10:00,2026090409,新北,北三區,993,秀泰樹林,新北市樹林區樹新路40-6號1F,4,土城,primary,5.133,0,50.0,Good,,2.4,7.0,13.0,21.0,2.0,0.0,0.3,0.53,1.0,21.0
2026-09-04 10:00,2026090409,新北,北三區,995,JCPARK新莊店,新北市新莊區幸福路742號1F,57,新莊,primary,0.49,0,50.0,Good,,4.5,5.0,12.0,10.0,6.0,4.0,0.3,0.66,0.8,21.0
2026-09-04 10:00,2026090409,新北,北三區,996,板橋府中店,新北市板橋區中山路一段19號1F,30,板橋,primary,0.142,0,51.0,Moderate,6,3.6,6.0,9.0,7.0,2.0,1.0,0.4,0.71,0.4,22.0
2026-09-04 10:00,2026090409,新北,北三區,997,京站小碧潭店,新北市新店區中央路157號5F,56,新店,primary,5.244,0,45.0,Good,,2.2,7.0,9.0,6.0,4.0,2.0,0.2,0.46,0.4,19.0
2026-09-04 10:00,2026090409,屏東,南二區,998,屏東車站店,屏東縣屏東市公勇路62號1F,38,屏東,primary,1.241,0,43.0,Good,,4.5,7.0,26.0,26.0,14.0,48.0,0.3,0.46,1.7,6.0
2026-09-08 08:00,2026090807,桃園,桃新區,1001,八德置地生活店,桃園市八德區介壽路一段728號1F,43,桃園,primary,5.193,0,67.0,Moderate,1,18.5,16.0,36.0,27.0,11.0,17.0,0.4,0.53,2.9,27.0
2026-09-08 08:00,2026090807,桃園,桃新區,1002,新光影城桃園高鐵站店,桃園市中壢區春德路107號1F,18,平鎮,primary,3.207,0,54.0,Moderate,1,13.5,11.0,27.0,33.0,24.0,16.0,0.2,0.48,0.5,22.0
2026-09-08 08:00,2026090807,新北,北三區,1003,蘆洲佳瑪店,新北市蘆洲區長榮路2號1F,53,菜寮,primary,2.465,0,51.0,Moderate,6,11.9,18.0,21.0,28.0,21.0,16.0,0.3,0.67,0.6,22.0
2026-09-08 08:00,2026090807,彰化,南一區,1008,員林大潤發店,彰化縣埔心鄉中山路319號1F,139,員林,primary,3.097,0,56.0,Moderate,1,14.4,12.0,30.0,27.0,29.0,37.0,0.3,0.35,1.3,7.0
2026-09-08 08:00,2026090807,花蓮,北一區,1009,花蓮遠百店,花蓮縣花蓮市和平路581號1F,33,花蓮,primary,2.954,0,50.0,Good,,8.6,9.0,30.0,23.0,19.0,17.0,0.1,0.2,2.1,2.0
2026-09-08 08:00,2026090807,高雄,南二區,1010,高雄夢時代,高雄市前鎮區中華五路789號7F,10,小港,primary,3.812,0,48.0,Good,,11.5,17.0,26.0,38.0,29.0,17.0,0.2,0.43,1.5,20.0
2026-09-08 08:00,2026090807,新竹,新中區,1012,遠百竹北店,新竹縣竹北市莊敬北路18號6F,55,新竹,primary,4.271,0,48.0,Good,,11.9,14.0,20.0,21.0,33.0,26.0,0.2,0.34,1.4,16.0
2026-09-08 08:00,2026090807,台東,南二區,1013,秀泰台東,台東縣台東市新生路93號2F,66,臺東,primary,4.131,0,41.0,Good,,10.2,11.0,24.0,27.0,28.0,25.0,0.1,0.22,1.1,2.0
2026-09-08 08:00,2026090807,台南,南一區,1015,MITSUI OUTLET PARK 台南店,台南市歸仁區歸仁大道101號3F,67,臺南,primary,8.892,0,54.0,Moderate,1,13.7,18.0,29.0,31.0,29.0,32.0,0.2,0.36,1.4,13.0
2026-09-08 08:00,2026090807,新北,北三區,1017,三重佳瑪,新北市三重區自強路一段73號1F,53,菜寮,primary,0.916,0,51.0,Moderate,6,11.9,18.0,21.0,28.0,21.0,16.0,0.3,0.67,0.6,22.0
2026-09-08 08:00,2026090807,新竹,新中區,1018,新竹大魯閣店（遠雄廣場）,新竹市北區大雅路88號1F,55,新竹,primary,6.242,0,48.0,Good,,11.9,14.0,20.0,21.0,33.0,26.0,0.2,0.34,1.4,16.0
2026-09-08 08:00,2026090807,台中,新中區,1021,台中中友店,台中市北區三民路三段161號A棟3F,28,忠明,primary,4.112,0,55.0,Moderate,1,14.1,12.0,24.0,20.0,13.0,21.0,0.3,0.36,1.4,11.0
2026-09-08 08:00,2026090807,台北,北二區,1022,內湖大全聯,台北市內湖區舊宗路一段188號1F,29,松山,primary,3.996,0,40.0,Good,,6.7,9.0,23.0,25.0,13.0,13.0,0.2,0.36,1.0,17.0
2026-09-08 08:00,2026090807,新北,北三區,1024,板橋愛買店,新北市板橋區貴興路101號1F,30,板橋,primary,0.142,0,58.0,Moderate,1,14.9,15.0,29.0,29.0,6.0,15.0,0.4,0.55,1.5,21.0
2026-09-08 08:00,2026090807,新北,北三區,1025,新莊宏匯店,新北市新莊區新北大道4段3號2F,57,新莊,primary,0.49,0,62.0,Moderate,1,16.5,19.0,34.0,38.0,4.0,13.0,0.4,0.6,1.4,20.0
2026-09-08 08:00,2026090807,台中,新中區,1029,Mitsui Shopping Park LaLaport台中店,台中市東區進德路600號3F(櫃號C30270),7,大里,primary,4.601,0,49.0,Good,,12.1,8.0,27.0,27.0,16.0,21.0,0.3,0.39,0.9,8.0
2026-09-08 08:00,2026090807,新北,北三區,1031,三峽店,新北市三峽區民生街106之3號1F,4,土城,primary,11.729,0,58.0,Moderate,1,15.0,15.0,35.0,38.0,7.0,7.0,0.4,0.57,1.2,23.0
2026-09-08 08:00,2026090807,台中,新中區,1032,新光三越台中中港,台中市西屯區台灣大道三段301號6F,25,西屯,primary,2.539,0,60.0,Moderate,1,15.9,14.0,26.0,29.0,7.0,11.0,0.3,0.4,1.5,18.0
2026-09-08 08:00,2026090807,高雄,南二區,1033,高雄SKM Park,高雄市前鎮區中安路1-1號1F,10,小港,primary,3.812,0,48.0,Good,,11.5,17.0,26.0,38.0,29.0,17.0,0.2,0.43,1.5,20.0
2026-09-08 08:00,2026090807,高雄,南一區,1034,高雄漢神百貨,高雄市前金區成功一路266-1號7F,35,前金,primary,1.1,0,45.0,Good,,8.2,7.0,27.0,29.0,41.0,39.0,0.1,0.24,2.1,9.0
2026-09-08 08:00,2026090807,台北,北二區,1036,台北永康,台北市大安區永康街10-3號1F,16,古亭,primary,1.558,0,38.0,Good,,8.3,11.0,23.0,22.0,21.0,21.0,0.2,0.3,1.4,9.0
2026-09-08 08:00,2026090807,新北,北一區,1037,竹圍店,新北市淡水區民權路42號1~2F,48,淡水,primary,3.106,0,42.0,Good,,10.3,13.0,22.0,26.0,17.0,15.0,0.3,0.39,2.0,15.0
2026-09-08 08:00,2026090807,台北,北一區,1038,石牌,台北市北投區石牌路二段66號,5,士林,primary,4.975,0,38.0,Good,,9.2,13.0,17.0,16.0,22.0,16.0,0.2,0.36,1.0,16.0
2026-09-08 08:00,2026090807,苗栗,新中區,1040,頭份大潤發,苗栗縣頭份市自強路230號1F,55,新竹,primary,15.362,0,48.0,Good,,11.9,14.0,20.0,21.0,33.0,26.0,0.2,0.34,1.4,16.0
2026-09-08 08:00,2026090807,桃園,桃新區,1041,中原家樂福,桃園市中壢區中華路二段 501號1F,18,平鎮,primary,3.207,0,54.0,Moderate,1,13.5,11.0,27.0,33.0,24.0,16.0,0.2,0.48,0.5,22.0
2026-09-08 08:00,2026090807,高雄,南二區,1044,高雄義享,高雄市鼓山區大順一路115號3F,35,前金,primary,2.226,0,45.0,Good,,8.2,7.0,27.0,29.0,41.0,39.0,0.1,0.24,2.1,9.0
2026-09-08 08:00,2026090807,新北,北一區,1045,江子翠,新北市板橋區雙十路二段176號1F,30,板橋,primary,0.142,0,58.0,Moderate,1,14.9,15.0,29.0,29.0,6.0,15.0,0.4,0.55,1.5,21.0
2026-09-08 08:00,2026090807,澎湖,南一區,1046,澎湖三號港,澎湖縣馬公市同和路158號3F,44,馬公,primary,3.072,0,49.0,Good,,10.3,12.0,21.0,17.0,53.0,54.0,0.1,0.22,0.7,5.0
2026-09-08 08:00,2026090807,桃園,桃新區,1047,環球桃園A8,桃園市龜山區復興一路8號B1F,31,林口,primary,6.046,0,46.0,Good,,11.3,11.0,22.0,18.0,27.0,57.0,0.3,0.16,1.2,5.0
2026-09-08 08:00,2026090807,台北,北一區,1049,公館,台北市中正區羅斯福路四段88之1號,16,古亭,primary,1.634,0,38.0,Good,,8.3,11.0,23.0,22.0,21.0,21.0,0.2,0.3,1.4,9.0
2026-09-08 08:00,2026090807,新北,北三區,1050,新店佳瑪,新北市新店區民權路78號1F,56,新店,primary,5.244,0,34.0,Good,,8.4,8.0,19.0,22.0,22.0,22.0,0.1,0.29,0.9,7.0
2026-09-08 08:00,2026090807,台北,北一區,1051,LaLaport南港,台北市南港區經貿二路131號3F,29,松山,primary,3.502,0,40.0,Good,,6.7,9.0,23.0,25.0,13.0,13.0,0.2,0.36,1.0,17.0
2026-09-08 08:00,2026090807,台北,北二區,1054,大巨蛋sogo,台北市信義區忠孝東路4段505號4F,29,松山,primary,2.265,0,40.0,Good,,6.7,9.0,23.0,25.0,13.0,13.0,0.2,0.36,1.0,17.0
2026-09-08 08:00,2026090807,宜蘭,北二區,1055,新月廣場,宜蘭縣宜蘭市民權路二段38巷6號3F,27,宜蘭,primary,1.095,0,40.0,Good,,10.0,8.0,18.0,19.0,39.0,41.0,0.1,0.22,0.9,3.0
2026-09-08 08:00,2026090807,台北,北二區,1056,統一夢廣場,台北市信義區松高路11號B1F,29,松山,primary,2.265,0,40.0,Good,,6.7,9.0,23.0,25.0,13.0,13.0,0.2,0.36,1.0,17.0
2026-09-08 08:00,2026090807,新北,北三區,1057,新莊民安,新北市新莊區民安路224號1樓,57,新莊,primary,0.49,0,62.0,Moderate,1,16.5,19.0,34.0,38.0,4.0,13.0,0.4,0.6,1.4,20.0
2026-09-08 08:00,2026090807,新北,北一區,1059,淡水,新北市淡水區中山路1之1號1F,48,淡水,primary,3.106,0,42.0,Good,,10.3,13.0,22.0,26.0,17.0,15.0,0.3,0.39,2.0,15.0
2026-09-08 08:00,2026090807,嘉義,南一區,1060,嘉義新光,嘉義市西區垂楊路726號4樓,63,嘉義,primary,3.538,0,48.0,Good,,12.0,16.0,27.0,22.0,26.0,30.0,0.2,0.26,1.3,4.0
2026-09-08 08:00,2026090807,新竹,新中區,1062,竹馬,新竹市東區光復路二段690號2F。 平安樓-眼科眼鏡配整中心,55,新竹,primary,6.242,0,48.0,Good,,11.9,14.0,20.0,21.0,33.0,26.0,0.2,0.34,1.4,16.0
2026-09-08 08:00,2026090807,台中,新中區,1063,漢神洲際,台中市北屯區崇德路三段865號3F,74,豐原,primary,8.142,0,45.0,Good,,10.2,11.0,27.0,27.0,21.0,11.0,0.2,0.44,0.2,15.0
2026-09-08 08:00,2026090807,台北,北一區,1065,台北微風廣場,臺北市松山區復興南路一段39號3F,29,松山,primary,2.391,0,40.0,Good,,6.7,9.0,23.0,25.0,13.0,13.0,0.2,0.36,1.0,17.0
2026-09-08 08:00,2026090807,屏東,南二區,1066,潮州驛站,屏東縣潮州鎮信義路111號1F,69,潮州,primary,1.548,0,48.0,Good,,11.8,14.0,23.0,26.0,16.0,22.0,0.1,0.21,0.6,1.0
2026-09-08 08:00,2026090807,台北,北一區,1067,大葉高島屋,臺北市士林區忠誠路2段55號4F,5,士林,primary,4.231,0,38.0,Good,,9.2,13.0,17.0,16.0,22.0,16.0,0.2,0.36,1.0,16.0
2026-09-08 08:00,2026090807,新北,北三區,1068,環球中和,新北市中和區中山路3段122號2F,30,板橋,primary,4.299,0,58.0,Moderate,1,14.9,15.0,29.0,29.0,6.0,15.0,0.4,0.55,1.5,21.0
2026-09-08 08:00,2026090807,台中,新中區,1069,誠品台中三井,台中市梧棲區臺灣大道10段168號1F(櫃號19800),26,沙鹿,primary,4.502,0,59.0,Moderate,1,15.4,14.0,34.0,35.0,13.0,17.0,0.3,0.36,1.0,20.0
2026-09-08 08:00,2026090807,桃園,桃新區,1070,環球青埔A19,桃園市中壢區高鐵南路二段352號4F,18,平鎮,primary,3.207,0,54.0,Moderate,1,13.5,11.0,27.0,33.0,24.0,16.0,0.2,0.48,0.5,22.0
2026-09-08 08:00,2026090807,台北,北二區,1071,南港CITY LINK,臺北市南港區東明里忠孝東路七段369號2F(B棟),29,松山,primary,3.502,0,40.0,Good,,6.7,9.0,23.0,25.0,13.0,13.0,0.2,0.36,1.0,17.0
2026-09-08 08:00,2026090807,台北,北二區,917,微風台北車站店,台北市中正區北平西路3號 微風台北車站1樓(G18),16,古亭,primary,1.634,0,38.0,Good,,8.3,11.0,23.0,22.0,21.0,21.0,0.2,0.3,1.4,9.0
2026-09-08 08:00,2026090807,台北,北二區,921,att4fun店,台北市信義區松壽路12號1F,29,松山,primary,2.265,0,40.0,Good,,6.7,9.0,23.0,25.0,13.0,13.0,0.2,0.36,1.0,17.0
2026-09-08 08:00,2026090807,台北,北二區,923,京站店,台北市大同區承德路一段1號B1 (Q24012),11,中山,primary,1.364,0,40.0,Good,,9.8,11.0,21.0,22.0,23.0,18.0,0.2,0.4,0.6,14.0
2026-09-08 08:00,2026090807,台北,北一區,925,忠孝敦化店,台北市大安區忠孝東路四段205巷20號1樓~3樓,16,古亭,primary,1.558,0,38.0,Good,,8.3,11.0,23.0,22.0,21.0,21.0,0.2,0.3,1.4,9.0
2026-09-08 08:00,2026090807,高雄,南二區,930,漢神巨蛋店,高雄市左營區博愛二路777號4F,17,左營,primary,1.037,0,48.0,Good,,10.4,14.0,29.0,33.0,39.0,35.0,0.2,0.34,1.9,10.0
2026-09-08 08:00,2026090807,台北,北二區,932,微風南京店,台北市松山區南京東路三段337號B1-08(櫃號01070),29,松山,primary,2.391,0,40.0,Good,,6.7,9.0,23.0,25.0,13.0,13.0,0.2,0.36,1.0,17.0
2026-09-08 08:00,2026090807,新北,桃新區,935,MITSUI OUTLET PARK 林口店,新北市林口區文化三路一段356號 1F,31,林口,primary,2.773,0,46.0,Good,,11.3,11.0,22.0,18.0,27.0,57.0,0.3,0.16,1.2,5.0
2026-09-08 08:00,2026090807,台南,南一區,939,新光三越台南小西門,台南市中西區西門路1段658-1號1F,67,臺南,primary,2.822,0,54.0,Moderate,1,13.7,18.0,29.0,31.0,29.0,32.0,0.2,0.36,1.4,13.0
2026-09-08 08:00,2026090807,新竹,新中區,940,新竹巨城店,新竹市東區中央路229號3F,55,新竹,primary,6.242,0,48.0,Good,,11.9,14.0,20.0,21.0,33.0,26.0,0.2,0.34,1.4,16.0
2026-09-08 08:00,2026090807,台北,北一區,941,台北忠孝SOGO店,台北市大安區忠孝東路四段45號B1F,16,古亭,primary,1.558,0,38.0,Good,,8.3,11.0,23.0,22.0,21.0,21.0,0.2,0.3,1.4,9.0
2026-09-08 08:00,2026090807,高雄,南二區,943,高雄三多SOGO店,高雄市前鎮區三多三路217號2F,10,小港,primary,3.812,0,48.0,Good,,11.5,17.0,26.0,38.0,29.0,17.0,0.2,0.43,1.5,20.0
2026-09-08 08:00,2026090807,台南,南一區,944,南紡購物中心店,台南市東區中華東路一段366號2F,67,臺南,primary,1.221,0,54.0,Moderate,1,13.7,18.0,29.0,31.0,29.0,32.0,0.2,0.36,1.4,13.0
2026-09-08 08:00,2026090807,桃園,桃新區,946,台茂購物中心店,桃園市蘆竹區南崁路一段112號B2F,43,桃園,primary,7.665,0,67.0,Moderate,1,18.5,16.0,36.0,27.0,11.0,17.0,0.4,0.53,2.9,27.0
2026-09-08 08:00,2026090807,桃園,桃新區,947,大江購物中心店,桃園市中壢區中園路二段501號B1F,18,平鎮,primary,3.207,0,54.0,Moderate,1,13.5,11.0,27.0,33.0,24.0,16.0,0.2,0.48,0.5,22.0
2026-09-08 08:00,2026090807,台北,北三區,950,南西店,台北市中山區南京西路13號1F,11,中山,primary,1.428,0,40.0,Good,,9.8,11.0,21.0,22.0,23.0,18.0,0.2,0.4,0.6,14.0
2026-09-08 08:00,2026090807,台中,新中區,952,台中大遠百店,台中市西屯區台灣大道三段251號10F,25,西屯,primary,2.539,0,60.0,Moderate,1,15.9,14.0,26.0,29.0,7.0,11.0,0.3,0.4,1.5,18.0
2026-09-08 08:00,2026090807,桃園,桃新區,956,桃園ATT,桃園市桃園區中正路47號1F,43,桃園,primary,0.831,0,67.0,Moderate,1,18.5,16.0,36.0,27.0,11.0,17.0,0.4,0.53,2.9,27.0
2026-09-08 08:00,2026090807,台中,新中區,958,台中新時代,台中市東區復興路四段186號2F,7,大里,primary,4.601,0,49.0,Good,,12.1,8.0,27.0,27.0,16.0,21.0,0.3,0.39,0.9,8.0
2026-09-08 08:00,2026090807,台中,新中區,960,秀泰台中站前店,台中市東區南京路66號1F,7,大里,primary,4.601,0,49.0,Good,,12.1,8.0,27.0,27.0,16.0,21.0,0.3,0.39,0.9,8.0
2026-09-08 08:00,2026090807,台北,北二區,964,新光三越信義A11,台北市信義區松壽路11號B1F,29,松山,primary,2.265,0,40.0,Good,,6.7,9.0,23.0,25.0,13.0,13.0,0.2,0.36,1.0,17.0
2026-09-08 08:00,2026090807,台北,北一區,966,台北天母ＳＯＧＯ,台北市士林區中山北路六段77號2F,5,士林,primary,4.231,0,38.0,Good,,9.2,13.0,17.0,16.0,22.0,16.0,0.2,0.36,1.0,16.0
2026-09-08 08:00,2026090807,高雄,南二區,967,高雄大遠百,高雄市苓雅區三多四路21號3F,35,前金,primary,3.688,0,45.0,Good,,8.2,7.0,27.0,29.0,41.0,39.0,0.1,0.24,2.1,9.0
2026-09-08 08:00,2026090807,基隆,北二區,969,基隆東岸廣場,基隆市仁愛區仁二路236號1F,46,基隆,primary,1.993,0,47.0,Good,,10.8,10.0,28.0,25.0,16.0,20.0,0.2,0.32,1.1,12.0
2026-09-08 08:00,2026090807,新北,北三區,973,環球板橋,新北市板橋區縣民大道二段7號2F,30,板橋,primary,0.142,0,58.0,Moderate,1,14.9,15.0,29.0,29.0,6.0,15.0,0.4,0.55,1.5,21.0
2026-09-08 08:00,2026090807,台北,北二區,975,美麗華店,台北市中山區敬業三路20號B1F,11,中山,primary,1.428,0,40.0,Good,,9.8,11.0,21.0,22.0,23.0,18.0,0.2,0.4,0.6,14.0
2026-09-08 08:00,2026090807,新北,北三區,981,新店家樂福店,新北市新店區中興路三段1號1F,56,新店,primary,5.244,0,34.0,Good,,8.4,8.0,19.0,22.0,22.0,22.0,0.1,0.29,0.9,7.0
2026-09-08 08:00,2026090807,桃園,桃新區,982,內壢家樂福店,桃園市中壢區中華路一段450號1F,18,平鎮,primary,3.207,0,54.0,Moderate,1,13.5,11.0,27.0,33.0,24.0,16.0,0.2,0.48,0.5,22.0
2026-09-08 08:00,2026090807,桃園,桃新區,984,經國家樂福店,桃園市桃園區經國路 369號B1F,43,桃園,primary,0.831,0,67.0,Moderate,1,18.5,16.0,36.0,27.0,11.0,17.0,0.4,0.53,2.9,27.0
2026-09-08 08:00,2026090807,台北,北二區,986,內湖CITYLINK店,台北市內湖區成功路四段188號1F,29,松山,primary,3.996,0,40.0,Good,,6.7,9.0,23.0,25.0,13.0,13.0,0.2,0.36,1.0,17.0
2026-09-08 08:00,2026090807,高雄,南一區,987,新光三越高雄左營店,高雄市左營區高鐵路123號3F,17,左營,primary,1.037,0,48.0,Good,,10.4,14.0,29.0,33.0,39.0,35.0,0.2,0.34,1.9,10.0
2026-09-08 08:00,2026090807,嘉義,南一區,988,秀泰嘉義店,嘉義市西區文化路299號1F,63,嘉義,primary,3.538,0,48.0,Good,,12.0,16.0,27.0,22.0,26.0,30.0,0.2,0.26,1.3,4.0
2026-09-08 08:00,2026090807,高雄,南二區,990,高雄成功家樂福OUTLET店,高雄市前鎮區中華五路1111號1F,10,小港,primary,3.812,0,48.0,Good,,11.5,17.0,26.0,38.0,29.0,17.0,0.2,0.43,1.5,20.0
2026-09-08 08:00,2026090807,台北,北一區,992,西門漢中,台北市萬華區漢中街110號,62,萬華,primary,2.232,0,47.0,Good,,11.6,13.0,21.0,25.0,22.0,16.0,0.2,0.5,1.8,19.0
2026-09-08 08:00,2026090807,新北,北三區,993,秀泰樹林,新北市樹林區樹新路40-6號1F,4,土城,primary,5.133,0,58.0,Moderate,1,15.0,15.0,35.0,38.0,7.0,7.0,0.4,0.57,1.2,23.0
2026-09-08 08:00,2026090807,新北,北三區,995,JCPARK新莊店,新北市新莊區幸福路742號1F,57,新莊,primary,0.49,0,62.0,Moderate,1,16.5,19.0,34.0,38.0,4.0,13.0,0.4,0.6,1.4,20.0
2026-09-08 08:00,2026090807,新北,北三區,996,板橋府中店,新北市板橋區中山路一段19號1F,30,板橋,primary,0.142,0,58.0,Moderate,1,14.9,15.0,29.0,29.0,6.0,15.0,0.4,0.55,1.5,21.0
2026-09-08 08:00,2026090807,新北,北三區,997,京站小碧潭店,新北市新店區中央路157號5F,56,新店,primary,5.244,0,34.0,Good,,8.4,8.0,19.0,22.0,22.0,22.0,0.1,0.29,0.9,7.0
2026-09-08 08:00,2026090807,屏東,南二區,998,屏東車站店,屏東縣屏東市公勇路62號1F,38,屏東,primary,1.241,0,46.0,Good,,11.5,18.0,27.0,38.0,21.0,22.0,0.2,0.38,0.8,8.0
2026-09-10 08:00,2026091007,桃園,桃新區,1001,八德置地生活店,桃園市八德區介壽路一段728號1F,43,桃園,primary,5.193,0,43.0,Good,,9.7,10.0,26.0,25.0,37.0,36.0,0.2,0.4,1.6,10.0
2026-09-10 08:00,2026091007,桃園,桃新區,1002,新光影城桃園高鐵站店,桃園市中壢區春德路107號1F,18,平鎮,primary,3.207,0,48.0,Good,,9.5,9.0,29.0,27.0,42.0,39.0,0.2,0.36,0.8,10.0
2026-09-10 08:00,2026091007,新北,北三區,1003,蘆洲佳瑪店,新北市蘆洲區長榮路2號1F,53,菜寮,primary,2.465,0,40.0,Good,,10.0,16.0,24.0,20.0,37.0,36.0,0.2,0.43,0.7,13.0
2026-09-10 08:00,2026091007,彰化,南一區,1008,員林大潤發店,彰化縣埔心鄉中山路319號1F,139,員林,primary,3.097,0,61.0,Moderate,1,16.1,15.0,30.0,34.0,24.0,31.0,0.2,0.35,2.5,8.0
2026-09-10 08:00,2026091007,花蓮,北一區,1009,花蓮遠百店,花蓮縣花蓮市和平路581號1F,33,花蓮,primary,2.954,0,39.0,Good,,9.6,8.0,22.0,21.0,20.0,18.0,0.1,0.24,1.3,3.0
2026-09-10 08:00,2026091007,高雄,南二區,1010,高雄夢時代,高雄市前鎮區中華五路789號7F,10,小港,primary,3.812,0,59.0,Moderate,1,15.4,17.0,32.0,38.0,23.0,21.0,0.3,0.43,1.4,16.0
2026-09-10 08:00,2026091007,新竹,新中區,1012,遠百竹北店,新竹縣竹北市莊敬北路18號6F,55,新竹,primary,4.271,0,42.0,Good,,10.2,11.0,24.0,25.0,45.0,41.0,0.1,0.26,0.4,9.0
2026-09-10 08:00,2026091007,台東,南二區,1013,秀泰台東,台東縣台東市新生路93號2F,66,臺東,primary,4.131,0,33.0,Good,,8.3,7.0,19.0,19.0,28.0,24.0,0.1,0.2,0.5,2.0
2026-09-10 08:00,2026091007,台南,南一區,1015,MITSUI OUTLET PARK 台南店,台南市歸仁區歸仁大道101號3F,67,臺南,primary,8.892,0,53.0,Moderate,2,12.5,11.0,33.0,30.0,34.0,31.0,0.2,0.38,1.3,12.0
2026-09-10 08:00,2026091007,新北,北三區,1017,三重佳瑪,新北市三重區自強路一段73號1F,53,菜寮,primary,0.916,0,40.0,Good,,10.0,16.0,24.0,20.0,37.0,36.0,0.2,0.43,0.7,13.0
2026-09-10 08:00,2026091007,新竹,新中區,1018,新竹大魯閣店（遠雄廣場）,新竹市北區大雅路88號1F,55,新竹,primary,6.242,0,42.0,Good,,10.2,11.0,24.0,25.0,45.0,41.0,0.1,0.26,0.4,9.0
2026-09-10 08:00,2026091007,台中,新中區,1021,台中中友店,台中市北區三民路三段161號A棟3F,28,忠明,primary,4.112,0,49.0,Good,,12.1,18.0,20.0,26.0,10.0,14.0,0.3,0.43,1.6,12.0
2026-09-10 08:00,2026091007,台北,北二區,1022,內湖大全聯,台北市內湖區舊宗路一段188號1F,29,松山,primary,3.996,0,43.0,Good,,7.7,7.0,26.0,31.0,26.0,23.0,0.2,0.31,1.2,17.0
2026-09-10 08:00,2026091007,新北,北三區,1024,板橋愛買店,新北市板橋區貴興路101號1F,30,板橋,primary,0.142,0,50.0,Good,,9.1,9.0,20.0,16.0,25.0,15.0,0.2,0.53,0.7,21.0
2026-09-10 08:00,2026091007,新北,北三區,1025,新莊宏匯店,新北市新莊區新北大道4段3號2F,57,新莊,primary,0.49,0,48.0,Good,,11.6,10.0,29.0,31.0,33.0,34.0,0.2,0.36,1.0,12.0
2026-09-10 08:00,2026091007,台中,新中區,1029,Mitsui Shopping Park LaLaport台中店,台中市東區進德路600號3F(櫃號C30270),7,大里,primary,4.601,0,54.0,Moderate,1,13.7,13.0,29.0,24.0,17.0,23.0,0.3,0.42,0.8,9.0
2026-09-10 08:00,2026091007,新北,北三區,1031,三峽店,新北市三峽區民生街106之3號1F,4,土城,primary,11.729,0,40.0,Good,,8.0,10.0,24.0,28.0,33.0,26.0,0.2,0.42,0.9,10.0
2026-09-10 08:00,2026091007,台中,新中區,1032,新光三越台中中港,台中市西屯區台灣大道三段301號6F,25,西屯,primary,2.539,0,61.0,Moderate,1,16.3,17.0,22.0,29.0,7.0,9.0,0.2,0.37,1.1,16.0
2026-09-10 08:00,2026091007,高雄,南二區,1033,高雄SKM Park,高雄市前鎮區中安路1-1號1F,10,小港,primary,3.812,0,59.0,Moderate,1,15.4,17.0,32.0,38.0,23.0,21.0,0.3,0.43,1.4,16.0
2026-09-10 08:00,2026091007,高雄,南一區,1034,高雄漢神百貨,高雄市前金區成功一路266-1號7F,35,前金,primary,1.1,0,55.0,Moderate,1,14.0,16.0,33.0,40.0,32.0,35.0,0.3,0.42,1.7,11.0
2026-09-10 08:00,2026091007,台北,北二區,1036,台北永康,台北市大安區永康街10-3號1F,16,古亭,primary,1.558,0,44.0,Good,,10.8,9.0,24.0,20.0,30.0,22.0,0.2,0.35,1.2,13.0
2026-09-10 08:00,2026091007,新北,北一區,1037,竹圍店,新北市淡水區民權路42號1~2F,48,淡水,primary,3.106,0,45.0,Good,,10.5,10.0,27.0,32.0,20.0,24.0,0.2,0.36,1.0,15.0
2026-09-10 08:00,2026091007,台北,北一區,1038,石牌,台北市北投區石牌路二段66號,5,士林,primary,4.975,0,45.0,Good,,11.1,11.0,23.0,26.0,37.0,28.0,0.2,0.3,0.6,15.0
2026-09-10 08:00,2026091007,苗栗,新中區,1040,頭份大潤發,苗栗縣頭份市自強路230號1F,55,新竹,primary,15.362,0,42.0,Good,,10.2,11.0,24.0,25.0,45.0,41.0,0.1,0.26,0.4,9.0
2026-09-10 08:00,2026091007,桃園,桃新區,1041,中原家樂福,桃園市中壢區中華路二段 501號1F,18,平鎮,primary,3.207,0,48.0,Good,,9.5,9.0,29.0,27.0,42.0,39.0,0.2,0.36,0.8,10.0
2026-09-10 08:00,2026091007,高雄,南二區,1044,高雄義享,高雄市鼓山區大順一路115號3F,35,前金,primary,2.226,0,55.0,Moderate,1,14.0,16.0,33.0,40.0,32.0,35.0,0.3,0.42,1.7,11.0
2026-09-10 08:00,2026091007,新北,北一區,1045,江子翠,新北市板橋區雙十路二段176號1F,30,板橋,primary,0.142,0,50.0,Good,,9.1,9.0,20.0,16.0,25.0,15.0,0.2,0.53,0.7,21.0
2026-09-10 08:00,2026091007,澎湖,南一區,1046,澎湖三號港,澎湖縣馬公市同和路158號3F,44,馬公,primary,3.072,0,52.0,Moderate,1,13.0,13.0,31.0,30.0,45.0,38.0,0.2,0.3,0.7,8.0
2026-09-10 08:00,2026091007,桃園,桃新區,1047,環球桃園A8,桃園市龜山區復興一路8號B1F,31,林口,primary,6.046,0,45.0,Good,,10.6,11.0,25.0,27.0,35.0,23.0,0.2,0.36,1.2,19.0
2026-09-10 08:00,2026091007,台北,北一區,1049,公館,台北市中正區羅斯福路四段88之1號,16,古亭,primary,1.634,0,44.0,Good,,10.8,9.0,24.0,20.0,30.0,22.0,0.2,0.35,1.2,13.0
2026-09-10 08:00,2026091007,新北,北三區,1050,新店佳瑪,新北市新店區民權路78號1F,56,新店,primary,5.244,0,37.0,Good,,8.1,6.0,22.0,20.0,20.0,17.0,0.2,0.36,0.6,9.0
2026-09-10 08:00,2026091007,台北,北一區,1051,LaLaport南港,台北市南港區經貿二路131號3F,29,松山,primary,3.502,0,43.0,Good,,7.7,7.0,26.0,31.0,26.0,23.0,0.2,0.31,1.2,17.0
2026-09-10 08:00,2026091007,台北,北二區,1054,大巨蛋sogo,台北市信義區忠孝東路4段505號4F,29,松山,primary,2.265,0,43.0,Good,,7.7,7.0,26.0,31.0,26.0,23.0,0.2,0.31,1.2,17.0
2026-09-10 08:00,2026091007,宜蘭,北二區,1055,新月廣場,宜蘭縣宜蘭市民權路二段38巷6號3F,27,宜蘭,primary,1.095,0,42.0,Good,,10.5,10.0,18.0,22.0,30.0,30.0,0.1,0.27,0.9,4.0
2026-09-10 08:00,2026091007,台北,北二區,1056,統一夢廣場,台北市信義區松高路11號B1F,29,松山,primary,2.265,0,43.0,Good,,7.7,7.0,26.0,31.0,26.0,23.0,0.2,0.31,1.2,17.0
2026-09-10 08:00,2026091007,新北,北三區,1057,新莊民安,新北市新莊區民安路224號1樓,57,新莊,primary,0.49,0,48.0,Good,,11.6,10.0,29.0,31.0,33.0,34.0,0.2,0.36,1.0,12.0
2026-09-10 08:00,2026091007,新北,北一區,1059,淡水,新北市淡水區中山路1之1號1F,48,淡水,primary,3.106,0,45.0,Good,,10.5,10.0,27.0,32.0,20.0,24.0,0.2,0.36,1.0,15.0
2026-09-10 08:00,2026091007,嘉義,南一區,1060,嘉義新光,嘉義市西區垂楊路726號4樓,63,嘉義,primary,3.538,0,54.0,Moderate,1,13.7,13.0,33.0,31.0,27.0,33.0,0.2,0.32,1.7,6.0
2026-09-10 08:00,2026091007,新竹,新中區,1062,竹馬,新竹市東區光復路二段690號2F。 平安樓-眼科眼鏡配整中心,55,新竹,primary,6.242,0,42.0,Good,,10.2,11.0,24.0,25.0,45.0,41.0,0.1,0.26,0.4,9.0
2026-09-10 08:00,2026091007,台中,新中區,1063,漢神洲際,台中市北屯區崇德路三段865號3F,74,豐原,primary,8.142,0,45.0,Good,,11.2,14.0,21.0,28.0,24.0,19.0,0.2,0.38,0.9,11.0
2026-09-10 08:00,2026091007,台北,北一區,1065,台北微風廣場,臺北市松山區復興南路一段39號3F,29,松山,primary,2.391,0,43.0,Good,,7.7,7.0,26.0,31.0,26.0,23.0,0.2,0.31,1.2,17.0
2026-09-10 08:00,2026091007,屏東,南二區,1066,潮州驛站,屏東縣潮州鎮信義路111號1F,69,潮州,primary,1.548,0,54.0,Moderate,1,13.6,11.0,24.0,24.0,29.0,33.0,0.1,0.19,0.8,1.0
2026-09-10 08:00,2026091007,台北,北一區,1067,大葉高島屋,臺北市士林區忠誠路2段55號4F,5,士林,primary,4.231,0,45.0,Good,,11.1,11.0,23.0,26.0,37.0,28.0,0.2,0.3,0.6,15.0
2026-09-10 08:00,2026091007,新北,北三區,1068,環球中和,新北市中和區中山路3段122號2F,30,板橋,primary,4.299,0,50.0,Good,,9.1,9.0,20.0,16.0,25.0,15.0,0.2,0.53,0.7,21.0
2026-09-10 08:00,2026091007,台中,新中區,1069,誠品台中三井,台中市梧棲區臺灣大道10段168號1F(櫃號19800),26,沙鹿,primary,4.502,0,45.0,Good,,11.2,11.0,25.0,33.0,18.0,15.0,0.2,0.32,1.3,15.0
2026-09-10 08:00,2026091007,桃園,桃新區,1070,環球青埔A19,桃園市中壢區高鐵南路二段352號4F,18,平鎮,primary,3.207,0,48.0,Good,,9.5,9.0,29.0,27.0,42.0,39.0,0.2,0.36,0.8,10.0
2026-09-10 08:00,2026091007,台北,北二區,1071,南港CITY LINK,臺北市南港區東明里忠孝東路七段369號2F(B棟),29,松山,primary,3.502,0,43.0,Good,,7.7,7.0,26.0,31.0,26.0,23.0,0.2,0.31,1.2,17.0
2026-09-10 08:00,2026091007,台北,北二區,917,微風台北車站店,台北市中正區北平西路3號 微風台北車站1樓(G18),16,古亭,primary,1.634,0,44.0,Good,,10.8,9.0,24.0,20.0,30.0,22.0,0.2,0.35,1.2,13.0
2026-09-10 08:00,2026091007,台北,北二區,921,att4fun店,台北市信義區松壽路12號1F,29,松山,primary,2.265,0,43.0,Good,,7.7,7.0,26.0,31.0,26.0,23.0,0.2,0.31,1.2,17.0
2026-09-10 08:00,2026091007,台北,北二區,923,京站店,台北市大同區承德路一段1號B1 (Q24012),11,中山,primary,1.364,0,49.0,Good,,12.1,13.0,26.0,24.0,35.0,31.0,0.2,0.34,0.5,13.0
2026-09-10 08:00,2026091007,台北,北一區,925,忠孝敦化店,台北市大安區忠孝東路四段205巷20號1樓~3樓,16,古亭,primary,1.558,0,44.0,Good,,10.8,9.0,24.0,20.0,30.0,22.0,0.2,0.35,1.2,13.0
2026-09-10 08:00,2026091007,高雄,南二區,930,漢神巨蛋店,高雄市左營區博愛二路777號4F,17,左營,primary,1.037,0,58.0,Moderate,1,14.9,13.0,28.0,29.0,28.0,32.0,0.2,0.38,0.8,11.0
2026-09-10 08:00,2026091007,台北,北二區,932,微風南京店,台北市松山區南京東路三段337號B1-08(櫃號01070),29,松山,primary,2.391,0,43.0,Good,,7.7,7.0,26.0,31.0,26.0,23.0,0.2,0.31,1.2,17.0
2026-09-10 08:00,2026091007,新北,桃新區,935,MITSUI OUTLET PARK 林口店,新北市林口區文化三路一段356號 1F,31,林口,primary,2.773,0,45.0,Good,,10.6,11.0,25.0,27.0,35.0,23.0,0.2,0.36,1.2,19.0
2026-09-10 08:00,2026091007,台南,南一區,939,新光三越台南小西門,台南市中西區西門路1段658-1號1F,67,臺南,primary,2.822,0,53.0,Moderate,2,12.5,11.0,33.0,30.0,34.0,31.0,0.2,0.38,1.3,12.0
2026-09-10 08:00,2026091007,新竹,新中區,940,新竹巨城店,新竹市東區中央路229號3F,55,新竹,primary,6.242,0,42.0,Good,,10.2,11.0,24.0,25.0,45.0,41.0,0.1,0.26,0.4,9.0
2026-09-10 08:00,2026091007,台北,北一區,941,台北忠孝SOGO店,台北市大安區忠孝東路四段45號B1F,16,古亭,primary,1.558,0,44.0,Good,,10.8,9.0,24.0,20.0,30.0,22.0,0.2,0.35,1.2,13.0
2026-09-10 08:00,2026091007,高雄,南二區,943,高雄三多SOGO店,高雄市前鎮區三多三路217號2F,10,小港,primary,3.812,0,59.0,Moderate,1,15.4,17.0,32.0,38.0,23.0,21.0,0.3,0.43,1.4,16.0
2026-09-10 08:00,2026091007,台南,南一區,944,南紡購物中心店,台南市東區中華東路一段366號2F,67,臺南,primary,1.221,0,53.0,Moderate,2,12.5,11.0,33.0,30.0,34.0,31.0,0.2,0.38,1.3,12.0
2026-09-10 08:00,2026091007,桃園,桃新區,946,台茂購物中心店,桃園市蘆竹區南崁路一段112號B2F,43,桃園,primary,7.665,0,43.0,Good,,9.7,10.0,26.0,25.0,37.0,36.0,0.2,0.4,1.6,10.0
2026-09-10 08:00,2026091007,桃園,桃新區,947,大江購物中心店,桃園市中壢區中園路二段501號B1F,18,平鎮,primary,3.207,0,48.0,Good,,9.5,9.0,29.0,27.0,42.0,39.0,0.2,0.36,0.8,10.0
2026-09-10 08:00,2026091007,台北,北三區,950,南西店,台北市中山區南京西路13號1F,11,中山,primary,1.428,0,49.0,Good,,12.1,13.0,26.0,24.0,35.0,31.0,0.2,0.34,0.5,13.0
2026-09-10 08:00,2026091007,台中,新中區,952,台中大遠百店,台中市西屯區台灣大道三段251號10F,25,西屯,primary,2.539,0,61.0,Moderate,1,16.3,17.0,22.0,29.0,7.0,9.0,0.2,0.37,1.1,16.0
2026-09-10 08:00,2026091007,桃園,桃新區,956,桃園ATT,桃園市桃園區中正路47號1F,43,桃園,primary,0.831,0,43.0,Good,,9.7,10.0,26.0,25.0,37.0,36.0,0.2,0.4,1.6,10.0
2026-09-10 08:00,2026091007,台中,新中區,958,台中新時代,台中市東區復興路四段186號2F,7,大里,primary,4.601,0,54.0,Moderate,1,13.7,13.0,29.0,24.0,17.0,23.0,0.3,0.42,0.8,9.0
2026-09-10 08:00,2026091007,台中,新中區,960,秀泰台中站前店,台中市東區南京路66號1F,7,大里,primary,4.601,0,54.0,Moderate,1,13.7,13.0,29.0,24.0,17.0,23.0,0.3,0.42,0.8,9.0
2026-09-10 08:00,2026091007,台北,北二區,964,新光三越信義A11,台北市信義區松壽路11號B1F,29,松山,primary,2.265,0,43.0,Good,,7.7,7.0,26.0,31.0,26.0,23.0,0.2,0.31,1.2,17.0
2026-09-10 08:00,2026091007,台北,北一區,966,台北天母ＳＯＧＯ,台北市士林區中山北路六段77號2F,5,士林,primary,4.231,0,45.0,Good,,11.1,11.0,23.0,26.0,37.0,28.0,0.2,0.3,0.6,15.0
2026-09-10 08:00,2026091007,高雄,南二區,967,高雄大遠百,高雄市苓雅區三多四路21號3F,35,前金,primary,3.688,0,55.0,Moderate,1,14.0,16.0,33.0,40.0,32.0,35.0,0.3,0.42,1.7,11.0
2026-09-10 08:00,2026091007,基隆,北二區,969,基隆東岸廣場,基隆市仁愛區仁二路236號1F,46,基隆,primary,1.993,0,42.0,Good,,8.1,13.0,25.0,29.0,24.0,25.0,0.2,0.41,1.2,13.0
2026-09-10 08:00,2026091007,新北,北三區,973,環球板橋,新北市板橋區縣民大道二段7號2F,30,板橋,primary,0.142,0,50.0,Good,,9.1,9.0,20.0,16.0,25.0,15.0,0.2,0.53,0.7,21.0
2026-09-10 08:00,2026091007,台北,北二區,975,美麗華店,台北市中山區敬業三路20號B1F,11,中山,primary,1.428,0,49.0,Good,,12.1,13.0,26.0,24.0,35.0,31.0,0.2,0.34,0.5,13.0
2026-09-10 08:00,2026091007,新北,北三區,981,新店家樂福店,新北市新店區中興路三段1號1F,56,新店,primary,5.244,0,37.0,Good,,8.1,6.0,22.0,20.0,20.0,17.0,0.2,0.36,0.6,9.0
2026-09-10 08:00,2026091007,桃園,桃新區,982,內壢家樂福店,桃園市中壢區中華路一段450號1F,18,平鎮,primary,3.207,0,48.0,Good,,9.5,9.0,29.0,27.0,42.0,39.0,0.2,0.36,0.8,10.0
2026-09-10 08:00,2026091007,桃園,桃新區,984,經國家樂福店,桃園市桃園區經國路 369號B1F,43,桃園,primary,0.831,0,43.0,Good,,9.7,10.0,26.0,25.0,37.0,36.0,0.2,0.4,1.6,10.0
2026-09-10 08:00,2026091007,台北,北二區,986,內湖CITYLINK店,台北市內湖區成功路四段188號1F,29,松山,primary,3.996,0,43.0,Good,,7.7,7.0,26.0,31.0,26.0,23.0,0.2,0.31,1.2,17.0
2026-09-10 08:00,2026091007,高雄,南一區,987,新光三越高雄左營店,高雄市左營區高鐵路123號3F,17,左營,primary,1.037,0,58.0,Moderate,1,14.9,13.0,28.0,29.0,28.0,32.0,0.2,0.38,0.8,11.0
2026-09-10 08:00,2026091007,嘉義,南一區,988,秀泰嘉義店,嘉義市西區文化路299號1F,63,嘉義,primary,3.538,0,54.0,Moderate,1,13.7,13.0,33.0,31.0,27.0,33.0,0.2,0.32,1.7,6.0
2026-09-10 08:00,2026091007,高雄,南二區,990,高雄成功家樂福OUTLET店,高雄市前鎮區中華五路1111號1F,10,小港,primary,3.812,0,59.0,Moderate,1,15.4,17.0,32.0,38.0,23.0,21.0,0.3,0.43,1.4,16.0
2026-09-10 08:00,2026091007,台北,北一區,992,西門漢中,台北市萬華區漢中街110號,62,萬華,primary,2.232,0,44.0,Good,,11.0,11.0,24.0,24.0,35.0,33.0,0.2,0.32,0.6,14.0
2026-09-10 08:00,2026091007,新北,北三區,993,秀泰樹林,新北市樹林區樹新路40-6號1F,4,土城,primary,5.133,0,40.0,Good,,8.0,10.0,24.0,28.0,33.0,26.0,0.2,0.42,0.9,10.0
2026-09-10 08:00,2026091007,新北,北三區,995,JCPARK新莊店,新北市新莊區幸福路742號1F,57,新莊,primary,0.49,0,48.0,Good,,11.6,10.0,29.0,31.0,33.0,34.0,0.2,0.36,1.0,12.0
2026-09-10 08:00,2026091007,新北,北三區,996,板橋府中店,新北市板橋區中山路一段19號1F,30,板橋,primary,0.142,0,50.0,Good,,9.1,9.0,20.0,16.0,25.0,15.0,0.2,0.53,0.7,21.0
2026-09-10 08:00,2026091007,新北,北三區,997,京站小碧潭店,新北市新店區中央路157號5F,56,新店,primary,5.244,0,37.0,Good,,8.1,6.0,22.0,20.0,20.0,17.0,0.2,0.36,0.6,9.0
2026-09-10 08:00,2026091007,屏東,南二區,998,屏東車站店,屏東縣屏東市公勇路62號1F,38,屏東,primary,1.241,0,52.0,Moderate,1,13.0,11.0,29.0,34.0,25.0,28.0,0.2,0.29,0.8,7.0
2026-09-14 08:00,2026091407,桃園,桃新區,1001,八德置地生活店,桃園市八德區介壽路一段728號1F,43,桃園,primary,5.193,0,20.0,Good,,5.0,6.0,9.0,13.0,15.0,15.0,0.1,0.27,0.4,5.0
2026-09-14 08:00,2026091407,桃園,桃新區,1002,新光影城桃園高鐵站店,桃園市中壢區春德路107號1F,18,平鎮,primary,3.207,0,17.0,Good,,4.3,3.0,10.0,16.0,11.0,9.0,0.1,0.28,0.4,6.0
2026-09-14 08:00,2026091407,新北,北三區,1003,蘆洲佳瑪店,新北市蘆洲區長榮路2號1F,53,菜寮,primary,2.465,0,22.0,Good,,5.5,8.0,8.0,8.0,12.0,8.0,0.1,0.26,1.8,6.0
2026-09-14 08:00,2026091407,彰化,南一區,1008,員林大潤發店,彰化縣埔心鄉中山路319號1F,139,員林,primary,3.097,0,54.0,Moderate,1,13.6,15.0,24.0,28.0,19.0,23.0,0.2,0.24,1.1,4.0
2026-09-14 08:00,2026091407,花蓮,北一區,1009,花蓮遠百店,花蓮縣花蓮市和平路581號1F,33,花蓮,primary,2.954,0,23.0,Good,,4.0,5.0,14.0,21.0,6.0,7.0,0.1,0.17,1.3,2.0
2026-09-14 08:00,2026091407,高雄,南二區,1010,高雄夢時代,高雄市前鎮區中華五路789號7F,10,小港,primary,3.812,0,44.0,Good,,10.5,17.0,19.0,26.0,26.0,14.0,0.2,0.41,7.3,14.0
2026-09-14 08:00,2026091407,新竹,新中區,1012,遠百竹北店,新竹縣竹北市莊敬北路18號6F,55,新竹,primary,4.271,0,21.0,Good,,5.2,7.0,10.0,11.0,10.0,9.0,0.1,0.19,0.7,6.0
2026-09-14 08:00,2026091407,台東,南二區,1013,秀泰台東,台東縣台東市新生路93號2F,66,臺東,primary,4.131,0,25.0,Good,,4.1,7.0,15.0,45.0,6.0,6.0,0.1,0.19,0.3,2.0
2026-09-14 08:00,2026091407,台南,南一區,1015,MITSUI OUTLET PARK 台南店,台南市歸仁區歸仁大道101號3F,67,臺南,primary,8.892,0,47.0,Good,,11.2,15.0,28.0,33.0,22.0,20.0,0.2,0.33,1.7,8.0
2026-09-14 08:00,2026091407,新北,北三區,1017,三重佳瑪,新北市三重區自強路一段73號1F,53,菜寮,primary,0.916,0,22.0,Good,,5.5,8.0,8.0,8.0,12.0,8.0,0.1,0.26,1.8,6.0
2026-09-14 08:00,2026091407,新竹,新中區,1018,新竹大魯閣店（遠雄廣場）,新竹市北區大雅路88號1F,55,新竹,primary,6.242,0,21.0,Good,,5.2,7.0,10.0,11.0,10.0,9.0,0.1,0.19,0.7,6.0
2026-09-14 08:00,2026091407,台中,新中區,1021,台中中友店,台中市北區三民路三段161號A棟3F,28,忠明,primary,4.112,0,46.0,Good,,11.5,8.0,20.0,16.0,17.0,6.0,0.2,0.29,1.7,9.0
2026-09-14 08:00,2026091407,台北,北二區,1022,內湖大全聯,台北市內湖區舊宗路一段188號1F,29,松山,primary,3.996,0,24.0,Good,,0.7,0.0,11.0,11.0,8.0,5.0,0.1,0.23,1.2,10.0
2026-09-14 08:00,2026091407,新北,北三區,1024,板橋愛買店,新北市板橋區貴興路101號1F,30,板橋,primary,0.142,0,19.0,Good,,4.7,4.0,6.0,9.0,11.0,8.0,0.1,0.3,0.9,6.0
2026-09-14 08:00,2026091407,新北,北三區,1025,新莊宏匯店,新北市新莊區新北大道4段3號2F,57,新莊,primary,0.49,0,19.0,Good,,4.7,7.0,10.0,14.0,15.0,11.0,0.1,0.2,0.8,5.0
2026-09-14 08:00,2026091407,台中,新中區,1029,Mitsui Shopping Park LaLaport台中店,台中市東區進德路600號3F(櫃號C30270),7,大里,primary,4.601,0,59.0,Moderate,1,15.4,18.0,28.0,32.0,18.0,14.0,0.2,0.33,1.3,10.0
2026-09-14 08:00,2026091407,新北,北三區,1031,三峽店,新北市三峽區民生街106之3號1F,4,土城,primary,11.729,0,17.0,Good,,4.1,3.0,10.0,12.0,8.0,5.0,0.1,0.29,1.0,6.0
2026-09-14 08:00,2026091407,台中,新中區,1032,新光三越台中中港,台中市西屯區台灣大道三段301號6F,25,西屯,primary,2.539,0,50.0,Good,,12.4,8.0,25.0,21.0,11.0,5.0,0.2,0.3,1.2,6.0
2026-09-14 08:00,2026091407,高雄,南二區,1033,高雄SKM Park,高雄市前鎮區中安路1-1號1F,10,小港,primary,3.812,0,44.0,Good,,10.5,17.0,19.0,26.0,26.0,14.0,0.2,0.41,7.3,14.0
2026-09-14 08:00,2026091407,高雄,南一區,1034,高雄漢神百貨,高雄市前金區成功一路266-1號7F,35,前金,primary,1.1,0,30.0,Good,,5.2,8.0,18.0,17.0,27.0,25.0,0.1,0.29,0.6,6.0
2026-09-14 08:00,2026091407,台北,北二區,1036,台北永康,台北市大安區永康街10-3號1F,16,古亭,primary,1.558,0,15.0,Good,,3.5,6.0,9.0,16.0,11.0,8.0,0.1,0.2,1.0,5.0
2026-09-14 08:00,2026091407,新北,北一區,1037,竹圍店,新北市淡水區民權路42號1~2F,48,淡水,primary,3.106,0,27.0,Good,,4.4,6.0,16.0,20.0,5.0,4.0,0.2,0.37,0.7,6.0
2026-09-14 08:00,2026091407,台北,北一區,1038,石牌,台北市北投區石牌路二段66號,5,士林,primary,4.975,0,17.0,Good,,4.1,4.0,8.0,12.0,12.0,7.0,0.1,0.17,0.7,5.0
2026-09-14 08:00,2026091407,苗栗,新中區,1040,頭份大潤發,苗栗縣頭份市自強路230號1F,55,新竹,primary,15.362,0,21.0,Good,,5.2,7.0,10.0,11.0,10.0,9.0,0.1,0.19,0.7,6.0
2026-09-14 08:00,2026091407,桃園,桃新區,1041,中原家樂福,桃園市中壢區中華路二段 501號1F,18,平鎮,primary,3.207,0,17.0,Good,,4.3,3.0,10.0,16.0,11.0,9.0,0.1,0.28,0.4,6.0
2026-09-14 08:00,2026091407,高雄,南二區,1044,高雄義享,高雄市鼓山區大順一路115號3F,35,前金,primary,2.226,0,30.0,Good,,5.2,8.0,18.0,17.0,27.0,25.0,0.1,0.29,0.6,6.0
2026-09-14 08:00,2026091407,新北,北一區,1045,江子翠,新北市板橋區雙十路二段176號1F,30,板橋,primary,0.142,0,19.0,Good,,4.7,4.0,6.0,9.0,11.0,8.0,0.1,0.3,0.9,6.0
2026-09-14 08:00,2026091407,澎湖,南一區,1046,澎湖三號港,澎湖縣馬公市同和路158號3F,44,馬公,primary,3.072,0,33.0,Good,,8.1,10.0,16.0,19.0,24.0,18.0,0.1,0.14,,3.0
2026-09-14 08:00,2026091407,桃園,桃新區,1047,環球桃園A8,桃園市龜山區復興一路8號B1F,31,林口,primary,6.046,0,22.0,Good,,5.4,8.0,11.0,16.0,10.0,5.0,0.1,0.26,0.9,9.0
2026-09-14 08:00,2026091407,台北,北一區,1049,公館,台北市中正區羅斯福路四段88之1號,16,古亭,primary,1.634,0,15.0,Good,,3.5,6.0,9.0,16.0,11.0,8.0,0.1,0.2,1.0,5.0
2026-09-14 08:00,2026091407,新北,北三區,1050,新店佳瑪,新北市新店區民權路78號1F,56,新店,primary,5.244,0,18.0,Good,,2.2,1.0,11.0,10.0,5.0,4.0,0.1,0.25,0.4,5.0
2026-09-14 08:00,2026091407,台北,北一區,1051,LaLaport南港,台北市南港區經貿二路131號3F,29,松山,primary,3.502,0,24.0,Good,,0.7,0.0,11.0,11.0,8.0,5.0,0.1,0.23,1.2,10.0
2026-09-14 08:00,2026091407,台北,北二區,1054,大巨蛋sogo,台北市信義區忠孝東路4段505號4F,29,松山,primary,2.265,0,24.0,Good,,0.7,0.0,11.0,11.0,8.0,5.0,0.1,0.23,1.2,10.0
2026-09-14 08:00,2026091407,宜蘭,北二區,1055,新月廣場,宜蘭縣宜蘭市民權路二段38巷6號3F,27,宜蘭,primary,1.095,0,25.0,Good,,6.3,7.0,13.0,10.0,5.0,5.0,0.1,0.14,0.7,1.0
2026-09-14 08:00,2026091407,台北,北二區,1056,統一夢廣場,台北市信義區松高路11號B1F,29,松山,primary,2.265,0,24.0,Good,,0.7,0.0,11.0,11.0,8.0,5.0,0.1,0.23,1.2,10.0
2026-09-14 08:00,2026091407,新北,北三區,1057,新莊民安,新北市新莊區民安路224號1樓,57,新莊,primary,0.49,0,19.0,Good,,4.7,7.0,10.0,14.0,15.0,11.0,0.1,0.2,0.8,5.0
2026-09-14 08:00,2026091407,新北,北一區,1059,淡水,新北市淡水區中山路1之1號1F,48,淡水,primary,3.106,0,27.0,Good,,4.4,6.0,16.0,20.0,5.0,4.0,0.2,0.37,0.7,6.0
2026-09-14 08:00,2026091407,嘉義,南一區,1060,嘉義新光,嘉義市西區垂楊路726號4樓,63,嘉義,primary,3.538,0,30.0,Good,,4.0,8.0,18.0,17.0,17.0,23.0,0.1,0.27,1.5,4.0
2026-09-14 08:00,2026091407,新竹,新中區,1062,竹馬,新竹市東區光復路二段690號2F。 平安樓-眼科眼鏡配整中心,55,新竹,primary,6.242,0,21.0,Good,,5.2,7.0,10.0,11.0,10.0,9.0,0.1,0.19,0.7,6.0
2026-09-14 08:00,2026091407,台中,新中區,1063,漢神洲際,台中市北屯區崇德路三段865號3F,74,豐原,primary,8.142,0,53.0,Moderate,1,13.4,14.0,27.0,32.0,9.0,7.0,0.2,0.36,0.0,10.0
2026-09-14 08:00,2026091407,台北,北一區,1065,台北微風廣場,臺北市松山區復興南路一段39號3F,29,松山,primary,2.391,0,24.0,Good,,0.7,0.0,11.0,11.0,8.0,5.0,0.1,0.23,1.2,10.0
2026-09-14 08:00,2026091407,屏東,南二區,1066,潮州驛站,屏東縣潮州鎮信義路111號1F,69,潮州,primary,1.548,0,38.0,Good,,9.4,6.0,19.0,19.0,12.0,16.0,0.1,0.15,0.8,1.0
2026-09-14 08:00,2026091407,台北,北一區,1067,大葉高島屋,臺北市士林區忠誠路2段55號4F,5,士林,primary,4.231,0,17.0,Good,,4.1,4.0,8.0,12.0,12.0,7.0,0.1,0.17,0.7,5.0
2026-09-14 08:00,2026091407,新北,北三區,1068,環球中和,新北市中和區中山路3段122號2F,30,板橋,primary,4.299,0,19.0,Good,,4.7,4.0,6.0,9.0,11.0,8.0,0.1,0.3,0.9,6.0
2026-09-14 08:00,2026091407,台中,新中區,1069,誠品台中三井,台中市梧棲區臺灣大道10段168號1F(櫃號19800),26,沙鹿,primary,4.502,0,27.0,Good,,5.2,4.0,16.0,16.0,5.0,7.0,0.1,0.18,0.2,5.0
2026-09-14 08:00,2026091407,桃園,桃新區,1070,環球青埔A19,桃園市中壢區高鐵南路二段352號4F,18,平鎮,primary,3.207,0,17.0,Good,,4.3,3.0,10.0,16.0,11.0,9.0,0.1,0.28,0.4,6.0
2026-09-14 08:00,2026091407,台北,北二區,1071,南港CITY LINK,臺北市南港區東明里忠孝東路七段369號2F(B棟),29,松山,primary,3.502,0,24.0,Good,,0.7,0.0,11.0,11.0,8.0,5.0,0.1,0.23,1.2,10.0
2026-09-14 08:00,2026091407,台北,北二區,917,微風台北車站店,台北市中正區北平西路3號 微風台北車站1樓(G18),16,古亭,primary,1.634,0,15.0,Good,,3.5,6.0,9.0,16.0,11.0,8.0,0.1,0.2,1.0,5.0
2026-09-14 08:00,2026091407,台北,北二區,921,att4fun店,台北市信義區松壽路12號1F,29,松山,primary,2.265,0,24.0,Good,,0.7,0.0,11.0,11.0,8.0,5.0,0.1,0.23,1.2,10.0
2026-09-14 08:00,2026091407,台北,北二區,923,京站店,台北市大同區承德路一段1號B1 (Q24012),11,中山,primary,1.364,0,24.0,Good,,5.9,6.0,11.0,14.0,10.0,6.0,0.1,0.37,1.1,7.0
2026-09-14 08:00,2026091407,台北,北一區,925,忠孝敦化店,台北市大安區忠孝東路四段205巷20號1樓~3樓,16,古亭,primary,1.558,0,15.0,Good,,3.5,6.0,9.0,16.0,11.0,8.0,0.1,0.2,1.0,5.0
2026-09-14 08:00,2026091407,高雄,南二區,930,漢神巨蛋店,高雄市左營區博愛二路777號4F,17,左營,primary,1.037,0,42.0,Good,,7.4,9.0,25.0,51.0,19.0,19.0,0.2,0.32,1.6,8.0
2026-09-14 08:00,2026091407,台北,北二區,932,微風南京店,台北市松山區南京東路三段337號B1-08(櫃號01070),29,松山,primary,2.391,0,24.0,Good,,0.7,0.0,11.0,11.0,8.0,5.0,0.1,0.23,1.2,10.0
2026-09-14 08:00,2026091407,新北,桃新區,935,MITSUI OUTLET PARK 林口店,新北市林口區文化三路一段356號 1F,31,林口,primary,2.773,0,22.0,Good,,5.4,8.0,11.0,16.0,10.0,5.0,0.1,0.26,0.9,9.0
2026-09-14 08:00,2026091407,台南,南一區,939,新光三越台南小西門,台南市中西區西門路1段658-1號1F,67,臺南,primary,2.822,0,47.0,Good,,11.2,15.0,28.0,33.0,22.0,20.0,0.2,0.33,1.7,8.0
2026-09-14 08:00,2026091407,新竹,新中區,940,新竹巨城店,新竹市東區中央路229號3F,55,新竹,primary,6.242,0,21.0,Good,,5.2,7.0,10.0,11.0,10.0,9.0,0.1,0.19,0.7,6.0
2026-09-14 08:00,2026091407,台北,北一區,941,台北忠孝SOGO店,台北市大安區忠孝東路四段45號B1F,16,古亭,primary,1.558,0,15.0,Good,,3.5,6.0,9.0,16.0,11.0,8.0,0.1,0.2,1.0,5.0
2026-09-14 08:00,2026091407,高雄,南二區,943,高雄三多SOGO店,高雄市前鎮區三多三路217號2F,10,小港,primary,3.812,0,44.0,Good,,10.5,17.0,19.0,26.0,26.0,14.0,0.2,0.41,7.3,14.0
2026-09-14 08:00,2026091407,台南,南一區,944,南紡購物中心店,台南市東區中華東路一段366號2F,67,臺南,primary,1.221,0,47.0,Good,,11.2,15.0,28.0,33.0,22.0,20.0,0.2,0.33,1.7,8.0
2026-09-14 08:00,2026091407,桃園,桃新區,946,台茂購物中心店,桃園市蘆竹區南崁路一段112號B2F,43,桃園,primary,7.665,0,20.0,Good,,5.0,6.0,9.0,13.0,15.0,15.0,0.1,0.27,0.4,5.0
2026-09-14 08:00,2026091407,桃園,桃新區,947,大江購物中心店,桃園市中壢區中園路二段501號B1F,18,平鎮,primary,3.207,0,17.0,Good,,4.3,3.0,10.0,16.0,11.0,9.0,0.1,0.28,0.4,6.0
2026-09-14 08:00,2026091407,台北,北三區,950,南西店,台北市中山區南京西路13號1F,11,中山,primary,1.428,0,24.0,Good,,5.9,6.0,11.0,14.0,10.0,6.0,0.1,0.37,1.1,7.0
2026-09-14 08:00,2026091407,台中,新中區,952,台中大遠百店,台中市西屯區台灣大道三段251號10F,25,西屯,primary,2.539,0,50.0,Good,,12.4,8.0,25.0,21.0,11.0,5.0,0.2,0.3,1.2,6.0
2026-09-14 08:00,2026091407,桃園,桃新區,956,桃園ATT,桃園市桃園區中正路47號1F,43,桃園,primary,0.831,0,20.0,Good,,5.0,6.0,9.0,13.0,15.0,15.0,0.1,0.27,0.4,5.0
2026-09-14 08:00,2026091407,台中,新中區,958,台中新時代,台中市東區復興路四段186號2F,7,大里,primary,4.601,0,59.0,Moderate,1,15.4,18.0,28.0,32.0,18.0,14.0,0.2,0.33,1.3,10.0
2026-09-14 08:00,2026091407,台中,新中區,960,秀泰台中站前店,台中市東區南京路66號1F,7,大里,primary,4.601,0,59.0,Moderate,1,15.4,18.0,28.0,32.0,18.0,14.0,0.2,0.33,1.3,10.0
2026-09-14 08:00,2026091407,台北,北二區,964,新光三越信義A11,台北市信義區松壽路11號B1F,29,松山,primary,2.265,0,24.0,Good,,0.7,0.0,11.0,11.0,8.0,5.0,0.1,0.23,1.2,10.0
2026-09-14 08:00,2026091407,台北,北一區,966,台北天母ＳＯＧＯ,台北市士林區中山北路六段77號2F,5,士林,primary,4.231,0,17.0,Good,,4.1,4.0,8.0,12.0,12.0,7.0,0.1,0.17,0.7,5.0
2026-09-14 08:00,2026091407,高雄,南二區,967,高雄大遠百,高雄市苓雅區三多四路21號3F,35,前金,primary,3.688,0,30.0,Good,,5.2,8.0,18.0,17.0,27.0,25.0,0.1,0.29,0.6,6.0
2026-09-14 08:00,2026091407,基隆,北二區,969,基隆東岸廣場,基隆市仁愛區仁二路236號1F,46,基隆,primary,1.993,0,20.0,Good,,4.2,5.0,12.0,11.0,10.0,11.0,0.1,0.18,1.1,4.0
2026-09-14 08:00,2026091407,新北,北三區,973,環球板橋,新北市板橋區縣民大道二段7號2F,30,板橋,primary,0.142,0,19.0,Good,,4.7,4.0,6.0,9.0,11.0,8.0,0.1,0.3,0.9,6.0
2026-09-14 08:00,2026091407,台北,北二區,975,美麗華店,台北市中山區敬業三路20號B1F,11,中山,primary,1.428,0,24.0,Good,,5.9,6.0,11.0,14.0,10.0,6.0,0.1,0.37,1.1,7.0
2026-09-14 08:00,2026091407,新北,北三區,981,新店家樂福店,新北市新店區中興路三段1號1F,56,新店,primary,5.244,0,18.0,Good,,2.2,1.0,11.0,10.0,5.0,4.0,0.1,0.25,0.4,5.0
2026-09-14 08:00,2026091407,桃園,桃新區,982,內壢家樂福店,桃園市中壢區中華路一段450號1F,18,平鎮,primary,3.207,0,17.0,Good,,4.3,3.0,10.0,16.0,11.0,9.0,0.1,0.28,0.4,6.0
2026-09-14 08:00,2026091407,桃園,桃新區,984,經國家樂福店,桃園市桃園區經國路 369號B1F,43,桃園,primary,0.831,0,20.0,Good,,5.0,6.0,9.0,13.0,15.0,15.0,0.1,0.27,0.4,5.0
2026-09-14 08:00,2026091407,台北,北二區,986,內湖CITYLINK店,台北市內湖區成功路四段188號1F,29,松山,primary,3.996,0,24.0,Good,,0.7,0.0,11.0,11.0,8.0,5.0,0.1,0.23,1.2,10.0
2026-09-14 08:00,2026091407,高雄,南一區,987,新光三越高雄左營店,高雄市左營區高鐵路123號3F,17,左營,primary,1.037,0,42.0,Good,,7.4,9.0,25.0,51.0,19.0,19.0,0.2,0.32,1.6,8.0
2026-09-14 08:00,2026091407,嘉義,南一區,988,秀泰嘉義店,嘉義市西區文化路299號1F,63,嘉義,primary,3.538,0,30.0,Good,,4.0,8.0,18.0,17.0,17.0,23.0,0.1,0.27,1.5,4.0
2026-09-14 08:00,2026091407,高雄,南二區,990,高雄成功家樂福OUTLET店,高雄市前鎮區中華五路1111號1F,10,小港,primary,3.812,0,44.0,Good,,10.5,17.0,19.0,26.0,26.0,14.0,0.2,0.41,7.3,14.0
2026-09-14 08:00,2026091407,台北,北一區,992,西門漢中,台北市萬華區漢中街110號,62,萬華,primary,2.232,0,19.0,Good,,4.6,6.0,10.0,13.0,11.0,7.0,0.1,0.25,1.0,8.0
2026-09-14 08:00,2026091407,新北,北三區,993,秀泰樹林,新北市樹林區樹新路40-6號1F,4,土城,primary,5.133,0,17.0,Good,,4.1,3.0,10.0,12.0,8.0,5.0,0.1,0.29,1.0,6.0
2026-09-14 08:00,2026091407,新北,北三區,995,JCPARK新莊店,新北市新莊區幸福路742號1F,57,新莊,primary,0.49,0,19.0,Good,,4.7,7.0,10.0,14.0,15.0,11.0,0.1,0.2,0.8,5.0
2026-09-14 08:00,2026091407,新北,北三區,996,板橋府中店,新北市板橋區中山路一段19號1F,30,板橋,primary,0.142,0,19.0,Good,,4.7,4.0,6.0,9.0,11.0,8.0,0.1,0.3,0.9,6.0
2026-09-14 08:00,2026091407,新北,北三區,997,京站小碧潭店,新北市新店區中央路157號5F,56,新店,primary,5.244,0,18.0,Good,,2.2,1.0,11.0,10.0,5.0,4.0,0.1,0.25,0.4,5.0
2026-09-14 08:00,2026091407,屏東,南二區,998,屏東車站店,屏東縣屏東市公勇路62號1F,38,屏東,primary,1.241,0,41.0,Good,,10.2,11.0,23.0,26.0,16.0,14.0,0.2,0.31,0.6,6.0
2026-09-15 08:00,2026091507,桃園,桃新區,1001,八德置地生活店,桃園市八德區介壽路一段728號1F,43,桃園,primary,5.193,0,38.0,Good,,9.1,13.0,23.0,28.0,39.0,38.0,0.2,0.4,1.8,9.0
2026-09-15 08:00,2026091507,桃園,桃新區,1002,新光影城桃園高鐵站店,桃園市中壢區春德路107號1F,18,平鎮,primary,3.207,0,43.0,Good,,9.4,13.0,26.0,33.0,34.0,29.0,0.2,0.43,0.7,14.0
2026-09-15 08:00,2026091507,新北,北三區,1003,蘆洲佳瑪店,新北市蘆洲區長榮路2號1F,53,菜寮,primary,2.465,0,40.0,Good,,9.5,11.0,24.0,29.0,40.0,37.0,0.2,0.34,0.5,8.0
2026-09-15 08:00,2026091507,彰化,南一區,1008,員林大潤發店,彰化縣埔心鄉中山路319號1F,139,員林,primary,3.097,0,36.0,Good,,9.0,14.0,21.0,27.0,7.0,14.0,0.2,0.33,2.0,9.0
2026-09-15 08:00,2026091507,花蓮,北一區,1009,花蓮遠百店,花蓮縣花蓮市和平路581號1F,33,花蓮,primary,2.954,0,23.0,Good,,4.2,4.0,14.0,16.0,7.0,6.0,0.1,0.2,0.1,2.0
2026-09-15 08:00,2026091507,高雄,南二區,1010,高雄夢時代,高雄市前鎮區中華五路789號7F,10,小港,primary,3.812,0,47.0,Good,,11.6,14.0,22.0,31.0,13.0,8.0,0.1,0.39,1.3,13.0
2026-09-15 08:00,2026091507,新竹,新中區,1012,遠百竹北店,新竹縣竹北市莊敬北路18號6F,55,新竹,primary,4.271,0,35.0,Good,,7.1,14.0,21.0,29.0,34.0,37.0,0.2,0.26,0.9,9.0
2026-09-15 08:00,2026091507,台東,南二區,1013,秀泰台東,台東縣台東市新生路93號2F,66,臺東,primary,4.131,0,20.0,Good,,4.8,4.0,12.0,10.0,14.0,18.0,0.1,0.13,0.4,1.0
2026-09-15 08:00,2026091507,台南,南一區,1015,MITSUI OUTLET PARK 台南店,台南市歸仁區歸仁大道101號3F,67,臺南,primary,8.892,0,50.0,Good,,9.7,9.0,30.0,31.0,9.0,15.0,0.2,0.34,0.9,11.0
2026-09-15 08:00,2026091507,新北,北三區,1017,三重佳瑪,新北市三重區自強路一段73號1F,53,菜寮,primary,0.916,0,40.0,Good,,9.5,11.0,24.0,29.0,40.0,37.0,0.2,0.34,0.5,8.0
2026-09-15 08:00,2026091507,新竹,新中區,1018,新竹大魯閣店（遠雄廣場）,新竹市北區大雅路88號1F,55,新竹,primary,6.242,0,35.0,Good,,7.1,14.0,21.0,29.0,34.0,37.0,0.2,0.26,0.9,9.0
2026-09-15 08:00,2026091507,台中,新中區,1021,台中中友店,台中市北區三民路三段161號A棟3F,28,忠明,primary,4.112,0,26.0,Good,,6.0,9.0,10.0,11.0,6.0,4.0,0.2,0.35,1.1,11.0
2026-09-15 08:00,2026091507,台北,北二區,1022,內湖大全聯,台北市內湖區舊宗路一段188號1F,29,松山,primary,3.996,0,45.0,Good,,7.8,10.0,27.0,31.0,43.0,35.0,0.1,0.25,1.5,12.0
2026-09-15 08:00,2026091507,新北,北三區,1024,板橋愛買店,新北市板橋區貴興路101號1F,30,板橋,primary,0.142,0,42.0,Good,,9.4,11.0,25.0,28.0,42.0,36.0,0.2,0.36,1.5,11.0
2026-09-15 08:00,2026091507,新北,北三區,1025,新莊宏匯店,新北市新莊區新北大道4段3號2F,57,新莊,primary,0.49,0,42.0,Good,,8.7,9.0,25.0,31.0,43.0,39.0,0.1,0.29,0.6,7.0
2026-09-15 08:00,2026091507,台中,新中區,1029,Mitsui Shopping Park LaLaport台中店,台中市東區進德路600號3F(櫃號C30270),7,大里,primary,4.601,0,32.0,Good,,7.1,10.0,19.0,26.0,4.0,7.0,0.2,0.34,0.9,10.0
2026-09-15 08:00,2026091507,新北,北三區,1031,三峽店,新北市三峽區民生街106之3號1F,4,土城,primary,11.729,0,48.0,Good,,8.4,10.0,29.0,38.0,41.0,36.0,0.2,0.36,0.9,9.0
2026-09-15 08:00,2026091507,台中,新中區,1032,新光三越台中中港,台中市西屯區台灣大道三段301號6F,25,西屯,primary,2.539,0,31.0,Good,,7.1,9.0,12.0,21.0,8.0,2.0,0.1,0.36,1.4,13.0
2026-09-15 08:00,2026091507,高雄,南二區,1033,高雄SKM Park,高雄市前鎮區中安路1-1號1F,10,小港,primary,3.812,0,47.0,Good,,11.6,14.0,22.0,31.0,13.0,8.0,0.1,0.39,1.3,13.0
2026-09-15 08:00,2026091507,高雄,南一區,1034,高雄漢神百貨,高雄市前金區成功一路266-1號7F,35,前金,primary,1.1,0,45.0,Good,,6.9,7.0,27.0,31.0,18.0,16.0,0.1,0.28,1.4,6.0
2026-09-15 08:00,2026091507,台北,北二區,1036,台北永康,台北市大安區永康街10-3號1F,16,古亭,primary,1.558,0,51.0,Moderate,2,11.9,13.0,31.0,32.0,43.0,33.0,0.1,0.29,1.2,9.0
2026-09-15 08:00,2026091507,新北,北一區,1037,竹圍店,新北市淡水區民權路42號1~2F,48,淡水,primary,3.106,0,40.0,Good,,8.1,7.0,24.0,25.0,41.0,41.0,0.1,0.24,0.3,3.0
2026-09-15 08:00,2026091507,台北,北一區,1038,石牌,台北市北投區石牌路二段66號,5,士林,primary,4.975,0,42.0,Good,,10.3,14.0,20.0,24.0,42.0,38.0,0.1,0.23,0.7,3.0
2026-09-15 08:00,2026091507,苗栗,新中區,1040,頭份大潤發,苗栗縣頭份市自強路230號1F,55,新竹,primary,15.362,0,35.0,Good,,7.1,14.0,21.0,29.0,34.0,37.0,0.2,0.26,0.9,9.0
2026-09-15 08:00,2026091507,桃園,桃新區,1041,中原家樂福,桃園市中壢區中華路二段 501號1F,18,平鎮,primary,3.207,0,43.0,Good,,9.4,13.0,26.0,33.0,34.0,29.0,0.2,0.43,0.7,14.0
2026-09-15 08:00,2026091507,高雄,南二區,1044,高雄義享,高雄市鼓山區大順一路115號3F,35,前金,primary,2.226,0,45.0,Good,,6.9,7.0,27.0,31.0,18.0,16.0,0.1,0.28,1.4,6.0
2026-09-15 08:00,2026091507,新北,北一區,1045,江子翠,新北市板橋區雙十路二段176號1F,30,板橋,primary,0.142,0,42.0,Good,,9.4,11.0,25.0,28.0,42.0,36.0,0.2,0.36,1.5,11.0
2026-09-15 08:00,2026091507,澎湖,南一區,1046,澎湖三號港,澎湖縣馬公市同和路158號3F,44,馬公,primary,3.072,0,47.0,Good,,11.6,13.0,27.0,33.0,44.0,44.0,0.1,0.19,,4.0
2026-09-15 08:00,2026091507,桃園,桃新區,1047,環球桃園A8,桃園市龜山區復興一路8號B1F,31,林口,primary,6.046,0,38.0,Good,,8.9,9.0,22.0,24.0,29.0,19.0,0.1,0.27,0.8,16.0
2026-09-15 08:00,2026091507,台北,北一區,1049,公館,台北市中正區羅斯福路四段88之1號,16,古亭,primary,1.634,0,51.0,Moderate,2,11.9,13.0,31.0,32.0,43.0,33.0,0.1,0.29,1.2,9.0
2026-09-15 08:00,2026091507,新北,北三區,1050,新店佳瑪,新北市新店區民權路78號1F,56,新店,primary,5.244,0,38.0,Good,,9.5,9.0,22.0,25.0,38.0,28.0,0.1,0.32,0.2,12.0
2026-09-15 08:00,2026091507,台北,北一區,1051,LaLaport南港,台北市南港區經貿二路131號3F,29,松山,primary,3.502,0,45.0,Good,,7.8,10.0,27.0,31.0,43.0,35.0,0.1,0.25,1.5,12.0
2026-09-15 08:00,2026091507,台北,北二區,1054,大巨蛋sogo,台北市信義區忠孝東路4段505號4F,29,松山,primary,2.265,0,45.0,Good,,7.8,10.0,27.0,31.0,43.0,35.0,0.1,0.25,1.5,12.0
2026-09-15 08:00,2026091507,宜蘭,北二區,1055,新月廣場,宜蘭縣宜蘭市民權路二段38巷6號3F,27,宜蘭,primary,1.095,0,33.0,Good,,8.2,10.0,13.0,13.0,11.0,12.0,0.1,0.23,1.0,2.0
2026-09-15 08:00,2026091507,台北,北二區,1056,統一夢廣場,台北市信義區松高路11號B1F,29,松山,primary,2.265,0,45.0,Good,,7.8,10.0,27.0,31.0,43.0,35.0,0.1,0.25,1.5,12.0
2026-09-15 08:00,2026091507,新北,北三區,1057,新莊民安,新北市新莊區民安路224號1樓,57,新莊,primary,0.49,0,42.0,Good,,8.7,9.0,25.0,31.0,43.0,39.0,0.1,0.29,0.6,7.0
2026-09-15 08:00,2026091507,新北,北一區,1059,淡水,新北市淡水區中山路1之1號1F,48,淡水,primary,3.106,0,40.0,Good,,8.1,7.0,24.0,25.0,41.0,41.0,0.1,0.24,0.3,3.0
2026-09-15 08:00,2026091507,嘉義,南一區,1060,嘉義新光,嘉義市西區垂楊路726號4樓,63,嘉義,primary,3.538,0,48.0,Good,,9.9,11.0,29.0,26.0,15.0,16.0,0.2,0.25,1.5,5.0
2026-09-15 08:00,2026091507,新竹,新中區,1062,竹馬,新竹市東區光復路二段690號2F。 平安樓-眼科眼鏡配整中心,55,新竹,primary,6.242,0,35.0,Good,,7.1,14.0,21.0,29.0,34.0,37.0,0.2,0.26,0.9,9.0
2026-09-15 08:00,2026091507,台中,新中區,1063,漢神洲際,台中市北屯區崇德路三段865號3F,74,豐原,primary,8.142,0,28.0,Good,,6.0,8.0,17.0,26.0,6.0,3.0,0.1,0.31,0.9,9.0
2026-09-15 08:00,2026091507,台北,北一區,1065,台北微風廣場,臺北市松山區復興南路一段39號3F,29,松山,primary,2.391,0,45.0,Good,,7.8,10.0,27.0,31.0,43.0,35.0,0.1,0.25,1.5,12.0
2026-09-15 08:00,2026091507,屏東,南二區,1066,潮州驛站,屏東縣潮州鎮信義路111號1F,69,潮州,primary,1.548,0,38.0,Good,,9.3,10.0,22.0,23.0,9.0,13.0,0.1,0.18,1.2,2.0
2026-09-15 08:00,2026091507,台北,北一區,1067,大葉高島屋,臺北市士林區忠誠路2段55號4F,5,士林,primary,4.231,0,42.0,Good,,10.3,14.0,20.0,24.0,42.0,38.0,0.1,0.23,0.7,3.0
2026-09-15 08:00,2026091507,新北,北三區,1068,環球中和,新北市中和區中山路3段122號2F,30,板橋,primary,4.299,0,42.0,Good,,9.4,11.0,25.0,28.0,42.0,36.0,0.2,0.36,1.5,11.0
2026-09-15 08:00,2026091507,台中,新中區,1069,誠品台中三井,台中市梧棲區臺灣大道10段168號1F(櫃號19800),26,沙鹿,primary,4.502,0,25.0,Good,,5.0,7.0,15.0,17.0,16.0,12.0,0.1,0.22,0.7,9.0
2026-09-15 08:00,2026091507,桃園,桃新區,1070,環球青埔A19,桃園市中壢區高鐵南路二段352號4F,18,平鎮,primary,3.207,0,43.0,Good,,9.4,13.0,26.0,33.0,34.0,29.0,0.2,0.43,0.7,14.0
2026-09-15 08:00,2026091507,台北,北二區,1071,南港CITY LINK,臺北市南港區東明里忠孝東路七段369號2F(B棟),29,松山,primary,3.502,0,45.0,Good,,7.8,10.0,27.0,31.0,43.0,35.0,0.1,0.25,1.5,12.0
2026-09-15 08:00,2026091507,台北,北二區,917,微風台北車站店,台北市中正區北平西路3號 微風台北車站1樓(G18),16,古亭,primary,1.634,0,51.0,Moderate,2,11.9,13.0,31.0,32.0,43.0,33.0,0.1,0.29,1.2,9.0
2026-09-15 08:00,2026091507,台北,北二區,921,att4fun店,台北市信義區松壽路12號1F,29,松山,primary,2.265,0,45.0,Good,,7.8,10.0,27.0,31.0,43.0,35.0,0.1,0.25,1.5,12.0
2026-09-15 08:00,2026091507,台北,北二區,923,京站店,台北市大同區承德路一段1號B1 (Q24012),11,中山,primary,1.364,0,47.0,Good,,10.5,7.0,28.0,31.0,40.0,29.0,0.2,0.44,0.4,15.0
2026-09-15 08:00,2026091507,台北,北一區,925,忠孝敦化店,台北市大安區忠孝東路四段205巷20號1樓~3樓,16,古亭,primary,1.558,0,51.0,Moderate,2,11.9,13.0,31.0,32.0,43.0,33.0,0.1,0.29,1.2,9.0
2026-09-15 08:00,2026091507,高雄,南二區,930,漢神巨蛋店,高雄市左營區博愛二路777號4F,17,左營,primary,1.037,0,38.0,Good,,9.2,12.0,23.0,22.0,15.0,11.0,0.1,0.32,1.0,9.0
2026-09-15 08:00,2026091507,台北,北二區,932,微風南京店,台北市松山區南京東路三段337號B1-08(櫃號01070),29,松山,primary,2.391,0,45.0,Good,,7.8,10.0,27.0,31.0,43.0,35.0,0.1,0.25,1.5,12.0
2026-09-15 08:00,2026091507,新北,桃新區,935,MITSUI OUTLET PARK 林口店,新北市林口區文化三路一段356號 1F,31,林口,primary,2.773,0,38.0,Good,,8.9,9.0,22.0,24.0,29.0,19.0,0.1,0.27,0.8,16.0
2026-09-15 08:00,2026091507,台南,南一區,939,新光三越台南小西門,台南市中西區西門路1段658-1號1F,67,臺南,primary,2.822,0,50.0,Good,,9.7,9.0,30.0,31.0,9.0,15.0,0.2,0.34,0.9,11.0
2026-09-15 08:00,2026091507,新竹,新中區,940,新竹巨城店,新竹市東區中央路229號3F,55,新竹,primary,6.242,0,35.0,Good,,7.1,14.0,21.0,29.0,34.0,37.0,0.2,0.26,0.9,9.0
2026-09-15 08:00,2026091507,台北,北一區,941,台北忠孝SOGO店,台北市大安區忠孝東路四段45號B1F,16,古亭,primary,1.558,0,51.0,Moderate,2,11.9,13.0,31.0,32.0,43.0,33.0,0.1,0.29,1.2,9.0
2026-09-15 08:00,2026091507,高雄,南二區,943,高雄三多SOGO店,高雄市前鎮區三多三路217號2F,10,小港,primary,3.812,0,47.0,Good,,11.6,14.0,22.0,31.0,13.0,8.0,0.1,0.39,1.3,13.0
2026-09-15 08:00,2026091507,台南,南一區,944,南紡購物中心店,台南市東區中華東路一段366號2F,67,臺南,primary,1.221,0,50.0,Good,,9.7,9.0,30.0,31.0,9.0,15.0,0.2,0.34,0.9,11.0
2026-09-15 08:00,2026091507,桃園,桃新區,946,台茂購物中心店,桃園市蘆竹區南崁路一段112號B2F,43,桃園,primary,7.665,0,38.0,Good,,9.1,13.0,23.0,28.0,39.0,38.0,0.2,0.4,1.8,9.0
2026-09-15 08:00,2026091507,桃園,桃新區,947,大江購物中心店,桃園市中壢區中園路二段501號B1F,18,平鎮,primary,3.207,0,43.0,Good,,9.4,13.0,26.0,33.0,34.0,29.0,0.2,0.43,0.7,14.0
2026-09-15 08:00,2026091507,台北,北三區,950,南西店,台北市中山區南京西路13號1F,11,中山,primary,1.428,0,47.0,Good,,10.5,7.0,28.0,31.0,40.0,29.0,0.2,0.44,0.4,15.0
2026-09-15 08:00,2026091507,台中,新中區,952,台中大遠百店,台中市西屯區台灣大道三段251號10F,25,西屯,primary,2.539,0,31.0,Good,,7.1,9.0,12.0,21.0,8.0,2.0,0.1,0.36,1.4,13.0
2026-09-15 08:00,2026091507,桃園,桃新區,956,桃園ATT,桃園市桃園區中正路47號1F,43,桃園,primary,0.831,0,38.0,Good,,9.1,13.0,23.0,28.0,39.0,38.0,0.2,0.4,1.8,9.0
2026-09-15 08:00,2026091507,台中,新中區,958,台中新時代,台中市東區復興路四段186號2F,7,大里,primary,4.601,0,32.0,Good,,7.1,10.0,19.0,26.0,4.0,7.0,0.2,0.34,0.9,10.0
2026-09-15 08:00,2026091507,台中,新中區,960,秀泰台中站前店,台中市東區南京路66號1F,7,大里,primary,4.601,0,32.0,Good,,7.1,10.0,19.0,26.0,4.0,7.0,0.2,0.34,0.9,10.0
2026-09-15 08:00,2026091507,台北,北二區,964,新光三越信義A11,台北市信義區松壽路11號B1F,29,松山,primary,2.265,0,45.0,Good,,7.8,10.0,27.0,31.0,43.0,35.0,0.1,0.25,1.5,12.0
2026-09-15 08:00,2026091507,台北,北一區,966,台北天母ＳＯＧＯ,台北市士林區中山北路六段77號2F,5,士林,primary,4.231,0,42.0,Good,,10.3,14.0,20.0,24.0,42.0,38.0,0.1,0.23,0.7,3.0
2026-09-15 08:00,2026091507,高雄,南二區,967,高雄大遠百,高雄市苓雅區三多四路21號3F,35,前金,primary,3.688,0,45.0,Good,,6.9,7.0,27.0,31.0,18.0,16.0,0.1,0.28,1.4,6.0
2026-09-15 08:00,2026091507,基隆,北二區,969,基隆東岸廣場,基隆市仁愛區仁二路236號1F,46,基隆,primary,1.993,0,53.0,Moderate,2,10.4,11.0,33.0,39.0,43.0,40.0,0.1,0.23,1.1,4.0
2026-09-15 08:00,2026091507,新北,北三區,973,環球板橋,新北市板橋區縣民大道二段7號2F,30,板橋,primary,0.142,0,42.0,Good,,9.4,11.0,25.0,28.0,42.0,36.0,0.2,0.36,1.5,11.0
2026-09-15 08:00,2026091507,台北,北二區,975,美麗華店,台北市中山區敬業三路20號B1F,11,中山,primary,1.428,0,47.0,Good,,10.5,7.0,28.0,31.0,40.0,29.0,0.2,0.44,0.4,15.0
2026-09-15 08:00,2026091507,新北,北三區,981,新店家樂福店,新北市新店區中興路三段1號1F,56,新店,primary,5.244,0,38.0,Good,,9.5,9.0,22.0,25.0,38.0,28.0,0.1,0.32,0.2,12.0
2026-09-15 08:00,2026091507,桃園,桃新區,982,內壢家樂福店,桃園市中壢區中華路一段450號1F,18,平鎮,primary,3.207,0,43.0,Good,,9.4,13.0,26.0,33.0,34.0,29.0,0.2,0.43,0.7,14.0
2026-09-15 08:00,2026091507,桃園,桃新區,984,經國家樂福店,桃園市桃園區經國路 369號B1F,43,桃園,primary,0.831,0,38.0,Good,,9.1,13.0,23.0,28.0,39.0,38.0,0.2,0.4,1.8,9.0
2026-09-15 08:00,2026091507,台北,北二區,986,內湖CITYLINK店,台北市內湖區成功路四段188號1F,29,松山,primary,3.996,0,45.0,Good,,7.8,10.0,27.0,31.0,43.0,35.0,0.1,0.25,1.5,12.0
2026-09-15 08:00,2026091507,高雄,南一區,987,新光三越高雄左營店,高雄市左營區高鐵路123號3F,17,左營,primary,1.037,0,38.0,Good,,9.2,12.0,23.0,22.0,15.0,11.0,0.1,0.32,1.0,9.0
2026-09-15 08:00,2026091507,嘉義,南一區,988,秀泰嘉義店,嘉義市西區文化路299號1F,63,嘉義,primary,3.538,0,48.0,Good,,9.9,11.0,29.0,26.0,15.0,16.0,0.2,0.25,1.5,5.0
2026-09-15 08:00,2026091507,高雄,南二區,990,高雄成功家樂福OUTLET店,高雄市前鎮區中華五路1111號1F,10,小港,primary,3.812,0,47.0,Good,,11.6,14.0,22.0,31.0,13.0,8.0,0.1,0.39,1.3,13.0
2026-09-15 08:00,2026091507,台北,北一區,992,西門漢中,台北市萬華區漢中街110號,62,萬華,primary,2.232,0,43.0,Good,,7.6,11.0,26.0,28.0,42.0,34.0,0.2,0.3,0.8,11.0
2026-09-15 08:00,2026091507,新北,北三區,993,秀泰樹林,新北市樹林區樹新路40-6號1F,4,土城,primary,5.133,0,48.0,Good,,8.4,10.0,29.0,38.0,41.0,36.0,0.2,0.36,0.9,9.0
2026-09-15 08:00,2026091507,新北,北三區,995,JCPARK新莊店,新北市新莊區幸福路742號1F,57,新莊,primary,0.49,0,42.0,Good,,8.7,9.0,25.0,31.0,43.0,39.0,0.1,0.29,0.6,7.0
2026-09-15 08:00,2026091507,新北,北三區,996,板橋府中店,新北市板橋區中山路一段19號1F,30,板橋,primary,0.142,0,42.0,Good,,9.4,11.0,25.0,28.0,42.0,36.0,0.2,0.36,1.5,11.0
2026-09-15 08:00,2026091507,新北,北三區,997,京站小碧潭店,新北市新店區中央路157號5F,56,新店,primary,5.244,0,38.0,Good,,9.5,9.0,22.0,25.0,38.0,28.0,0.1,0.32,0.2,12.0
2026-09-15 08:00,2026091507,屏東,南二區,998,屏東車站店,屏東縣屏東市公勇路62號1F,38,屏東,primary,1.241,0,38.0,Good,,9.4,7.0,23.0,21.0,10.0,11.0,0.2,0.25,1.0,6.0
2026-09-21 08:00,2026092107,桃園,桃新區,1001,八德置地生活店,桃園市八德區介壽路一段728號1F,43,桃園,primary,5.193,0,38.0,Good,,9.5,8.0,21.0,26.0,37.0,36.0,0.2,0.36,1.3,10.0
2026-09-21 08:00,2026092107,桃園,桃新區,1002,新光影城桃園高鐵站店,桃園市中壢區春德路107號1F,18,平鎮,primary,3.207,0,41.0,Good,,10.1,13.0,24.0,27.0,41.0,35.0,0.2,0.38,1.2,13.0
2026-09-21 08:00,2026092107,新北,北三區,1003,蘆洲佳瑪店,新北市蘆洲區長榮路2號1F,53,菜寮,primary,2.465,0,40.0,Good,,9.8,9.0,21.0,22.0,29.0,20.0,0.2,0.43,0.5,14.0
2026-09-21 08:00,2026092107,彰化,南一區,1008,員林大潤發店,彰化縣埔心鄉中山路319號1F,139,員林,primary,3.097,0,67.0,Moderate,1,18.5,17.0,32.0,28.0,23.0,26.0,0.2,0.32,2.3,7.0
2026-09-21 08:00,2026092107,花蓮,北一區,1009,花蓮遠百店,花蓮縣花蓮市和平路581號1F,33,花蓮,primary,2.954,0,32.0,Good,,7.2,6.0,19.0,16.0,29.0,33.0,0.1,0.2,1.7,1.0
2026-09-21 08:00,2026092107,高雄,南二區,1010,高雄夢時代,高雄市前鎮區中華五路789號7F,10,小港,primary,3.812,0,49.0,Good,,12.1,10.0,25.0,35.0,35.0,30.0,0.1,0.24,1.6,14.0
2026-09-21 08:00,2026092107,新竹,新中區,1012,遠百竹北店,新竹縣竹北市莊敬北路18號6F,55,新竹,primary,4.271,0,36.0,Good,,8.5,10.0,17.0,23.0,36.0,33.0,0.2,0.3,1.1,15.0
2026-09-21 08:00,2026092107,台東,南二區,1013,秀泰台東,台東縣台東市新生路93號2F,66,臺東,primary,4.131,0,35.0,Good,,8.6,8.0,15.0,14.0,34.0,30.0,0.1,0.22,0.0,3.0
2026-09-21 08:00,2026092107,台南,南一區,1015,MITSUI OUTLET PARK 台南店,台南市歸仁區歸仁大道101號3F,67,臺南,primary,8.892,0,57.0,Moderate,1,14.6,14.0,33.0,39.0,35.0,23.0,0.2,0.34,0.8,11.0
2026-09-21 08:00,2026092107,新北,北三區,1017,三重佳瑪,新北市三重區自強路一段73號1F,53,菜寮,primary,0.916,0,40.0,Good,,9.8,9.0,21.0,22.0,29.0,20.0,0.2,0.43,0.5,14.0
2026-09-21 08:00,2026092107,新竹,新中區,1018,新竹大魯閣店（遠雄廣場）,新竹市北區大雅路88號1F,55,新竹,primary,6.242,0,36.0,Good,,8.5,10.0,17.0,23.0,36.0,33.0,0.2,0.3,1.1,15.0
2026-09-21 08:00,2026092107,台中,新中區,1021,台中中友店,台中市北區三民路三段161號A棟3F,28,忠明,primary,4.112,0,53.0,Moderate,1,13.4,11.0,23.0,24.0,21.0,18.0,0.3,0.35,1.2,13.0
2026-09-21 08:00,2026092107,台北,北二區,1022,內湖大全聯,台北市內湖區舊宗路一段188號1F,29,松山,primary,3.996,0,35.0,Good,,7.1,9.0,21.0,27.0,26.0,29.0,0.1,0.22,1.6,12.0
2026-09-21 08:00,2026092107,新北,北三區,1024,板橋愛買店,新北市板橋區貴興路101號1F,30,板橋,primary,0.142,0,45.0,Good,,7.4,6.0,17.0,20.0,25.0,22.0,0.2,0.44,1.3,19.0
2026-09-21 08:00,2026092107,新北,北三區,1025,新莊宏匯店,新北市新莊區新北大道4段3號2F,57,新莊,primary,0.49,0,38.0,Good,,8.0,8.0,23.0,26.0,32.0,29.0,0.2,0.32,0.9,12.0
2026-09-21 08:00,2026092107,台中,新中區,1029,Mitsui Shopping Park LaLaport台中店,台中市東區進德路600號3F(櫃號C30270),7,大里,primary,4.601,0,67.0,Moderate,1,18.4,18.0,39.0,40.0,19.0,10.0,0.3,0.49,1.9,16.0
2026-09-21 08:00,2026092107,新北,北三區,1031,三峽店,新北市三峽區民生街106之3號1F,4,土城,primary,11.729,0,33.0,Good,,8.2,9.0,14.0,21.0,26.0,24.0,0.2,0.41,0.7,13.0
2026-09-21 08:00,2026092107,台中,新中區,1032,新光三越台中中港,台中市西屯區台灣大道三段301號6F,25,西屯,primary,2.539,0,56.0,Moderate,1,14.2,15.0,19.0,19.0,14.0,13.0,0.2,0.41,1.5,16.0
2026-09-21 08:00,2026092107,高雄,南二區,1033,高雄SKM Park,高雄市前鎮區中安路1-1號1F,10,小港,primary,3.812,0,49.0,Good,,12.1,10.0,25.0,35.0,35.0,30.0,0.1,0.24,1.6,14.0
2026-09-21 08:00,2026092107,高雄,南一區,1034,高雄漢神百貨,高雄市前金區成功一路266-1號7F,35,前金,primary,1.1,0,50.0,Good,,12.4,12.0,27.0,30.0,42.0,46.0,0.1,0.21,0.6,5.0
2026-09-21 08:00,2026092107,台北,北二區,1036,台北永康,台北市大安區永康街10-3號1F,16,古亭,primary,1.558,0,37.0,Good,,,,22.0,23.0,26.0,24.0,0.1,0.27,1.1,10.0
2026-09-21 08:00,2026092107,新北,北一區,1037,竹圍店,新北市淡水區民權路42號1~2F,48,淡水,primary,3.106,0,39.0,Good,,9.7,8.0,20.0,29.0,28.0,30.0,0.1,0.28,1.3,8.0
2026-09-21 08:00,2026092107,台北,北一區,1038,石牌,台北市北投區石牌路二段66號,5,士林,primary,4.975,0,42.0,Good,,10.3,10.0,19.0,22.0,34.0,35.0,0.1,0.22,0.9,
2026-09-21 08:00,2026092107,苗栗,新中區,1040,頭份大潤發,苗栗縣頭份市自強路230號1F,55,新竹,primary,15.362,0,36.0,Good,,8.5,10.0,17.0,23.0,36.0,33.0,0.2,0.3,1.1,15.0
2026-09-21 08:00,2026092107,桃園,桃新區,1041,中原家樂福,桃園市中壢區中華路二段 501號1F,18,平鎮,primary,3.207,0,41.0,Good,,10.1,13.0,24.0,27.0,41.0,35.0,0.2,0.38,1.2,13.0
2026-09-21 08:00,2026092107,高雄,南二區,1044,高雄義享,高雄市鼓山區大順一路115號3F,35,前金,primary,2.226,0,50.0,Good,,12.4,12.0,27.0,30.0,42.0,46.0,0.1,0.21,0.6,5.0
2026-09-21 08:00,2026092107,新北,北一區,1045,江子翠,新北市板橋區雙十路二段176號1F,30,板橋,primary,0.142,0,45.0,Good,,7.4,6.0,17.0,20.0,25.0,22.0,0.2,0.44,1.3,19.0
2026-09-21 08:00,2026092107,澎湖,南一區,1046,澎湖三號港,澎湖縣馬公市同和路158號3F,44,馬公,primary,3.072,0,44.0,Good,,9.5,18.0,24.0,21.0,48.0,41.0,0.1,0.2,0.5,7.0
2026-09-21 08:00,2026092107,桃園,桃新區,1047,環球桃園A8,桃園市龜山區復興一路8號B1F,31,林口,primary,6.046,0,44.0,Good,,11.0,9.0,25.0,36.0,36.0,28.0,0.2,0.3,1.0,16.0
2026-09-21 08:00,2026092107,台北,北一區,1049,公館,台北市中正區羅斯福路四段88之1號,16,古亭,primary,1.634,0,37.0,Good,,,,22.0,23.0,26.0,24.0,0.1,0.27,1.1,10.0
2026-09-21 08:00,2026092107,新北,北三區,1050,新店佳瑪,新北市新店區民權路78號1F,56,新店,primary,5.244,0,29.0,Good,,7.3,6.0,13.0,16.0,23.0,18.0,0.1,0.34,0.8,11.0
2026-09-21 08:00,2026092107,台北,北一區,1051,LaLaport南港,台北市南港區經貿二路131號3F,29,松山,primary,3.502,0,35.0,Good,,7.1,9.0,21.0,27.0,26.0,29.0,0.1,0.22,1.6,12.0
2026-09-21 08:00,2026092107,台北,北二區,1054,大巨蛋sogo,台北市信義區忠孝東路4段505號4F,29,松山,primary,2.265,0,35.0,Good,,7.1,9.0,21.0,27.0,26.0,29.0,0.1,0.22,1.6,12.0
2026-09-21 08:00,2026092107,宜蘭,北二區,1055,新月廣場,宜蘭縣宜蘭市民權路二段38巷6號3F,27,宜蘭,primary,1.095,0,29.0,Good,,5.8,4.0,11.0,13.0,31.0,30.0,0.1,0.24,0.8,4.0
2026-09-21 08:00,2026092107,台北,北二區,1056,統一夢廣場,台北市信義區松高路11號B1F,29,松山,primary,2.265,0,35.0,Good,,7.1,9.0,21.0,27.0,26.0,29.0,0.1,0.22,1.6,12.0
2026-09-21 08:00,2026092107,新北,北三區,1057,新莊民安,新北市新莊區民安路224號1樓,57,新莊,primary,0.49,0,38.0,Good,,8.0,8.0,23.0,26.0,32.0,29.0,0.2,0.32,0.9,12.0
2026-09-21 08:00,2026092107,新北,北一區,1059,淡水,新北市淡水區中山路1之1號1F,48,淡水,primary,3.106,0,39.0,Good,,9.7,8.0,20.0,29.0,28.0,30.0,0.1,0.28,1.3,8.0
2026-09-21 08:00,2026092107,嘉義,南一區,1060,嘉義新光,嘉義市西區垂楊路726號4樓,63,嘉義,primary,3.538,0,63.0,Moderate,1,16.9,19.0,37.0,40.0,22.0,22.0,0.2,0.37,2.1,6.0
2026-09-21 08:00,2026092107,新竹,新中區,1062,竹馬,新竹市東區光復路二段690號2F。 平安樓-眼科眼鏡配整中心,55,新竹,primary,6.242,0,36.0,Good,,8.5,10.0,17.0,23.0,36.0,33.0,0.2,0.3,1.1,15.0
2026-09-21 08:00,2026092107,台中,新中區,1063,漢神洲際,台中市北屯區崇德路三段865號3F,74,豐原,primary,8.142,0,62.0,Moderate,1,16.7,19.0,33.0,46.0,20.0,26.0,0.2,0.29,0.6,7.0
2026-09-21 08:00,2026092107,台北,北一區,1065,台北微風廣場,臺北市松山區復興南路一段39號3F,29,松山,primary,2.391,0,35.0,Good,,7.1,9.0,21.0,27.0,26.0,29.0,0.1,0.22,1.6,12.0
2026-09-21 08:00,2026092107,屏東,南二區,1066,潮州驛站,屏東縣潮州鎮信義路111號1F,69,潮州,primary,1.548,0,38.0,Good,,9.3,6.0,18.0,12.0,22.0,29.0,0.1,0.16,0.6,1.0
2026-09-21 08:00,2026092107,台北,北一區,1067,大葉高島屋,臺北市士林區忠誠路2段55號4F,5,士林,primary,4.231,0,42.0,Good,,10.3,10.0,19.0,22.0,34.0,35.0,0.1,0.22,0.9,
2026-09-21 08:00,2026092107,新北,北三區,1068,環球中和,新北市中和區中山路3段122號2F,30,板橋,primary,4.299,0,45.0,Good,,7.4,6.0,17.0,20.0,25.0,22.0,0.2,0.44,1.3,19.0
2026-09-21 08:00,2026092107,台中,新中區,1069,誠品台中三井,台中市梧棲區臺灣大道10段168號1F(櫃號19800),26,沙鹿,primary,4.502,0,40.0,Good,,9.8,7.0,18.0,19.0,23.0,23.0,0.2,0.32,0.7,11.0
2026-09-21 08:00,2026092107,桃園,桃新區,1070,環球青埔A19,桃園市中壢區高鐵南路二段352號4F,18,平鎮,primary,3.207,0,41.0,Good,,10.1,13.0,24.0,27.0,41.0,35.0,0.2,0.38,1.2,13.0
2026-09-21 08:00,2026092107,台北,北二區,1071,南港CITY LINK,臺北市南港區東明里忠孝東路七段369號2F(B棟),29,松山,primary,3.502,0,35.0,Good,,7.1,9.0,21.0,27.0,26.0,29.0,0.1,0.22,1.6,12.0
2026-09-21 08:00,2026092107,台北,北二區,917,微風台北車站店,台北市中正區北平西路3號 微風台北車站1樓(G18),16,古亭,primary,1.634,0,37.0,Good,,,,22.0,23.0,26.0,24.0,0.1,0.27,1.1,10.0
2026-09-21 08:00,2026092107,台北,北二區,921,att4fun店,台北市信義區松壽路12號1F,29,松山,primary,2.265,0,35.0,Good,,7.1,9.0,21.0,27.0,26.0,29.0,0.1,0.22,1.6,12.0
2026-09-21 08:00,2026092107,台北,北二區,923,京站店,台北市大同區承德路一段1號B1 (Q24012),11,中山,primary,1.364,0,47.0,Good,,11.7,13.0,25.0,29.0,24.0,25.0,0.2,0.42,0.4,15.0
2026-09-21 08:00,2026092107,台北,北一區,925,忠孝敦化店,台北市大安區忠孝東路四段205巷20號1樓~3樓,16,古亭,primary,1.558,0,37.0,Good,,,,22.0,23.0,26.0,24.0,0.1,0.27,1.1,10.0
2026-09-21 08:00,2026092107,高雄,南二區,930,漢神巨蛋店,高雄市左營區博愛二路777號4F,17,左營,primary,1.037,0,45.0,Good,,10.7,11.0,27.0,25.0,41.0,46.0,0.1,0.25,0.7,5.0
2026-09-21 08:00,2026092107,台北,北二區,932,微風南京店,台北市松山區南京東路三段337號B1-08(櫃號01070),29,松山,primary,2.391,0,35.0,Good,,7.1,9.0,21.0,27.0,26.0,29.0,0.1,0.22,1.6,12.0
2026-09-21 08:00,2026092107,新北,桃新區,935,MITSUI OUTLET PARK 林口店,新北市林口區文化三路一段356號 1F,31,林口,primary,2.773,0,44.0,Good,,11.0,9.0,25.0,36.0,36.0,28.0,0.2,0.3,1.0,16.0
2026-09-21 08:00,2026092107,台南,南一區,939,新光三越台南小西門,台南市中西區西門路1段658-1號1F,67,臺南,primary,2.822,0,57.0,Moderate,1,14.6,14.0,33.0,39.0,35.0,23.0,0.2,0.34,0.8,11.0
2026-09-21 08:00,2026092107,新竹,新中區,940,新竹巨城店,新竹市東區中央路229號3F,55,新竹,primary,6.242,0,36.0,Good,,8.5,10.0,17.0,23.0,36.0,33.0,0.2,0.3,1.1,15.0
2026-09-21 08:00,2026092107,台北,北一區,941,台北忠孝SOGO店,台北市大安區忠孝東路四段45號B1F,16,古亭,primary,1.558,0,37.0,Good,,,,22.0,23.0,26.0,24.0,0.1,0.27,1.1,10.0
2026-09-21 08:00,2026092107,高雄,南二區,943,高雄三多SOGO店,高雄市前鎮區三多三路217號2F,10,小港,primary,3.812,0,49.0,Good,,12.1,10.0,25.0,35.0,35.0,30.0,0.1,0.24,1.6,14.0
2026-09-21 08:00,2026092107,台南,南一區,944,南紡購物中心店,台南市東區中華東路一段366號2F,67,臺南,primary,1.221,0,57.0,Moderate,1,14.6,14.0,33.0,39.0,35.0,23.0,0.2,0.34,0.8,11.0
2026-09-21 08:00,2026092107,桃園,桃新區,946,台茂購物中心店,桃園市蘆竹區南崁路一段112號B2F,43,桃園,primary,7.665,0,38.0,Good,,9.5,8.0,21.0,26.0,37.0,36.0,0.2,0.36,1.3,10.0
2026-09-21 08:00,2026092107,桃園,桃新區,947,大江購物中心店,桃園市中壢區中園路二段501號B1F,18,平鎮,primary,3.207,0,41.0,Good,,10.1,13.0,24.0,27.0,41.0,35.0,0.2,0.38,1.2,13.0
2026-09-21 08:00,2026092107,台北,北三區,950,南西店,台北市中山區南京西路13號1F,11,中山,primary,1.428,0,47.0,Good,,11.7,13.0,25.0,29.0,24.0,25.0,0.2,0.42,0.4,15.0
2026-09-21 08:00,2026092107,台中,新中區,952,台中大遠百店,台中市西屯區台灣大道三段251號10F,25,西屯,primary,2.539,0,56.0,Moderate,1,14.2,15.0,19.0,19.0,14.0,13.0,0.2,0.41,1.5,16.0
2026-09-21 08:00,2026092107,桃園,桃新區,956,桃園ATT,桃園市桃園區中正路47號1F,43,桃園,primary,0.831,0,38.0,Good,,9.5,8.0,21.0,26.0,37.0,36.0,0.2,0.36,1.3,10.0
2026-09-21 08:00,2026092107,台中,新中區,958,台中新時代,台中市東區復興路四段186號2F,7,大里,primary,4.601,0,67.0,Moderate,1,18.4,18.0,39.0,40.0,19.0,10.0,0.3,0.49,1.9,16.0
2026-09-21 08:00,2026092107,台中,新中區,960,秀泰台中站前店,台中市東區南京路66號1F,7,大里,primary,4.601,0,67.0,Moderate,1,18.4,18.0,39.0,40.0,19.0,10.0,0.3,0.49,1.9,16.0
2026-09-21 08:00,2026092107,台北,北二區,964,新光三越信義A11,台北市信義區松壽路11號B1F,29,松山,primary,2.265,0,35.0,Good,,7.1,9.0,21.0,27.0,26.0,29.0,0.1,0.22,1.6,12.0
2026-09-21 08:00,2026092107,台北,北一區,966,台北天母ＳＯＧＯ,台北市士林區中山北路六段77號2F,5,士林,primary,4.231,0,42.0,Good,,10.3,10.0,19.0,22.0,34.0,35.0,0.1,0.22,0.9,
2026-09-21 08:00,2026092107,高雄,南二區,967,高雄大遠百,高雄市苓雅區三多四路21號3F,35,前金,primary,3.688,0,50.0,Good,,12.4,12.0,27.0,30.0,42.0,46.0,0.1,0.21,0.6,5.0
2026-09-21 08:00,2026092107,基隆,北二區,969,基隆東岸廣場,基隆市仁愛區仁二路236號1F,46,基隆,primary,1.993,0,38.0,Good,,7.8,7.0,23.0,21.0,12.0,27.0,0.2,0.27,1.0,9.0
2026-09-21 08:00,2026092107,新北,北三區,973,環球板橋,新北市板橋區縣民大道二段7號2F,30,板橋,primary,0.142,0,45.0,Good,,7.4,6.0,17.0,20.0,25.0,22.0,0.2,0.44,1.3,19.0
2026-09-21 08:00,2026092107,台北,北二區,975,美麗華店,台北市中山區敬業三路20號B1F,11,中山,primary,1.428,0,47.0,Good,,11.7,13.0,25.0,29.0,24.0,25.0,0.2,0.42,0.4,15.0
2026-09-21 08:00,2026092107,新北,北三區,981,新店家樂福店,新北市新店區中興路三段1號1F,56,新店,primary,5.244,0,29.0,Good,,7.3,6.0,13.0,16.0,23.0,18.0,0.1,0.34,0.8,11.0
2026-09-21 08:00,2026092107,桃園,桃新區,982,內壢家樂福店,桃園市中壢區中華路一段450號1F,18,平鎮,primary,3.207,0,41.0,Good,,10.1,13.0,24.0,27.0,41.0,35.0,0.2,0.38,1.2,13.0
2026-09-21 08:00,2026092107,桃園,桃新區,984,經國家樂福店,桃園市桃園區經國路 369號B1F,43,桃園,primary,0.831,0,38.0,Good,,9.5,8.0,21.0,26.0,37.0,36.0,0.2,0.36,1.3,10.0
2026-09-21 08:00,2026092107,台北,北二區,986,內湖CITYLINK店,台北市內湖區成功路四段188號1F,29,松山,primary,3.996,0,35.0,Good,,7.1,9.0,21.0,27.0,26.0,29.0,0.1,0.22,1.6,12.0
2026-09-21 08:00,2026092107,高雄,南一區,987,新光三越高雄左營店,高雄市左營區高鐵路123號3F,17,左營,primary,1.037,0,45.0,Good,,10.7,11.0,27.0,25.0,41.0,46.0,0.1,0.25,0.7,5.0
2026-09-21 08:00,2026092107,嘉義,南一區,988,秀泰嘉義店,嘉義市西區文化路299號1F,63,嘉義,primary,3.538,0,63.0,Moderate,1,16.9,19.0,37.0,40.0,22.0,22.0,0.2,0.37,2.1,6.0
2026-09-21 08:00,2026092107,高雄,南二區,990,高雄成功家樂福OUTLET店,高雄市前鎮區中華五路1111號1F,10,小港,primary,3.812,0,49.0,Good,,12.1,10.0,25.0,35.0,35.0,30.0,0.1,0.24,1.6,14.0
2026-09-21 08:00,2026092107,台北,北一區,992,西門漢中,台北市萬華區漢中街110號,62,萬華,primary,2.232,0,32.0,Good,,7.0,10.0,19.0,19.0,28.0,24.0,0.2,0.29,0.8,11.0
2026-09-21 08:00,2026092107,新北,北三區,993,秀泰樹林,新北市樹林區樹新路40-6號1F,4,土城,primary,5.133,0,33.0,Good,,8.2,9.0,14.0,21.0,26.0,24.0,0.2,0.41,0.7,13.0
2026-09-21 08:00,2026092107,新北,北三區,995,JCPARK新莊店,新北市新莊區幸福路742號1F,57,新莊,primary,0.49,0,38.0,Good,,8.0,8.0,23.0,26.0,32.0,29.0,0.2,0.32,0.9,12.0
2026-09-21 08:00,2026092107,新北,北三區,996,板橋府中店,新北市板橋區中山路一段19號1F,30,板橋,primary,0.142,0,45.0,Good,,7.4,6.0,17.0,20.0,25.0,22.0,0.2,0.44,1.3,19.0
2026-09-21 08:00,2026092107,新北,北三區,997,京站小碧潭店,新北市新店區中央路157號5F,56,新店,primary,5.244,0,29.0,Good,,7.3,6.0,13.0,16.0,23.0,18.0,0.1,0.34,0.8,11.0
2026-09-21 08:00,2026092107,屏東,南二區,998,屏東車站店,屏東縣屏東市公勇路62號1F,38,屏東,primary,1.241,0,38.0,Good,,9.5,6.0,15.0,8.0,29.0,32.0,0.2,0.36,0.6,8.0
2026-09-22 12:00,2026092211,桃園,桃新區,1001,八德置地生活店,桃園市八德區介壽路一段728號1F,43,桃園,primary,5.193,0,52.0,Moderate,1,12.7,13.0,26.0,31.0,44.0,67.0,0.3,0.27,1.3,8.0
2026-09-22 12:00,2026092211,桃園,桃新區,1002,新光影城桃園高鐵站店,桃園市中壢區春德路107號1F,18,平鎮,primary,3.207,0,52.0,Moderate,1,13.0,14.0,29.0,31.0,44.0,68.0,0.2,0.29,1.0,9.0
2026-09-22 12:00,2026092211,新北,北三區,1003,蘆洲佳瑪店,新北市蘆洲區長榮路2號1F,53,菜寮,primary,2.465,0,45.0,Good,,10.2,13.0,27.0,40.0,39.0,59.0,0.3,0.3,0.2,7.0
2026-09-22 12:00,2026092211,彰化,南一區,1008,員林大潤發店,彰化縣埔心鄉中山路319號1F,139,員林,primary,3.097,0,63.0,Moderate,1,16.8,17.0,33.0,35.0,34.0,73.0,0.2,0.25,1.0,3.0
2026-09-22 12:00,2026092211,花蓮,北一區,1009,花蓮遠百店,花蓮縣花蓮市和平路581號1F,33,花蓮,primary,2.954,0,42.0,Good,,8.6,7.0,25.0,27.0,39.0,53.0,0.1,0.16,0.1,2.0
2026-09-22 12:00,2026092211,高雄,南二區,1010,高雄夢時代,高雄市前鎮區中華五路789號7F,10,小港,primary,3.812,0,53.0,Moderate,1,13.1,18.0,28.0,36.0,37.0,55.0,0.2,0.18,1.6,10.0
2026-09-22 12:00,2026092211,新竹,新中區,1012,遠百竹北店,新竹縣竹北市莊敬北路18號6F,55,新竹,primary,4.271,0,50.0,Good,,12.3,9.0,28.0,32.0,46.0,74.0,0.2,0.3,1.2,9.0
2026-09-22 12:00,2026092211,台東,南二區,1013,秀泰台東,台東縣台東市新生路93號2F,66,臺東,primary,4.131,0,40.0,Good,,9.6,9.0,24.0,29.0,43.0,47.0,0.1,0.16,0.7,4.0
2026-09-22 12:00,2026092211,台南,南一區,1015,MITSUI OUTLET PARK 台南店,台南市歸仁區歸仁大道101號3F,67,臺南,primary,8.892,0,46.0,Good,,11.5,11.0,26.0,24.0,40.0,60.0,0.2,0.19,1.2,4.0
2026-09-22 12:00,2026092211,新北,北三區,1017,三重佳瑪,新北市三重區自強路一段73號1F,53,菜寮,primary,0.916,0,45.0,Good,,10.2,13.0,27.0,40.0,39.0,59.0,0.3,0.3,0.2,7.0
2026-09-22 12:00,2026092211,新竹,新中區,1018,新竹大魯閣店（遠雄廣場）,新竹市北區大雅路88號1F,55,新竹,primary,6.242,0,50.0,Good,,12.3,9.0,28.0,32.0,46.0,74.0,0.2,0.3,1.2,9.0
2026-09-22 12:00,2026092211,台中,新中區,1021,台中中友店,台中市北區三民路三段161號A棟3F,28,忠明,primary,4.112,0,58.0,Moderate,1,15.0,10.0,27.0,27.0,39.0,68.0,0.2,0.25,1.3,6.0
2026-09-22 12:00,2026092211,台北,北二區,1022,內湖大全聯,台北市內湖區舊宗路一段188號1F,29,松山,primary,3.996,0,48.0,Good,,10.7,14.0,29.0,34.0,35.0,63.0,0.2,0.21,1.5,6.0
2026-09-22 12:00,2026092211,新北,北三區,1024,板橋愛買店,新北市板橋區貴興路101號1F,30,板橋,primary,0.142,0,47.0,Good,,11.7,12.0,22.0,27.0,38.0,61.0,0.3,0.27,0.7,8.0
2026-09-22 12:00,2026092211,新北,北三區,1025,新莊宏匯店,新北市新莊區新北大道4段3號2F,57,新莊,primary,0.49,0,53.0,Moderate,2,12.3,13.0,33.0,38.0,39.0,64.0,0.2,0.21,0.6,4.0
2026-09-22 12:00,2026092211,台中,新中區,1029,Mitsui Shopping Park LaLaport台中店,台中市東區進德路600號3F(櫃號C30270),7,大里,primary,4.601,0,57.0,Moderate,1,14.8,18.0,35.0,40.0,37.0,76.0,0.3,0.29,1.6,11.0
2026-09-22 12:00,2026092211,新北,北三區,1031,三峽店,新北市三峽區民生街106之3號1F,4,土城,primary,11.729,0,45.0,Good,,11.1,10.0,25.0,31.0,43.0,67.0,0.2,0.25,1.8,6.0
2026-09-22 12:00,2026092211,台中,新中區,1032,新光三越台中中港,台中市西屯區台灣大道三段301號6F,25,西屯,primary,2.539,0,59.0,Moderate,1,15.3,,32.0,32.0,30.0,,0.2,0.21,0.9,7.0
2026-09-22 12:00,2026092211,高雄,南二區,1033,高雄SKM Park,高雄市前鎮區中安路1-1號1F,10,小港,primary,3.812,0,53.0,Moderate,1,13.1,18.0,28.0,36.0,37.0,55.0,0.2,0.18,1.6,10.0
2026-09-22 12:00,2026092211,高雄,南一區,1034,高雄漢神百貨,高雄市前金區成功一路266-1號7F,35,前金,primary,1.1,0,47.0,Good,,10.2,12.0,28.0,44.0,43.0,58.0,0.2,0.19,0.8,3.0
2026-09-22 12:00,2026092211,台北,北二區,1036,台北永康,台北市大安區永康街10-3號1F,16,古亭,primary,1.558,0,52.0,Moderate,2,7.6,7.0,32.0,43.0,37.0,63.0,0.2,0.22,1.5,6.0
2026-09-22 12:00,2026092211,新北,北一區,1037,竹圍店,新北市淡水區民權路42號1~2F,48,淡水,primary,3.106,0,41.0,Good,,10.1,12.0,22.0,,43.0,54.0,0.2,,,
2026-09-22 12:00,2026092211,台北,北一區,1038,石牌,台北市北投區石牌路二段66號,5,士林,primary,4.975,0,52.0,Moderate,1,13.0,16.0,27.0,36.0,49.0,59.0,0.1,0.23,0.8,6.0
2026-09-22 12:00,2026092211,苗栗,新中區,1040,頭份大潤發,苗栗縣頭份市自強路230號1F,55,新竹,primary,15.362,0,50.0,Good,,12.3,9.0,28.0,32.0,46.0,74.0,0.2,0.3,1.2,9.0
2026-09-22 12:00,2026092211,桃園,桃新區,1041,中原家樂福,桃園市中壢區中華路二段 501號1F,18,平鎮,primary,3.207,0,52.0,Moderate,1,13.0,14.0,29.0,31.0,44.0,68.0,0.2,0.29,1.0,9.0
2026-09-22 12:00,2026092211,高雄,南二區,1044,高雄義享,高雄市鼓山區大順一路115號3F,35,前金,primary,2.226,0,47.0,Good,,10.2,12.0,28.0,44.0,43.0,58.0,0.2,0.19,0.8,3.0
2026-09-22 12:00,2026092211,新北,北一區,1045,江子翠,新北市板橋區雙十路二段176號1F,30,板橋,primary,0.142,0,47.0,Good,,11.7,12.0,22.0,27.0,38.0,61.0,0.3,0.27,0.7,8.0
2026-09-22 12:00,2026092211,澎湖,南一區,1046,澎湖三號港,澎湖縣馬公市同和路158號3F,44,馬公,primary,3.072,0,54.0,Moderate,3,11.6,9.0,27.0,25.0,56.0,60.0,0.1,0.18,0.4,2.0
2026-09-22 12:00,2026092211,桃園,桃新區,1047,環球桃園A8,桃園市龜山區復興一路8號B1F,31,林口,primary,6.046,0,56.0,Moderate,1,14.3,19.0,25.0,29.0,40.0,,0.1,,,
2026-09-22 12:00,2026092211,台北,北一區,1049,公館,台北市中正區羅斯福路四段88之1號,16,古亭,primary,1.634,0,52.0,Moderate,2,7.6,7.0,32.0,43.0,37.0,63.0,0.2,0.22,1.5,6.0
2026-09-22 12:00,2026092211,新北,北三區,1050,新店佳瑪,新北市新店區民權路78號1F,56,新店,primary,5.244,0,46.0,Good,,11.5,19.0,19.0,27.0,38.0,62.0,0.2,0.23,1.4,7.0
2026-09-22 12:00,2026092211,台北,北一區,1051,LaLaport南港,台北市南港區經貿二路131號3F,29,松山,primary,3.502,0,48.0,Good,,10.7,14.0,29.0,34.0,35.0,63.0,0.2,0.21,1.5,6.0
2026-09-22 12:00,2026092211,台北,北二區,1054,大巨蛋sogo,台北市信義區忠孝東路4段505號4F,29,松山,primary,2.265,0,48.0,Good,,10.7,14.0,29.0,34.0,35.0,63.0,0.2,0.21,1.5,6.0
2026-09-22 12:00,2026092211,宜蘭,北二區,1055,新月廣場,宜蘭縣宜蘭市民權路二段38巷6號3F,27,宜蘭,primary,1.095,0,47.0,Good,,11.7,,21.0,,42.0,,0.1,0.19,1.4,2.0
2026-09-22 12:00,2026092211,台北,北二區,1056,統一夢廣場,台北市信義區松高路11號B1F,29,松山,primary,2.265,0,48.0,Good,,10.7,14.0,29.0,34.0,35.0,63.0,0.2,0.21,1.5,6.0
2026-09-22 12:00,2026092211,新北,北三區,1057,新莊民安,新北市新莊區民安路224號1樓,57,新莊,primary,0.49,0,53.0,Moderate,2,12.3,13.0,33.0,38.0,39.0,64.0,0.2,0.21,0.6,4.0
2026-09-22 12:00,2026092211,新北,北一區,1059,淡水,新北市淡水區中山路1之1號1F,48,淡水,primary,3.106,0,41.0,Good,,10.1,12.0,22.0,,43.0,54.0,0.2,,,
2026-09-22 12:00,2026092211,嘉義,南一區,1060,嘉義新光,嘉義市西區垂楊路726號4樓,63,嘉義,primary,3.538,0,50.0,Good,,12.3,19.0,26.0,,25.0,,0.2,0.26,2.1,10.0
2026-09-22 12:00,2026092211,新竹,新中區,1062,竹馬,新竹市東區光復路二段690號2F。 平安樓-眼科眼鏡配整中心,55,新竹,primary,6.242,0,50.0,Good,,12.3,9.0,28.0,32.0,46.0,74.0,0.2,0.3,1.2,9.0
2026-09-22 12:00,2026092211,台中,新中區,1063,漢神洲際,台中市北屯區崇德路三段865號3F,74,豐原,primary,8.142,0,58.0,Moderate,1,15.1,11.0,33.0,31.0,43.0,69.0,0.2,0.24,1.5,6.0
2026-09-22 12:00,2026092211,台北,北一區,1065,台北微風廣場,臺北市松山區復興南路一段39號3F,29,松山,primary,2.391,0,48.0,Good,,10.7,14.0,29.0,34.0,35.0,63.0,0.2,0.21,1.5,6.0
2026-09-22 12:00,2026092211,屏東,南二區,1066,潮州驛站,屏東縣潮州鎮信義路111號1F,69,潮州,primary,1.548,0,43.0,Good,,10.6,19.0,23.0,35.0,40.0,69.0,0.2,0.23,1.8,5.0
2026-09-22 12:00,2026092211,台北,北一區,1067,大葉高島屋,臺北市士林區忠誠路2段55號4F,5,士林,primary,4.231,0,52.0,Moderate,1,13.0,16.0,27.0,36.0,49.0,59.0,0.1,0.23,0.8,6.0
2026-09-22 12:00,2026092211,新北,北三區,1068,環球中和,新北市中和區中山路3段122號2F,30,板橋,primary,4.299,0,47.0,Good,,11.7,12.0,22.0,27.0,38.0,61.0,0.3,0.27,0.7,8.0
2026-09-22 12:00,2026092211,台中,新中區,1069,誠品台中三井,台中市梧棲區臺灣大道10段168號1F(櫃號19800),26,沙鹿,primary,4.502,0,53.0,Moderate,1,13.2,17.0,28.0,32.0,37.0,74.0,0.2,0.21,0.7,4.0
2026-09-22 12:00,2026092211,桃園,桃新區,1070,環球青埔A19,桃園市中壢區高鐵南路二段352號4F,18,平鎮,primary,3.207,0,52.0,Moderate,1,13.0,14.0,29.0,31.0,44.0,68.0,0.2,0.29,1.0,9.0
2026-09-22 12:00,2026092211,台北,北二區,1071,南港CITY LINK,臺北市南港區東明里忠孝東路七段369號2F(B棟),29,松山,primary,3.502,0,48.0,Good,,10.7,14.0,29.0,34.0,35.0,63.0,0.2,0.21,1.5,6.0
2026-09-22 12:00,2026092211,台北,北二區,917,微風台北車站店,台北市中正區北平西路3號 微風台北車站1樓(G18),16,古亭,primary,1.634,0,52.0,Moderate,2,7.6,7.0,32.0,43.0,37.0,63.0,0.2,0.22,1.5,6.0
2026-09-22 12:00,2026092211,台北,北二區,921,att4fun店,台北市信義區松壽路12號1F,29,松山,primary,2.265,0,48.0,Good,,10.7,14.0,29.0,34.0,35.0,63.0,0.2,0.21,1.5,6.0
2026-09-22 12:00,2026092211,台北,北二區,923,京站店,台北市大同區承德路一段1號B1 (Q24012),11,中山,primary,1.364,0,47.0,Good,,11.7,,25.0,21.0,37.0,,0.2,0.3,0.5,10.0
2026-09-22 12:00,2026092211,台北,北一區,925,忠孝敦化店,台北市大安區忠孝東路四段205巷20號1樓~3樓,16,古亭,primary,1.558,0,52.0,Moderate,2,7.6,7.0,32.0,43.0,37.0,63.0,0.2,0.22,1.5,6.0
2026-09-22 12:00,2026092211,高雄,南二區,930,漢神巨蛋店,高雄市左營區博愛二路777號4F,17,左營,primary,1.037,0,47.0,Good,,11.6,12.0,24.0,33.0,40.0,54.0,0.2,0.22,1.9,3.0
2026-09-22 12:00,2026092211,台北,北二區,932,微風南京店,台北市松山區南京東路三段337號B1-08(櫃號01070),29,松山,primary,2.391,0,48.0,Good,,10.7,14.0,29.0,34.0,35.0,63.0,0.2,0.21,1.5,6.0
2026-09-22 12:00,2026092211,新北,桃新區,935,MITSUI OUTLET PARK 林口店,新北市林口區文化三路一段356號 1F,31,林口,primary,2.773,0,56.0,Moderate,1,14.3,19.0,25.0,29.0,40.0,,0.1,,,
2026-09-22 12:00,2026092211,台南,南一區,939,新光三越台南小西門,台南市中西區西門路1段658-1號1F,67,臺南,primary,2.822,0,46.0,Good,,11.5,11.0,26.0,24.0,40.0,60.0,0.2,0.19,1.2,4.0
2026-09-22 12:00,2026092211,新竹,新中區,940,新竹巨城店,新竹市東區中央路229號3F,55,新竹,primary,6.242,0,50.0,Good,,12.3,9.0,28.0,32.0,46.0,74.0,0.2,0.3,1.2,9.0
2026-09-22 12:00,2026092211,台北,北一區,941,台北忠孝SOGO店,台北市大安區忠孝東路四段45號B1F,16,古亭,primary,1.558,0,52.0,Moderate,2,7.6,7.0,32.0,43.0,37.0,63.0,0.2,0.22,1.5,6.0
2026-09-22 12:00,2026092211,高雄,南二區,943,高雄三多SOGO店,高雄市前鎮區三多三路217號2F,10,小港,primary,3.812,0,53.0,Moderate,1,13.1,18.0,28.0,36.0,37.0,55.0,0.2,0.18,1.6,10.0
2026-09-22 12:00,2026092211,台南,南一區,944,南紡購物中心店,台南市東區中華東路一段366號2F,67,臺南,primary,1.221,0,46.0,Good,,11.5,11.0,26.0,24.0,40.0,60.0,0.2,0.19,1.2,4.0
2026-09-22 12:00,2026092211,桃園,桃新區,946,台茂購物中心店,桃園市蘆竹區南崁路一段112號B2F,43,桃園,primary,7.665,0,52.0,Moderate,1,12.7,13.0,26.0,31.0,44.0,67.0,0.3,0.27,1.3,8.0
2026-09-22 12:00,2026092211,桃園,桃新區,947,大江購物中心店,桃園市中壢區中園路二段501號B1F,18,平鎮,primary,3.207,0,52.0,Moderate,1,13.0,14.0,29.0,31.0,44.0,68.0,0.2,0.29,1.0,9.0
2026-09-22 12:00,2026092211,台北,北三區,950,南西店,台北市中山區南京西路13號1F,11,中山,primary,1.428,0,47.0,Good,,11.7,,25.0,21.0,37.0,,0.2,0.3,0.5,10.0
2026-09-22 12:00,2026092211,台中,新中區,952,台中大遠百店,台中市西屯區台灣大道三段251號10F,25,西屯,primary,2.539,0,59.0,Moderate,1,15.3,,32.0,32.0,30.0,,0.2,0.21,0.9,7.0
2026-09-22 12:00,2026092211,桃園,桃新區,956,桃園ATT,桃園市桃園區中正路47號1F,43,桃園,primary,0.831,0,52.0,Moderate,1,12.7,13.0,26.0,31.0,44.0,67.0,0.3,0.27,1.3,8.0
2026-09-22 12:00,2026092211,台中,新中區,958,台中新時代,台中市東區復興路四段186號2F,7,大里,primary,4.601,0,57.0,Moderate,1,14.8,18.0,35.0,40.0,37.0,76.0,0.3,0.29,1.6,11.0
2026-09-22 12:00,2026092211,台中,新中區,960,秀泰台中站前店,台中市東區南京路66號1F,7,大里,primary,4.601,0,57.0,Moderate,1,14.8,18.0,35.0,40.0,37.0,76.0,0.3,0.29,1.6,11.0
2026-09-22 12:00,2026092211,台北,北二區,964,新光三越信義A11,台北市信義區松壽路11號B1F,29,松山,primary,2.265,0,48.0,Good,,10.7,14.0,29.0,34.0,35.0,63.0,0.2,0.21,1.5,6.0
2026-09-22 12:00,2026092211,台北,北一區,966,台北天母ＳＯＧＯ,台北市士林區中山北路六段77號2F,5,士林,primary,4.231,0,52.0,Moderate,1,13.0,16.0,27.0,36.0,49.0,59.0,0.1,0.23,0.8,6.0
2026-09-22 12:00,2026092211,高雄,南二區,967,高雄大遠百,高雄市苓雅區三多四路21號3F,35,前金,primary,3.688,0,47.0,Good,,10.2,12.0,28.0,44.0,43.0,58.0,0.2,0.19,0.8,3.0
2026-09-22 12:00,2026092211,基隆,北二區,969,基隆東岸廣場,基隆市仁愛區仁二路236號1F,46,基隆,primary,1.993,0,40.0,Good,,9.7,10.0,24.0,23.0,33.0,56.0,0.2,0.18,1.1,2.0
2026-09-22 12:00,2026092211,新北,北三區,973,環球板橋,新北市板橋區縣民大道二段7號2F,30,板橋,primary,0.142,0,47.0,Good,,11.7,12.0,22.0,27.0,38.0,61.0,0.3,0.27,0.7,8.0
2026-09-22 12:00,2026092211,台北,北二區,975,美麗華店,台北市中山區敬業三路20號B1F,11,中山,primary,1.428,0,47.0,Good,,11.7,,25.0,21.0,37.0,,0.2,0.3,0.5,10.0
2026-09-22 12:00,2026092211,新北,北三區,981,新店家樂福店,新北市新店區中興路三段1號1F,56,新店,primary,5.244,0,46.0,Good,,11.5,19.0,19.0,27.0,38.0,62.0,0.2,0.23,1.4,7.0
2026-09-22 12:00,2026092211,桃園,桃新區,982,內壢家樂福店,桃園市中壢區中華路一段450號1F,18,平鎮,primary,3.207,0,52.0,Moderate,1,13.0,14.0,29.0,31.0,44.0,68.0,0.2,0.29,1.0,9.0
2026-09-22 12:00,2026092211,桃園,桃新區,984,經國家樂福店,桃園市桃園區經國路 369號B1F,43,桃園,primary,0.831,0,52.0,Moderate,1,12.7,13.0,26.0,31.0,44.0,67.0,0.3,0.27,1.3,8.0
2026-09-22 12:00,2026092211,台北,北二區,986,內湖CITYLINK店,台北市內湖區成功路四段188號1F,29,松山,primary,3.996,0,48.0,Good,,10.7,14.0,29.0,34.0,35.0,63.0,0.2,0.21,1.5,6.0
2026-09-22 12:00,2026092211,高雄,南一區,987,新光三越高雄左營店,高雄市左營區高鐵路123號3F,17,左營,primary,1.037,0,47.0,Good,,11.6,12.0,24.0,33.0,40.0,54.0,0.2,0.22,1.9,3.0
2026-09-22 12:00,2026092211,嘉義,南一區,988,秀泰嘉義店,嘉義市西區文化路299號1F,63,嘉義,primary,3.538,0,50.0,Good,,12.3,19.0,26.0,,25.0,,0.2,0.26,2.1,10.0
2026-09-22 12:00,2026092211,高雄,南二區,990,高雄成功家樂福OUTLET店,高雄市前鎮區中華五路1111號1F,10,小港,primary,3.812,0,53.0,Moderate,1,13.1,18.0,28.0,36.0,37.0,55.0,0.2,0.18,1.6,10.0
2026-09-22 12:00,2026092211,台北,北一區,992,西門漢中,台北市萬華區漢中街110號,62,萬華,primary,2.232,0,45.0,Good,,11.2,15.0,26.0,30.0,36.0,56.0,0.2,0.25,1.2,9.0
2026-09-22 12:00,2026092211,新北,北三區,993,秀泰樹林,新北市樹林區樹新路40-6號1F,4,土城,primary,5.133,0,45.0,Good,,11.1,10.0,25.0,31.0,43.0,67.0,0.2,0.25,1.8,6.0
2026-09-22 12:00,2026092211,新北,北三區,995,JCPARK新莊店,新北市新莊區幸福路742號1F,57,新莊,primary,0.49,0,53.0,Moderate,2,12.3,13.0,33.0,38.0,39.0,64.0,0.2,0.21,0.6,4.0
2026-09-22 12:00,2026092211,新北,北三區,996,板橋府中店,新北市板橋區中山路一段19號1F,30,板橋,primary,0.142,0,47.0,Good,,11.7,12.0,22.0,27.0,38.0,61.0,0.3,0.27,0.7,8.0
2026-09-22 12:00,2026092211,新北,北三區,997,京站小碧潭店,新北市新店區中央路157號5F,56,新店,primary,5.244,0,46.0,Good,,11.5,19.0,19.0,27.0,38.0,62.0,0.2,0.23,1.4,7.0
2026-09-22 12:00,2026092211,屏東,南二區,998,屏東車站店,屏東縣屏東市公勇路62號1F,38,屏東,primary,1.241,0,36.0,Good,,5.5,9.0,19.0,29.0,39.0,59.0,0.2,0.31,1.7,8.0
2026-09-27 14:00,2026092713,桃園,桃新區,1001,八德置地生活店,桃園市八德區介壽路一段728號1F,43,桃園,primary,5.193,0,56.0,Moderate,1,14.2,14.0,24.0,26.0,46.0,64.0,0.2,0.22,1.0,3.0
2026-09-27 14:00,2026092713,桃園,桃新區,1002,新光影城桃園高鐵站店,桃園市中壢區春德路107號1F,18,平鎮,primary,3.207,0,48.0,Good,,12.0,8.0,23.0,24.0,43.0,59.0,0.2,0.23,0.6,3.0
2026-09-27 14:00,2026092713,新北,北三區,1003,蘆洲佳瑪店,新北市蘆洲區長榮路2號1F,53,菜寮,primary,2.465,0,62.0,Moderate,1,16.4,10.0,28.0,25.0,48.0,63.0,0.2,0.24,0.9,4.0
2026-09-27 14:00,2026092713,彰化,南一區,1008,員林大潤發店,彰化縣埔心鄉中山路319號1F,139,員林,primary,3.097,0,52.0,Moderate,1,13.0,12.0,25.0,21.0,48.0,61.0,0.2,0.23,1.4,1.0
2026-09-27 14:00,2026092713,花蓮,北一區,1009,花蓮遠百店,花蓮縣花蓮市和平路581號1F,33,花蓮,primary,2.954,0,25.0,Good,,6.3,5.0,13.0,11.0,21.0,28.0,0.1,0.12,0.2,0.0
2026-09-27 14:00,2026092713,高雄,南二區,1010,高雄夢時代,高雄市前鎮區中華五路789號7F,10,小港,primary,3.812,0,53.0,Moderate,1,13.1,12.0,17.0,9.0,41.0,51.0,0.2,0.19,1.4,7.0
2026-09-27 14:00,2026092713,新竹,新中區,1012,遠百竹北店,新竹縣竹北市莊敬北路18號6F,55,新竹,primary,4.271,0,64.0,Moderate,1,17.2,23.0,28.0,31.0,44.0,54.0,0.2,0.32,2.7,7.0
2026-09-27 14:00,2026092713,台東,南二區,1013,秀泰台東,台東縣台東市新生路93號2F,66,臺東,primary,4.131,0,27.0,Good,,6.6,7.0,15.0,20.0,24.0,31.0,0.1,0.14,0.8,3.0
2026-09-27 14:00,2026092713,台南,南一區,1015,MITSUI OUTLET PARK 台南店,台南市歸仁區歸仁大道101號3F,67,臺南,primary,8.892,0,52.0,Moderate,1,13.0,12.0,19.0,16.0,45.0,48.0,0.2,0.18,1.4,3.0
2026-09-27 14:00,2026092713,新北,北三區,1017,三重佳瑪,新北市三重區自強路一段73號1F,53,菜寮,primary,0.916,0,62.0,Moderate,1,16.4,10.0,28.0,25.0,48.0,63.0,0.2,0.24,0.9,4.0
2026-09-27 14:00,2026092713,新竹,新中區,1018,新竹大魯閣店（遠雄廣場）,新竹市北區大雅路88號1F,55,新竹,primary,6.242,0,64.0,Moderate,1,17.2,23.0,28.0,31.0,44.0,54.0,0.2,0.32,2.7,7.0
2026-09-27 14:00,2026092713,台中,新中區,1021,台中中友店,台中市北區三民路三段161號A棟3F,28,忠明,primary,4.112,0,53.0,Moderate,1,13.2,13.0,22.0,20.0,45.0,61.0,0.2,0.24,2.1,2.0
2026-09-27 14:00,2026092713,台北,北二區,1022,內湖大全聯,台北市內湖區舊宗路一段188號1F,29,松山,primary,3.996,0,63.0,Moderate,1,17.0,11.0,33.0,34.0,48.0,70.0,0.2,0.29,1.3,6.0
2026-09-27 14:00,2026092713,新北,北三區,1024,板橋愛買店,新北市板橋區貴興路101號1F,30,板橋,primary,0.142,0,55.0,Moderate,1,13.8,12.0,23.0,22.0,44.0,65.0,0.2,0.25,1.4,4.0
2026-09-27 14:00,2026092713,新北,北三區,1025,新莊宏匯店,新北市新莊區新北大道4段3號2F,57,新莊,primary,0.49,0,60.0,Moderate,1,15.7,10.0,33.0,28.0,46.0,65.0,0.2,0.17,1.4,3.0
2026-09-27 14:00,2026092713,台中,新中區,1029,Mitsui Shopping Park LaLaport台中店,台中市東區進德路600號3F(櫃號C30270),7,大里,primary,4.601,0,46.0,Good,,11.4,9.0,21.0,18.0,43.0,59.0,0.2,0.2,1.3,3.0
2026-09-27 14:00,2026092713,新北,北三區,1031,三峽店,新北市三峽區民生街106之3號1F,4,土城,primary,11.729,0,65.0,Moderate,1,17.5,18.0,38.0,65.0,40.0,58.0,0.2,0.22,1.4,12.0
2026-09-27 14:00,2026092713,台中,新中區,1032,新光三越台中中港,台中市西屯區台灣大道三段301號6F,25,西屯,primary,2.539,0,55.0,Moderate,1,14.0,16.0,25.0,24.0,44.0,63.0,0.2,0.22,1.3,2.0
2026-09-27 14:00,2026092713,高雄,南二區,1033,高雄SKM Park,高雄市前鎮區中安路1-1號1F,10,小港,primary,3.812,0,53.0,Moderate,1,13.1,12.0,17.0,9.0,41.0,51.0,0.2,0.19,1.4,7.0
2026-09-27 14:00,2026092713,高雄,南一區,1034,高雄漢神百貨,高雄市前金區成功一路266-1號7F,35,前金,primary,1.1,0,45.0,Good,,8.7,7.0,14.0,13.0,49.0,47.0,0.2,0.21,0.9,2.0
2026-09-27 14:00,2026092713,台北,北二區,1036,台北永康,台北市大安區永康街10-3號1F,16,古亭,primary,1.558,0,51.0,Moderate,1,12.5,10.0,28.0,27.0,46.0,68.0,0.2,0.23,1.7,5.0
2026-09-27 14:00,2026092713,新北,北一區,1037,竹圍店,新北市淡水區民權路42號1~2F,48,淡水,primary,3.106,0,58.0,Moderate,1,15.1,15.0,24.0,30.0,47.0,61.0,0.2,0.27,0.8,4.0
2026-09-27 14:00,2026092713,台北,北一區,1038,石牌,台北市北投區石牌路二段66號,5,士林,primary,4.975,0,71.0,Moderate,1,19.9,19.0,33.0,36.0,52.0,70.0,0.2,0.28,1.8,4.0
2026-09-27 14:00,2026092713,苗栗,新中區,1040,頭份大潤發,苗栗縣頭份市自強路230號1F,55,新竹,primary,15.362,0,64.0,Moderate,1,17.2,23.0,28.0,31.0,44.0,54.0,0.2,0.32,2.7,7.0
2026-09-27 14:00,2026092713,桃園,桃新區,1041,中原家樂福,桃園市中壢區中華路二段 501號1F,18,平鎮,primary,3.207,0,48.0,Good,,12.0,8.0,23.0,24.0,43.0,59.0,0.2,0.23,0.6,3.0
2026-09-27 14:00,2026092713,高雄,南二區,1044,高雄義享,高雄市鼓山區大順一路115號3F,35,前金,primary,2.226,0,45.0,Good,,8.7,7.0,14.0,13.0,49.0,47.0,0.2,0.21,0.9,2.0
2026-09-27 14:00,2026092713,新北,北一區,1045,江子翠,新北市板橋區雙十路二段176號1F,30,板橋,primary,0.142,0,55.0,Moderate,1,13.8,12.0,23.0,22.0,44.0,65.0,0.2,0.25,1.4,4.0
2026-09-27 14:00,2026092713,澎湖,南一區,1046,澎湖三號港,澎湖縣馬公市同和路158號3F,44,馬公,primary,3.072,0,37.0,Good,,7.8,7.0,16.0,20.0,40.0,33.0,0.1,0.14,0.1,2.0
2026-09-27 14:00,2026092713,桃園,桃新區,1047,環球桃園A8,桃園市龜山區復興一路8號B1F,31,林口,primary,6.046,0,60.0,Moderate,1,15.9,12.0,29.0,33.0,44.0,57.0,0.2,0.22,2.0,3.0
2026-09-27 14:00,2026092713,台北,北一區,1049,公館,台北市中正區羅斯福路四段88之1號,16,古亭,primary,1.634,0,51.0,Moderate,1,12.5,10.0,28.0,27.0,46.0,68.0,0.2,0.23,1.7,5.0
2026-09-27 14:00,2026092713,新北,北三區,1050,新店佳瑪,新北市新店區民權路78號1F,56,新店,primary,5.244,0,50.0,Good,,12.4,9.0,21.0,21.0,40.0,66.0,0.2,0.21,1.3,3.0
2026-09-27 14:00,2026092713,台北,北一區,1051,LaLaport南港,台北市南港區經貿二路131號3F,29,松山,primary,3.502,0,63.0,Moderate,1,17.0,11.0,33.0,34.0,48.0,70.0,0.2,0.29,1.3,6.0
2026-09-27 14:00,2026092713,台北,北二區,1054,大巨蛋sogo,台北市信義區忠孝東路4段505號4F,29,松山,primary,2.265,0,63.0,Moderate,1,17.0,11.0,33.0,34.0,48.0,70.0,0.2,0.29,1.3,6.0
2026-09-27 14:00,2026092713,宜蘭,北二區,1055,新月廣場,宜蘭縣宜蘭市民權路二段38巷6號3F,27,宜蘭,primary,1.095,0,52.0,Moderate,1,12.8,9.0,20.0,15.0,36.0,41.0,0.2,0.16,0.9,1.0
2026-09-27 14:00,2026092713,台北,北二區,1056,統一夢廣場,台北市信義區松高路11號B1F,29,松山,primary,2.265,0,63.0,Moderate,1,17.0,11.0,33.0,34.0,48.0,70.0,0.2,0.29,1.3,6.0
2026-09-27 14:00,2026092713,新北,北三區,1057,新莊民安,新北市新莊區民安路224號1樓,57,新莊,primary,0.49,0,60.0,Moderate,1,15.7,10.0,33.0,28.0,46.0,65.0,0.2,0.17,1.4,3.0
2026-09-27 14:00,2026092713,新北,北一區,1059,淡水,新北市淡水區中山路1之1號1F,48,淡水,primary,3.106,0,58.0,Moderate,1,15.1,15.0,24.0,30.0,47.0,61.0,0.2,0.27,0.8,4.0
2026-09-27 14:00,2026092713,嘉義,南一區,1060,嘉義新光,嘉義市西區垂楊路726號4樓,63,嘉義,primary,3.538,0,42.0,Good,,10.0,11.0,25.0,27.0,44.0,67.0,0.1,0.21,1.6,2.0
2026-09-27 14:00,2026092713,新竹,新中區,1062,竹馬,新竹市東區光復路二段690號2F。 平安樓-眼科眼鏡配整中心,55,新竹,primary,6.242,0,64.0,Moderate,1,17.2,23.0,28.0,31.0,44.0,54.0,0.2,0.32,2.7,7.0
2026-09-27 14:00,2026092713,台中,新中區,1063,漢神洲際,台中市北屯區崇德路三段865號3F,74,豐原,primary,8.142,0,44.0,Good,,10.9,8.0,21.0,17.0,45.0,63.0,0.2,0.21,0.9,3.0
2026-09-27 14:00,2026092713,台北,北一區,1065,台北微風廣場,臺北市松山區復興南路一段39號3F,29,松山,primary,2.391,0,63.0,Moderate,1,17.0,11.0,33.0,34.0,48.0,70.0,0.2,0.29,1.3,6.0
2026-09-27 14:00,2026092713,屏東,南二區,1066,潮州驛站,屏東縣潮州鎮信義路111號1F,69,潮州,primary,1.548,0,58.0,Moderate,1,15.1,15.0,22.0,26.0,42.0,71.0,0.2,0.23,1.6,2.0
2026-09-27 14:00,2026092713,台北,北一區,1067,大葉高島屋,臺北市士林區忠誠路2段55號4F,5,士林,primary,4.231,0,71.0,Moderate,1,19.9,19.0,33.0,36.0,52.0,70.0,0.2,0.28,1.8,4.0
2026-09-27 14:00,2026092713,新北,北三區,1068,環球中和,新北市中和區中山路3段122號2F,30,板橋,primary,4.299,0,55.0,Moderate,1,13.8,12.0,23.0,22.0,44.0,65.0,0.2,0.25,1.4,4.0
2026-09-27 14:00,2026092713,台中,新中區,1069,誠品台中三井,台中市梧棲區臺灣大道10段168號1F(櫃號19800),26,沙鹿,primary,4.502,0,56.0,Moderate,1,14.2,15.0,28.0,28.0,49.0,70.0,0.2,0.23,1.2,3.0
2026-09-27 14:00,2026092713,桃園,桃新區,1070,環球青埔A19,桃園市中壢區高鐵南路二段352號4F,18,平鎮,primary,3.207,0,48.0,Good,,12.0,8.0,23.0,24.0,43.0,59.0,0.2,0.23,0.6,3.0
2026-09-27 14:00,2026092713,台北,北二區,1071,南港CITY LINK,臺北市南港區東明里忠孝東路七段369號2F(B棟),29,松山,primary,3.502,0,63.0,Moderate,1,17.0,11.0,33.0,34.0,48.0,70.0,0.2,0.29,1.3,6.0
2026-09-27 14:00,2026092713,台北,北二區,917,微風台北車站店,台北市中正區北平西路3號 微風台北車站1樓(G18),16,古亭,primary,1.634,0,51.0,Moderate,1,12.5,10.0,28.0,27.0,46.0,68.0,0.2,0.23,1.7,5.0
2026-09-27 14:00,2026092713,台北,北二區,921,att4fun店,台北市信義區松壽路12號1F,29,松山,primary,2.265,0,63.0,Moderate,1,17.0,11.0,33.0,34.0,48.0,70.0,0.2,0.29,1.3,6.0
2026-09-27 14:00,2026092713,台北,北二區,923,京站店,台北市大同區承德路一段1號B1 (Q24012),11,中山,primary,1.364,0,67.0,Moderate,1,18.2,17.0,33.0,36.0,46.0,63.0,0.3,0.36,1.4,9.0
2026-09-27 14:00,2026092713,台北,北一區,925,忠孝敦化店,台北市大安區忠孝東路四段205巷20號1樓~3樓,16,古亭,primary,1.558,0,51.0,Moderate,1,12.5,10.0,28.0,27.0,46.0,68.0,0.2,0.23,1.7,5.0
2026-09-27 14:00,2026092713,高雄,南二區,930,漢神巨蛋店,高雄市左營區博愛二路777號4F,17,左營,primary,1.037,0,43.0,Good,,8.9,9.0,15.0,18.0,46.0,53.0,0.2,0.17,0.9,3.0
2026-09-27 14:00,2026092713,台北,北二區,932,微風南京店,台北市松山區南京東路三段337號B1-08(櫃號01070),29,松山,primary,2.391,0,63.0,Moderate,1,17.0,11.0,33.0,34.0,48.0,70.0,0.2,0.29,1.3,6.0
2026-09-27 14:00,2026092713,新北,桃新區,935,MITSUI OUTLET PARK 林口店,新北市林口區文化三路一段356號 1F,31,林口,primary,2.773,0,60.0,Moderate,1,15.9,12.0,29.0,33.0,44.0,57.0,0.2,0.22,2.0,3.0
2026-09-27 14:00,2026092713,台南,南一區,939,新光三越台南小西門,台南市中西區西門路1段658-1號1F,67,臺南,primary,2.822,0,52.0,Moderate,1,13.0,12.0,19.0,16.0,45.0,48.0,0.2,0.18,1.4,3.0
2026-09-27 14:00,2026092713,新竹,新中區,940,新竹巨城店,新竹市東區中央路229號3F,55,新竹,primary,6.242,0,64.0,Moderate,1,17.2,23.0,28.0,31.0,44.0,54.0,0.2,0.32,2.7,7.0
2026-09-27 14:00,2026092713,台北,北一區,941,台北忠孝SOGO店,台北市大安區忠孝東路四段45號B1F,16,古亭,primary,1.558,0,51.0,Moderate,1,12.5,10.0,28.0,27.0,46.0,68.0,0.2,0.23,1.7,5.0
2026-09-27 14:00,2026092713,高雄,南二區,943,高雄三多SOGO店,高雄市前鎮區三多三路217號2F,10,小港,primary,3.812,0,53.0,Moderate,1,13.1,12.0,17.0,9.0,41.0,51.0,0.2,0.19,1.4,7.0
2026-09-27 14:00,2026092713,台南,南一區,944,南紡購物中心店,台南市東區中華東路一段366號2F,67,臺南,primary,1.221,0,52.0,Moderate,1,13.0,12.0,19.0,16.0,45.0,48.0,0.2,0.18,1.4,3.0
2026-09-27 14:00,2026092713,桃園,桃新區,946,台茂購物中心店,桃園市蘆竹區南崁路一段112號B2F,43,桃園,primary,7.665,0,56.0,Moderate,1,14.2,14.0,24.0,26.0,46.0,64.0,0.2,0.22,1.0,3.0
2026-09-27 14:00,2026092713,桃園,桃新區,947,大江購物中心店,桃園市中壢區中園路二段501號B1F,18,平鎮,primary,3.207,0,48.0,Good,,12.0,8.0,23.0,24.0,43.0,59.0,0.2,0.23,0.6,3.0
2026-09-27 14:00,2026092713,台北,北三區,950,南西店,台北市中山區南京西路13號1F,11,中山,primary,1.428,0,67.0,Moderate,1,18.2,17.0,33.0,36.0,46.0,63.0,0.3,0.36,1.4,9.0
2026-09-27 14:00,2026092713,台中,新中區,952,台中大遠百店,台中市西屯區台灣大道三段251號10F,25,西屯,primary,2.539,0,55.0,Moderate,1,14.0,16.0,25.0,24.0,44.0,63.0,0.2,0.22,1.3,2.0
2026-09-27 14:00,2026092713,桃園,桃新區,956,桃園ATT,桃園市桃園區中正路47號1F,43,桃園,primary,0.831,0,56.0,Moderate,1,14.2,14.0,24.0,26.0,46.0,64.0,0.2,0.22,1.0,3.0
2026-09-27 14:00,2026092713,台中,新中區,958,台中新時代,台中市東區復興路四段186號2F,7,大里,primary,4.601,0,46.0,Good,,11.4,9.0,21.0,18.0,43.0,59.0,0.2,0.2,1.3,3.0
2026-09-27 14:00,2026092713,台中,新中區,960,秀泰台中站前店,台中市東區南京路66號1F,7,大里,primary,4.601,0,46.0,Good,,11.4,9.0,21.0,18.0,43.0,59.0,0.2,0.2,1.3,3.0
2026-09-27 14:00,2026092713,台北,北二區,964,新光三越信義A11,台北市信義區松壽路11號B1F,29,松山,primary,2.265,0,63.0,Moderate,1,17.0,11.0,33.0,34.0,48.0,70.0,0.2,0.29,1.3,6.0
2026-09-27 14:00,2026092713,台北,北一區,966,台北天母ＳＯＧＯ,台北市士林區中山北路六段77號2F,5,士林,primary,4.231,0,71.0,Moderate,1,19.9,19.0,33.0,36.0,52.0,70.0,0.2,0.28,1.8,4.0
2026-09-27 14:00,2026092713,高雄,南二區,967,高雄大遠百,高雄市苓雅區三多四路21號3F,35,前金,primary,3.688,0,45.0,Good,,8.7,7.0,14.0,13.0,49.0,47.0,0.2,0.21,0.9,2.0
2026-09-27 14:00,2026092713,基隆,北二區,969,基隆東岸廣場,基隆市仁愛區仁二路236號1F,46,基隆,primary,1.993,0,64.0,Moderate,1,17.2,15.0,26.0,23.0,47.0,71.0,0.2,0.25,2.5,4.0
2026-09-27 14:00,2026092713,新北,北三區,973,環球板橋,新北市板橋區縣民大道二段7號2F,30,板橋,primary,0.142,0,55.0,Moderate,1,13.8,12.0,23.0,22.0,44.0,65.0,0.2,0.25,1.4,4.0
2026-09-27 14:00,2026092713,台北,北二區,975,美麗華店,台北市中山區敬業三路20號B1F,11,中山,primary,1.428,0,67.0,Moderate,1,18.2,17.0,33.0,36.0,46.0,63.0,0.3,0.36,1.4,9.0
2026-09-27 14:00,2026092713,新北,北三區,981,新店家樂福店,新北市新店區中興路三段1號1F,56,新店,primary,5.244,0,50.0,Good,,12.4,9.0,21.0,21.0,40.0,66.0,0.2,0.21,1.3,3.0
2026-09-27 14:00,2026092713,桃園,桃新區,982,內壢家樂福店,桃園市中壢區中華路一段450號1F,18,平鎮,primary,3.207,0,48.0,Good,,12.0,8.0,23.0,24.0,43.0,59.0,0.2,0.23,0.6,3.0
2026-09-27 14:00,2026092713,桃園,桃新區,984,經國家樂福店,桃園市桃園區經國路 369號B1F,43,桃園,primary,0.831,0,56.0,Moderate,1,14.2,14.0,24.0,26.0,46.0,64.0,0.2,0.22,1.0,3.0
2026-09-27 14:00,2026092713,台北,北二區,986,內湖CITYLINK店,台北市內湖區成功路四段188號1F,29,松山,primary,3.996,0,63.0,Moderate,1,17.0,11.0,33.0,34.0,48.0,70.0,0.2,0.29,1.3,6.0
2026-09-27 14:00,2026092713,高雄,南一區,987,新光三越高雄左營店,高雄市左營區高鐵路123號3F,17,左營,primary,1.037,0,43.0,Good,,8.9,9.0,15.0,18.0,46.0,53.0,0.2,0.17,0.9,3.0
2026-09-27 14:00,2026092713,嘉義,南一區,988,秀泰嘉義店,嘉義市西區文化路299號1F,63,嘉義,primary,3.538,0,42.0,Good,,10.0,11.0,25.0,27.0,44.0,67.0,0.1,0.21,1.6,2.0
2026-09-27 14:00,2026092713,高雄,南二區,990,高雄成功家樂福OUTLET店,高雄市前鎮區中華五路1111號1F,10,小港,primary,3.812,0,53.0,Moderate,1,13.1,12.0,17.0,9.0,41.0,51.0,0.2,0.19,1.4,7.0
2026-09-27 14:00,2026092713,台北,北一區,992,西門漢中,台北市萬華區漢中街110號,62,萬華,primary,2.232,0,58.0,Moderate,1,15.2,14.0,30.0,28.0,46.0,63.0,0.2,0.28,0.9,7.0
2026-09-27 14:00,2026092713,新北,北三區,993,秀泰樹林,新北市樹林區樹新路40-6號1F,4,土城,primary,5.133,0,65.0,Moderate,1,17.5,18.0,38.0,65.0,40.0,58.0,0.2,0.22,1.4,12.0
2026-09-27 14:00,2026092713,新北,北三區,995,JCPARK新莊店,新北市新莊區幸福路742號1F,57,新莊,primary,0.49,0,60.0,Moderate,1,15.7,10.0,33.0,28.0,46.0,65.0,0.2,0.17,1.4,3.0
2026-09-27 14:00,2026092713,新北,北三區,996,板橋府中店,新北市板橋區中山路一段19號1F,30,板橋,primary,0.142,0,55.0,Moderate,1,13.8,12.0,23.0,22.0,44.0,65.0,0.2,0.25,1.4,4.0
2026-09-27 14:00,2026092713,新北,北三區,997,京站小碧潭店,新北市新店區中央路157號5F,56,新店,primary,5.244,0,50.0,Good,,12.4,9.0,21.0,21.0,40.0,66.0,0.2,0.21,1.3,3.0
2026-09-27 14:00,2026092713,屏東,南二區,998,屏東車站店,屏東縣屏東市公勇路62號1F,38,屏東,primary,1.241,0,46.0,Good,,11.5,13.0,24.0,28.0,43.0,68.0,0.2,0.23,0.8,2.0
2026-09-28 08:00,2026092807,桃園,桃新區,1001,八德置地生活店,桃園市八德區介壽路一段728號1F,43,桃園,primary,5.193,0,61.0,Moderate,1,16.3,12.0,25.0,23.0,26.0,20.0,0.2,0.28,1.6,9.0
2026-09-28 08:00,2026092807,桃園,桃新區,1002,新光影城桃園高鐵站店,桃園市中壢區春德路107號1F,18,平鎮,primary,3.207,0,56.0,Moderate,1,14.4,13.0,25.0,18.0,22.0,23.0,0.2,0.22,0.9,7.0
2026-09-28 08:00,2026092807,新北,北三區,1003,蘆洲佳瑪店,新北市蘆洲區長榮路2號1F,53,菜寮,primary,2.465,0,69.0,Moderate,1,19.0,18.0,25.0,22.0,17.0,21.0,0.3,0.35,0.3,8.0
2026-09-28 08:00,2026092807,彰化,南一區,1008,員林大潤發店,彰化縣埔心鄉中山路319號1F,139,員林,primary,3.097,0,43.0,Good,,10.7,7.0,17.0,15.0,22.0,26.0,0.1,0.19,1.0,3.0
2026-09-28 08:00,2026092807,花蓮,北一區,1009,花蓮遠百店,花蓮縣花蓮市和平路581號1F,33,花蓮,primary,2.954,0,32.0,Good,,8.0,8.0,17.0,19.0,12.0,12.0,0.1,0.18,0.8,1.0
2026-09-28 08:00,2026092807,高雄,南二區,1010,高雄夢時代,高雄市前鎮區中華五路789號7F,10,小港,primary,3.812,0,56.0,Moderate,1,14.4,12.0,21.0,17.0,14.0,14.0,0.2,0.25,0.1,10.0
2026-09-28 08:00,2026092807,新竹,新中區,1012,遠百竹北店,新竹縣竹北市莊敬北路18號6F,55,新竹,primary,4.271,0,56.0,Moderate,1,14.5,10.0,21.0,12.0,13.0,16.0,0.2,0.24,1.0,9.0
2026-09-28 08:00,2026092807,台東,南二區,1013,秀泰台東,台東縣台東市新生路93號2F,66,臺東,primary,4.131,0,31.0,Good,,7.8,7.0,17.0,23.0,10.0,13.0,0.1,0.15,0.0,2.0
2026-09-28 08:00,2026092807,台南,南一區,1015,MITSUI OUTLET PARK 台南店,台南市歸仁區歸仁大道101號3F,67,臺南,primary,8.892,0,31.0,Good,,7.6,10.0,15.0,20.0,21.0,21.0,0.1,0.22,1.3,6.0
2026-09-28 08:00,2026092807,新北,北三區,1017,三重佳瑪,新北市三重區自強路一段73號1F,53,菜寮,primary,0.916,0,69.0,Moderate,1,19.0,18.0,25.0,22.0,17.0,21.0,0.3,0.35,0.3,8.0
2026-09-28 08:00,2026092807,新竹,新中區,1018,新竹大魯閣店（遠雄廣場）,新竹市北區大雅路88號1F,55,新竹,primary,6.242,0,56.0,Moderate,1,14.5,10.0,21.0,12.0,13.0,16.0,0.2,0.24,1.0,9.0
2026-09-28 08:00,2026092807,台中,新中區,1021,台中中友店,台中市北區三民路三段161號A棟3F,28,忠明,primary,4.112,0,38.0,Good,,9.5,9.0,12.0,11.0,23.0,20.0,0.2,0.25,1.3,5.0
2026-09-28 08:00,2026092807,台北,北二區,1022,內湖大全聯,台北市內湖區舊宗路一段188號1F,29,松山,primary,3.996,0,66.0,Moderate,1,18.1,18.0,26.0,23.0,20.0,17.0,0.3,0.39,1.2,10.0
2026-09-28 08:00,2026092807,新北,北三區,1024,板橋愛買店,新北市板橋區貴興路101號1F,30,板橋,primary,0.142,0,67.0,Moderate,1,18.4,20.0,27.0,26.0,18.0,17.0,0.3,0.37,0.8,11.0
2026-09-28 08:00,2026092807,新北,北三區,1025,新莊宏匯店,新北市新莊區新北大道4段3號2F,57,新莊,primary,0.49,0,74.0,Moderate,1,21.0,17.0,32.0,29.0,17.0,21.0,0.4,0.39,1.1,9.0
2026-09-28 08:00,2026092807,台中,新中區,1029,Mitsui Shopping Park LaLaport台中店,台中市東區進德路600號3F(櫃號C30270),7,大里,primary,4.601,0,45.0,Good,,11.1,5.0,17.0,17.0,20.0,19.0,0.2,0.26,0.9,6.0
2026-09-28 08:00,2026092807,新北,北三區,1031,三峽店,新北市三峽區民生街106之3號1F,4,土城,primary,11.729,0,75.0,Moderate,1,21.2,21.0,31.0,32.0,14.0,12.0,0.3,0.34,0.9,12.0
2026-09-28 08:00,2026092807,台中,新中區,1032,新光三越台中中港,台中市西屯區台灣大道三段301號6F,25,西屯,primary,2.539,0,51.0,Moderate,1,12.6,14.0,18.0,19.0,16.0,14.0,0.2,0.25,1.3,6.0
2026-09-28 08:00,2026092807,高雄,南二區,1033,高雄SKM Park,高雄市前鎮區中安路1-1號1F,10,小港,primary,3.812,0,56.0,Moderate,1,14.4,12.0,21.0,17.0,14.0,14.0,0.2,0.25,0.1,10.0
2026-09-28 08:00,2026092807,高雄,南一區,1034,高雄漢神百貨,高雄市前金區成功一路266-1號7F,35,前金,primary,1.1,0,32.0,Good,,7.9,4.0,18.0,21.0,18.0,24.0,0.2,0.24,0.6,5.0
2026-09-28 08:00,2026092807,台北,北二區,1036,台北永康,台北市大安區永康街10-3號1F,16,古亭,primary,1.558,0,57.0,Moderate,1,14.6,12.0,24.0,21.0,18.0,19.0,0.2,0.26,1.2,5.0
2026-09-28 08:00,2026092807,新北,北一區,1037,竹圍店,新北市淡水區民權路42號1~2F,48,淡水,primary,3.106,0,69.0,Moderate,1,18.9,,25.0,21.0,17.0,23.0,0.4,0.31,1.0,6.0
2026-09-28 08:00,2026092807,台北,北一區,1038,石牌,台北市北投區石牌路二段66號,5,士林,primary,4.975,0,75.0,Moderate,1,21.3,19.0,26.0,29.0,17.0,21.0,0.3,0.35,1.4,10.0
2026-09-28 08:00,2026092807,苗栗,新中區,1040,頭份大潤發,苗栗縣頭份市自強路230號1F,55,新竹,primary,15.362,0,56.0,Moderate,1,14.5,10.0,21.0,12.0,13.0,16.0,0.2,0.24,1.0,9.0
2026-09-28 08:00,2026092807,桃園,桃新區,1041,中原家樂福,桃園市中壢區中華路二段 501號1F,18,平鎮,primary,3.207,0,56.0,Moderate,1,14.4,13.0,25.0,18.0,22.0,23.0,0.2,0.22,0.9,7.0
2026-09-28 08:00,2026092807,高雄,南二區,1044,高雄義享,高雄市鼓山區大順一路115號3F,35,前金,primary,2.226,0,32.0,Good,,7.9,4.0,18.0,21.0,18.0,24.0,0.2,0.24,0.6,5.0
2026-09-28 08:00,2026092807,新北,北一區,1045,江子翠,新北市板橋區雙十路二段176號1F,30,板橋,primary,0.142,0,67.0,Moderate,1,18.4,20.0,27.0,26.0,18.0,17.0,0.3,0.37,0.8,11.0
2026-09-28 08:00,2026092807,澎湖,南一區,1046,澎湖三號港,澎湖縣馬公市同和路158號3F,44,馬公,primary,3.072,0,29.0,Good,,5.9,11.0,12.0,14.0,31.0,39.0,0.1,0.17,0.7,3.0
2026-09-28 08:00,2026092807,桃園,桃新區,1047,環球桃園A8,桃園市龜山區復興一路8號B1F,31,林口,primary,6.046,0,63.0,Moderate,1,16.8,11.0,25.0,18.0,22.0,21.0,0.3,0.28,0.7,10.0
2026-09-28 08:00,2026092807,台北,北一區,1049,公館,台北市中正區羅斯福路四段88之1號,16,古亭,primary,1.634,0,57.0,Moderate,1,14.6,12.0,24.0,21.0,18.0,19.0,0.2,0.26,1.2,5.0
2026-09-28 08:00,2026092807,新北,北三區,1050,新店佳瑪,新北市新店區民權路78號1F,56,新店,primary,5.244,0,51.0,Moderate,1,12.5,13.0,21.0,21.0,18.0,18.0,0.2,0.27,0.4,5.0
2026-09-28 08:00,2026092807,台北,北一區,1051,LaLaport南港,台北市南港區經貿二路131號3F,29,松山,primary,3.502,0,66.0,Moderate,1,18.1,18.0,26.0,23.0,20.0,17.0,0.3,0.39,1.2,10.0
2026-09-28 08:00,2026092807,台北,北二區,1054,大巨蛋sogo,台北市信義區忠孝東路4段505號4F,29,松山,primary,2.265,0,66.0,Moderate,1,18.1,18.0,26.0,23.0,20.0,17.0,0.3,0.39,1.2,10.0
2026-09-28 08:00,2026092807,宜蘭,北二區,1055,新月廣場,宜蘭縣宜蘭市民權路二段38巷6號3F,27,宜蘭,primary,1.095,0,52.0,Moderate,1,13.0,14.0,17.0,16.0,15.0,22.0,0.1,0.21,0.4,2.0
2026-09-28 08:00,2026092807,台北,北二區,1056,統一夢廣場,台北市信義區松高路11號B1F,29,松山,primary,2.265,0,66.0,Moderate,1,18.1,18.0,26.0,23.0,20.0,17.0,0.3,0.39,1.2,10.0
2026-09-28 08:00,2026092807,新北,北三區,1057,新莊民安,新北市新莊區民安路224號1樓,57,新莊,primary,0.49,0,74.0,Moderate,1,21.0,17.0,32.0,29.0,17.0,21.0,0.4,0.39,1.1,9.0
2026-09-28 08:00,2026092807,新北,北一區,1059,淡水,新北市淡水區中山路1之1號1F,48,淡水,primary,3.106,0,69.0,Moderate,1,18.9,,25.0,21.0,17.0,23.0,0.4,0.31,1.0,6.0
2026-09-28 08:00,2026092807,嘉義,南一區,1060,嘉義新光,嘉義市西區垂楊路726號4樓,63,嘉義,primary,3.538,0,35.0,Good,,8.7,8.0,21.0,18.0,14.0,19.0,0.1,0.2,1.1,5.0
2026-09-28 08:00,2026092807,新竹,新中區,1062,竹馬,新竹市東區光復路二段690號2F。 平安樓-眼科眼鏡配整中心,55,新竹,primary,6.242,0,56.0,Moderate,1,14.5,10.0,21.0,12.0,13.0,16.0,0.2,0.24,1.0,9.0
2026-09-28 08:00,2026092807,台中,新中區,1063,漢神洲際,台中市北屯區崇德路三段865號3F,74,豐原,primary,8.142,0,38.0,Good,,9.3,8.0,17.0,11.0,28.0,29.0,0.1,0.18,0.6,2.0
2026-09-28 08:00,2026092807,台北,北一區,1065,台北微風廣場,臺北市松山區復興南路一段39號3F,29,松山,primary,2.391,0,66.0,Moderate,1,18.1,18.0,26.0,23.0,20.0,17.0,0.3,0.39,1.2,10.0
2026-09-28 08:00,2026092807,屏東,南二區,1066,潮州驛站,屏東縣潮州鎮信義路111號1F,69,潮州,primary,1.548,0,45.0,Good,,11.1,14.0,17.0,20.0,14.0,17.0,0.1,0.22,0.7,2.0
2026-09-28 08:00,2026092807,台北,北一區,1067,大葉高島屋,臺北市士林區忠誠路2段55號4F,5,士林,primary,4.231,0,75.0,Moderate,1,21.3,19.0,26.0,29.0,17.0,21.0,0.3,0.35,1.4,10.0
2026-09-28 08:00,2026092807,新北,北三區,1068,環球中和,新北市中和區中山路3段122號2F,30,板橋,primary,4.299,0,67.0,Moderate,1,18.4,20.0,27.0,26.0,18.0,17.0,0.3,0.37,0.8,11.0
2026-09-28 08:00,2026092807,台中,新中區,1069,誠品台中三井,台中市梧棲區臺灣大道10段168號1F(櫃號19800),26,沙鹿,primary,4.502,0,36.0,Good,,9.0,7.0,20.0,15.0,23.0,25.0,0.1,0.18,0.7,4.0
2026-09-28 08:00,2026092807,桃園,桃新區,1070,環球青埔A19,桃園市中壢區高鐵南路二段352號4F,18,平鎮,primary,3.207,0,56.0,Moderate,1,14.4,13.0,25.0,18.0,22.0,23.0,0.2,0.22,0.9,7.0
2026-09-28 08:00,2026092807,台北,北二區,1071,南港CITY LINK,臺北市南港區東明里忠孝東路七段369號2F(B棟),29,松山,primary,3.502,0,66.0,Moderate,1,18.1,18.0,26.0,23.0,20.0,17.0,0.3,0.39,1.2,10.0
2026-09-28 08:00,2026092807,台北,北二區,917,微風台北車站店,台北市中正區北平西路3號 微風台北車站1樓(G18),16,古亭,primary,1.634,0,57.0,Moderate,1,14.6,12.0,24.0,21.0,18.0,19.0,0.2,0.26,1.2,5.0
2026-09-28 08:00,2026092807,台北,北二區,921,att4fun店,台北市信義區松壽路12號1F,29,松山,primary,2.265,0,66.0,Moderate,1,18.1,18.0,26.0,23.0,20.0,17.0,0.3,0.39,1.2,10.0
2026-09-28 08:00,2026092807,台北,北二區,923,京站店,台北市大同區承德路一段1號B1 (Q24012),11,中山,primary,1.364,0,66.0,Moderate,1,18.1,18.0,24.0,26.0,18.0,18.0,0.3,0.34,0.3,8.0
2026-09-28 08:00,2026092807,台北,北一區,925,忠孝敦化店,台北市大安區忠孝東路四段205巷20號1樓~3樓,16,古亭,primary,1.558,0,57.0,Moderate,1,14.6,12.0,24.0,21.0,18.0,19.0,0.2,0.26,1.2,5.0
2026-09-28 08:00,2026092807,高雄,南二區,930,漢神巨蛋店,高雄市左營區博愛二路777號4F,17,左營,primary,1.037,0,40.0,Good,,9.9,9.0,16.0,12.0,18.0,17.0,0.2,0.27,1.1,8.0
2026-09-28 08:00,2026092807,台北,北二區,932,微風南京店,台北市松山區南京東路三段337號B1-08(櫃號01070),29,松山,primary,2.391,0,66.0,Moderate,1,18.1,18.0,26.0,23.0,20.0,17.0,0.3,0.39,1.2,10.0
2026-09-28 08:00,2026092807,新北,桃新區,935,MITSUI OUTLET PARK 林口店,新北市林口區文化三路一段356號 1F,31,林口,primary,2.773,0,63.0,Moderate,1,16.8,11.0,25.0,18.0,22.0,21.0,0.3,0.28,0.7,10.0
2026-09-28 08:00,2026092807,台南,南一區,939,新光三越台南小西門,台南市中西區西門路1段658-1號1F,67,臺南,primary,2.822,0,31.0,Good,,7.6,10.0,15.0,20.0,21.0,21.0,0.1,0.22,1.3,6.0
2026-09-28 08:00,2026092807,新竹,新中區,940,新竹巨城店,新竹市東區中央路229號3F,55,新竹,primary,6.242,0,56.0,Moderate,1,14.5,10.0,21.0,12.0,13.0,16.0,0.2,0.24,1.0,9.0
2026-09-28 08:00,2026092807,台北,北一區,941,台北忠孝SOGO店,台北市大安區忠孝東路四段45號B1F,16,古亭,primary,1.558,0,57.0,Moderate,1,14.6,12.0,24.0,21.0,18.0,19.0,0.2,0.26,1.2,5.0
2026-09-28 08:00,2026092807,高雄,南二區,943,高雄三多SOGO店,高雄市前鎮區三多三路217號2F,10,小港,primary,3.812,0,56.0,Moderate,1,14.4,12.0,21.0,17.0,14.0,14.0,0.2,0.25,0.1,10.0
2026-09-28 08:00,2026092807,台南,南一區,944,南紡購物中心店,台南市東區中華東路一段366號2F,67,臺南,primary,1.221,0,31.0,Good,,7.6,10.0,15.0,20.0,21.0,21.0,0.1,0.22,1.3,6.0
2026-09-28 08:00,2026092807,桃園,桃新區,946,台茂購物中心店,桃園市蘆竹區南崁路一段112號B2F,43,桃園,primary,7.665,0,61.0,Moderate,1,16.3,12.0,25.0,23.0,26.0,20.0,0.2,0.28,1.6,9.0
2026-09-28 08:00,2026092807,桃園,桃新區,947,大江購物中心店,桃園市中壢區中園路二段501號B1F,18,平鎮,primary,3.207,0,56.0,Moderate,1,14.4,13.0,25.0,18.0,22.0,23.0,0.2,0.22,0.9,7.0
2026-09-28 08:00,2026092807,台北,北三區,950,南西店,台北市中山區南京西路13號1F,11,中山,primary,1.428,0,66.0,Moderate,1,18.1,18.0,24.0,26.0,18.0,18.0,0.3,0.34,0.3,8.0
2026-09-28 08:00,2026092807,台中,新中區,952,台中大遠百店,台中市西屯區台灣大道三段251號10F,25,西屯,primary,2.539,0,51.0,Moderate,1,12.6,14.0,18.0,19.0,16.0,14.0,0.2,0.25,1.3,6.0
2026-09-28 08:00,2026092807,桃園,桃新區,956,桃園ATT,桃園市桃園區中正路47號1F,43,桃園,primary,0.831,0,61.0,Moderate,1,16.3,12.0,25.0,23.0,26.0,20.0,0.2,0.28,1.6,9.0
2026-09-28 08:00,2026092807,台中,新中區,958,台中新時代,台中市東區復興路四段186號2F,7,大里,primary,4.601,0,45.0,Good,,11.1,5.0,17.0,17.0,20.0,19.0,0.2,0.26,0.9,6.0
2026-09-28 08:00,2026092807,台中,新中區,960,秀泰台中站前店,台中市東區南京路66號1F,7,大里,primary,4.601,0,45.0,Good,,11.1,5.0,17.0,17.0,20.0,19.0,0.2,0.26,0.9,6.0
2026-09-28 08:00,2026092807,台北,北二區,964,新光三越信義A11,台北市信義區松壽路11號B1F,29,松山,primary,2.265,0,66.0,Moderate,1,18.1,18.0,26.0,23.0,20.0,17.0,0.3,0.39,1.2,10.0
2026-09-28 08:00,2026092807,台北,北一區,966,台北天母ＳＯＧＯ,台北市士林區中山北路六段77號2F,5,士林,primary,4.231,0,75.0,Moderate,1,21.3,19.0,26.0,29.0,17.0,21.0,0.3,0.35,1.4,10.0
2026-09-28 08:00,2026092807,高雄,南二區,967,高雄大遠百,高雄市苓雅區三多四路21號3F,35,前金,primary,3.688,0,32.0,Good,,7.9,4.0,18.0,21.0,18.0,24.0,0.2,0.24,0.6,5.0
2026-09-28 08:00,2026092807,基隆,北二區,969,基隆東岸廣場,基隆市仁愛區仁二路236號1F,46,基隆,primary,1.993,0,75.0,Moderate,1,21.2,17.0,30.0,26.0,11.0,22.0,0.4,0.38,1.6,7.0
2026-09-28 08:00,2026092807,新北,北三區,973,環球板橋,新北市板橋區縣民大道二段7號2F,30,板橋,primary,0.142,0,67.0,Moderate,1,18.4,20.0,27.0,26.0,18.0,17.0,0.3,0.37,0.8,11.0
2026-09-28 08:00,2026092807,台北,北二區,975,美麗華店,台北市中山區敬業三路20號B1F,11,中山,primary,1.428,0,66.0,Moderate,1,18.1,18.0,24.0,26.0,18.0,18.0,0.3,0.34,0.3,8.0
2026-09-28 08:00,2026092807,新北,北三區,981,新店家樂福店,新北市新店區中興路三段1號1F,56,新店,primary,5.244,0,51.0,Moderate,1,12.5,13.0,21.0,21.0,18.0,18.0,0.2,0.27,0.4,5.0
2026-09-28 08:00,2026092807,桃園,桃新區,982,內壢家樂福店,桃園市中壢區中華路一段450號1F,18,平鎮,primary,3.207,0,56.0,Moderate,1,14.4,13.0,25.0,18.0,22.0,23.0,0.2,0.22,0.9,7.0
2026-09-28 08:00,2026092807,桃園,桃新區,984,經國家樂福店,桃園市桃園區經國路 369號B1F,43,桃園,primary,0.831,0,61.0,Moderate,1,16.3,12.0,25.0,23.0,26.0,20.0,0.2,0.28,1.6,9.0
2026-09-28 08:00,2026092807,台北,北二區,986,內湖CITYLINK店,台北市內湖區成功路四段188號1F,29,松山,primary,3.996,0,66.0,Moderate,1,18.1,18.0,26.0,23.0,20.0,17.0,0.3,0.39,1.2,10.0
2026-09-28 08:00,2026092807,高雄,南一區,987,新光三越高雄左營店,高雄市左營區高鐵路123號3F,17,左營,primary,1.037,0,40.0,Good,,9.9,9.0,16.0,12.0,18.0,17.0,0.2,0.27,1.1,8.0
2026-09-28 08:00,2026092807,嘉義,南一區,988,秀泰嘉義店,嘉義市西區文化路299號1F,63,嘉義,primary,3.538,0,35.0,Good,,8.7,8.0,21.0,18.0,14.0,19.0,0.1,0.2,1.1,5.0
2026-09-28 08:00,2026092807,高雄,南二區,990,高雄成功家樂福OUTLET店,高雄市前鎮區中華五路1111號1F,10,小港,primary,3.812,0,56.0,Moderate,1,14.4,12.0,21.0,17.0,14.0,14.0,0.2,0.25,0.1,10.0
2026-09-28 08:00,2026092807,台北,北一區,992,西門漢中,台北市萬華區漢中街110號,62,萬華,primary,2.232,0,53.0,Moderate,1,13.4,11.0,21.0,19.0,18.0,17.0,0.2,0.34,1.0,8.0
2026-09-28 08:00,2026092807,新北,北三區,993,秀泰樹林,新北市樹林區樹新路40-6號1F,4,土城,primary,5.133,0,75.0,Moderate,1,21.2,21.0,31.0,32.0,14.0,12.0,0.3,0.34,0.9,12.0
2026-09-28 08:00,2026092807,新北,北三區,995,JCPARK新莊店,新北市新莊區幸福路742號1F,57,新莊,primary,0.49,0,74.0,Moderate,1,21.0,17.0,32.0,29.0,17.0,21.0,0.4,0.39,1.1,9.0
2026-09-28 08:00,2026092807,新北,北三區,996,板橋府中店,新北市板橋區中山路一段19號1F,30,板橋,primary,0.142,0,67.0,Moderate,1,18.4,20.0,27.0,26.0,18.0,17.0,0.3,0.37,0.8,11.0
2026-09-28 08:00,2026092807,新北,北三區,997,京站小碧潭店,新北市新店區中央路157號5F,56,新店,primary,5.244,0,51.0,Moderate,1,12.5,13.0,21.0,21.0,18.0,18.0,0.2,0.27,0.4,5.0
2026-09-28 08:00,2026092807,屏東,南二區,998,屏東車站店,屏東縣屏東市公勇路62號1F,38,屏東,primary,1.241,0,41.0,Good,,10.2,9.0,22.0,23.0,14.0,17.0,0.2,0.26,1.0,5.0
2026-09-28 15:00,2026092814,桃園,桃新區,1001,八德置地生活店,桃園市八德區介壽路一段728號1F,43,桃園,primary,5.193,0,38.0,Good,,8.2,7.0,16.0,22.0,41.0,58.0,0.1,0.16,1.6,3.0
2026-09-28 15:00,2026092814,桃園,桃新區,1002,新光影城桃園高鐵站店,桃園市中壢區春德路107號1F,18,平鎮,primary,3.207,0,37.0,Good,,9.1,8.0,19.0,23.0,40.0,53.0,0.1,0.17,1.0,4.0
2026-09-28 15:00,2026092814,新北,北三區,1003,蘆洲佳瑪店,新北市蘆洲區長榮路2號1F,53,菜寮,primary,2.465,0,41.0,Good,,8.6,8.0,16.0,16.0,44.0,64.0,0.2,0.22,0.7,5.0
2026-09-28 15:00,2026092814,彰化,南一區,1008,員林大潤發店,彰化縣埔心鄉中山路319號1F,139,員林,primary,3.097,0,35.0,Good,,8.2,6.0,16.0,17.0,38.0,40.0,0.1,0.15,1.2,1.0
2026-09-28 15:00,2026092814,花蓮,北一區,1009,花蓮遠百店,花蓮縣花蓮市和平路581號1F,33,花蓮,primary,2.954,0,34.0,Good,,8.5,9.0,19.0,18.0,36.0,43.0,0.2,0.21,0.2,1.0
2026-09-28 15:00,2026092814,高雄,南二區,1010,高雄夢時代,高雄市前鎮區中華五路789號7F,10,小港,primary,3.812,0,31.0,Good,,7.8,6.0,16.0,19.0,29.0,35.0,0.1,0.15,0.6,5.0
2026-09-28 15:00,2026092814,新竹,新中區,1012,遠百竹北店,新竹縣竹北市莊敬北路18號6F,55,新竹,primary,4.271,0,39.0,Good,,9.7,11.0,20.0,22.0,35.0,39.0,0.2,0.21,2.6,7.0
2026-09-28 15:00,2026092814,台東,南二區,1013,秀泰台東,台東縣台東市新生路93號2F,66,臺東,primary,4.131,0,35.0,Good,,8.7,11.0,16.0,13.0,29.0,30.0,0.1,0.15,1.1,2.0
2026-09-28 15:00,2026092814,台南,南一區,1015,MITSUI OUTLET PARK 台南店,台南市歸仁區歸仁大道101號3F,67,臺南,primary,8.892,0,30.0,Good,,7.2,8.0,14.0,12.0,32.0,33.0,0.1,0.15,1.0,2.0
2026-09-28 15:00,2026092814,新北,北三區,1017,三重佳瑪,新北市三重區自強路一段73號1F,53,菜寮,primary,0.916,0,41.0,Good,,8.6,8.0,16.0,16.0,44.0,64.0,0.2,0.22,0.7,5.0
2026-09-28 15:00,2026092814,新竹,新中區,1018,新竹大魯閣店（遠雄廣場）,新竹市北區大雅路88號1F,55,新竹,primary,6.242,0,39.0,Good,,9.7,11.0,20.0,22.0,35.0,39.0,0.2,0.21,2.6,7.0
2026-09-28 15:00,2026092814,台中,新中區,1021,台中中友店,台中市北區三民路三段161號A棟3F,28,忠明,primary,4.112,0,35.0,Good,,6.1,8.0,11.0,17.0,38.0,47.0,0.1,0.19,1.4,3.0
2026-09-28 15:00,2026092814,台北,北二區,1022,內湖大全聯,台北市內湖區舊宗路一段188號1F,29,松山,primary,3.996,0,43.0,Good,,10.6,8.0,21.0,28.0,45.0,64.0,0.2,0.23,1.1,6.0
2026-09-28 15:00,2026092814,新北,北三區,1024,板橋愛買店,新北市板橋區貴興路101號1F,30,板橋,primary,0.142,0,40.0,Good,,9.4,6.0,18.0,20.0,43.0,63.0,0.2,0.22,1.0,4.0
2026-09-28 15:00,2026092814,新北,北三區,1025,新莊宏匯店,新北市新莊區新北大道4段3號2F,57,新莊,primary,0.49,0,44.0,Good,,10.8,8.0,22.0,18.0,43.0,64.0,0.2,0.16,1.2,4.0
2026-09-28 15:00,2026092814,台中,新中區,1029,Mitsui Shopping Park LaLaport台中店,台中市東區進德路600號3F(櫃號C30270),7,大里,primary,4.601,0,33.0,Good,,5.3,7.0,12.0,19.0,36.0,47.0,0.1,0.15,1.1,3.0
2026-09-28 15:00,2026092814,新北,北三區,1031,三峽店,新北市三峽區民生街106之3號1F,4,土城,primary,11.729,0,46.0,Good,,11.4,9.0,21.0,15.0,38.0,55.0,0.2,0.2,1.2,4.0
2026-09-28 15:00,2026092814,台中,新中區,1032,新光三越台中中港,台中市西屯區台灣大道三段301號6F,25,西屯,primary,2.539,0,38.0,Good,,9.5,12.0,17.0,22.0,36.0,45.0,0.1,0.14,1.2,2.0
2026-09-28 15:00,2026092814,高雄,南二區,1033,高雄SKM Park,高雄市前鎮區中安路1-1號1F,10,小港,primary,3.812,0,31.0,Good,,7.8,6.0,16.0,19.0,29.0,35.0,0.1,0.15,0.6,5.0
2026-09-28 15:00,2026092814,高雄,南一區,1034,高雄漢神百貨,高雄市前金區成功一路266-1號7F,35,前金,primary,1.1,0,29.0,Good,,5.2,5.0,14.0,18.0,31.0,35.0,0.1,0.17,0.4,2.0
2026-09-28 15:00,2026092814,台北,北二區,1036,台北永康,台北市大安區永康街10-3號1F,16,古亭,primary,1.558,0,42.0,Good,,8.9,5.0,18.0,20.0,45.0,62.0,0.2,0.2,1.2,4.0
2026-09-28 15:00,2026092814,新北,北一區,1037,竹圍店,新北市淡水區民權路42號1~2F,48,淡水,primary,3.106,0,42.0,Good,,10.3,7.0,21.0,21.0,40.0,45.0,0.2,0.19,1.2,5.0
2026-09-28 15:00,2026092814,台北,北一區,1038,石牌,台北市北投區石牌路二段66號,5,士林,primary,4.975,0,46.0,Good,,11.5,11.0,23.0,27.0,46.0,62.0,0.2,0.22,1.2,6.0
2026-09-28 15:00,2026092814,苗栗,新中區,1040,頭份大潤發,苗栗縣頭份市自強路230號1F,55,新竹,primary,15.362,0,39.0,Good,,9.7,11.0,20.0,22.0,35.0,39.0,0.2,0.21,2.6,7.0
2026-09-28 15:00,2026092814,桃園,桃新區,1041,中原家樂福,桃園市中壢區中華路二段 501號1F,18,平鎮,primary,3.207,0,37.0,Good,,9.1,8.0,19.0,23.0,40.0,53.0,0.1,0.17,1.0,4.0
2026-09-28 15:00,2026092814,高雄,南二區,1044,高雄義享,高雄市鼓山區大順一路115號3F,35,前金,primary,2.226,0,29.0,Good,,5.2,5.0,14.0,18.0,31.0,35.0,0.1,0.17,0.4,2.0
2026-09-28 15:00,2026092814,新北,北一區,1045,江子翠,新北市板橋區雙十路二段176號1F,30,板橋,primary,0.142,0,40.0,Good,,9.4,6.0,18.0,20.0,43.0,63.0,0.2,0.22,1.0,4.0
2026-09-28 15:00,2026092814,澎湖,南一區,1046,澎湖三號港,澎湖縣馬公市同和路158號3F,44,馬公,primary,3.072,0,33.0,Good,,8.0,10.0,18.0,16.0,36.0,33.0,0.1,0.18,0.6,3.0
2026-09-28 15:00,2026092814,桃園,桃新區,1047,環球桃園A8,桃園市龜山區復興一路8號B1F,31,林口,primary,6.046,0,39.0,Good,,9.7,13.0,20.0,31.0,40.0,53.0,0.2,0.18,0.8,4.0
2026-09-28 15:00,2026092814,台北,北一區,1049,公館,台北市中正區羅斯福路四段88之1號,16,古亭,primary,1.634,0,42.0,Good,,8.9,5.0,18.0,20.0,45.0,62.0,0.2,0.2,1.2,4.0
2026-09-28 15:00,2026092814,新北,北三區,1050,新店佳瑪,新北市新店區民權路78號1F,56,新店,primary,5.244,0,38.0,Good,,7.0,3.0,13.0,8.0,41.0,52.0,0.2,0.17,0.7,3.0
2026-09-28 15:00,2026092814,台北,北一區,1051,LaLaport南港,台北市南港區經貿二路131號3F,29,松山,primary,3.502,0,43.0,Good,,10.6,8.0,21.0,28.0,45.0,64.0,0.2,0.23,1.1,6.0
2026-09-28 15:00,2026092814,台北,北二區,1054,大巨蛋sogo,台北市信義區忠孝東路4段505號4F,29,松山,primary,2.265,0,43.0,Good,,10.6,8.0,21.0,28.0,45.0,64.0,0.2,0.23,1.1,6.0
2026-09-28 15:00,2026092814,宜蘭,北二區,1055,新月廣場,宜蘭縣宜蘭市民權路二段38巷6號3F,27,宜蘭,primary,1.095,0,40.0,Good,,10.0,10.0,15.0,13.0,40.0,51.0,0.2,0.21,1.0,2.0
2026-09-28 15:00,2026092814,台北,北二區,1056,統一夢廣場,台北市信義區松高路11號B1F,29,松山,primary,2.265,0,43.0,Good,,10.6,8.0,21.0,28.0,45.0,64.0,0.2,0.23,1.1,6.0
2026-09-28 15:00,2026092814,新北,北三區,1057,新莊民安,新北市新莊區民安路224號1樓,57,新莊,primary,0.49,0,44.0,Good,,10.8,8.0,22.0,18.0,43.0,64.0,0.2,0.16,1.2,4.0
2026-09-28 15:00,2026092814,新北,北一區,1059,淡水,新北市淡水區中山路1之1號1F,48,淡水,primary,3.106,0,42.0,Good,,10.3,7.0,21.0,21.0,40.0,45.0,0.2,0.19,1.2,5.0
2026-09-28 15:00,2026092814,嘉義,南一區,1060,嘉義新光,嘉義市西區垂楊路726號4樓,63,嘉義,primary,3.538,0,31.0,Good,,4.8,4.0,16.0,13.0,33.0,36.0,0.1,0.13,0.9,2.0
2026-09-28 15:00,2026092814,新竹,新中區,1062,竹馬,新竹市東區光復路二段690號2F。 平安樓-眼科眼鏡配整中心,55,新竹,primary,6.242,0,39.0,Good,,9.7,11.0,20.0,22.0,35.0,39.0,0.2,0.21,2.6,7.0
2026-09-28 15:00,2026092814,台中,新中區,1063,漢神洲際,台中市北屯區崇德路三段865號3F,74,豐原,primary,8.142,0,37.0,Good,,4.4,5.0,13.0,16.0,40.0,52.0,0.1,0.17,0.9,3.0
2026-09-28 15:00,2026092814,台北,北一區,1065,台北微風廣場,臺北市松山區復興南路一段39號3F,29,松山,primary,2.391,0,43.0,Good,,10.6,8.0,21.0,28.0,45.0,64.0,0.2,0.23,1.1,6.0
2026-09-28 15:00,2026092814,屏東,南二區,1066,潮州驛站,屏東縣潮州鎮信義路111號1F,69,潮州,primary,1.548,0,34.0,Good,,8.0,8.0,19.0,30.0,37.0,42.0,0.1,0.14,1.1,2.0
2026-09-28 15:00,2026092814,台北,北一區,1067,大葉高島屋,臺北市士林區忠誠路2段55號4F,5,士林,primary,4.231,0,46.0,Good,,11.5,11.0,23.0,27.0,46.0,62.0,0.2,0.22,1.2,6.0
2026-09-28 15:00,2026092814,新北,北三區,1068,環球中和,新北市中和區中山路3段122號2F,30,板橋,primary,4.299,0,40.0,Good,,9.4,6.0,18.0,20.0,43.0,63.0,0.2,0.22,1.0,4.0
2026-09-28 15:00,2026092814,台中,新中區,1069,誠品台中三井,台中市梧棲區臺灣大道10段168號1F(櫃號19800),26,沙鹿,primary,4.502,0,34.0,Good,,5.6,6.0,18.0,18.0,37.0,38.0,0.1,0.15,0.7,3.0
2026-09-28 15:00,2026092814,桃園,桃新區,1070,環球青埔A19,桃園市中壢區高鐵南路二段352號4F,18,平鎮,primary,3.207,0,37.0,Good,,9.1,8.0,19.0,23.0,40.0,53.0,0.1,0.17,1.0,4.0
2026-09-28 15:00,2026092814,台北,北二區,1071,南港CITY LINK,臺北市南港區東明里忠孝東路七段369號2F(B棟),29,松山,primary,3.502,0,43.0,Good,,10.6,8.0,21.0,28.0,45.0,64.0,0.2,0.23,1.1,6.0
2026-09-28 15:00,2026092814,台北,北二區,917,微風台北車站店,台北市中正區北平西路3號 微風台北車站1樓(G18),16,古亭,primary,1.634,0,42.0,Good,,8.9,5.0,18.0,20.0,45.0,62.0,0.2,0.2,1.2,4.0
2026-09-28 15:00,2026092814,台北,北二區,921,att4fun店,台北市信義區松壽路12號1F,29,松山,primary,2.265,0,43.0,Good,,10.6,8.0,21.0,28.0,45.0,64.0,0.2,0.23,1.1,6.0
2026-09-28 15:00,2026092814,台北,北二區,923,京站店,台北市大同區承德路一段1號B1 (Q24012),11,中山,primary,1.364,0,43.0,Good,,10.7,13.0,22.0,40.0,41.0,59.0,0.3,0.27,0.8,10.0
2026-09-28 15:00,2026092814,台北,北一區,925,忠孝敦化店,台北市大安區忠孝東路四段205巷20號1樓~3樓,16,古亭,primary,1.558,0,42.0,Good,,8.9,5.0,18.0,20.0,45.0,62.0,0.2,0.2,1.2,4.0
2026-09-28 15:00,2026092814,高雄,南二區,930,漢神巨蛋店,高雄市左營區博愛二路777號4F,17,左營,primary,1.037,0,32.0,Good,,7.9,10.0,13.0,17.0,30.0,36.0,0.1,0.15,0.5,2.0
2026-09-28 15:00,2026092814,台北,北二區,932,微風南京店,台北市松山區南京東路三段337號B1-08(櫃號01070),29,松山,primary,2.391,0,43.0,Good,,10.6,8.0,21.0,28.0,45.0,64.0,0.2,0.23,1.1,6.0
2026-09-28 15:00,2026092814,新北,桃新區,935,MITSUI OUTLET PARK 林口店,新北市林口區文化三路一段356號 1F,31,林口,primary,2.773,0,39.0,Good,,9.7,13.0,20.0,31.0,40.0,53.0,0.2,0.18,0.8,4.0
2026-09-28 15:00,2026092814,台南,南一區,939,新光三越台南小西門,台南市中西區西門路1段658-1號1F,67,臺南,primary,2.822,0,30.0,Good,,7.2,8.0,14.0,12.0,32.0,33.0,0.1,0.15,1.0,2.0
2026-09-28 15:00,2026092814,新竹,新中區,940,新竹巨城店,新竹市東區中央路229號3F,55,新竹,primary,6.242,0,39.0,Good,,9.7,11.0,20.0,22.0,35.0,39.0,0.2,0.21,2.6,7.0
2026-09-28 15:00,2026092814,台北,北一區,941,台北忠孝SOGO店,台北市大安區忠孝東路四段45號B1F,16,古亭,primary,1.558,0,42.0,Good,,8.9,5.0,18.0,20.0,45.0,62.0,0.2,0.2,1.2,4.0
2026-09-28 15:00,2026092814,高雄,南二區,943,高雄三多SOGO店,高雄市前鎮區三多三路217號2F,10,小港,primary,3.812,0,31.0,Good,,7.8,6.0,16.0,19.0,29.0,35.0,0.1,0.15,0.6,5.0
2026-09-28 15:00,2026092814,台南,南一區,944,南紡購物中心店,台南市東區中華東路一段366號2F,67,臺南,primary,1.221,0,30.0,Good,,7.2,8.0,14.0,12.0,32.0,33.0,0.1,0.15,1.0,2.0
2026-09-28 15:00,2026092814,桃園,桃新區,946,台茂購物中心店,桃園市蘆竹區南崁路一段112號B2F,43,桃園,primary,7.665,0,38.0,Good,,8.2,7.0,16.0,22.0,41.0,58.0,0.1,0.16,1.6,3.0
2026-09-28 15:00,2026092814,桃園,桃新區,947,大江購物中心店,桃園市中壢區中園路二段501號B1F,18,平鎮,primary,3.207,0,37.0,Good,,9.1,8.0,19.0,23.0,40.0,53.0,0.1,0.17,1.0,4.0
2026-09-28 15:00,2026092814,台北,北三區,950,南西店,台北市中山區南京西路13號1F,11,中山,primary,1.428,0,43.0,Good,,10.7,13.0,22.0,40.0,41.0,59.0,0.3,0.27,0.8,10.0
2026-09-28 15:00,2026092814,台中,新中區,952,台中大遠百店,台中市西屯區台灣大道三段251號10F,25,西屯,primary,2.539,0,38.0,Good,,9.5,12.0,17.0,22.0,36.0,45.0,0.1,0.14,1.2,2.0
2026-09-28 15:00,2026092814,桃園,桃新區,956,桃園ATT,桃園市桃園區中正路47號1F,43,桃園,primary,0.831,0,38.0,Good,,8.2,7.0,16.0,22.0,41.0,58.0,0.1,0.16,1.6,3.0
2026-09-28 15:00,2026092814,台中,新中區,958,台中新時代,台中市東區復興路四段186號2F,7,大里,primary,4.601,0,33.0,Good,,5.3,7.0,12.0,19.0,36.0,47.0,0.1,0.15,1.1,3.0
2026-09-28 15:00,2026092814,台中,新中區,960,秀泰台中站前店,台中市東區南京路66號1F,7,大里,primary,4.601,0,33.0,Good,,5.3,7.0,12.0,19.0,36.0,47.0,0.1,0.15,1.1,3.0
2026-09-28 15:00,2026092814,台北,北二區,964,新光三越信義A11,台北市信義區松壽路11號B1F,29,松山,primary,2.265,0,43.0,Good,,10.6,8.0,21.0,28.0,45.0,64.0,0.2,0.23,1.1,6.0
2026-09-28 15:00,2026092814,台北,北一區,966,台北天母ＳＯＧＯ,台北市士林區中山北路六段77號2F,5,士林,primary,4.231,0,46.0,Good,,11.5,11.0,23.0,27.0,46.0,62.0,0.2,0.22,1.2,6.0
2026-09-28 15:00,2026092814,高雄,南二區,967,高雄大遠百,高雄市苓雅區三多四路21號3F,35,前金,primary,3.688,0,29.0,Good,,5.2,5.0,14.0,18.0,31.0,35.0,0.1,0.17,0.4,2.0
2026-09-28 15:00,2026092814,基隆,北二區,969,基隆東岸廣場,基隆市仁愛區仁二路236號1F,46,基隆,primary,1.993,0,61.0,Moderate,1,16.1,19.0,28.0,32.0,54.0,73.0,0.3,0.28,2.6,4.0
2026-09-28 15:00,2026092814,新北,北三區,973,環球板橋,新北市板橋區縣民大道二段7號2F,30,板橋,primary,0.142,0,40.0,Good,,9.4,6.0,18.0,20.0,43.0,63.0,0.2,0.22,1.0,4.0
2026-09-28 15:00,2026092814,台北,北二區,975,美麗華店,台北市中山區敬業三路20號B1F,11,中山,primary,1.428,0,43.0,Good,,10.7,13.0,22.0,40.0,41.0,59.0,0.3,0.27,0.8,10.0
2026-09-28 15:00,2026092814,新北,北三區,981,新店家樂福店,新北市新店區中興路三段1號1F,56,新店,primary,5.244,0,38.0,Good,,7.0,3.0,13.0,8.0,41.0,52.0,0.2,0.17,0.7,3.0
2026-09-28 15:00,2026092814,桃園,桃新區,982,內壢家樂福店,桃園市中壢區中華路一段450號1F,18,平鎮,primary,3.207,0,37.0,Good,,9.1,8.0,19.0,23.0,40.0,53.0,0.1,0.17,1.0,4.0
2026-09-28 15:00,2026092814,桃園,桃新區,984,經國家樂福店,桃園市桃園區經國路 369號B1F,43,桃園,primary,0.831,0,38.0,Good,,8.2,7.0,16.0,22.0,41.0,58.0,0.1,0.16,1.6,3.0
2026-09-28 15:00,2026092814,台北,北二區,986,內湖CITYLINK店,台北市內湖區成功路四段188號1F,29,松山,primary,3.996,0,43.0,Good,,10.6,8.0,21.0,28.0,45.0,64.0,0.2,0.23,1.1,6.0
2026-09-28 15:00,2026092814,高雄,南一區,987,新光三越高雄左營店,高雄市左營區高鐵路123號3F,17,左營,primary,1.037,0,32.0,Good,,7.9,10.0,13.0,17.0,30.0,36.0,0.1,0.15,0.5,2.0
2026-09-28 15:00,2026092814,嘉義,南一區,988,秀泰嘉義店,嘉義市西區文化路299號1F,63,嘉義,primary,3.538,0,31.0,Good,,4.8,4.0,16.0,13.0,33.0,36.0,0.1,0.13,0.9,2.0
2026-09-28 15:00,2026092814,高雄,南二區,990,高雄成功家樂福OUTLET店,高雄市前鎮區中華五路1111號1F,10,小港,primary,3.812,0,31.0,Good,,7.8,6.0,16.0,19.0,29.0,35.0,0.1,0.15,0.6,5.0
2026-09-28 15:00,2026092814,台北,北一區,992,西門漢中,台北市萬華區漢中街110號,62,萬華,primary,2.232,0,40.0,Good,,9.2,5.0,17.0,15.0,43.0,63.0,0.2,0.26,1.5,6.0
2026-09-28 15:00,2026092814,新北,北三區,993,秀泰樹林,新北市樹林區樹新路40-6號1F,4,土城,primary,5.133,0,46.0,Good,,11.4,9.0,21.0,15.0,38.0,55.0,0.2,0.2,1.2,4.0
2026-09-28 15:00,2026092814,新北,北三區,995,JCPARK新莊店,新北市新莊區幸福路742號1F,57,新莊,primary,0.49,0,44.0,Good,,10.8,8.0,22.0,18.0,43.0,64.0,0.2,0.16,1.2,4.0
2026-09-28 15:00,2026092814,新北,北三區,996,板橋府中店,新北市板橋區中山路一段19號1F,30,板橋,primary,0.142,0,40.0,Good,,9.4,6.0,18.0,20.0,43.0,63.0,0.2,0.22,1.0,4.0
2026-09-28 15:00,2026092814,新北,北三區,997,京站小碧潭店,新北市新店區中央路157號5F,56,新店,primary,5.244,0,38.0,Good,,7.0,3.0,13.0,8.0,41.0,52.0,0.2,0.17,0.7,3.0
2026-09-28 15:00,2026092814,屏東,南二區,998,屏東車站店,屏東縣屏東市公勇路62號1F,38,屏東,primary,1.241,0,32.0,Good,,5.2,4.0,18.0,24.0,35.0,38.0,0.1,0.18,1.0,4.0
2026-09-29 15:00,2026092914,桃園,桃新區,1001,八德置地生活店,桃園市八德區介壽路一段728號1F,43,桃園,primary,5.193,0,41.0,Good,,8.1,10.0,18.0,21.0,44.0,57.0,0.2,0.18,0.3,4.0
2026-09-29 15:00,2026092914,桃園,桃新區,1002,新光影城桃園高鐵站店,桃園市中壢區春德路107號1F,18,平鎮,primary,3.207,0,39.0,Good,,8.2,7.0,16.0,6.0,42.0,52.0,0.1,0.16,,5.0
2026-09-29 15:00,2026092914,新北,北三區,1003,蘆洲佳瑪店,新北市蘆洲區長榮路2號1F,53,菜寮,primary,2.465,0,45.0,Good,,10.5,9.0,21.0,21.0,49.0,59.0,0.3,0.24,1.4,8.0
2026-09-29 15:00,2026092914,彰化,南一區,1008,員林大潤發店,彰化縣埔心鄉中山路319號1F,139,員林,primary,3.097,0,38.0,Good,,7.5,7.0,18.0,17.0,41.0,47.0,0.1,0.15,0.9,2.0
2026-09-29 15:00,2026092914,花蓮,北一區,1009,花蓮遠百店,花蓮縣花蓮市和平路581號1F,33,花蓮,primary,2.954,0,33.0,Good,,7.5,4.0,15.0,15.0,36.0,44.0,0.2,0.2,0.6,1.0
2026-09-29 15:00,2026092914,高雄,南二區,1010,高雄夢時代,高雄市前鎮區中華五路789號7F,10,小港,primary,3.812,0,38.0,Good,,9.4,11.0,19.0,22.0,28.0,27.0,0.2,0.17,0.9,9.0
2026-09-29 15:00,2026092914,新竹,新中區,1012,遠百竹北店,新竹縣竹北市莊敬北路18號6F,55,新竹,primary,4.271,0,37.0,Good,,9.2,12.0,22.0,27.0,40.0,52.0,0.2,0.22,2.4,8.0
2026-09-29 15:00,2026092914,台東,南二區,1013,秀泰台東,台東縣台東市新生路93號2F,66,臺東,primary,4.131,0,34.0,Good,,8.5,9.0,17.0,18.0,32.0,46.0,0.2,0.19,0.7,3.0
2026-09-29 15:00,2026092914,台南,南一區,1015,MITSUI OUTLET PARK 台南店,台南市歸仁區歸仁大道101號3F,67,臺南,primary,8.892,0,31.0,Good,,7.7,6.0,18.0,15.0,34.0,35.0,0.1,0.14,0.8,3.0
2026-09-29 15:00,2026092914,新北,北三區,1017,三重佳瑪,新北市三重區自強路一段73號1F,53,菜寮,primary,0.916,0,45.0,Good,,10.5,9.0,21.0,21.0,49.0,59.0,0.3,0.24,1.4,8.0
2026-09-29 15:00,2026092914,新竹,新中區,1018,新竹大魯閣店（遠雄廣場）,新竹市北區大雅路88號1F,55,新竹,primary,6.242,0,37.0,Good,,9.2,12.0,22.0,27.0,40.0,52.0,0.2,0.22,2.4,8.0
2026-09-29 15:00,2026092914,台中,新中區,1021,台中中友店,台中市北區三民路三段161號A棟3F,28,忠明,primary,4.112,0,37.0,Good,,6.4,7.0,14.0,19.0,40.0,50.0,0.2,0.19,1.6,5.0
2026-09-29 15:00,2026092914,台北,北二區,1022,內湖大全聯,台北市內湖區舊宗路一段188號1F,29,松山,primary,3.996,0,45.0,Good,,9.4,8.0,22.0,27.0,49.0,69.0,0.3,0.23,1.3,10.0
2026-09-29 15:00,2026092914,新北,北三區,1024,板橋愛買店,新北市板橋區貴興路101號1F,30,板橋,primary,0.142,0,44.0,Good,,9.4,8.0,19.0,,47.0,63.0,0.2,,,
2026-09-29 15:00,2026092914,新北,北三區,1025,新莊宏匯店,新北市新莊區新北大道4段3號2F,57,新莊,primary,0.49,0,47.0,Good,,11.0,8.0,28.0,27.0,38.0,52.0,0.2,0.11,1.1,5.0
2026-09-29 15:00,2026092914,台中,新中區,1029,Mitsui Shopping Park LaLaport台中店,台中市東區進德路600號3F(櫃號C30270),7,大里,primary,4.601,0,33.0,Good,,7.3,9.0,15.0,12.0,36.0,51.0,0.2,0.19,0.9,5.0
2026-09-29 15:00,2026092914,新北,北三區,1031,三峽店,新北市三峽區民生街106之3號1F,4,土城,primary,11.729,0,44.0,Good,,10.7,10.0,20.0,14.0,47.0,61.0,0.2,0.19,0.7,5.0
2026-09-29 15:00,2026092914,台中,新中區,1032,新光三越台中中港,台中市西屯區台灣大道三段301號6F,25,西屯,primary,2.539,0,36.0,Good,,9.0,12.0,21.0,31.0,37.0,50.0,0.1,0.16,1.2,3.0
2026-09-29 15:00,2026092914,高雄,南二區,1033,高雄SKM Park,高雄市前鎮區中安路1-1號1F,10,小港,primary,3.812,0,38.0,Good,,9.4,11.0,19.0,22.0,28.0,27.0,0.2,0.17,0.9,9.0
2026-09-29 15:00,2026092914,高雄,南一區,1034,高雄漢神百貨,高雄市前金區成功一路266-1號7F,35,前金,primary,1.1,0,31.0,Good,,5.7,3.0,12.0,15.0,33.0,30.0,0.2,0.15,0.3,2.0
2026-09-29 15:00,2026092914,台北,北二區,1036,台北永康,台北市大安區永康街10-3號1F,16,古亭,primary,1.558,0,51.0,Moderate,3,8.4,7.0,22.0,25.0,55.0,72.0,0.2,0.2,1.3,6.0
2026-09-29 15:00,2026092914,新北,北一區,1037,竹圍店,新北市淡水區民權路42號1~2F,48,淡水,primary,3.106,0,42.0,Good,,7.2,9.0,21.0,26.0,45.0,60.0,0.2,0.24,0.7,5.0
2026-09-29 15:00,2026092914,台北,北一區,1038,石牌,台北市北投區石牌路二段66號,5,士林,primary,4.975,0,52.0,Moderate,1,12.9,11.0,30.0,40.0,50.0,62.0,0.2,0.21,1.4,9.0
2026-09-29 15:00,2026092914,苗栗,新中區,1040,頭份大潤發,苗栗縣頭份市自強路230號1F,55,新竹,primary,15.362,0,37.0,Good,,9.2,12.0,22.0,27.0,40.0,52.0,0.2,0.22,2.4,8.0
2026-09-29 15:00,2026092914,桃園,桃新區,1041,中原家樂福,桃園市中壢區中華路二段 501號1F,18,平鎮,primary,3.207,0,39.0,Good,,8.2,7.0,16.0,6.0,42.0,52.0,0.1,0.16,,5.0
2026-09-29 15:00,2026092914,高雄,南二區,1044,高雄義享,高雄市鼓山區大順一路115號3F,35,前金,primary,2.226,0,31.0,Good,,5.7,3.0,12.0,15.0,33.0,30.0,0.2,0.15,0.3,2.0
2026-09-29 15:00,2026092914,新北,北一區,1045,江子翠,新北市板橋區雙十路二段176號1F,30,板橋,primary,0.142,0,44.0,Good,,9.4,8.0,19.0,,47.0,63.0,0.2,,,
2026-09-29 15:00,2026092914,澎湖,南一區,1046,澎湖三號港,澎湖縣馬公市同和路158號3F,44,馬公,primary,3.072,0,28.0,Good,,5.0,,15.0,21.0,30.0,35.0,0.2,,,
2026-09-29 15:00,2026092914,桃園,桃新區,1047,環球桃園A8,桃園市龜山區復興一路8號B1F,31,林口,primary,6.046,0,44.0,Good,,10.9,9.0,23.0,27.0,40.0,46.0,0.2,0.17,1.4,8.0
2026-09-29 15:00,2026092914,台北,北一區,1049,公館,台北市中正區羅斯福路四段88之1號,16,古亭,primary,1.634,0,51.0,Moderate,3,8.4,7.0,22.0,25.0,55.0,72.0,0.2,0.2,1.3,6.0
2026-09-29 15:00,2026092914,新北,北三區,1050,新店佳瑪,新北市新店區民權路78號1F,56,新店,primary,5.244,0,46.0,Good,,7.5,6.0,16.0,13.0,50.0,70.0,0.2,0.18,1.2,6.0
2026-09-29 15:00,2026092914,台北,北一區,1051,LaLaport南港,台北市南港區經貿二路131號3F,29,松山,primary,3.502,0,45.0,Good,,9.4,8.0,22.0,27.0,49.0,69.0,0.3,0.23,1.3,10.0
2026-09-29 15:00,2026092914,台北,北二區,1054,大巨蛋sogo,台北市信義區忠孝東路4段505號4F,29,松山,primary,2.265,0,45.0,Good,,9.4,8.0,22.0,27.0,49.0,69.0,0.3,0.23,1.3,10.0
2026-09-29 15:00,2026092914,宜蘭,北二區,1055,新月廣場,宜蘭縣宜蘭市民權路二段38巷6號3F,27,宜蘭,primary,1.095,0,46.0,Good,,11.4,11.0,18.0,15.0,40.0,45.0,0.2,0.22,1.1,2.0
2026-09-29 15:00,2026092914,台北,北二區,1056,統一夢廣場,台北市信義區松高路11號B1F,29,松山,primary,2.265,0,45.0,Good,,9.4,8.0,22.0,27.0,49.0,69.0,0.3,0.23,1.3,10.0
2026-09-29 15:00,2026092914,新北,北三區,1057,新莊民安,新北市新莊區民安路224號1樓,57,新莊,primary,0.49,0,47.0,Good,,11.0,8.0,28.0,27.0,38.0,52.0,0.2,0.11,1.1,5.0
2026-09-29 15:00,2026092914,新北,北一區,1059,淡水,新北市淡水區中山路1之1號1F,48,淡水,primary,3.106,0,42.0,Good,,7.2,9.0,21.0,26.0,45.0,60.0,0.2,0.24,0.7,5.0
2026-09-29 15:00,2026092914,嘉義,南一區,1060,嘉義新光,嘉義市西區垂楊路726號4樓,63,嘉義,primary,3.538,0,33.0,Good,,5.0,4.0,20.0,18.0,35.0,38.0,0.1,0.14,0.9,3.0
2026-09-29 15:00,2026092914,新竹,新中區,1062,竹馬,新竹市東區光復路二段690號2F。 平安樓-眼科眼鏡配整中心,55,新竹,primary,6.242,0,37.0,Good,,9.2,12.0,22.0,27.0,40.0,52.0,0.2,0.22,2.4,8.0
2026-09-29 15:00,2026092914,台中,新中區,1063,漢神洲際,台中市北屯區崇德路三段865號3F,74,豐原,primary,8.142,0,42.0,Good,,5.4,8.0,20.0,28.0,45.0,58.0,0.2,0.2,1.2,6.0
2026-09-29 15:00,2026092914,台北,北一區,1065,台北微風廣場,臺北市松山區復興南路一段39號3F,29,松山,primary,2.391,0,45.0,Good,,9.4,8.0,22.0,27.0,49.0,69.0,0.3,0.23,1.3,10.0
2026-09-29 15:00,2026092914,屏東,南二區,1066,潮州驛站,屏東縣潮州鎮信義路111號1F,69,潮州,primary,1.548,0,49.0,Good,,12.2,13.0,23.0,28.0,43.0,59.0,0.2,0.18,1.7,4.0
2026-09-29 15:00,2026092914,台北,北一區,1067,大葉高島屋,臺北市士林區忠誠路2段55號4F,5,士林,primary,4.231,0,52.0,Moderate,1,12.9,11.0,30.0,40.0,50.0,62.0,0.2,0.21,1.4,9.0
2026-09-29 15:00,2026092914,新北,北三區,1068,環球中和,新北市中和區中山路3段122號2F,30,板橋,primary,4.299,0,44.0,Good,,9.4,8.0,19.0,,47.0,63.0,0.2,,,
2026-09-29 15:00,2026092914,台中,新中區,1069,誠品台中三井,台中市梧棲區臺灣大道10段168號1F(櫃號19800),26,沙鹿,primary,4.502,0,37.0,Good,,6.8,4.0,22.0,26.0,38.0,38.0,0.1,0.15,0.6,5.0
2026-09-29 15:00,2026092914,桃園,桃新區,1070,環球青埔A19,桃園市中壢區高鐵南路二段352號4F,18,平鎮,primary,3.207,0,39.0,Good,,8.2,7.0,16.0,6.0,42.0,52.0,0.1,0.16,,5.0
2026-09-29 15:00,2026092914,台北,北二區,1071,南港CITY LINK,臺北市南港區東明里忠孝東路七段369號2F(B棟),29,松山,primary,3.502,0,45.0,Good,,9.4,8.0,22.0,27.0,49.0,69.0,0.3,0.23,1.3,10.0
2026-09-29 15:00,2026092914,台北,北二區,917,微風台北車站店,台北市中正區北平西路3號 微風台北車站1樓(G18),16,古亭,primary,1.634,0,51.0,Moderate,3,8.4,7.0,22.0,25.0,55.0,72.0,0.2,0.2,1.3,6.0
2026-09-29 15:00,2026092914,台北,北二區,921,att4fun店,台北市信義區松壽路12號1F,29,松山,primary,2.265,0,45.0,Good,,9.4,8.0,22.0,27.0,49.0,69.0,0.3,0.23,1.3,10.0
2026-09-29 15:00,2026092914,台北,北二區,923,京站店,台北市大同區承德路一段1號B1 (Q24012),11,中山,primary,1.364,0,49.0,Good,,12.2,11.0,26.0,38.0,47.0,57.0,0.3,0.34,1.1,15.0
2026-09-29 15:00,2026092914,台北,北一區,925,忠孝敦化店,台北市大安區忠孝東路四段205巷20號1樓~3樓,16,古亭,primary,1.558,0,51.0,Moderate,3,8.4,7.0,22.0,25.0,55.0,72.0,0.2,0.2,1.3,6.0
2026-09-29 15:00,2026092914,高雄,南二區,930,漢神巨蛋店,高雄市左營區博愛二路777號4F,17,左營,primary,1.037,0,27.0,Good,,6.8,6.0,14.0,10.0,29.0,29.0,0.2,0.15,0.8,1.0
2026-09-29 15:00,2026092914,台北,北二區,932,微風南京店,台北市松山區南京東路三段337號B1-08(櫃號01070),29,松山,primary,2.391,0,45.0,Good,,9.4,8.0,22.0,27.0,49.0,69.0,0.3,0.23,1.3,10.0
2026-09-29 15:00,2026092914,新北,桃新區,935,MITSUI OUTLET PARK 林口店,新北市林口區文化三路一段356號 1F,31,林口,primary,2.773,0,44.0,Good,,10.9,9.0,23.0,27.0,40.0,46.0,0.2,0.17,1.4,8.0
2026-09-29 15:00,2026092914,台南,南一區,939,新光三越台南小西門,台南市中西區西門路1段658-1號1F,67,臺南,primary,2.822,0,31.0,Good,,7.7,6.0,18.0,15.0,34.0,35.0,0.1,0.14,0.8,3.0
2026-09-29 15:00,2026092914,新竹,新中區,940,新竹巨城店,新竹市東區中央路229號3F,55,新竹,primary,6.242,0,37.0,Good,,9.2,12.0,22.0,27.0,40.0,52.0,0.2,0.22,2.4,8.0
2026-09-29 15:00,2026092914,台北,北一區,941,台北忠孝SOGO店,台北市大安區忠孝東路四段45號B1F,16,古亭,primary,1.558,0,51.0,Moderate,3,8.4,7.0,22.0,25.0,55.0,72.0,0.2,0.2,1.3,6.0
2026-09-29 15:00,2026092914,高雄,南二區,943,高雄三多SOGO店,高雄市前鎮區三多三路217號2F,10,小港,primary,3.812,0,38.0,Good,,9.4,11.0,19.0,22.0,28.0,27.0,0.2,0.17,0.9,9.0
2026-09-29 15:00,2026092914,台南,南一區,944,南紡購物中心店,台南市東區中華東路一段366號2F,67,臺南,primary,1.221,0,31.0,Good,,7.7,6.0,18.0,15.0,34.0,35.0,0.1,0.14,0.8,3.0
2026-09-29 15:00,2026092914,桃園,桃新區,946,台茂購物中心店,桃園市蘆竹區南崁路一段112號B2F,43,桃園,primary,7.665,0,41.0,Good,,8.1,10.0,18.0,21.0,44.0,57.0,0.2,0.18,0.3,4.0
2026-09-29 15:00,2026092914,桃園,桃新區,947,大江購物中心店,桃園市中壢區中園路二段501號B1F,18,平鎮,primary,3.207,0,39.0,Good,,8.2,7.0,16.0,6.0,42.0,52.0,0.1,0.16,,5.0
2026-09-29 15:00,2026092914,台北,北三區,950,南西店,台北市中山區南京西路13號1F,11,中山,primary,1.428,0,49.0,Good,,12.2,11.0,26.0,38.0,47.0,57.0,0.3,0.34,1.1,15.0
2026-09-29 15:00,2026092914,台中,新中區,952,台中大遠百店,台中市西屯區台灣大道三段251號10F,25,西屯,primary,2.539,0,36.0,Good,,9.0,12.0,21.0,31.0,37.0,50.0,0.1,0.16,1.2,3.0
2026-09-29 15:00,2026092914,桃園,桃新區,956,桃園ATT,桃園市桃園區中正路47號1F,43,桃園,primary,0.831,0,41.0,Good,,8.1,10.0,18.0,21.0,44.0,57.0,0.2,0.18,0.3,4.0
2026-09-29 15:00,2026092914,台中,新中區,958,台中新時代,台中市東區復興路四段186號2F,7,大里,primary,4.601,0,33.0,Good,,7.3,9.0,15.0,12.0,36.0,51.0,0.2,0.19,0.9,5.0
2026-09-29 15:00,2026092914,台中,新中區,960,秀泰台中站前店,台中市東區南京路66號1F,7,大里,primary,4.601,0,33.0,Good,,7.3,9.0,15.0,12.0,36.0,51.0,0.2,0.19,0.9,5.0
2026-09-29 15:00,2026092914,台北,北二區,964,新光三越信義A11,台北市信義區松壽路11號B1F,29,松山,primary,2.265,0,45.0,Good,,9.4,8.0,22.0,27.0,49.0,69.0,0.3,0.23,1.3,10.0
2026-09-29 15:00,2026092914,台北,北一區,966,台北天母ＳＯＧＯ,台北市士林區中山北路六段77號2F,5,士林,primary,4.231,0,52.0,Moderate,1,12.9,11.0,30.0,40.0,50.0,62.0,0.2,0.21,1.4,9.0
2026-09-29 15:00,2026092914,高雄,南二區,967,高雄大遠百,高雄市苓雅區三多四路21號3F,35,前金,primary,3.688,0,31.0,Good,,5.7,3.0,12.0,15.0,33.0,30.0,0.2,0.15,0.3,2.0
2026-09-29 15:00,2026092914,基隆,北二區,969,基隆東岸廣場,基隆市仁愛區仁二路236號1F,46,基隆,primary,1.993,0,56.0,Moderate,1,14.2,20.0,26.0,29.0,51.0,74.0,0.3,0.28,2.3,4.0
2026-09-29 15:00,2026092914,新北,北三區,973,環球板橋,新北市板橋區縣民大道二段7號2F,30,板橋,primary,0.142,0,44.0,Good,,9.4,8.0,19.0,,47.0,63.0,0.2,,,
2026-09-29 15:00,2026092914,台北,北二區,975,美麗華店,台北市中山區敬業三路20號B1F,11,中山,primary,1.428,0,49.0,Good,,12.2,11.0,26.0,38.0,47.0,57.0,0.3,0.34,1.1,15.0
2026-09-29 15:00,2026092914,新北,北三區,981,新店家樂福店,新北市新店區中興路三段1號1F,56,新店,primary,5.244,0,46.0,Good,,7.5,6.0,16.0,13.0,50.0,70.0,0.2,0.18,1.2,6.0
2026-09-29 15:00,2026092914,桃園,桃新區,982,內壢家樂福店,桃園市中壢區中華路一段450號1F,18,平鎮,primary,3.207,0,39.0,Good,,8.2,7.0,16.0,6.0,42.0,52.0,0.1,0.16,,5.0
2026-09-29 15:00,2026092914,桃園,桃新區,984,經國家樂福店,桃園市桃園區經國路 369號B1F,43,桃園,primary,0.831,0,41.0,Good,,8.1,10.0,18.0,21.0,44.0,57.0,0.2,0.18,0.3,4.0
2026-09-29 15:00,2026092914,台北,北二區,986,內湖CITYLINK店,台北市內湖區成功路四段188號1F,29,松山,primary,3.996,0,45.0,Good,,9.4,8.0,22.0,27.0,49.0,69.0,0.3,0.23,1.3,10.0
2026-09-29 15:00,2026092914,高雄,南一區,987,新光三越高雄左營店,高雄市左營區高鐵路123號3F,17,左營,primary,1.037,0,27.0,Good,,6.8,6.0,14.0,10.0,29.0,29.0,0.2,0.15,0.8,1.0
2026-09-29 15:00,2026092914,嘉義,南一區,988,秀泰嘉義店,嘉義市西區文化路299號1F,63,嘉義,primary,3.538,0,33.0,Good,,5.0,4.0,20.0,18.0,35.0,38.0,0.1,0.14,0.9,3.0
2026-09-29 15:00,2026092914,高雄,南二區,990,高雄成功家樂福OUTLET店,高雄市前鎮區中華五路1111號1F,10,小港,primary,3.812,0,38.0,Good,,9.4,11.0,19.0,22.0,28.0,27.0,0.2,0.17,0.9,9.0
2026-09-29 15:00,2026092914,台北,北一區,992,西門漢中,台北市萬華區漢中街110號,62,萬華,primary,2.232,0,48.0,Good,,11.8,10.0,22.0,18.0,49.0,62.0,0.3,0.25,1.4,10.0
2026-09-29 15:00,2026092914,新北,北三區,993,秀泰樹林,新北市樹林區樹新路40-6號1F,4,土城,primary,5.133,0,44.0,Good,,10.7,10.0,20.0,14.0,47.0,61.0,0.2,0.19,0.7,5.0
2026-09-29 15:00,2026092914,新北,北三區,995,JCPARK新莊店,新北市新莊區幸福路742號1F,57,新莊,primary,0.49,0,47.0,Good,,11.0,8.0,28.0,27.0,38.0,52.0,0.2,0.11,1.1,5.0
2026-09-29 15:00,2026092914,新北,北三區,996,板橋府中店,新北市板橋區中山路一段19號1F,30,板橋,primary,0.142,0,44.0,Good,,9.4,8.0,19.0,,47.0,63.0,0.2,,,
2026-09-29 15:00,2026092914,新北,北三區,997,京站小碧潭店,新北市新店區中央路157號5F,56,新店,primary,5.244,0,46.0,Good,,7.5,6.0,16.0,13.0,50.0,70.0,0.2,0.18,1.2,6.0
2026-09-29 15:00,2026092914,屏東,南二區,998,屏東車站店,屏東縣屏東市公勇路62號1F,38,屏東,primary,1.241,0,36.0,Good,,6.3,,18.0,18.0,39.0,48.0,0.1,,,
2026-09-30 16:00,2026093015,桃園,桃新區,1001,八德置地生活店,桃園市八德區介壽路一段728號1F,43,桃園,primary,5.193,0,84.0,Moderate,3,15.5,14.0,27.0,28.0,65.0,61.0,0.3,0.26,0.9,7.0
2026-09-30 16:00,2026093015,桃園,桃新區,1002,新光影城桃園高鐵站店,桃園市中壢區春德路107號1F,18,平鎮,primary,3.207,0,54.0,Moderate,3,13.3,12.0,25.0,24.0,56.0,53.0,0.2,0.24,1.5,7.0
2026-09-30 16:00,2026093015,新北,北三區,1003,蘆洲佳瑪店,新北市蘆洲區長榮路2號1F,53,菜寮,primary,2.465,0,71.0,Moderate,1,19.7,22.0,33.0,35.0,61.0,64.0,0.4,0.32,2.3,15.0
2026-09-30 16:00,2026093015,彰化,南一區,1008,員林大潤發店,彰化縣埔心鄉中山路319號1F,139,員林,primary,3.097,0,55.0,Moderate,1,13.8,18.0,26.0,27.0,55.0,53.0,0.2,0.25,0.8,3.0
2026-09-30 16:00,2026093015,花蓮,北一區,1009,花蓮遠百店,花蓮縣花蓮市和平路581號1F,33,花蓮,primary,2.954,0,34.0,Good,,8.4,8.0,18.0,13.0,37.0,33.0,0.1,0.16,0.3,1.0
2026-09-30 16:00,2026093015,高雄,南二區,1010,高雄夢時代,高雄市前鎮區中華五路789號7F,10,小港,primary,3.812,0,57.0,Moderate,1,14.7,18.0,22.0,23.0,44.0,60.0,0.2,0.24,0.4,9.0
2026-09-30 16:00,2026093015,新竹,新中區,1012,遠百竹北店,新竹縣竹北市莊敬北路18號6F,55,新竹,primary,4.271,0,56.0,Moderate,1,14.5,17.0,23.0,16.0,53.0,54.0,0.2,0.27,1.3,3.0
2026-09-30 16:00,2026093015,台東,南二區,1013,秀泰台東,台東縣台東市新生路93號2F,66,臺東,primary,4.131,0,33.0,Good,,8.2,9.0,14.0,17.0,31.0,33.0,0.1,0.15,1.2,1.0
2026-09-30 16:00,2026093015,台南,南一區,1015,MITSUI OUTLET PARK 台南店,台南市歸仁區歸仁大道101號3F,67,臺南,primary,8.892,0,42.0,Good,,10.5,10.0,20.0,23.0,45.0,42.0,0.2,0.27,0.4,4.0
2026-09-30 16:00,2026093015,新北,北三區,1017,三重佳瑪,新北市三重區自強路一段73號1F,53,菜寮,primary,0.916,0,71.0,Moderate,1,19.7,22.0,33.0,35.0,61.0,64.0,0.4,0.32,2.3,15.0
2026-09-30 16:00,2026093015,新竹,新中區,1018,新竹大魯閣店（遠雄廣場）,新竹市北區大雅路88號1F,55,新竹,primary,6.242,0,56.0,Moderate,1,14.5,17.0,23.0,16.0,53.0,54.0,0.2,0.27,1.3,3.0
2026-09-30 16:00,2026093015,台中,新中區,1021,台中中友店,台中市北區三民路三段161號A棟3F,28,忠明,primary,4.112,0,54.0,Moderate,3,11.8,12.0,23.0,32.0,56.0,56.0,0.2,0.28,1.4,6.0
2026-09-30 16:00,2026093015,台北,北二區,1022,內湖大全聯,台北市內湖區舊宗路一段188號1F,29,松山,primary,3.996,0,90.0,Moderate,3,17.2,17.0,31.0,23.0,67.0,66.0,0.3,0.24,1.6,8.0
2026-09-30 16:00,2026093015,新北,北三區,1024,板橋愛買店,新北市板橋區貴興路101號1F,30,板橋,primary,0.142,0,122.0,Unhealthy for Sensitive Groups,3,19.2,16.0,37.0,28.0,77.0,76.0,0.3,0.34,1.5,9.0
2026-09-30 16:00,2026093015,新北,北三區,1025,新莊宏匯店,新北市新莊區新北大道4段3號2F,57,新莊,primary,0.49,0,112.0,Unhealthy for Sensitive Groups,3,21.2,19.0,44.0,33.0,74.0,70.0,0.3,0.25,1.5,7.0
2026-09-30 16:00,2026093015,台中,新中區,1029,Mitsui Shopping Park LaLaport台中店,台中市東區進德路600號3F(櫃號C30270),7,大里,primary,4.601,0,49.0,Good,,10.0,9.0,20.0,26.0,53.0,58.0,0.2,0.29,1.5,7.0
2026-09-30 16:00,2026093015,新北,北三區,1031,三峽店,新北市三峽區民生街106之3號1F,4,土城,primary,11.729,0,122.0,Unhealthy for Sensitive Groups,3,22.1,22.0,41.0,46.0,77.0,74.0,0.3,0.35,2.6,14.0
2026-09-30 16:00,2026093015,台中,新中區,1032,新光三越台中中港,台中市西屯區台灣大道三段301號6F,25,西屯,primary,2.539,0,55.0,Moderate,1,14.1,13.0,24.0,21.0,54.0,56.0,0.2,0.25,2.2,5.0
2026-09-30 16:00,2026093015,高雄,南二區,1033,高雄SKM Park,高雄市前鎮區中安路1-1號1F,10,小港,primary,3.812,0,57.0,Moderate,1,14.7,18.0,22.0,23.0,44.0,60.0,0.2,0.24,0.4,9.0
2026-09-30 16:00,2026093015,高雄,南一區,1034,高雄漢神百貨,高雄市前金區成功一路266-1號7F,35,前金,primary,1.1,0,44.0,Good,,11.0,13.0,18.0,17.0,48.0,53.0,0.2,0.27,0.2,3.0
2026-09-30 16:00,2026093015,台北,北二區,1036,台北永康,台北市大安區永康街10-3號1F,16,古亭,primary,1.558,0,118.0,Unhealthy for Sensitive Groups,3,19.3,21.0,37.0,37.0,76.0,76.0,0.3,0.32,2.0,10.0
2026-09-30 16:00,2026093015,新北,北一區,1037,竹圍店,新北市淡水區民權路42號1~2F,48,淡水,primary,3.106,0,67.0,Moderate,3,12.8,13.0,25.0,23.0,60.0,63.0,0.3,0.26,1.3,8.0
2026-09-30 16:00,2026093015,台北,北一區,1038,石牌,台北市北投區石牌路二段66號,5,士林,primary,4.975,0,70.0,Moderate,1,19.5,21.0,30.0,23.0,,,0.3,0.24,1.3,5.0
2026-09-30 16:00,2026093015,苗栗,新中區,1040,頭份大潤發,苗栗縣頭份市自強路230號1F,55,新竹,primary,15.362,0,56.0,Moderate,1,14.5,17.0,23.0,16.0,53.0,54.0,0.2,0.27,1.3,3.0
2026-09-30 16:00,2026093015,桃園,桃新區,1041,中原家樂福,桃園市中壢區中華路二段 501號1F,18,平鎮,primary,3.207,0,54.0,Moderate,3,13.3,12.0,25.0,24.0,56.0,53.0,0.2,0.24,1.5,7.0
2026-09-30 16:00,2026093015,高雄,南二區,1044,高雄義享,高雄市鼓山區大順一路115號3F,35,前金,primary,2.226,0,44.0,Good,,11.0,13.0,18.0,17.0,48.0,53.0,0.2,0.27,0.2,3.0
2026-09-30 16:00,2026093015,新北,北一區,1045,江子翠,新北市板橋區雙十路二段176號1F,30,板橋,primary,0.142,0,122.0,Unhealthy for Sensitive Groups,3,19.2,16.0,37.0,28.0,77.0,76.0,0.3,0.34,1.5,9.0
2026-09-30 16:00,2026093015,澎湖,南一區,1046,澎湖三號港,澎湖縣馬公市同和路158號3F,44,馬公,primary,3.072,0,54.0,Moderate,1,13.7,17.0,15.0,10.0,29.0,30.0,0.3,0.26,0.6,2.0
2026-09-30 16:00,2026093015,桃園,桃新區,1047,環球桃園A8,桃園市龜山區復興一路8號B1F,31,林口,primary,6.046,0,63.0,Moderate,1,17.0,14.0,26.0,18.0,55.0,56.0,0.3,0.23,2.1,4.0
2026-09-30 16:00,2026093015,台北,北一區,1049,公館,台北市中正區羅斯福路四段88之1號,16,古亭,primary,1.634,0,118.0,Unhealthy for Sensitive Groups,3,19.3,21.0,37.0,37.0,76.0,76.0,0.3,0.32,2.0,10.0
2026-09-30 16:00,2026093015,新北,北三區,1050,新店佳瑪,新北市新店區民權路78號1F,56,新店,primary,5.244,0,129.0,Unhealthy for Sensitive Groups,3,16.3,16.0,31.0,37.0,79.0,89.0,0.3,0.35,1.9,12.0
2026-09-30 16:00,2026093015,台北,北一區,1051,LaLaport南港,台北市南港區經貿二路131號3F,29,松山,primary,3.502,0,90.0,Moderate,3,17.2,17.0,31.0,23.0,67.0,66.0,0.3,0.24,1.6,8.0
2026-09-30 16:00,2026093015,台北,北二區,1054,大巨蛋sogo,台北市信義區忠孝東路4段505號4F,29,松山,primary,2.265,0,90.0,Moderate,3,17.2,17.0,31.0,23.0,67.0,66.0,0.3,0.24,1.6,8.0
2026-09-30 16:00,2026093015,宜蘭,北二區,1055,新月廣場,宜蘭縣宜蘭市民權路二段38巷6號3F,27,宜蘭,primary,1.095,0,43.0,Good,,10.7,10.0,16.0,12.0,41.0,42.0,0.2,0.2,0.7,2.0
2026-09-30 16:00,2026093015,台北,北二區,1056,統一夢廣場,台北市信義區松高路11號B1F,29,松山,primary,2.265,0,90.0,Moderate,3,17.2,17.0,31.0,23.0,67.0,66.0,0.3,0.24,1.6,8.0
2026-09-30 16:00,2026093015,新北,北三區,1057,新莊民安,新北市新莊區民安路224號1樓,57,新莊,primary,0.49,0,112.0,Unhealthy for Sensitive Groups,3,21.2,19.0,44.0,33.0,74.0,70.0,0.3,0.25,1.5,7.0
2026-09-30 16:00,2026093015,新北,北一區,1059,淡水,新北市淡水區中山路1之1號1F,48,淡水,primary,3.106,0,67.0,Moderate,3,12.8,13.0,25.0,23.0,60.0,63.0,0.3,0.26,1.3,8.0
2026-09-30 16:00,2026093015,嘉義,南一區,1060,嘉義新光,嘉義市西區垂楊路726號4樓,63,嘉義,primary,3.538,0,45.0,Good,,10.2,10.0,23.0,23.0,49.0,50.0,0.1,0.23,1.1,3.0
2026-09-30 16:00,2026093015,新竹,新中區,1062,竹馬,新竹市東區光復路二段690號2F。 平安樓-眼科眼鏡配整中心,55,新竹,primary,6.242,0,56.0,Moderate,1,14.5,17.0,23.0,16.0,53.0,54.0,0.2,0.27,1.3,3.0
2026-09-30 16:00,2026093015,台中,新中區,1063,漢神洲際,台中市北屯區崇德路三段865號3F,74,豐原,primary,8.142,0,80.0,Moderate,3,14.0,18.0,28.0,30.0,64.0,63.0,0.2,0.26,1.4,5.0
2026-09-30 16:00,2026093015,台北,北一區,1065,台北微風廣場,臺北市松山區復興南路一段39號3F,29,松山,primary,2.391,0,90.0,Moderate,3,17.2,17.0,31.0,23.0,67.0,66.0,0.3,0.24,1.6,8.0
2026-09-30 16:00,2026093015,屏東,南二區,1066,潮州驛站,屏東縣潮州鎮信義路111號1F,69,潮州,primary,1.548,0,71.0,Moderate,3,16.2,16.0,27.0,22.0,61.0,66.0,0.2,0.24,1.7,3.0
2026-09-30 16:00,2026093015,台北,北一區,1067,大葉高島屋,臺北市士林區忠誠路2段55號4F,5,士林,primary,4.231,0,70.0,Moderate,1,19.5,21.0,30.0,23.0,,,0.3,0.24,1.3,5.0
2026-09-30 16:00,2026093015,新北,北三區,1068,環球中和,新北市中和區中山路3段122號2F,30,板橋,primary,4.299,0,122.0,Unhealthy for Sensitive Groups,3,19.2,16.0,37.0,28.0,77.0,76.0,0.3,0.34,1.5,9.0
2026-09-30 16:00,2026093015,台中,新中區,1069,誠品台中三井,台中市梧棲區臺灣大道10段168號1F(櫃號19800),26,沙鹿,primary,4.502,0,58.0,Moderate,1,14.9,14.0,31.0,30.0,54.0,52.0,0.2,0.27,1.7,7.0
2026-09-30 16:00,2026093015,桃園,桃新區,1070,環球青埔A19,桃園市中壢區高鐵南路二段352號4F,18,平鎮,primary,3.207,0,54.0,Moderate,3,13.3,12.0,25.0,24.0,56.0,53.0,0.2,0.24,1.5,7.0
2026-09-30 16:00,2026093015,台北,北二區,1071,南港CITY LINK,臺北市南港區東明里忠孝東路七段369號2F(B棟),29,松山,primary,3.502,0,90.0,Moderate,3,17.2,17.0,31.0,23.0,67.0,66.0,0.3,0.24,1.6,8.0
2026-09-30 16:00,2026093015,台北,北二區,917,微風台北車站店,台北市中正區北平西路3號 微風台北車站1樓(G18),16,古亭,primary,1.634,0,118.0,Unhealthy for Sensitive Groups,3,19.3,21.0,37.0,37.0,76.0,76.0,0.3,0.32,2.0,10.0
2026-09-30 16:00,2026093015,台北,北二區,921,att4fun店,台北市信義區松壽路12號1F,29,松山,primary,2.265,0,90.0,Moderate,3,17.2,17.0,31.0,23.0,67.0,66.0,0.3,0.24,1.6,8.0
2026-09-30 16:00,2026093015,台北,北二區,923,京站店,台北市大同區承德路一段1號B1 (Q24012),11,中山,primary,1.364,0,77.0,Moderate,3,19.7,21.0,32.0,31.0,63.0,65.0,0.4,0.35,1.2,11.0
2026-09-30 16:00,2026093015,台北,北一區,925,忠孝敦化店,台北市大安區忠孝東路四段205巷20號1樓~3樓,16,古亭,primary,1.558,0,118.0,Unhealthy for Sensitive Groups,3,19.3,21.0,37.0,37.0,76.0,76.0,0.3,0.32,2.0,10.0
2026-09-30 16:00,2026093015,高雄,南二區,930,漢神巨蛋店,高雄市左營區博愛二路777號4F,17,左營,primary,1.037,0,56.0,Moderate,1,14.5,16.0,21.0,21.0,45.0,49.0,0.2,0.26,0.8,2.0
2026-09-30 16:00,2026093015,台北,北二區,932,微風南京店,台北市松山區南京東路三段337號B1-08(櫃號01070),29,松山,primary,2.391,0,90.0,Moderate,3,17.2,17.0,31.0,23.0,67.0,66.0,0.3,0.24,1.6,8.0
2026-09-30 16:00,2026093015,新北,桃新區,935,MITSUI OUTLET PARK 林口店,新北市林口區文化三路一段356號 1F,31,林口,primary,2.773,0,63.0,Moderate,1,17.0,14.0,26.0,18.0,55.0,56.0,0.3,0.23,2.1,4.0
2026-09-30 16:00,2026093015,台南,南一區,939,新光三越台南小西門,台南市中西區西門路1段658-1號1F,67,臺南,primary,2.822,0,42.0,Good,,10.5,10.0,20.0,23.0,45.0,42.0,0.2,0.27,0.4,4.0
2026-09-30 16:00,2026093015,新竹,新中區,940,新竹巨城店,新竹市東區中央路229號3F,55,新竹,primary,6.242,0,56.0,Moderate,1,14.5,17.0,23.0,16.0,53.0,54.0,0.2,0.27,1.3,3.0
2026-09-30 16:00,2026093015,台北,北一區,941,台北忠孝SOGO店,台北市大安區忠孝東路四段45號B1F,16,古亭,primary,1.558,0,118.0,Unhealthy for Sensitive Groups,3,19.3,21.0,37.0,37.0,76.0,76.0,0.3,0.32,2.0,10.0
2026-09-30 16:00,2026093015,高雄,南二區,943,高雄三多SOGO店,高雄市前鎮區三多三路217號2F,10,小港,primary,3.812,0,57.0,Moderate,1,14.7,18.0,22.0,23.0,44.0,60.0,0.2,0.24,0.4,9.0
2026-09-30 16:00,2026093015,台南,南一區,944,南紡購物中心店,台南市東區中華東路一段366號2F,67,臺南,primary,1.221,0,42.0,Good,,10.5,10.0,20.0,23.0,45.0,42.0,0.2,0.27,0.4,4.0
2026-09-30 16:00,2026093015,桃園,桃新區,946,台茂購物中心店,桃園市蘆竹區南崁路一段112號B2F,43,桃園,primary,7.665,0,84.0,Moderate,3,15.5,14.0,27.0,28.0,65.0,61.0,0.3,0.26,0.9,7.0
2026-09-30 16:00,2026093015,桃園,桃新區,947,大江購物中心店,桃園市中壢區中園路二段501號B1F,18,平鎮,primary,3.207,0,54.0,Moderate,3,13.3,12.0,25.0,24.0,56.0,53.0,0.2,0.24,1.5,7.0
2026-09-30 16:00,2026093015,台北,北三區,950,南西店,台北市中山區南京西路13號1F,11,中山,primary,1.428,0,77.0,Moderate,3,19.7,21.0,32.0,31.0,63.0,65.0,0.4,0.35,1.2,11.0
2026-09-30 16:00,2026093015,台中,新中區,952,台中大遠百店,台中市西屯區台灣大道三段251號10F,25,西屯,primary,2.539,0,55.0,Moderate,1,14.1,13.0,24.0,21.0,54.0,56.0,0.2,0.25,2.2,5.0
2026-09-30 16:00,2026093015,桃園,桃新區,956,桃園ATT,桃園市桃園區中正路47號1F,43,桃園,primary,0.831,0,84.0,Moderate,3,15.5,14.0,27.0,28.0,65.0,61.0,0.3,0.26,0.9,7.0
2026-09-30 16:00,2026093015,台中,新中區,958,台中新時代,台中市東區復興路四段186號2F,7,大里,primary,4.601,0,49.0,Good,,10.0,9.0,20.0,26.0,53.0,58.0,0.2,0.29,1.5,7.0
2026-09-30 16:00,2026093015,台中,新中區,960,秀泰台中站前店,台中市東區南京路66號1F,7,大里,primary,4.601,0,49.0,Good,,10.0,9.0,20.0,26.0,53.0,58.0,0.2,0.29,1.5,7.0
2026-09-30 16:00,2026093015,台北,北二區,964,新光三越信義A11,台北市信義區松壽路11號B1F,29,松山,primary,2.265,0,90.0,Moderate,3,17.2,17.0,31.0,23.0,67.0,66.0,0.3,0.24,1.6,8.0
2026-09-30 16:00,2026093015,台北,北一區,966,台北天母ＳＯＧＯ,台北市士林區中山北路六段77號2F,5,士林,primary,4.231,0,70.0,Moderate,1,19.5,21.0,30.0,23.0,,,0.3,0.24,1.3,5.0
2026-09-30 16:00,2026093015,高雄,南二區,967,高雄大遠百,高雄市苓雅區三多四路21號3F,35,前金,primary,3.688,0,44.0,Good,,11.0,13.0,18.0,17.0,48.0,53.0,0.2,0.27,0.2,3.0
2026-09-30 16:00,2026093015,基隆,北二區,969,基隆東岸廣場,基隆市仁愛區仁二路236號1F,46,基隆,primary,1.993,0,54.0,Moderate,1,13.7,13.0,25.0,21.0,53.0,54.0,0.3,0.24,1.3,2.0
2026-09-30 16:00,2026093015,新北,北三區,973,環球板橋,新北市板橋區縣民大道二段7號2F,30,板橋,primary,0.142,0,122.0,Unhealthy for Sensitive Groups,3,19.2,16.0,37.0,28.0,77.0,76.0,0.3,0.34,1.5,9.0
2026-09-30 16:00,2026093015,台北,北二區,975,美麗華店,台北市中山區敬業三路20號B1F,11,中山,primary,1.428,0,77.0,Moderate,3,19.7,21.0,32.0,31.0,63.0,65.0,0.4,0.35,1.2,11.0
2026-09-30 16:00,2026093015,新北,北三區,981,新店家樂福店,新北市新店區中興路三段1號1F,56,新店,primary,5.244,0,129.0,Unhealthy for Sensitive Groups,3,16.3,16.0,31.0,37.0,79.0,89.0,0.3,0.35,1.9,12.0
2026-09-30 16:00,2026093015,桃園,桃新區,982,內壢家樂福店,桃園市中壢區中華路一段450號1F,18,平鎮,primary,3.207,0,54.0,Moderate,3,13.3,12.0,25.0,24.0,56.0,53.0,0.2,0.24,1.5,7.0
2026-09-30 16:00,2026093015,桃園,桃新區,984,經國家樂福店,桃園市桃園區經國路 369號B1F,43,桃園,primary,0.831,0,84.0,Moderate,3,15.5,14.0,27.0,28.0,65.0,61.0,0.3,0.26,0.9,7.0
2026-09-30 16:00,2026093015,台北,北二區,986,內湖CITYLINK店,台北市內湖區成功路四段188號1F,29,松山,primary,3.996,0,90.0,Moderate,3,17.2,17.0,31.0,23.0,67.0,66.0,0.3,0.24,1.6,8.0
2026-09-30 16:00,2026093015,高雄,南一區,987,新光三越高雄左營店,高雄市左營區高鐵路123號3F,17,左營,primary,1.037,0,56.0,Moderate,1,14.5,16.0,21.0,21.0,45.0,49.0,0.2,0.26,0.8,2.0
2026-09-30 16:00,2026093015,嘉義,南一區,988,秀泰嘉義店,嘉義市西區文化路299號1F,63,嘉義,primary,3.538,0,45.0,Good,,10.2,10.0,23.0,23.0,49.0,50.0,0.1,0.23,1.1,3.0
2026-09-30 16:00,2026093015,高雄,南二區,990,高雄成功家樂福OUTLET店,高雄市前鎮區中華五路1111號1F,10,小港,primary,3.812,0,57.0,Moderate,1,14.7,18.0,22.0,23.0,44.0,60.0,0.2,0.24,0.4,9.0
2026-09-30 16:00,2026093015,台北,北一區,992,西門漢中,台北市萬華區漢中街110號,62,萬華,primary,2.232,0,101.0,Unhealthy for Sensitive Groups,3,18.7,16.0,31.0,31.0,71.0,66.0,0.4,0.4,1.7,15.0
2026-09-30 16:00,2026093015,新北,北三區,993,秀泰樹林,新北市樹林區樹新路40-6號1F,4,土城,primary,5.133,0,122.0,Unhealthy for Sensitive Groups,3,22.1,22.0,41.0,46.0,77.0,74.0,0.3,0.35,2.6,14.0
2026-09-30 16:00,2026093015,新北,北三區,995,JCPARK新莊店,新北市新莊區幸福路742號1F,57,新莊,primary,0.49,0,112.0,Unhealthy for Sensitive Groups,3,21.2,19.0,44.0,33.0,74.0,70.0,0.3,0.25,1.5,7.0
2026-09-30 16:00,2026093015,新北,北三區,996,板橋府中店,新北市板橋區中山路一段19號1F,30,板橋,primary,0.142,0,122.0,Unhealthy for Sensitive Groups,3,19.2,16.0,37.0,28.0,77.0,76.0,0.3,0.34,1.5,9.0
2026-09-30 16:00,2026093015,新北,北三區,997,京站小碧潭店,新北市新店區中央路157號5F,56,新店,primary,5.244,0,129.0,Unhealthy for Sensitive Groups,3,16.3,16.0,31.0,37.0,79.0,89.0,0.3,0.35,1.9,12.0
2026-09-30 16:00,2026093015,屏東,南二區,998,屏東車站店,屏東縣屏東市公勇路62號1F,38,屏東,primary,1.241,0,48.0,Good,,10.5,9.0,28.0,30.0,52.0,56.0,0.2,0.3,1.3,6.0
2026-10-01 15:00,2026100114,桃園,桃新區,1001,八德置地生活店,桃園市八德區介壽路一段728號1F,43,桃園,primary,5.193,0,97.0,Moderate,1,29.4,26.0,44.0,41.0,64.0,88.0,0.4,0.33,0.0,9.0
2026-10-01 15:00,2026100114,桃園,桃新區,1002,新光影城桃園高鐵站店,桃園市中壢區春德路107號1F,18,平鎮,primary,3.207,0,85.0,Moderate,1,25.1,19.0,41.0,40.0,53.0,70.0,0.3,0.39,0.8,11.0
2026-10-01 15:00,2026100114,新北,北三區,1003,蘆洲佳瑪店,新北市蘆洲區長榮路2號1F,53,菜寮,primary,2.465,0,78.0,Moderate,1,22.4,19.0,32.0,26.0,55.0,67.0,0.3,0.28,1.2,6.0
2026-10-01 15:00,2026100114,彰化,南一區,1008,員林大潤發店,彰化縣埔心鄉中山路319號1F,139,員林,primary,3.097,0,59.0,Moderate,1,15.3,11.0,24.0,24.0,44.0,51.0,0.2,0.21,0.8,2.0
2026-10-01 15:00,2026100114,花蓮,北一區,1009,花蓮遠百店,花蓮縣花蓮市和平路581號1F,33,花蓮,primary,2.954,0,32.0,Good,,8.0,5.0,15.0,9.0,31.0,30.0,0.1,0.16,0.4,1.0
2026-10-01 15:00,2026100114,高雄,南二區,1010,高雄夢時代,高雄市前鎮區中華五路789號7F,10,小港,primary,3.812,0,54.0,Moderate,1,13.5,14.0,23.0,21.0,29.0,44.0,0.2,0.24,2.1,8.0
2026-10-01 15:00,2026100114,新竹,新中區,1012,遠百竹北店,新竹縣竹北市莊敬北路18號6F,55,新竹,primary,4.271,0,71.0,Moderate,1,19.9,21.0,28.0,,37.0,50.0,0.4,0.27,1.1,3.0
2026-10-01 15:00,2026100114,台東,南二區,1013,秀泰台東,台東縣台東市新生路93號2F,66,臺東,primary,4.131,0,40.0,Good,,9.8,9.0,13.0,14.0,31.0,31.0,0.1,0.19,0.6,3.0
2026-10-01 15:00,2026100114,台南,南一區,1015,MITSUI OUTLET PARK 台南店,台南市歸仁區歸仁大道101號3F,67,臺南,primary,8.892,0,52.0,Moderate,1,12.7,14.0,22.0,21.0,40.0,48.0,0.3,0.24,0.8,4.0
2026-10-01 15:00,2026100114,新北,北三區,1017,三重佳瑪,新北市三重區自強路一段73號1F,53,菜寮,primary,0.916,0,78.0,Moderate,1,22.4,19.0,32.0,26.0,55.0,67.0,0.3,0.28,1.2,6.0
2026-10-01 15:00,2026100114,新竹,新中區,1018,新竹大魯閣店（遠雄廣場）,新竹市北區大雅路88號1F,55,新竹,primary,6.242,0,71.0,Moderate,1,19.9,21.0,28.0,,37.0,50.0,0.4,0.27,1.1,3.0
2026-10-01 15:00,2026100114,台中,新中區,1021,台中中友店,台中市北區三民路三段161號A棟3F,28,忠明,primary,4.112,0,44.0,Good,,10.8,5.0,17.0,11.0,38.0,44.0,0.3,0.21,1.2,4.0
2026-10-01 15:00,2026100114,台北,北二區,1022,內湖大全聯,台北市內湖區舊宗路一段188號1F,29,松山,primary,3.996,0,76.0,Moderate,1,21.8,22.0,35.0,41.0,56.0,64.0,0.3,0.28,1.8,12.0
2026-10-01 15:00,2026100114,新北,北三區,1024,板橋愛買店,新北市板橋區貴興路101號1F,30,板橋,primary,0.142,0,88.0,Moderate,1,26.1,23.0,43.0,46.0,61.0,67.0,0.4,0.31,1.1,8.0
2026-10-01 15:00,2026100114,新北,北三區,1025,新莊宏匯店,新北市新莊區新北大道4段3號2F,57,新莊,primary,0.49,0,90.0,Moderate,3,25.3,20.0,50.0,59.0,67.0,66.0,0.3,0.26,0.7,6.0
2026-10-01 15:00,2026100114,台中,新中區,1029,Mitsui Shopping Park LaLaport台中店,台中市東區進德路600號3F(櫃號C30270),7,大里,primary,4.601,0,57.0,Moderate,1,14.7,,24.0,14.0,41.0,,0.3,0.2,1.1,5.0
2026-10-01 15:00,2026100114,新北,北三區,1031,三峽店,新北市三峽區民生街106之3號1F,4,土城,primary,11.729,0,98.0,Moderate,1,29.7,27.0,47.0,39.0,,,0.4,,,
2026-10-01 15:00,2026100114,台中,新中區,1032,新光三越台中中港,台中市西屯區台灣大道三段301號6F,25,西屯,primary,2.539,0,51.0,Moderate,1,12.5,5.0,22.0,12.0,42.0,43.0,0.2,0.18,1.5,1.0
2026-10-01 15:00,2026100114,高雄,南二區,1033,高雄SKM Park,高雄市前鎮區中安路1-1號1F,10,小港,primary,3.812,0,54.0,Moderate,1,13.5,14.0,23.0,21.0,29.0,44.0,0.2,0.24,2.1,8.0
2026-10-01 15:00,2026100114,高雄,南一區,1034,高雄漢神百貨,高雄市前金區成功一路266-1號7F,35,前金,primary,1.1,0,48.0,Good,,12.0,12.0,21.0,29.0,37.0,51.0,0.2,0.28,0.4,2.0
2026-10-01 15:00,2026100114,台北,北二區,1036,台北永康,台北市大安區永康街10-3號1F,16,古亭,primary,1.558,0,84.0,Moderate,1,24.4,27.0,42.0,45.0,63.0,71.0,0.4,0.32,2.3,9.0
2026-10-01 15:00,2026100114,新北,北一區,1037,竹圍店,新北市淡水區民權路42號1~2F,48,淡水,primary,3.106,0,66.0,Moderate,1,18.0,16.0,30.0,25.0,48.0,53.0,0.3,0.3,1.4,4.0
2026-10-01 15:00,2026100114,台北,北一區,1038,石牌,台北市北投區石牌路二段66號,5,士林,primary,4.975,0,79.0,Moderate,1,22.6,25.0,34.0,35.0,47.0,57.0,0.3,0.28,1.1,5.0
2026-10-01 15:00,2026100114,苗栗,新中區,1040,頭份大潤發,苗栗縣頭份市自強路230號1F,55,新竹,primary,15.362,0,71.0,Moderate,1,19.9,21.0,28.0,,37.0,50.0,0.4,0.27,1.1,3.0
2026-10-01 15:00,2026100114,桃園,桃新區,1041,中原家樂福,桃園市中壢區中華路二段 501號1F,18,平鎮,primary,3.207,0,85.0,Moderate,1,25.1,19.0,41.0,40.0,53.0,70.0,0.3,0.39,0.8,11.0
2026-10-01 15:00,2026100114,高雄,南二區,1044,高雄義享,高雄市鼓山區大順一路115號3F,35,前金,primary,2.226,0,48.0,Good,,12.0,12.0,21.0,29.0,37.0,51.0,0.2,0.28,0.4,2.0
2026-10-01 15:00,2026100114,新北,北一區,1045,江子翠,新北市板橋區雙十路二段176號1F,30,板橋,primary,0.142,0,88.0,Moderate,1,26.1,23.0,43.0,46.0,61.0,67.0,0.4,0.31,1.1,8.0
2026-10-01 15:00,2026100114,澎湖,南一區,1046,澎湖三號港,澎湖縣馬公市同和路158號3F,44,馬公,primary,3.072,0,33.0,Good,,8.2,5.0,11.0,12.0,24.0,22.0,0.2,0.2,0.2,1.0
2026-10-01 15:00,2026100114,桃園,桃新區,1047,環球桃園A8,桃園市龜山區復興一路8號B1F,31,林口,primary,6.046,0,93.0,Moderate,1,27.8,19.0,34.0,28.0,51.0,58.0,0.3,0.28,1.3,1.0
2026-10-01 15:00,2026100114,台北,北一區,1049,公館,台北市中正區羅斯福路四段88之1號,16,古亭,primary,1.634,0,84.0,Moderate,1,24.4,27.0,42.0,45.0,63.0,71.0,0.4,0.32,2.3,9.0
2026-10-01 15:00,2026100114,新北,北三區,1050,新店佳瑪,新北市新店區民權路78號1F,56,新店,primary,5.244,0,97.0,Moderate,3,19.7,21.0,33.0,39.0,69.0,78.0,0.3,0.31,2.8,9.0
2026-10-01 15:00,2026100114,台北,北一區,1051,LaLaport南港,台北市南港區經貿二路131號3F,29,松山,primary,3.502,0,76.0,Moderate,1,21.8,22.0,35.0,41.0,56.0,64.0,0.3,0.28,1.8,12.0
2026-10-01 15:00,2026100114,台北,北二區,1054,大巨蛋sogo,台北市信義區忠孝東路4段505號4F,29,松山,primary,2.265,0,76.0,Moderate,1,21.8,22.0,35.0,41.0,56.0,64.0,0.3,0.28,1.8,12.0
2026-10-01 15:00,2026100114,宜蘭,北二區,1055,新月廣場,宜蘭縣宜蘭市民權路二段38巷6號3F,27,宜蘭,primary,1.095,0,40.0,Good,,10.0,9.0,16.0,11.0,38.0,41.0,0.2,0.18,1.0,2.0
2026-10-01 15:00,2026100114,台北,北二區,1056,統一夢廣場,台北市信義區松高路11號B1F,29,松山,primary,2.265,0,76.0,Moderate,1,21.8,22.0,35.0,41.0,56.0,64.0,0.3,0.28,1.8,12.0
2026-10-01 15:00,2026100114,新北,北三區,1057,新莊民安,新北市新莊區民安路224號1樓,57,新莊,primary,0.49,0,90.0,Moderate,3,25.3,20.0,50.0,59.0,67.0,66.0,0.3,0.26,0.7,6.0
2026-10-01 15:00,2026100114,新北,北一區,1059,淡水,新北市淡水區中山路1之1號1F,48,淡水,primary,3.106,0,66.0,Moderate,1,18.0,16.0,30.0,25.0,48.0,53.0,0.3,0.3,1.4,4.0
2026-10-01 15:00,2026100114,嘉義,南一區,1060,嘉義新光,嘉義市西區垂楊路726號4樓,63,嘉義,primary,3.538,0,46.0,Good,,11.4,8.0,23.0,25.0,43.0,50.0,0.2,0.2,1.2,3.0
2026-10-01 15:00,2026100114,新竹,新中區,1062,竹馬,新竹市東區光復路二段690號2F。 平安樓-眼科眼鏡配整中心,55,新竹,primary,6.242,0,71.0,Moderate,1,19.9,21.0,28.0,,37.0,50.0,0.4,0.27,1.1,3.0
2026-10-01 15:00,2026100114,台中,新中區,1063,漢神洲際,台中市北屯區崇德路三段865號3F,74,豐原,primary,8.142,0,60.0,Moderate,1,15.9,7.0,29.0,23.0,47.0,50.0,0.3,0.22,1.4,4.0
2026-10-01 15:00,2026100114,台北,北一區,1065,台北微風廣場,臺北市松山區復興南路一段39號3F,29,松山,primary,2.391,0,76.0,Moderate,1,21.8,22.0,35.0,41.0,56.0,64.0,0.3,0.28,1.8,12.0
2026-10-01 15:00,2026100114,屏東,南二區,1066,潮州驛站,屏東縣潮州鎮信義路111號1F,69,潮州,primary,1.548,0,64.0,Moderate,1,17.3,17.0,27.0,25.0,41.0,40.0,0.2,0.28,1.3,3.0
2026-10-01 15:00,2026100114,台北,北一區,1067,大葉高島屋,臺北市士林區忠誠路2段55號4F,5,士林,primary,4.231,0,79.0,Moderate,1,22.6,25.0,34.0,35.0,47.0,57.0,0.3,0.28,1.1,5.0
2026-10-01 15:00,2026100114,新北,北三區,1068,環球中和,新北市中和區中山路3段122號2F,30,板橋,primary,4.299,0,88.0,Moderate,1,26.1,23.0,43.0,46.0,61.0,67.0,0.4,0.31,1.1,8.0
2026-10-01 15:00,2026100114,台中,新中區,1069,誠品台中三井,台中市梧棲區臺灣大道10段168號1F(櫃號19800),26,沙鹿,primary,4.502,0,43.0,Good,,10.0,8.0,26.0,23.0,33.0,35.0,0.3,0.25,2.0,8.0
2026-10-01 15:00,2026100114,桃園,桃新區,1070,環球青埔A19,桃園市中壢區高鐵南路二段352號4F,18,平鎮,primary,3.207,0,85.0,Moderate,1,25.1,19.0,41.0,40.0,53.0,70.0,0.3,0.39,0.8,11.0
2026-10-01 15:00,2026100114,台北,北二區,1071,南港CITY LINK,臺北市南港區東明里忠孝東路七段369號2F(B棟),29,松山,primary,3.502,0,76.0,Moderate,1,21.8,22.0,35.0,41.0,56.0,64.0,0.3,0.28,1.8,12.0
2026-10-01 15:00,2026100114,台北,北二區,917,微風台北車站店,台北市中正區北平西路3號 微風台北車站1樓(G18),16,古亭,primary,1.634,0,84.0,Moderate,1,24.4,27.0,42.0,45.0,63.0,71.0,0.4,0.32,2.3,9.0
2026-10-01 15:00,2026100114,台北,北二區,921,att4fun店,台北市信義區松壽路12號1F,29,松山,primary,2.265,0,76.0,Moderate,1,21.8,22.0,35.0,41.0,56.0,64.0,0.3,0.28,1.8,12.0
2026-10-01 15:00,2026100114,台北,北二區,923,京站店,台北市大同區承德路一段1號B1 (Q24012),11,中山,primary,1.364,0,89.0,Moderate,1,26.5,25.0,38.0,,49.0,,0.5,0.41,,13.0
2026-10-01 15:00,2026100114,台北,北一區,925,忠孝敦化店,台北市大安區忠孝東路四段205巷20號1樓~3樓,16,古亭,primary,1.558,0,84.0,Moderate,1,24.4,27.0,42.0,45.0,63.0,71.0,0.4,0.32,2.3,9.0
2026-10-01 15:00,2026100114,高雄,南二區,930,漢神巨蛋店,高雄市左營區博愛二路777號4F,17,左營,primary,1.037,0,58.0,Moderate,1,15.0,11.0,22.0,21.0,36.0,49.0,0.3,0.25,0.9,3.0
2026-10-01 15:00,2026100114,台北,北二區,932,微風南京店,台北市松山區南京東路三段337號B1-08(櫃號01070),29,松山,primary,2.391,0,76.0,Moderate,1,21.8,22.0,35.0,41.0,56.0,64.0,0.3,0.28,1.8,12.0
2026-10-01 15:00,2026100114,新北,桃新區,935,MITSUI OUTLET PARK 林口店,新北市林口區文化三路一段356號 1F,31,林口,primary,2.773,0,93.0,Moderate,1,27.8,19.0,34.0,28.0,51.0,58.0,0.3,0.28,1.3,1.0
2026-10-01 15:00,2026100114,台南,南一區,939,新光三越台南小西門,台南市中西區西門路1段658-1號1F,67,臺南,primary,2.822,0,52.0,Moderate,1,12.7,14.0,22.0,21.0,40.0,48.0,0.3,0.24,0.8,4.0
2026-10-01 15:00,2026100114,新竹,新中區,940,新竹巨城店,新竹市東區中央路229號3F,55,新竹,primary,6.242,0,71.0,Moderate,1,19.9,21.0,28.0,,37.0,50.0,0.4,0.27,1.1,3.0
2026-10-01 15:00,2026100114,台北,北一區,941,台北忠孝SOGO店,台北市大安區忠孝東路四段45號B1F,16,古亭,primary,1.558,0,84.0,Moderate,1,24.4,27.0,42.0,45.0,63.0,71.0,0.4,0.32,2.3,9.0
2026-10-01 15:00,2026100114,高雄,南二區,943,高雄三多SOGO店,高雄市前鎮區三多三路217號2F,10,小港,primary,3.812,0,54.0,Moderate,1,13.5,14.0,23.0,21.0,29.0,44.0,0.2,0.24,2.1,8.0
2026-10-01 15:00,2026100114,台南,南一區,944,南紡購物中心店,台南市東區中華東路一段366號2F,67,臺南,primary,1.221,0,52.0,Moderate,1,12.7,14.0,22.0,21.0,40.0,48.0,0.3,0.24,0.8,4.0
2026-10-01 15:00,2026100114,桃園,桃新區,946,台茂購物中心店,桃園市蘆竹區南崁路一段112號B2F,43,桃園,primary,7.665,0,97.0,Moderate,1,29.4,26.0,44.0,41.0,64.0,88.0,0.4,0.33,0.0,9.0
2026-10-01 15:00,2026100114,桃園,桃新區,947,大江購物中心店,桃園市中壢區中園路二段501號B1F,18,平鎮,primary,3.207,0,85.0,Moderate,1,25.1,19.0,41.0,40.0,53.0,70.0,0.3,0.39,0.8,11.0
2026-10-01 15:00,2026100114,台北,北三區,950,南西店,台北市中山區南京西路13號1F,11,中山,primary,1.428,0,89.0,Moderate,1,26.5,25.0,38.0,,49.0,,0.5,0.41,,13.0
2026-10-01 15:00,2026100114,台中,新中區,952,台中大遠百店,台中市西屯區台灣大道三段251號10F,25,西屯,primary,2.539,0,51.0,Moderate,1,12.5,5.0,22.0,12.0,42.0,43.0,0.2,0.18,1.5,1.0
2026-10-01 15:00,2026100114,桃園,桃新區,956,桃園ATT,桃園市桃園區中正路47號1F,43,桃園,primary,0.831,0,97.0,Moderate,1,29.4,26.0,44.0,41.0,64.0,88.0,0.4,0.33,0.0,9.0
2026-10-01 15:00,2026100114,台中,新中區,958,台中新時代,台中市東區復興路四段186號2F,7,大里,primary,4.601,0,57.0,Moderate,1,14.7,,24.0,14.0,41.0,,0.3,0.2,1.1,5.0
2026-10-01 15:00,2026100114,台中,新中區,960,秀泰台中站前店,台中市東區南京路66號1F,7,大里,primary,4.601,0,57.0,Moderate,1,14.7,,24.0,14.0,41.0,,0.3,0.2,1.1,5.0
2026-10-01 15:00,2026100114,台北,北二區,964,新光三越信義A11,台北市信義區松壽路11號B1F,29,松山,primary,2.265,0,76.0,Moderate,1,21.8,22.0,35.0,41.0,56.0,64.0,0.3,0.28,1.8,12.0
2026-10-01 15:00,2026100114,台北,北一區,966,台北天母ＳＯＧＯ,台北市士林區中山北路六段77號2F,5,士林,primary,4.231,0,79.0,Moderate,1,22.6,25.0,34.0,35.0,47.0,57.0,0.3,0.28,1.1,5.0
2026-10-01 15:00,2026100114,高雄,南二區,967,高雄大遠百,高雄市苓雅區三多四路21號3F,35,前金,primary,3.688,0,48.0,Good,,12.0,12.0,21.0,29.0,37.0,51.0,0.2,0.28,0.4,2.0
2026-10-01 15:00,2026100114,基隆,北二區,969,基隆東岸廣場,基隆市仁愛區仁二路236號1F,46,基隆,primary,1.993,0,70.0,Moderate,1,19.5,16.0,31.0,33.0,49.0,61.0,0.3,0.26,2.6,3.0
2026-10-01 15:00,2026100114,新北,北三區,973,環球板橋,新北市板橋區縣民大道二段7號2F,30,板橋,primary,0.142,0,88.0,Moderate,1,26.1,23.0,43.0,46.0,61.0,67.0,0.4,0.31,1.1,8.0
2026-10-01 15:00,2026100114,台北,北二區,975,美麗華店,台北市中山區敬業三路20號B1F,11,中山,primary,1.428,0,89.0,Moderate,1,26.5,25.0,38.0,,49.0,,0.5,0.41,,13.0
2026-10-01 15:00,2026100114,新北,北三區,981,新店家樂福店,新北市新店區中興路三段1號1F,56,新店,primary,5.244,0,97.0,Moderate,3,19.7,21.0,33.0,39.0,69.0,78.0,0.3,0.31,2.8,9.0
2026-10-01 15:00,2026100114,桃園,桃新區,982,內壢家樂福店,桃園市中壢區中華路一段450號1F,18,平鎮,primary,3.207,0,85.0,Moderate,1,25.1,19.0,41.0,40.0,53.0,70.0,0.3,0.39,0.8,11.0
2026-10-01 15:00,2026100114,桃園,桃新區,984,經國家樂福店,桃園市桃園區經國路 369號B1F,43,桃園,primary,0.831,0,97.0,Moderate,1,29.4,26.0,44.0,41.0,64.0,88.0,0.4,0.33,0.0,9.0
2026-10-01 15:00,2026100114,台北,北二區,986,內湖CITYLINK店,台北市內湖區成功路四段188號1F,29,松山,primary,3.996,0,76.0,Moderate,1,21.8,22.0,35.0,41.0,56.0,64.0,0.3,0.28,1.8,12.0
2026-10-01 15:00,2026100114,高雄,南一區,987,新光三越高雄左營店,高雄市左營區高鐵路123號3F,17,左營,primary,1.037,0,58.0,Moderate,1,15.0,11.0,22.0,21.0,36.0,49.0,0.3,0.25,0.9,3.0
2026-10-01 15:00,2026100114,嘉義,南一區,988,秀泰嘉義店,嘉義市西區文化路299號1F,63,嘉義,primary,3.538,0,46.0,Good,,11.4,8.0,23.0,25.0,43.0,50.0,0.2,0.2,1.2,3.0
2026-10-01 15:00,2026100114,高雄,南二區,990,高雄成功家樂福OUTLET店,高雄市前鎮區中華五路1111號1F,10,小港,primary,3.812,0,54.0,Moderate,1,13.5,14.0,23.0,21.0,29.0,44.0,0.2,0.24,2.1,8.0
2026-10-01 15:00,2026100114,台北,北一區,992,西門漢中,台北市萬華區漢中街110號,62,萬華,primary,2.232,0,79.0,Moderate,1,22.7,22.0,36.0,36.0,56.0,63.0,0.4,0.39,1.4,12.0
2026-10-01 15:00,2026100114,新北,北三區,993,秀泰樹林,新北市樹林區樹新路40-6號1F,4,土城,primary,5.133,0,98.0,Moderate,1,29.7,27.0,47.0,39.0,,,0.4,,,
2026-10-01 15:00,2026100114,新北,北三區,995,JCPARK新莊店,新北市新莊區幸福路742號1F,57,新莊,primary,0.49,0,90.0,Moderate,3,25.3,20.0,50.0,59.0,67.0,66.0,0.3,0.26,0.7,6.0
2026-10-01 15:00,2026100114,新北,北三區,996,板橋府中店,新北市板橋區中山路一段19號1F,30,板橋,primary,0.142,0,88.0,Moderate,1,26.1,23.0,43.0,46.0,61.0,67.0,0.4,0.31,1.1,8.0
2026-10-01 15:00,2026100114,新北,北三區,997,京站小碧潭店,新北市新店區中央路157號5F,56,新店,primary,5.244,0,97.0,Moderate,3,19.7,21.0,33.0,39.0,69.0,78.0,0.3,0.31,2.8,9.0
2026-10-01 15:00,2026100114,屏東,南二區,998,屏東車站店,屏東縣屏東市公勇路62號1F,38,屏東,primary,1.241,0,64.0,Moderate,1,17.2,17.0,34.0,36.0,48.0,65.0,0.3,0.31,1.3,5.0
2026-10-02 06:00,2026100205,桃園,桃新區,1001,八德置地生活店,桃園市八德區介壽路一段728號1F,43,桃園,primary,5.193,0,51.0,Moderate,1,12.6,8.0,18.0,13.0,43.0,33.0,0.2,0.18,0.0,6.0
2026-10-02 06:00,2026100205,桃園,桃新區,1002,新光影城桃園高鐵站店,桃園市中壢區春德路107號1F,18,平鎮,primary,3.207,0,53.0,Moderate,1,13.3,10.0,21.0,12.0,31.0,27.0,0.2,0.22,0.6,7.0
2026-10-02 06:00,2026100205,新北,北三區,1003,蘆洲佳瑪店,新北市蘆洲區長榮路2號1F,53,菜寮,primary,2.465,0,37.0,Good,,9.2,10.0,14.0,12.0,30.0,26.0,0.1,0.19,0.9,6.0
2026-10-02 06:00,2026100205,彰化,南一區,1008,員林大潤發店,彰化縣埔心鄉中山路319號1F,139,員林,primary,3.097,0,55.0,Moderate,1,14.0,16.0,23.0,25.0,12.0,4.0,0.2,0.31,1.1,12.0
2026-10-02 06:00,2026100205,花蓮,北一區,1009,花蓮遠百店,花蓮縣花蓮市和平路581號1F,33,花蓮,primary,2.954,0,38.0,Good,,9.5,11.0,17.0,18.0,19.0,13.0,0.1,0.19,1.4,2.0
2026-10-02 06:00,2026100205,高雄,南二區,1010,高雄夢時代,高雄市前鎮區中華五路789號7F,10,小港,primary,3.812,0,48.0,Good,,12.0,14.0,20.0,26.0,21.0,6.0,0.2,0.31,1.0,13.0
2026-10-02 06:00,2026100205,新竹,新中區,1012,遠百竹北店,新竹縣竹北市莊敬北路18號6F,55,新竹,primary,4.271,0,65.0,Moderate,1,17.6,16.0,25.0,25.0,28.0,18.0,0.2,0.24,0.1,9.0
2026-10-02 06:00,2026100205,台東,南二區,1013,秀泰台東,台東縣台東市新生路93號2F,66,臺東,primary,4.131,0,36.0,Good,,9.0,9.0,12.0,12.0,20.0,19.0,0.1,0.14,0.8,2.0
2026-10-02 06:00,2026100205,台南,南一區,1015,MITSUI OUTLET PARK 台南店,台南市歸仁區歸仁大道101號3F,67,臺南,primary,8.892,0,46.0,Good,,11.3,13.0,15.0,22.0,22.0,20.0,0.2,0.2,0.7,5.0
2026-10-02 06:00,2026100205,新北,北三區,1017,三重佳瑪,新北市三重區自強路一段73號1F,53,菜寮,primary,0.916,0,37.0,Good,,9.2,10.0,14.0,12.0,30.0,26.0,0.1,0.19,0.9,6.0
2026-10-02 06:00,2026100205,新竹,新中區,1018,新竹大魯閣店（遠雄廣場）,新竹市北區大雅路88號1F,55,新竹,primary,6.242,0,65.0,Moderate,1,17.6,16.0,25.0,25.0,28.0,18.0,0.2,0.24,0.1,9.0
2026-10-02 06:00,2026100205,台中,新中區,1021,台中中友店,台中市北區三民路三段161號A棟3F,28,忠明,primary,4.112,0,52.0,Moderate,1,12.7,13.0,16.0,20.0,12.0,4.0,0.3,0.31,1.3,11.0
2026-10-02 06:00,2026100205,台北,北二區,1022,內湖大全聯,台北市內湖區舊宗路一段188號1F,29,松山,primary,3.996,0,46.0,Good,,11.4,8.0,19.0,12.0,20.0,15.0,0.2,0.17,0.9,9.0
2026-10-02 06:00,2026100205,新北,北三區,1024,板橋愛買店,新北市板橋區貴興路101號1F,30,板橋,primary,0.142,0,48.0,Good,,12.0,10.0,17.0,9.0,31.0,21.0,0.2,0.23,0.7,6.0
2026-10-02 06:00,2026100205,新北,北三區,1025,新莊宏匯店,新北市新莊區新北大道4段3號2F,57,新莊,primary,0.49,0,53.0,Moderate,1,13.4,13.0,20.0,18.0,36.0,29.0,0.1,0.14,0.8,4.0
2026-10-02 06:00,2026100205,台中,新中區,1029,Mitsui Shopping Park LaLaport台中店,台中市東區進德路600號3F(櫃號C30270),7,大里,primary,4.601,0,44.0,Good,,10.9,11.0,17.0,17.0,6.0,5.0,0.3,0.29,1.1,8.0
2026-10-02 06:00,2026100205,新北,北三區,1031,三峽店,新北市三峽區民生街106之3號1F,4,土城,primary,11.729,0,64.0,Moderate,1,17.1,15.0,24.0,22.0,30.0,24.0,0.2,0.2,0.8,3.0
2026-10-02 06:00,2026100205,台中,新中區,1032,新光三越台中中港,台中市西屯區台灣大道三段301號6F,25,西屯,primary,2.539,0,52.0,Moderate,1,13.0,12.0,24.0,22.0,10.0,0.0,0.3,0.31,1.1,16.0
2026-10-02 06:00,2026100205,高雄,南二區,1033,高雄SKM Park,高雄市前鎮區中安路1-1號1F,10,小港,primary,3.812,0,48.0,Good,,12.0,14.0,20.0,26.0,21.0,6.0,0.2,0.31,1.0,13.0
2026-10-02 06:00,2026100205,高雄,南一區,1034,高雄漢神百貨,高雄市前金區成功一路266-1號7F,35,前金,primary,1.1,0,48.0,Good,,11.8,9.0,18.0,21.0,23.0,9.0,0.2,0.28,0.3,11.0
2026-10-02 06:00,2026100205,台北,北二區,1036,台北永康,台北市大安區永康街10-3號1F,16,古亭,primary,1.558,0,47.0,Good,,11.6,6.0,20.0,16.0,29.0,27.0,0.2,0.15,1.2,3.0
2026-10-02 06:00,2026100205,新北,北一區,1037,竹圍店,新北市淡水區民權路42號1~2F,48,淡水,primary,3.106,0,50.0,Good,,12.4,8.0,24.0,22.0,22.0,16.0,0.2,0.24,1.2,6.0
2026-10-02 06:00,2026100205,台北,北一區,1038,石牌,台北市北投區石牌路二段66號,5,士林,primary,4.975,0,54.0,Moderate,1,13.7,10.0,14.0,16.0,31.0,24.0,0.1,0.16,1.0,6.0
2026-10-02 06:00,2026100205,苗栗,新中區,1040,頭份大潤發,苗栗縣頭份市自強路230號1F,55,新竹,primary,15.362,0,65.0,Moderate,1,17.6,16.0,25.0,25.0,28.0,18.0,0.2,0.24,0.1,9.0
2026-10-02 06:00,2026100205,桃園,桃新區,1041,中原家樂福,桃園市中壢區中華路二段 501號1F,18,平鎮,primary,3.207,0,53.0,Moderate,1,13.3,10.0,21.0,12.0,31.0,27.0,0.2,0.22,0.6,7.0
2026-10-02 06:00,2026100205,高雄,南二區,1044,高雄義享,高雄市鼓山區大順一路115號3F,35,前金,primary,2.226,0,48.0,Good,,11.8,9.0,18.0,21.0,23.0,9.0,0.2,0.28,0.3,11.0
2026-10-02 06:00,2026100205,新北,北一區,1045,江子翠,新北市板橋區雙十路二段176號1F,30,板橋,primary,0.142,0,48.0,Good,,12.0,10.0,17.0,9.0,31.0,21.0,0.2,0.23,0.7,6.0
2026-10-02 06:00,2026100205,澎湖,南一區,1046,澎湖三號港,澎湖縣馬公市同和路158號3F,44,馬公,primary,3.072,0,29.0,Good,,7.3,5.0,9.0,15.0,25.0,37.0,0.1,0.21,0.3,1.0
2026-10-02 06:00,2026100205,桃園,桃新區,1047,環球桃園A8,桃園市龜山區復興一路8號B1F,31,林口,primary,6.046,0,53.0,Moderate,1,13.3,13.0,16.0,15.0,29.0,20.0,0.1,0.18,1.5,9.0
2026-10-02 06:00,2026100205,台北,北一區,1049,公館,台北市中正區羅斯福路四段88之1號,16,古亭,primary,1.634,0,47.0,Good,,11.6,6.0,20.0,16.0,29.0,27.0,0.2,0.15,1.2,3.0
2026-10-02 06:00,2026100205,新北,北三區,1050,新店佳瑪,新北市新店區民權路78號1F,56,新店,primary,5.244,0,56.0,Moderate,1,14.5,9.0,21.0,14.0,28.0,18.0,0.2,0.19,0.4,4.0
2026-10-02 06:00,2026100205,台北,北一區,1051,LaLaport南港,台北市南港區經貿二路131號3F,29,松山,primary,3.502,0,46.0,Good,,11.4,8.0,19.0,12.0,20.0,15.0,0.2,0.17,0.9,9.0
2026-10-02 06:00,2026100205,台北,北二區,1054,大巨蛋sogo,台北市信義區忠孝東路4段505號4F,29,松山,primary,2.265,0,46.0,Good,,11.4,8.0,19.0,12.0,20.0,15.0,0.2,0.17,0.9,9.0
2026-10-02 06:00,2026100205,宜蘭,北二區,1055,新月廣場,宜蘭縣宜蘭市民權路二段38巷6號3F,27,宜蘭,primary,1.095,0,48.0,Good,,12.0,13.0,14.0,16.0,20.0,21.0,0.1,0.17,0.5,2.0
2026-10-02 06:00,2026100205,台北,北二區,1056,統一夢廣場,台北市信義區松高路11號B1F,29,松山,primary,2.265,0,46.0,Good,,11.4,8.0,19.0,12.0,20.0,15.0,0.2,0.17,0.9,9.0
2026-10-02 06:00,2026100205,新北,北三區,1057,新莊民安,新北市新莊區民安路224號1樓,57,新莊,primary,0.49,0,53.0,Moderate,1,13.4,13.0,20.0,18.0,36.0,29.0,0.1,0.14,0.8,4.0
2026-10-02 06:00,2026100205,新北,北一區,1059,淡水,新北市淡水區中山路1之1號1F,48,淡水,primary,3.106,0,50.0,Good,,12.4,8.0,24.0,22.0,22.0,16.0,0.2,0.24,1.2,6.0
2026-10-02 06:00,2026100205,嘉義,南一區,1060,嘉義新光,嘉義市西區垂楊路726號4樓,63,嘉義,primary,3.538,0,37.0,Good,,9.1,6.0,22.0,22.0,8.0,4.0,0.2,0.23,1.2,6.0
2026-10-02 06:00,2026100205,新竹,新中區,1062,竹馬,新竹市東區光復路二段690號2F。 平安樓-眼科眼鏡配整中心,55,新竹,primary,6.242,0,65.0,Moderate,1,17.6,16.0,25.0,25.0,28.0,18.0,0.2,0.24,0.1,9.0
2026-10-02 06:00,2026100205,台中,新中區,1063,漢神洲際,台中市北屯區崇德路三段865號3F,74,豐原,primary,8.142,0,60.0,Moderate,1,15.7,14.0,23.0,22.0,16.0,12.0,0.2,0.29,0.1,6.0
2026-10-02 06:00,2026100205,台北,北一區,1065,台北微風廣場,臺北市松山區復興南路一段39號3F,29,松山,primary,2.391,0,46.0,Good,,11.4,8.0,19.0,12.0,20.0,15.0,0.2,0.17,0.9,9.0
2026-10-02 06:00,2026100205,屏東,南二區,1066,潮州驛站,屏東縣潮州鎮信義路111號1F,69,潮州,primary,1.548,0,44.0,Good,,10.8,11.0,20.0,19.0,16.0,7.0,0.2,0.21,1.0,1.0
2026-10-02 06:00,2026100205,台北,北一區,1067,大葉高島屋,臺北市士林區忠誠路2段55號4F,5,士林,primary,4.231,0,54.0,Moderate,1,13.7,10.0,14.0,16.0,31.0,24.0,0.1,0.16,1.0,6.0
2026-10-02 06:00,2026100205,新北,北三區,1068,環球中和,新北市中和區中山路3段122號2F,30,板橋,primary,4.299,0,48.0,Good,,12.0,10.0,17.0,9.0,31.0,21.0,0.2,0.23,0.7,6.0
2026-10-02 06:00,2026100205,台中,新中區,1069,誠品台中三井,台中市梧棲區臺灣大道10段168號1F(櫃號19800),26,沙鹿,primary,4.502,0,72.0,Moderate,1,20.3,22.0,32.0,31.0,21.0,16.0,0.2,0.28,0.6,10.0
2026-10-02 06:00,2026100205,桃園,桃新區,1070,環球青埔A19,桃園市中壢區高鐵南路二段352號4F,18,平鎮,primary,3.207,0,53.0,Moderate,1,13.3,10.0,21.0,12.0,31.0,27.0,0.2,0.22,0.6,7.0
2026-10-02 06:00,2026100205,台北,北二區,1071,南港CITY LINK,臺北市南港區東明里忠孝東路七段369號2F(B棟),29,松山,primary,3.502,0,46.0,Good,,11.4,8.0,19.0,12.0,20.0,15.0,0.2,0.17,0.9,9.0
2026-10-02 06:00,2026100205,台北,北二區,917,微風台北車站店,台北市中正區北平西路3號 微風台北車站1樓(G18),16,古亭,primary,1.634,0,47.0,Good,,11.6,6.0,20.0,16.0,29.0,27.0,0.2,0.15,1.2,3.0
2026-10-02 06:00,2026100205,台北,北二區,921,att4fun店,台北市信義區松壽路12號1F,29,松山,primary,2.265,0,46.0,Good,,11.4,8.0,19.0,12.0,20.0,15.0,0.2,0.17,0.9,9.0
2026-10-02 06:00,2026100205,台北,北二區,923,京站店,台北市大同區承德路一段1號B1 (Q24012),11,中山,primary,1.364,0,48.0,Good,,11.8,10.0,18.0,16.0,27.0,18.0,0.2,0.21,0.8,8.0
2026-10-02 06:00,2026100205,台北,北一區,925,忠孝敦化店,台北市大安區忠孝東路四段205巷20號1樓~3樓,16,古亭,primary,1.558,0,47.0,Good,,11.6,6.0,20.0,16.0,29.0,27.0,0.2,0.15,1.2,3.0
2026-10-02 06:00,2026100205,高雄,南二區,930,漢神巨蛋店,高雄市左營區博愛二路777號4F,17,左營,primary,1.037,0,52.0,Moderate,1,13.0,15.0,21.0,24.0,18.0,2.0,0.2,0.38,0.9,13.0
2026-10-02 06:00,2026100205,台北,北二區,932,微風南京店,台北市松山區南京東路三段337號B1-08(櫃號01070),29,松山,primary,2.391,0,46.0,Good,,11.4,8.0,19.0,12.0,20.0,15.0,0.2,0.17,0.9,9.0
2026-10-02 06:00,2026100205,新北,桃新區,935,MITSUI OUTLET PARK 林口店,新北市林口區文化三路一段356號 1F,31,林口,primary,2.773,0,53.0,Moderate,1,13.3,13.0,16.0,15.0,29.0,20.0,0.1,0.18,1.5,9.0
2026-10-02 06:00,2026100205,台南,南一區,939,新光三越台南小西門,台南市中西區西門路1段658-1號1F,67,臺南,primary,2.822,0,46.0,Good,,11.3,13.0,15.0,22.0,22.0,20.0,0.2,0.2,0.7,5.0
2026-10-02 06:00,2026100205,新竹,新中區,940,新竹巨城店,新竹市東區中央路229號3F,55,新竹,primary,6.242,0,65.0,Moderate,1,17.6,16.0,25.0,25.0,28.0,18.0,0.2,0.24,0.1,9.0
2026-10-02 06:00,2026100205,台北,北一區,941,台北忠孝SOGO店,台北市大安區忠孝東路四段45號B1F,16,古亭,primary,1.558,0,47.0,Good,,11.6,6.0,20.0,16.0,29.0,27.0,0.2,0.15,1.2,3.0
2026-10-02 06:00,2026100205,高雄,南二區,943,高雄三多SOGO店,高雄市前鎮區三多三路217號2F,10,小港,primary,3.812,0,48.0,Good,,12.0,14.0,20.0,26.0,21.0,6.0,0.2,0.31,1.0,13.0
2026-10-02 06:00,2026100205,台南,南一區,944,南紡購物中心店,台南市東區中華東路一段366號2F,67,臺南,primary,1.221,0,46.0,Good,,11.3,13.0,15.0,22.0,22.0,20.0,0.2,0.2,0.7,5.0
2026-10-02 06:00,2026100205,桃園,桃新區,946,台茂購物中心店,桃園市蘆竹區南崁路一段112號B2F,43,桃園,primary,7.665,0,51.0,Moderate,1,12.6,8.0,18.0,13.0,43.0,33.0,0.2,0.18,0.0,6.0
2026-10-02 06:00,2026100205,桃園,桃新區,947,大江購物中心店,桃園市中壢區中園路二段501號B1F,18,平鎮,primary,3.207,0,53.0,Moderate,1,13.3,10.0,21.0,12.0,31.0,27.0,0.2,0.22,0.6,7.0
2026-10-02 06:00,2026100205,台北,北三區,950,南西店,台北市中山區南京西路13號1F,11,中山,primary,1.428,0,48.0,Good,,11.8,10.0,18.0,16.0,27.0,18.0,0.2,0.21,0.8,8.0
2026-10-02 06:00,2026100205,台中,新中區,952,台中大遠百店,台中市西屯區台灣大道三段251號10F,25,西屯,primary,2.539,0,52.0,Moderate,1,13.0,12.0,24.0,22.0,10.0,0.0,0.3,0.31,1.1,16.0
2026-10-02 06:00,2026100205,桃園,桃新區,956,桃園ATT,桃園市桃園區中正路47號1F,43,桃園,primary,0.831,0,51.0,Moderate,1,12.6,8.0,18.0,13.0,43.0,33.0,0.2,0.18,0.0,6.0
2026-10-02 06:00,2026100205,台中,新中區,958,台中新時代,台中市東區復興路四段186號2F,7,大里,primary,4.601,0,44.0,Good,,10.9,11.0,17.0,17.0,6.0,5.0,0.3,0.29,1.1,8.0
2026-10-02 06:00,2026100205,台中,新中區,960,秀泰台中站前店,台中市東區南京路66號1F,7,大里,primary,4.601,0,44.0,Good,,10.9,11.0,17.0,17.0,6.0,5.0,0.3,0.29,1.1,8.0
2026-10-02 06:00,2026100205,台北,北二區,964,新光三越信義A11,台北市信義區松壽路11號B1F,29,松山,primary,2.265,0,46.0,Good,,11.4,8.0,19.0,12.0,20.0,15.0,0.2,0.17,0.9,9.0
2026-10-02 06:00,2026100205,台北,北一區,966,台北天母ＳＯＧＯ,台北市士林區中山北路六段77號2F,5,士林,primary,4.231,0,54.0,Moderate,1,13.7,10.0,14.0,16.0,31.0,24.0,0.1,0.16,1.0,6.0
2026-10-02 06:00,2026100205,高雄,南二區,967,高雄大遠百,高雄市苓雅區三多四路21號3F,35,前金,primary,3.688,0,48.0,Good,,11.8,9.0,18.0,21.0,23.0,9.0,0.2,0.28,0.3,11.0
2026-10-02 06:00,2026100205,基隆,北二區,969,基隆東岸廣場,基隆市仁愛區仁二路236號1F,46,基隆,primary,1.993,0,38.0,Good,,9.5,7.0,19.0,15.0,13.0,8.0,0.2,0.21,0.6,5.0
2026-10-02 06:00,2026100205,新北,北三區,973,環球板橋,新北市板橋區縣民大道二段7號2F,30,板橋,primary,0.142,0,48.0,Good,,12.0,10.0,17.0,9.0,31.0,21.0,0.2,0.23,0.7,6.0
2026-10-02 06:00,2026100205,台北,北二區,975,美麗華店,台北市中山區敬業三路20號B1F,11,中山,primary,1.428,0,48.0,Good,,11.8,10.0,18.0,16.0,27.0,18.0,0.2,0.21,0.8,8.0
2026-10-02 06:00,2026100205,新北,北三區,981,新店家樂福店,新北市新店區中興路三段1號1F,56,新店,primary,5.244,0,56.0,Moderate,1,14.5,9.0,21.0,14.0,28.0,18.0,0.2,0.19,0.4,4.0
2026-10-02 06:00,2026100205,桃園,桃新區,982,內壢家樂福店,桃園市中壢區中華路一段450號1F,18,平鎮,primary,3.207,0,53.0,Moderate,1,13.3,10.0,21.0,12.0,31.0,27.0,0.2,0.22,0.6,7.0
2026-10-02 06:00,2026100205,桃園,桃新區,984,經國家樂福店,桃園市桃園區經國路 369號B1F,43,桃園,primary,0.831,0,51.0,Moderate,1,12.6,8.0,18.0,13.0,43.0,33.0,0.2,0.18,0.0,6.0
2026-10-02 06:00,2026100205,台北,北二區,986,內湖CITYLINK店,台北市內湖區成功路四段188號1F,29,松山,primary,3.996,0,46.0,Good,,11.4,8.0,19.0,12.0,20.0,15.0,0.2,0.17,0.9,9.0
2026-10-02 06:00,2026100205,高雄,南一區,987,新光三越高雄左營店,高雄市左營區高鐵路123號3F,17,左營,primary,1.037,0,52.0,Moderate,1,13.0,15.0,21.0,24.0,18.0,2.0,0.2,0.38,0.9,13.0
2026-10-02 06:00,2026100205,嘉義,南一區,988,秀泰嘉義店,嘉義市西區文化路299號1F,63,嘉義,primary,3.538,0,37.0,Good,,9.1,6.0,22.0,22.0,8.0,4.0,0.2,0.23,1.2,6.0
2026-10-02 06:00,2026100205,高雄,南二區,990,高雄成功家樂福OUTLET店,高雄市前鎮區中華五路1111號1F,10,小港,primary,3.812,0,48.0,Good,,12.0,14.0,20.0,26.0,21.0,6.0,0.2,0.31,1.0,13.0
2026-10-02 06:00,2026100205,台北,北一區,992,西門漢中,台北市萬華區漢中街110號,62,萬華,primary,2.232,0,42.0,Good,,10.3,9.0,18.0,14.0,28.0,20.0,0.2,0.19,0.9,9.0
2026-10-02 06:00,2026100205,新北,北三區,993,秀泰樹林,新北市樹林區樹新路40-6號1F,4,土城,primary,5.133,0,64.0,Moderate,1,17.1,15.0,24.0,22.0,30.0,24.0,0.2,0.2,0.8,3.0
2026-10-02 06:00,2026100205,新北,北三區,995,JCPARK新莊店,新北市新莊區幸福路742號1F,57,新莊,primary,0.49,0,53.0,Moderate,1,13.4,13.0,20.0,18.0,36.0,29.0,0.1,0.14,0.8,4.0
2026-10-02 06:00,2026100205,新北,北三區,996,板橋府中店,新北市板橋區中山路一段19號1F,30,板橋,primary,0.142,0,48.0,Good,,12.0,10.0,17.0,9.0,31.0,21.0,0.2,0.23,0.7,6.0
2026-10-02 06:00,2026100205,新北,北三區,997,京站小碧潭店,新北市新店區中央路157號5F,56,新店,primary,5.244,0,56.0,Moderate,1,14.5,9.0,21.0,14.0,28.0,18.0,0.2,0.19,0.4,4.0
2026-10-02 06:00,2026100205,屏東,南二區,998,屏東車站店,屏東縣屏東市公勇路62號1F,38,屏東,primary,1.241,0,43.0,Good,,10.7,8.0,21.0,23.0,21.0,14.0,0.2,0.25,1.0,6.0
2026-10-05 07:00,2026100506,桃園,桃新區,1001,八德置地生活店,桃園市八德區介壽路一段728號1F,43,桃園,primary,5.193,0,38.0,Good,,9.4,9.0,16.0,13.0,38.0,34.0,0.1,0.22,0.7,5.0
2026-10-05 07:00,2026100506,桃園,桃新區,1002,新光影城桃園高鐵站店,桃園市中壢區春德路107號1F,18,平鎮,primary,3.207,0,32.0,Good,,6.5,6.0,19.0,15.0,31.0,26.0,0.2,0.26,1.2,11.0
2026-10-05 07:00,2026100506,新北,北三區,1003,蘆洲佳瑪店,新北市蘆洲區長榮路2號1F,53,菜寮,primary,2.465,0,33.0,Good,,5.3,4.0,14.0,12.0,36.0,34.0,0.1,0.22,0.6,6.0
2026-10-05 07:00,2026100506,彰化,南一區,1008,員林大潤發店,彰化縣埔心鄉中山路319號1F,139,員林,primary,3.097,0,82.0,Moderate,1,23.8,28.0,36.0,45.0,18.0,9.0,0.3,0.37,1.4,9.0
2026-10-05 07:00,2026100506,花蓮,北一區,1009,花蓮遠百店,花蓮縣花蓮市和平路581號1F,33,花蓮,primary,2.954,0,27.0,Good,,6.8,4.0,13.0,11.0,25.0,12.0,0.1,0.22,0.5,3.0
2026-10-05 07:00,2026100506,高雄,南二區,1010,高雄夢時代,高雄市前鎮區中華五路789號7F,10,小港,primary,3.812,0,69.0,Moderate,1,19.1,19.0,33.0,36.0,27.0,13.0,0.2,0.3,1.7,11.0
2026-10-05 07:00,2026100506,新竹,新中區,1012,遠百竹北店,新竹縣竹北市莊敬北路18號6F,55,新竹,primary,4.271,0,41.0,Good,,10.2,9.0,18.0,14.0,24.0,20.0,0.2,0.23,0.7,11.0
2026-10-05 07:00,2026100506,台東,南二區,1013,秀泰台東,台東縣台東市新生路93號2F,66,臺東,primary,4.131,0,27.0,Good,,6.8,9.0,12.0,12.0,23.0,17.0,0.1,0.19,0.4,1.0
2026-10-05 07:00,2026100506,台南,南一區,1015,MITSUI OUTLET PARK 台南店,台南市歸仁區歸仁大道101號3F,67,臺南,primary,8.892,0,58.0,Moderate,1,15.2,19.0,34.0,36.0,31.0,23.0,0.2,0.26,1.6,8.0
2026-10-05 07:00,2026100506,新北,北三區,1017,三重佳瑪,新北市三重區自強路一段73號1F,53,菜寮,primary,0.916,0,33.0,Good,,5.3,4.0,14.0,12.0,36.0,34.0,0.1,0.22,0.6,6.0
2026-10-05 07:00,2026100506,新竹,新中區,1018,新竹大魯閣店（遠雄廣場）,新竹市北區大雅路88號1F,55,新竹,primary,6.242,0,41.0,Good,,10.2,9.0,18.0,14.0,24.0,20.0,0.2,0.23,0.7,11.0
2026-10-05 07:00,2026100506,台中,新中區,1021,台中中友店,台中市北區三民路三段161號A棟3F,28,忠明,primary,4.112,0,66.0,Moderate,1,17.9,21.0,27.0,30.0,16.0,11.0,0.3,0.34,0.8,11.0
2026-10-05 07:00,2026100506,台北,北二區,1022,內湖大全聯,台北市內湖區舊宗路一段188號1F,29,松山,primary,3.996,0,29.0,Good,,5.5,7.0,15.0,12.0,22.0,18.0,0.1,0.22,0.9,12.0
2026-10-05 07:00,2026100506,新北,北三區,1024,板橋愛買店,新北市板橋區貴興路101號1F,30,板橋,primary,0.142,0,34.0,Good,,8.4,6.0,15.0,16.0,31.0,22.0,0.2,0.28,1.0,9.0
2026-10-05 07:00,2026100506,新北,北三區,1025,新莊宏匯店,新北市新莊區新北大道4段3號2F,57,新莊,primary,0.49,0,33.0,Good,,7.5,4.0,16.0,15.0,36.0,28.0,0.1,0.2,0.7,6.0
2026-10-05 07:00,2026100506,台中,新中區,1029,Mitsui Shopping Park LaLaport台中店,台中市東區進德路600號3F(櫃號C30270),7,大里,primary,4.601,0,70.0,Moderate,1,19.3,14.0,32.0,35.0,18.0,15.0,0.3,0.38,0.9,7.0
2026-10-05 07:00,2026100506,新北,北三區,1031,三峽店,新北市三峽區民生街106之3號1F,4,土城,primary,11.729,0,35.0,Good,,7.5,8.0,21.0,19.0,24.0,21.0,0.2,0.24,0.4,6.0
2026-10-05 07:00,2026100506,台中,新中區,1032,新光三越台中中港,台中市西屯區台灣大道三段301號6F,25,西屯,primary,2.539,0,65.0,Moderate,1,17.7,22.0,24.0,24.0,9.0,3.0,0.2,0.31,1.4,16.0
2026-10-05 07:00,2026100506,高雄,南二區,1033,高雄SKM Park,高雄市前鎮區中安路1-1號1F,10,小港,primary,3.812,0,69.0,Moderate,1,19.1,19.0,33.0,36.0,27.0,13.0,0.2,0.3,1.7,11.0
2026-10-05 07:00,2026100506,高雄,南一區,1034,高雄漢神百貨,高雄市前金區成功一路266-1號7F,35,前金,primary,1.1,0,63.0,Moderate,1,17.0,18.0,37.0,38.0,27.0,20.0,0.2,0.32,0.9,11.0
2026-10-05 07:00,2026100506,台北,北二區,1036,台北永康,台北市大安區永康街10-3號1F,16,古亭,primary,1.558,0,32.0,Good,,5.8,4.0,19.0,19.0,31.0,20.0,0.1,0.2,1.0,5.0
2026-10-05 07:00,2026100506,新北,北一區,1037,竹圍店,新北市淡水區民權路42號1~2F,48,淡水,primary,3.106,0,33.0,Good,,7.2,8.0,20.0,23.0,12.0,10.0,0.2,0.36,1.0,7.0
2026-10-05 07:00,2026100506,台北,北一區,1038,石牌,台北市北投區石牌路二段66號,5,士林,primary,4.975,0,33.0,Good,,8.3,7.0,12.0,13.0,32.0,25.0,0.1,0.2,0.9,7.0
2026-10-05 07:00,2026100506,苗栗,新中區,1040,頭份大潤發,苗栗縣頭份市自強路230號1F,55,新竹,primary,15.362,0,41.0,Good,,10.2,9.0,18.0,14.0,24.0,20.0,0.2,0.23,0.7,11.0
2026-10-05 07:00,2026100506,桃園,桃新區,1041,中原家樂福,桃園市中壢區中華路二段 501號1F,18,平鎮,primary,3.207,0,32.0,Good,,6.5,6.0,19.0,15.0,31.0,26.0,0.2,0.26,1.2,11.0
2026-10-05 07:00,2026100506,高雄,南二區,1044,高雄義享,高雄市鼓山區大順一路115號3F,35,前金,primary,2.226,0,63.0,Moderate,1,17.0,18.0,37.0,38.0,27.0,20.0,0.2,0.32,0.9,11.0
2026-10-05 07:00,2026100506,新北,北一區,1045,江子翠,新北市板橋區雙十路二段176號1F,30,板橋,primary,0.142,0,34.0,Good,,8.4,6.0,15.0,16.0,31.0,22.0,0.2,0.28,1.0,9.0
2026-10-05 07:00,2026100506,澎湖,南一區,1046,澎湖三號港,澎湖縣馬公市同和路158號3F,44,馬公,primary,3.072,0,41.0,Good,,10.2,10.0,23.0,26.0,42.0,36.0,0.1,0.2,0.0,2.0
2026-10-05 07:00,2026100506,桃園,桃新區,1047,環球桃園A8,桃園市龜山區復興一路8號B1F,31,林口,primary,6.046,0,31.0,Good,,7.1,6.0,15.0,14.0,32.0,23.0,0.1,0.23,0.8,13.0
2026-10-05 07:00,2026100506,台北,北一區,1049,公館,台北市中正區羅斯福路四段88之1號,16,古亭,primary,1.634,0,32.0,Good,,5.8,4.0,19.0,19.0,31.0,20.0,0.1,0.2,1.0,5.0
2026-10-05 07:00,2026100506,新北,北三區,1050,新店佳瑪,新北市新店區民權路78號1F,56,新店,primary,5.244,0,29.0,Good,,7.1,6.0,16.0,22.0,20.0,14.0,0.1,0.2,0.8,3.0
2026-10-05 07:00,2026100506,台北,北一區,1051,LaLaport南港,台北市南港區經貿二路131號3F,29,松山,primary,3.502,0,29.0,Good,,5.5,7.0,15.0,12.0,22.0,18.0,0.1,0.22,0.9,12.0
2026-10-05 07:00,2026100506,台北,北二區,1054,大巨蛋sogo,台北市信義區忠孝東路4段505號4F,29,松山,primary,2.265,0,29.0,Good,,5.5,7.0,15.0,12.0,22.0,18.0,0.1,0.22,0.9,12.0
2026-10-05 07:00,2026100506,宜蘭,北二區,1055,新月廣場,宜蘭縣宜蘭市民權路二段38巷6號3F,27,宜蘭,primary,1.095,0,35.0,Good,,8.8,15.0,20.0,26.0,24.0,12.0,0.1,0.2,1.0,4.0
2026-10-05 07:00,2026100506,台北,北二區,1056,統一夢廣場,台北市信義區松高路11號B1F,29,松山,primary,2.265,0,29.0,Good,,5.5,7.0,15.0,12.0,22.0,18.0,0.1,0.22,0.9,12.0
2026-10-05 07:00,2026100506,新北,北三區,1057,新莊民安,新北市新莊區民安路224號1樓,57,新莊,primary,0.49,0,33.0,Good,,7.5,4.0,16.0,15.0,36.0,28.0,0.1,0.2,0.7,6.0
2026-10-05 07:00,2026100506,新北,北一區,1059,淡水,新北市淡水區中山路1之1號1F,48,淡水,primary,3.106,0,33.0,Good,,7.2,8.0,20.0,23.0,12.0,10.0,0.2,0.36,1.0,7.0
2026-10-05 07:00,2026100506,嘉義,南一區,1060,嘉義新光,嘉義市西區垂楊路726號4樓,63,嘉義,primary,3.538,0,52.0,Moderate,1,13.0,14.0,30.0,33.0,19.0,16.0,0.2,0.23,1.0,5.0
2026-10-05 07:00,2026100506,新竹,新中區,1062,竹馬,新竹市東區光復路二段690號2F。 平安樓-眼科眼鏡配整中心,55,新竹,primary,6.242,0,41.0,Good,,10.2,9.0,18.0,14.0,24.0,20.0,0.2,0.23,0.7,11.0
2026-10-05 07:00,2026100506,台中,新中區,1063,漢神洲際,台中市北屯區崇德路三段865號3F,74,豐原,primary,8.142,0,62.0,Moderate,1,16.7,20.0,23.0,24.0,17.0,10.0,0.2,0.33,0.6,8.0
2026-10-05 07:00,2026100506,台北,北一區,1065,台北微風廣場,臺北市松山區復興南路一段39號3F,29,松山,primary,2.391,0,29.0,Good,,5.5,7.0,15.0,12.0,22.0,18.0,0.1,0.22,0.9,12.0
2026-10-05 07:00,2026100506,屏東,南二區,1066,潮州驛站,屏東縣潮州鎮信義路111號1F,69,潮州,primary,1.548,0,62.0,Moderate,1,16.4,17.0,27.0,26.0,12.0,9.0,0.1,0.21,0.8,2.0
2026-10-05 07:00,2026100506,台北,北一區,1067,大葉高島屋,臺北市士林區忠誠路2段55號4F,5,士林,primary,4.231,0,33.0,Good,,8.3,7.0,12.0,13.0,32.0,25.0,0.1,0.2,0.9,7.0
2026-10-05 07:00,2026100506,新北,北三區,1068,環球中和,新北市中和區中山路3段122號2F,30,板橋,primary,4.299,0,34.0,Good,,8.4,6.0,15.0,16.0,31.0,22.0,0.2,0.28,1.0,9.0
2026-10-05 07:00,2026100506,台中,新中區,1069,誠品台中三井,台中市梧棲區臺灣大道10段168號1F(櫃號19800),26,沙鹿,primary,4.502,0,54.0,Moderate,1,13.7,12.0,27.0,27.0,17.0,11.0,0.2,0.26,1.0,10.0
2026-10-05 07:00,2026100506,桃園,桃新區,1070,環球青埔A19,桃園市中壢區高鐵南路二段352號4F,18,平鎮,primary,3.207,0,32.0,Good,,6.5,6.0,19.0,15.0,31.0,26.0,0.2,0.26,1.2,11.0
2026-10-05 07:00,2026100506,台北,北二區,1071,南港CITY LINK,臺北市南港區東明里忠孝東路七段369號2F(B棟),29,松山,primary,3.502,0,29.0,Good,,5.5,7.0,15.0,12.0,22.0,18.0,0.1,0.22,0.9,12.0
2026-10-05 07:00,2026100506,台北,北二區,917,微風台北車站店,台北市中正區北平西路3號 微風台北車站1樓(G18),16,古亭,primary,1.634,0,32.0,Good,,5.8,4.0,19.0,19.0,31.0,20.0,0.1,0.2,1.0,5.0
2026-10-05 07:00,2026100506,台北,北二區,921,att4fun店,台北市信義區松壽路12號1F,29,松山,primary,2.265,0,29.0,Good,,5.5,7.0,15.0,12.0,22.0,18.0,0.1,0.22,0.9,12.0
2026-10-05 07:00,2026100506,台北,北二區,923,京站店,台北市大同區承德路一段1號B1 (Q24012),11,中山,primary,1.364,0,34.0,Good,,8.5,10.0,17.0,11.0,32.0,30.0,0.1,0.22,0.3,7.0
2026-10-05 07:00,2026100506,台北,北一區,925,忠孝敦化店,台北市大安區忠孝東路四段205巷20號1樓~3樓,16,古亭,primary,1.558,0,32.0,Good,,5.8,4.0,19.0,19.0,31.0,20.0,0.1,0.2,1.0,5.0
2026-10-05 07:00,2026100506,高雄,南二區,930,漢神巨蛋店,高雄市左營區博愛二路777號4F,17,左營,primary,1.037,0,65.0,Moderate,1,17.6,20.0,36.0,43.0,28.0,19.0,0.2,0.3,1.4,13.0
2026-10-05 07:00,2026100506,台北,北二區,932,微風南京店,台北市松山區南京東路三段337號B1-08(櫃號01070),29,松山,primary,2.391,0,29.0,Good,,5.5,7.0,15.0,12.0,22.0,18.0,0.1,0.22,0.9,12.0
2026-10-05 07:00,2026100506,新北,桃新區,935,MITSUI OUTLET PARK 林口店,新北市林口區文化三路一段356號 1F,31,林口,primary,2.773,0,31.0,Good,,7.1,6.0,15.0,14.0,32.0,23.0,0.1,0.23,0.8,13.0
2026-10-05 07:00,2026100506,台南,南一區,939,新光三越台南小西門,台南市中西區西門路1段658-1號1F,67,臺南,primary,2.822,0,58.0,Moderate,1,15.2,19.0,34.0,36.0,31.0,23.0,0.2,0.26,1.6,8.0
2026-10-05 07:00,2026100506,新竹,新中區,940,新竹巨城店,新竹市東區中央路229號3F,55,新竹,primary,6.242,0,41.0,Good,,10.2,9.0,18.0,14.0,24.0,20.0,0.2,0.23,0.7,11.0
2026-10-05 07:00,2026100506,台北,北一區,941,台北忠孝SOGO店,台北市大安區忠孝東路四段45號B1F,16,古亭,primary,1.558,0,32.0,Good,,5.8,4.0,19.0,19.0,31.0,20.0,0.1,0.2,1.0,5.0
2026-10-05 07:00,2026100506,高雄,南二區,943,高雄三多SOGO店,高雄市前鎮區三多三路217號2F,10,小港,primary,3.812,0,69.0,Moderate,1,19.1,19.0,33.0,36.0,27.0,13.0,0.2,0.3,1.7,11.0
2026-10-05 07:00,2026100506,台南,南一區,944,南紡購物中心店,台南市東區中華東路一段366號2F,67,臺南,primary,1.221,0,58.0,Moderate,1,15.2,19.0,34.0,36.0,31.0,23.0,0.2,0.26,1.6,8.0
2026-10-05 07:00,2026100506,桃園,桃新區,946,台茂購物中心店,桃園市蘆竹區南崁路一段112號B2F,43,桃園,primary,7.665,0,38.0,Good,,9.4,9.0,16.0,13.0,38.0,34.0,0.1,0.22,0.7,5.0
2026-10-05 07:00,2026100506,桃園,桃新區,947,大江購物中心店,桃園市中壢區中園路二段501號B1F,18,平鎮,primary,3.207,0,32.0,Good,,6.5,6.0,19.0,15.0,31.0,26.0,0.2,0.26,1.2,11.0
2026-10-05 07:00,2026100506,台北,北三區,950,南西店,台北市中山區南京西路13號1F,11,中山,primary,1.428,0,34.0,Good,,8.5,10.0,17.0,11.0,32.0,30.0,0.1,0.22,0.3,7.0
2026-10-05 07:00,2026100506,台中,新中區,952,台中大遠百店,台中市西屯區台灣大道三段251號10F,25,西屯,primary,2.539,0,65.0,Moderate,1,17.7,22.0,24.0,24.0,9.0,3.0,0.2,0.31,1.4,16.0
2026-10-05 07:00,2026100506,桃園,桃新區,956,桃園ATT,桃園市桃園區中正路47號1F,43,桃園,primary,0.831,0,38.0,Good,,9.4,9.0,16.0,13.0,38.0,34.0,0.1,0.22,0.7,5.0
2026-10-05 07:00,2026100506,台中,新中區,958,台中新時代,台中市東區復興路四段186號2F,7,大里,primary,4.601,0,70.0,Moderate,1,19.3,14.0,32.0,35.0,18.0,15.0,0.3,0.38,0.9,7.0
2026-10-05 07:00,2026100506,台中,新中區,960,秀泰台中站前店,台中市東區南京路66號1F,7,大里,primary,4.601,0,70.0,Moderate,1,19.3,14.0,32.0,35.0,18.0,15.0,0.3,0.38,0.9,7.0
2026-10-05 07:00,2026100506,台北,北二區,964,新光三越信義A11,台北市信義區松壽路11號B1F,29,松山,primary,2.265,0,29.0,Good,,5.5,7.0,15.0,12.0,22.0,18.0,0.1,0.22,0.9,12.0
2026-10-05 07:00,2026100506,台北,北一區,966,台北天母ＳＯＧＯ,台北市士林區中山北路六段77號2F,5,士林,primary,4.231,0,33.0,Good,,8.3,7.0,12.0,13.0,32.0,25.0,0.1,0.2,0.9,7.0
2026-10-05 07:00,2026100506,高雄,南二區,967,高雄大遠百,高雄市苓雅區三多四路21號3F,35,前金,primary,3.688,0,63.0,Moderate,1,17.0,18.0,37.0,38.0,27.0,20.0,0.2,0.32,0.9,11.0
2026-10-05 07:00,2026100506,基隆,北二區,969,基隆東岸廣場,基隆市仁愛區仁二路236號1F,46,基隆,primary,1.993,0,29.0,Good,,5.2,7.0,17.0,13.0,18.0,8.0,0.1,0.28,1.0,12.0
2026-10-05 07:00,2026100506,新北,北三區,973,環球板橋,新北市板橋區縣民大道二段7號2F,30,板橋,primary,0.142,0,34.0,Good,,8.4,6.0,15.0,16.0,31.0,22.0,0.2,0.28,1.0,9.0
2026-10-05 07:00,2026100506,台北,北二區,975,美麗華店,台北市中山區敬業三路20號B1F,11,中山,primary,1.428,0,34.0,Good,,8.5,10.0,17.0,11.0,32.0,30.0,0.1,0.22,0.3,7.0
2026-10-05 07:00,2026100506,新北,北三區,981,新店家樂福店,新北市新店區中興路三段1號1F,56,新店,primary,5.244,0,29.0,Good,,7.1,6.0,16.0,22.0,20.0,14.0,0.1,0.2,0.8,3.0
2026-10-05 07:00,2026100506,桃園,桃新區,982,內壢家樂福店,桃園市中壢區中華路一段450號1F,18,平鎮,primary,3.207,0,32.0,Good,,6.5,6.0,19.0,15.0,31.0,26.0,0.2,0.26,1.2,11.0
2026-10-05 07:00,2026100506,桃園,桃新區,984,經國家樂福店,桃園市桃園區經國路 369號B1F,43,桃園,primary,0.831,0,38.0,Good,,9.4,9.0,16.0,13.0,38.0,34.0,0.1,0.22,0.7,5.0
2026-10-05 07:00,2026100506,台北,北二區,986,內湖CITYLINK店,台北市內湖區成功路四段188號1F,29,松山,primary,3.996,0,29.0,Good,,5.5,7.0,15.0,12.0,22.0,18.0,0.1,0.22,0.9,12.0
2026-10-05 07:00,2026100506,高雄,南一區,987,新光三越高雄左營店,高雄市左營區高鐵路123號3F,17,左營,primary,1.037,0,65.0,Moderate,1,17.6,20.0,36.0,43.0,28.0,19.0,0.2,0.3,1.4,13.0
2026-10-05 07:00,2026100506,嘉義,南一區,988,秀泰嘉義店,嘉義市西區文化路299號1F,63,嘉義,primary,3.538,0,52.0,Moderate,1,13.0,14.0,30.0,33.0,19.0,16.0,0.2,0.23,1.0,5.0
2026-10-05 07:00,2026100506,高雄,南二區,990,高雄成功家樂福OUTLET店,高雄市前鎮區中華五路1111號1F,10,小港,primary,3.812,0,69.0,Moderate,1,19.1,19.0,33.0,36.0,27.0,13.0,0.2,0.3,1.7,11.0
2026-10-05 07:00,2026100506,台北,北一區,992,西門漢中,台北市萬華區漢中街110號,62,萬華,primary,2.232,0,28.0,Good,,6.8,7.0,17.0,13.0,29.0,24.0,0.2,0.25,0.8,11.0
2026-10-05 07:00,2026100506,新北,北三區,993,秀泰樹林,新北市樹林區樹新路40-6號1F,4,土城,primary,5.133,0,35.0,Good,,7.5,8.0,21.0,19.0,24.0,21.0,0.2,0.24,0.4,6.0
2026-10-05 07:00,2026100506,新北,北三區,995,JCPARK新莊店,新北市新莊區幸福路742號1F,57,新莊,primary,0.49,0,33.0,Good,,7.5,4.0,16.0,15.0,36.0,28.0,0.1,0.2,0.7,6.0
2026-10-05 07:00,2026100506,新北,北三區,996,板橋府中店,新北市板橋區中山路一段19號1F,30,板橋,primary,0.142,0,34.0,Good,,8.4,6.0,15.0,16.0,31.0,22.0,0.2,0.28,1.0,9.0
2026-10-05 07:00,2026100506,新北,北三區,997,京站小碧潭店,新北市新店區中央路157號5F,56,新店,primary,5.244,0,29.0,Good,,7.1,6.0,16.0,22.0,20.0,14.0,0.1,0.2,0.8,3.0
2026-10-05 07:00,2026100506,屏東,南二區,998,屏東車站店,屏東縣屏東市公勇路62號1F,38,屏東,primary,1.241,0,60.0,Moderate,1,15.9,21.0,33.0,34.0,21.0,9.0,0.2,0.27,0.8,6.0
