date,weekday,weekday_num,weekend,is_day_off,adjusted_workday,public_holiday,public_holiday_actual,observed_holiday,holiday_name,long_weekend,long_weekend_day,long_weekend_length,pre_holiday,post_holiday,days_to_next_holiday,days_since_holiday,month_start,month_end,payday_proxy,payday_window,day_before_public_holiday,day_after_public_holiday,holiday_sequence_id,holiday_sequence_day,holiday_sequence_length,holiday_sequence_start,holiday_sequence_end,long_weekend_start,long_weekend_end,pre_long_weekend,post_long_weekend,source_note,source_year,source_url
2025-01-01,Wed,3,0,1,0,1,1,0,New Year's Day,0,0,0,0,0,0,0,1,0,0,0,0,0,HS-2025-01-01,1,1,1,1,0,0,0,0,開國紀念日,2025,https://www.dgpa.gov.tw/FileConversion?filename=dgpa%2Ffiles%2F202510%2Fb84cb88a-803c-4621-a843-d637b2775615.csv&name=114%E5%B9%B4%E4%B8%AD%E8%8F%AF%E6%B0%91%E5%9C%8B%E6%94%BF%E5%BA%9C%E8%A1%8C%E6%94%BF%E6%A9%9F%E9%97%9C%E8%BE%A6%E5%85%AC%E6%97%A5%E6%9B%86%E8%A1%A8%281141020%E6%9B%B4%E6%96%B0%29.csv&nfix=
2025-01-02,Thu,4,0,0,0,0,0,0,,0,0,0,0,1,25,1,0,0,0,0,0,1,,0,0,0,0,0,0,0,0,,2025,https://www.dgpa.gov.tw/FileConversion?filename=dgpa%2Ffiles%2F202510%2Fb84cb88a-803c-4621-a843-d637b2775615.csv&name=114%E5%B9%B4%E4%B8%AD%E8%8F%AF%E6%B0%91%E5%9C%8B%E6%94%BF%E5%BA%9C%E8%A1%8C%E6%94%BF%E6%A9%9F%E9%97%9C%E8%BE%A6%E5%85%AC%E6%97%A5%E6%9B%86%E8%A1%A8%281141020%E6%9B%B4%E6%96%B0%29.csv&nfix=
2025-01-03,Fri,5,0,0,0,0,0,0,,0,0,0,0,0,24,2,0,0,0,0,0,0,,0,0,0,0,0,0,0,0,,2025,https://www.dgpa.gov.tw/FileConversion?filename=dgpa%2Ffiles%2F202510%2Fb84cb88a-803c-4621-a843-d637b2775615.csv&name=114%E5%B9%B4%E4%B8%AD%E8%8F%AF%E6%B0%91%E5%9C%8B%E6%94%BF%E5%BA%9C%E8%A1%8C%E6%94%BF%E6%A9%9F%E9%97%9C%E8%BE%A6%E5%85%AC%E6%97%A5%E6%9B%86%E8%A1%A8%281141020%E6%9B%B4%E6%96%B0%29.csv&nfix=
2025-01-04,Sat,6,1,1,0,0,0,0,,0,0,0,0,0,23,3,0,0,0,0,0,0,,0,0,0,0,0,0,0,0,,2025,https://www.dgpa.gov.tw/FileConversion?filename=dgpa%2Ffiles%2F202510%2Fb84cb88a-803c-4621-a843-d637b2775615.csv&name=114%E5%B9%B4%E4%B8%AD%E8%8F%AF%E6%B0%91%E5%9C%8B%E6%94%BF%E5%BA%9C%E8%A1%8C%E6%94%BF%E6%A9%9F%E9%97%9C%E8%BE%A6%E5%85%AC%E6%97%A5%E6%9B%86%E8%A1%A8%281141020%E6%9B%B4%E6%96%B0%29.csv&nfix=
2025-01-05,Sun,7,1,1,0,0,0,0,,0,0,0,0,0,22,4,0,0,0,0,0,0,,0,0,0,0,0,0,0,0,,2025,https://www.dgpa.gov.tw/FileConversion?filename=dgpa%2Ffiles%2F202510%2Fb84cb88a-803c-4621-a843-d637b2775615.csv&name=114%E5%B9%B4%E4%B8%AD%E8%8F%AF%E6%B0%91%E5%9C%8B%E6%94%BF%E5%BA%9C%E8%A1%8C%E6%94%BF%E6%A9%9F%E9%97%9C%E8%BE%A6%E5%85%AC%E6%97%A5%E6%9B%86%E8%A1%A8%281141020%E6%9B%B4%E6%96%B0%29.csv&nfix=
2025-01-06,Mon,1,0,0,0,0,0,0,,0,0,0,0,0,21,5,0,0,0,0,0,0,,0,0,0,0,0,0,0,0,,2025,https://www.dgpa.gov.tw/FileConversion?filename=dgpa%2Ffiles%2F202510%2Fb84cb88a-803c-4621-a843-d637b2775615.csv&name=114%E5%B9%B4%E4%B8%AD%E8%8F%AF%E6%B0%91%E5%9C%8B%E6%94%BF%E5%BA%9C%E8%A1%8C%E6%94%BF%E6%A9%9F%E9%97%9C%E8%BE%A6%E5%85%AC%E6%97%A5%E6%9B%86%E8%A1%A8%281141020%E6%9B%B4%E6%96%B0%29.csv&nfix=
2025-01-07,Tue,2,0,0,0,0,0,0,,0,0,0,0,0,20,6,0,0,0,0,0,0,,0,0,0,0,0,0,0,0,,2025,https://www.dgpa.gov.tw/FileConversion?filename=dgpa%2Ffiles%2F202510%2Fb84cb88a-803c-4621-a843-d637b2775615.csv&name=114%E5%B9%B4%E4%B8%AD%E8%8F%AF%E6%B0%91%E5%9C%8B%E6%94%BF%E5%BA%9C%E8%A1%8C%E6%94%BF%E6%A9%9F%E9%97%9C%E8%BE%A6%E5%85%AC%E6%97%A5%E6%9B%86%E8%A1%A8%281141020%E6%9B%B4%E6%96%B0%29.csv&nfix=
2025-01-08,Wed,3,0,0,0,0,0,0,,0,0,0,0,0,19,7,0,0,0,0,0,0,,0,0,0,0,0,0,0,0,,2025,https://www.dgpa.gov.tw/FileConversion?filename=dgpa%2Ffiles%2F202510%2Fb84cb88a-803c-4621-a843-d637b2775615.csv&name=114%E5%B9%B4%E4%B8%AD%E8%8F%AF%E6%B0%91%E5%9C%8B%E6%94%BF%E5%BA%9C%E8%A1%8C%E6%94%BF%E6%A9%9F%E9%97%9C%E8%BE%A6%E5%85%AC%E6%97%A5%E6%9B%86%E8%A1%A8%281141020%E6%9B%B4%E6%96%B0%29.csv&nfix=
2025-01-09,Thu,4,0,0,0,0,0,0,,0,0,0,0,0,18,8,0,0,0,0,0,0,,0,0,0,0,0,0,0,0,,2025,https://www.dgpa.gov.tw/FileConversion?filename=dgpa%2Ffiles%2F202510%2Fb84cb88a-803c-4621-a843-d637b2775615.csv&name=114%E5%B9%B4%E4%B8%AD%E8%8F%AF%E6%B0%91%E5%9C%8B%E6%94%BF%E5%BA%9C%E8%A1%8C%E6%94%BF%E6%A9%9F%E9%97%9C%E8%BE%A6%E5%85%AC%E6%97%A5%E6%9B%86%E8%A1%A8%281141020%E6%9B%B4%E6%96%B0%29.csv&nfix=
2025-01-10,Fri,5,0,0,0,0,0,0,,0,0,0,0,0,17,9,0,0,0,0,0,0,,0,0,0,0,0,0,0,0,,2025,https://www.dgpa.gov.tw/FileConversion?filename=dgpa%2Ffiles%2F202510%2Fb84cb88a-803c-4621-a843-d637b2775615.csv&name=114%E5%B9%B4%E4%B8%AD%E8%8F%AF%E6%B0%91%E5%9C%8B%E6%94%BF%E5%BA%9C%E8%A1%8C%E6%94%BF%E6%A9%9F%E9%97%9C%E8%BE%A6%E5%85%AC%E6%97%A5%E6%9B%86%E8%A1%A8%281141020%E6%9B%B4%E6%96%B0%29.csv&nfix=
2025-01-11,Sat,6,1,1,0,0,0,0,,0,0,0,0,0,16,10,0,0,0,0,0,0,,0,0,0,0,0,0,0,0,,2025,https://www.dgpa.gov.tw/FileConversion?filename=dgpa%2Ffiles%2F202510%2Fb84cb88a-803c-4621-a843-d637b2775615.csv&name=114%E5%B9%B4%E4%B8%AD%E8%8F%AF%E6%B0%91%E5%9C%8B%E6%94%BF%E5%BA%9C%E8%A1%8C%E6%94%BF%E6%A9%9F%E9%97%9C%E8%BE%A6%E5%85%AC%E6%97%A5%E6%9B%86%E8%A1%A8%281141020%E6%9B%B4%E6%96%B0%29.csv&nfix=
2025-01-12,Sun,7,1,1,0,0,0,0,,0,0,0,0,0,15,11,0,0,0,0,0,0,,0,0,0,0,0,0,0,0,,2025,https://www.dgpa.gov.tw/FileConversion?filename=dgpa%2Ffiles%2F202510%2Fb84cb88a-803c-4621-a843-d637b2775615.csv&name=114%E5%B9%B4%E4%B8%AD%E8%8F%AF%E6%B0%91%E5%9C%8B%E6%94%BF%E5%BA%9C%E8%A1%8C%E6%94%BF%E6%A9%9F%E9%97%9C%E8%BE%A6%E5%85%AC%E6%97%A5%E6%9B%86%E8%A1%A8%281141020%E6%9B%B4%E6%96%B0%29.csv&nfix=
2025-01-13,Mon,1,0,0,0,0,0,0,,0,0,0,0,0,14,12,0,0,0,0,0,0,,0,0,0,0,0,0,0,0,,2025,https://www.dgpa.gov.tw/FileConversion?filename=dgpa%2Ffiles%2F202510%2Fb84cb88a-803c-4621-a843-d637b2775615.csv&name=114%E5%B9%B4%E4%B8%AD%E8%8F%AF%E6%B0%91%E5%9C%8B%E6%94%BF%E5%BA%9C%E8%A1%8C%E6%94%BF%E6%A9%9F%E9%97%9C%E8%BE%A6%E5%85%AC%E6%97%A5%E6%9B%86%E8%A1%A8%281141020%E6%9B%B4%E6%96%B0%29.csv&nfix=
2025-01-14,Tue,2,0,0,0,0,0,0,,0,0,0,0,0,13,13,0,0,0,0,0,0,,0,0,0,0,0,0,0,0,,2025,https://www.dgpa.gov.tw/FileConversion?filename=dgpa%2Ffiles%2F202510%2Fb84cb88a-803c-4621-a843-d637b2775615.csv&name=114%E5%B9%B4%E4%B8%AD%E8%8F%AF%E6%B0%91%E5%9C%8B%E6%94%BF%E5%BA%9C%E8%A1%8C%E6%94%BF%E6%A9%9F%E9%97%9C%E8%BE%A6%E5%85%AC%E6%97%A5%E6%9B%86%E8%A1%A8%281141020%E6%9B%B4%E6%96%B0%29.csv&nfix=
2025-01-15,Wed,3,0,0,0,0,0,0,,0,0,0,0,0,12,14,0,0,0,0,0,0,,0,0,0,0,0,0,0,0,,2025,https://www.dgpa.gov.tw/FileConversion?filename=dgpa%2Ffiles%2F202510%2Fb84cb88a-803c-4621-a843-d637b2775615.csv&name=114%E5%B9%B4%E4%B8%AD%E8%8F%AF%E6%B0%91%E5%9C%8B%E6%94%BF%E5%BA%9C%E8%A1%8C%E6%94%BF%E6%A9%9F%E9%97%9C%E8%BE%A6%E5%85%AC%E6%97%A5%E6%9B%86%E8%A1%A8%281141020%E6%9B%B4%E6%96%B0%29.csv&nfix=
2025-01-16,Thu,4,0,0,0,0,0,0,,0,0,0,0,0,11,15,0,0,0,0,0,0,,0,0,0,0,0,0,0,0,,2025,https://www.dgpa.gov.tw/FileConversion?filename=dgpa%2Ffiles%2F202510%2Fb84cb88a-803c-4621-a843-d637b2775615.csv&name=114%E5%B9%B4%E4%B8%AD%E8%8F%AF%E6%B0%91%E5%9C%8B%E6%94%BF%E5%BA%9C%E8%A1%8C%E6%94%BF%E6%A9%9F%E9%97%9C%E8%BE%A6%E5%85%AC%E6%97%A5%E6%9B%86%E8%A1%A8%281141020%E6%9B%B4%E6%96%B0%29.csv&nfix=
2025-01-17,Fri,5,0,0,0,0,0,0,,0,0,0,0,0,10,16,0,0,0,0,0,0,,0,0,0,0,0,0,0,0,,2025,https://www.dgpa.gov.tw/FileConversion?filename=dgpa%2Ffiles%2F202510%2Fb84cb88a-803c-4621-a843-d637b2775615.csv&name=114%E5%B9%B4%E4%B8%AD%E8%8F%AF%E6%B0%91%E5%9C%8B%E6%94%BF%E5%BA%9C%E8%A1%8C%E6%94%BF%E6%A9%9F%E9%97%9C%E8%BE%A6%E5%85%AC%E6%97%A5%E6%9B%86%E8%A1%A8%281141020%E6%9B%B4%E6%96%B0%29.csv&nfix=
2025-01-18,Sat,6,1,1,0,0,0,0,,0,0,0,0,0,9,17,0,0,0,0,0,0,,0,0,0,0,0,0,0,0,,2025,https://www.dgpa.gov.tw/FileConversion?filename=dgpa%2Ffiles%2F202510%2Fb84cb88a-803c-4621-a843-d637b2775615.csv&name=114%E5%B9%B4%E4%B8%AD%E8%8F%AF%E6%B0%91%E5%9C%8B%E6%94%BF%E5%BA%9C%E8%A1%8C%E6%94%BF%E6%A9%9F%E9%97%9C%E8%BE%A6%E5%85%AC%E6%97%A5%E6%9B%86%E8%A1%A8%281141020%E6%9B%B4%E6%96%B0%29.csv&nfix=
2025-01-19,Sun,7,1,1,0,0,0,0,,0,0,0,0,0,8,18,0,0,0,0,0,0,,0,0,0,0,0,0,0,0,,2025,https://www.dgpa.gov.tw/FileConversion?filename=dgpa%2Ffiles%2F202510%2Fb84cb88a-803c-4621-a843-d637b2775615.csv&name=114%E5%B9%B4%E4%B8%AD%E8%8F%AF%E6%B0%91%E5%9C%8B%E6%94%BF%E5%BA%9C%E8%A1%8C%E6%94%BF%E6%A9%9F%E9%97%9C%E8%BE%A6%E5%85%AC%E6%97%A5%E6%9B%86%E8%A1%A8%281141020%E6%9B%B4%E6%96%B0%29.csv&nfix=
2025-01-20,Mon,1,0,0,0,0,0,0,,0,0,0,0,0,7,19,0,0,0,0,0,0,,0,0,0,0,0,0,0,0,,2025,https://www.dgpa.gov.tw/FileConversion?filename=dgpa%2Ffiles%2F202510%2Fb84cb88a-803c-4621-a843-d637b2775615.csv&name=114%E5%B9%B4%E4%B8%AD%E8%8F%AF%E6%B0%91%E5%9C%8B%E6%94%BF%E5%BA%9C%E8%A1%8C%E6%94%BF%E6%A9%9F%E9%97%9C%E8%BE%A6%E5%85%AC%E6%97%A5%E6%9B%86%E8%A1%A8%281141020%E6%9B%B4%E6%96%B0%29.csv&nfix=
2025-01-21,Tue,2,0,0,0,0,0,0,,0,0,0,0,0,6,20,0,0,0,0,0,0,,0,0,0,0,0,0,0,0,,2025,https://www.dgpa.gov.tw/FileConversion?filename=dgpa%2Ffiles%2F202510%2Fb84cb88a-803c-4621-a843-d637b2775615.csv&name=114%E5%B9%B4%E4%B8%AD%E8%8F%AF%E6%B0%91%E5%9C%8B%E6%94%BF%E5%BA%9C%E8%A1%8C%E6%94%BF%E6%A9%9F%E9%97%9C%E8%BE%A6%E5%85%AC%E6%97%A5%E6%9B%86%E8%A1%A8%281141020%E6%9B%B4%E6%96%B0%29.csv&nfix=
2025-01-22,Wed,3,0,0,0,0,0,0,,0,0,0,0,0,5,21,0,0,0,0,0,0,,0,0,0,0,0,0,0,0,,2025,https://www.dgpa.gov.tw/FileConversion?filename=dgpa%2Ffiles%2F202510%2Fb84cb88a-803c-4621-a843-d637b2775615.csv&name=114%E5%B9%B4%E4%B8%AD%E8%8F%AF%E6%B0%91%E5%9C%8B%E6%94%BF%E5%BA%9C%E8%A1%8C%E6%94%BF%E6%A9%9F%E9%97%9C%E8%BE%A6%E5%85%AC%E6%97%A5%E6%9B%86%E8%A1%A8%281141020%E6%9B%B4%E6%96%B0%29.csv&nfix=
2025-01-23,Thu,4,0,0,0,0,0,0,,0,0,0,0,0,4,22,0,0,0,1,0,0,,0,0,0,0,0,0,0,0,,2025,https://www.dgpa.gov.tw/FileConversion?filename=dgpa%2Ffiles%2F202510%2Fb84cb88a-803c-4621-a843-d637b2775615.csv&name=114%E5%B9%B4%E4%B8%AD%E8%8F%AF%E6%B0%91%E5%9C%8B%E6%94%BF%E5%BA%9C%E8%A1%8C%E6%94%BF%E6%A9%9F%E9%97%9C%E8%BE%A6%E5%85%AC%E6%97%A5%E6%9B%86%E8%A1%A8%281141020%E6%9B%B4%E6%96%B0%29.csv&nfix=
2025-01-24,Fri,5,0,0,0,0,0,0,,0,0,0,1,0,3,23,0,0,0,1,0,0,,0,0,0,0,0,0,1,0,,2025,https://www.dgpa.gov.tw/FileConversion?filename=dgpa%2Ffiles%2F202510%2Fb84cb88a-803c-4621-a843-d637b2775615.csv&name=114%E5%B9%B4%E4%B8%AD%E8%8F%AF%E6%B0%91%E5%9C%8B%E6%94%BF%E5%BA%9C%E8%A1%8C%E6%94%BF%E6%A9%9F%E9%97%9C%E8%BE%A6%E5%85%AC%E6%97%A5%E6%9B%86%E8%A1%A8%281141020%E6%9B%B4%E6%96%B0%29.csv&nfix=
2025-01-25,Sat,6,1,1,0,0,0,0,,1,1,9,0,0,2,24,0,0,1,1,0,0,HS-2025-01-25,1,9,1,0,1,0,0,0,,2025,https://www.dgpa.gov.tw/FileConversion?filename=dgpa%2Ffiles%2F202510%2Fb84cb88a-803c-4621-a843-d637b2775615.csv&name=114%E5%B9%B4%E4%B8%AD%E8%8F%AF%E6%B0%91%E5%9C%8B%E6%94%BF%E5%BA%9C%E8%A1%8C%E6%94%BF%E6%A9%9F%E9%97%9C%E8%BE%A6%E5%85%AC%E6%97%A5%E6%9B%86%E8%A1%A8%281141020%E6%9B%B4%E6%96%B0%29.csv&nfix=
2025-01-26,Sun,7,1,1,0,0,0,0,,1,2,9,0,0,1,25,0,0,0,1,1,0,HS-2025-01-25,2,9,0,0,0,0,0,0,,2025,https://www.dgpa.gov.tw/FileConversion?filename=dgpa%2Ffiles%2F202510%2Fb84cb88a-803c-4621-a843-d637b2775615.csv&name=114%E5%B9%B4%E4%B8%AD%E8%8F%AF%E6%B0%91%E5%9C%8B%E6%94%BF%E5%BA%9C%E8%A1%8C%E6%94%BF%E6%A9%9F%E9%97%9C%E8%BE%A6%E5%85%AC%E6%97%A5%E6%9B%86%E8%A1%A8%281141020%E6%9B%B4%E6%96%B0%29.csv&nfix=
2025-01-27,Mon,1,0,1,0,1,1,0,Lunar New Year Holiday (Little New Year's Eve),1,3,9,0,0,0,0,0,0,0,1,1,0,HS-2025-01-25,3,9,0,0,0,0,0,0,小年夜,2025,https://www.dgpa.gov.tw/FileConversion?filename=dgpa%2Ffiles%2F202510%2Fb84cb88a-803c-4621-a843-d637b2775615.csv&name=114%E5%B9%B4%E4%B8%AD%E8%8F%AF%E6%B0%91%E5%9C%8B%E6%94%BF%E5%BA%9C%E8%A1%8C%E6%94%BF%E6%A9%9F%E9%97%9C%E8%BE%A6%E5%85%AC%E6%97%A5%E6%9B%86%E8%A1%A8%281141020%E6%9B%B4%E6%96%B0%29.csv&nfix=
2025-01-28,Tue,2,0,1,0,1,1,0,Lunar New Year's Eve,1,4,9,0,0,0,0,0,0,0,0,1,1,HS-2025-01-25,4,9,0,0,0,0,0,0,農曆除夕,2025,https://www.dgpa.gov.tw/FileConversion?filename=dgpa%2Ffiles%2F202510%2Fb84cb88a-803c-4621-a843-d637b2775615.csv&name=114%E5%B9%B4%E4%B8%AD%E8%8F%AF%E6%B0%91%E5%9C%8B%E6%94%BF%E5%BA%9C%E8%A1%8C%E6%94%BF%E6%A9%9F%E9%97%9C%E8%BE%A6%E5%85%AC%E6%97%A5%E6%9B%86%E8%A1%A8%281141020%E6%9B%B4%E6%96%B0%29.csv&nfix=
2025-01-29,Wed,3,0,1,0,1,1,0,Lunar New Year,1,5,9,0,0,0,0,0,0,0,0,1,1,HS-2025-01-25,5,9,0,0,0,0,0,0,春節,2025,https://www.dgpa.gov.tw/FileConversion?filename=dgpa%2Ffiles%2F202510%2Fb84cb88a-803c-4621-a843-d637b2775615.csv&name=114%E5%B9%B4%E4%B8%AD%E8%8F%AF%E6%B0%91%E5%9C%8B%E6%94%BF%E5%BA%9C%E8%A1%8C%E6%94%BF%E6%A9%9F%E9%97%9C%E8%BE%A6%E5%85%AC%E6%97%A5%E6%9B%86%E8%A1%A8%281141020%E6%9B%B4%E6%96%B0%29.csv&nfix=
2025-01-30,Thu,4,0,1,0,1,1,0,Lunar New Year,1,6,9,0,0,0,0,0,0,0,0,1,1,HS-2025-01-25,6,9,0,0,0,0,0,0,春節,2025,https://www.dgpa.gov.tw/FileConversion?filename=dgpa%2Ffiles%2F202510%2Fb84cb88a-803c-4621-a843-d637b2775615.csv&name=114%E5%B9%B4%E4%B8%AD%E8%8F%AF%E6%B0%91%E5%9C%8B%E6%94%BF%E5%BA%9C%E8%A1%8C%E6%94%BF%E6%A9%9F%E9%97%9C%E8%BE%A6%E5%85%AC%E6%97%A5%E6%9B%86%E8%A1%A8%281141020%E6%9B%B4%E6%96%B0%29.csv&nfix=
2025-01-31,Fri,5,0,1,0,1,1,0,Lunar New Year,1,7,9,0,0,0,0,0,1,0,0,0,1,HS-2025-01-25,7,9,0,0,0,0,0,0,春節,2025,https://www.dgpa.gov.tw/FileConversion?filename=dgpa%2Ffiles%2F202510%2Fb84cb88a-803c-4621-a843-d637b2775615.csv&name=114%E5%B9%B4%E4%B8%AD%E8%8F%AF%E6%B0%91%E5%9C%8B%E6%94%BF%E5%BA%9C%E8%A1%8C%E6%94%BF%E6%A9%9F%E9%97%9C%E8%BE%A6%E5%85%AC%E6%97%A5%E6%9B%86%E8%A1%A8%281141020%E6%9B%B4%E6%96%B0%29.csv&nfix=
2025-02-01,Sat,6,1,1,0,0,0,0,,1,8,9,0,0,27,1,1,0,0,0,0,1,HS-2025-01-25,8,9,0,0,0,0,0,0,,2025,https://www.dgpa.gov.tw/FileConversion?filename=dgpa%2Ffiles%2F202510%2Fb84cb88a-803c-4621-a843-d637b2775615.csv&name=114%E5%B9%B4%E4%B8%AD%E8%8F%AF%E6%B0%91%E5%9C%8B%E6%94%BF%E5%BA%9C%E8%A1%8C%E6%94%BF%E6%A9%9F%E9%97%9C%E8%BE%A6%E5%85%AC%E6%97%A5%E6%9B%86%E8%A1%A8%281141020%E6%9B%B4%E6%96%B0%29.csv&nfix=
2025-02-02,Sun,7,1,1,0,0,0,0,,1,9,9,0,0,26,2,0,0,0,0,0,0,HS-2025-01-25,9,9,0,1,0,1,0,0,,2025,https://www.dgpa.gov.tw/FileConversion?filename=dgpa%2Ffiles%2F202510%2Fb84cb88a-803c-4621-a843-d637b2775615.csv&name=114%E5%B9%B4%E4%B8%AD%E8%8F%AF%E6%B0%91%E5%9C%8B%E6%94%BF%E5%BA%9C%E8%A1%8C%E6%94%BF%E6%A9%9F%E9%97%9C%E8%BE%A6%E5%85%AC%E6%97%A5%E6%9B%86%E8%A1%A8%281141020%E6%9B%B4%E6%96%B0%29.csv&nfix=
2025-02-03,Mon,1,0,0,0,0,0,0,,0,0,0,0,1,25,3,0,0,0,0,0,0,,0,0,0,0,0,0,0,1,,2025,https://www.dgpa.gov.tw/FileConversion?filename=dgpa%2Ffiles%2F202510%2Fb84cb88a-803c-4621-a843-d637b2775615.csv&name=114%E5%B9%B4%E4%B8%AD%E8%8F%AF%E6%B0%91%E5%9C%8B%E6%94%BF%E5%BA%9C%E8%A1%8C%E6%94%BF%E6%A9%9F%E9%97%9C%E8%BE%A6%E5%85%AC%E6%97%A5%E6%9B%86%E8%A1%A8%281141020%E6%9B%B4%E6%96%B0%29.csv&nfix=
2025-02-04,Tue,2,0,0,0,0,0,0,,0,0,0,0,0,24,4,0,0,0,0,0,0,,0,0,0,0,0,0,0,0,,2025,https://www.dgpa.gov.tw/FileConversion?filename=dgpa%2Ffiles%2F202510%2Fb84cb88a-803c-4621-a843-d637b2775615.csv&name=114%E5%B9%B4%E4%B8%AD%E8%8F%AF%E6%B0%91%E5%9C%8B%E6%94%BF%E5%BA%9C%E8%A1%8C%E6%94%BF%E6%A9%9F%E9%97%9C%E8%BE%A6%E5%85%AC%E6%97%A5%E6%9B%86%E8%A1%A8%281141020%E6%9B%B4%E6%96%B0%29.csv&nfix=
2025-02-05,Wed,3,0,0,0,0,0,0,,0,0,0,0,0,23,5,0,0,0,0,0,0,,0,0,0,0,0,0,0,0,,2025,https://www.dgpa.gov.tw/FileConversion?filename=dgpa%2Ffiles%2F202510%2Fb84cb88a-803c-4621-a843-d637b2775615.csv&name=114%E5%B9%B4%E4%B8%AD%E8%8F%AF%E6%B0%91%E5%9C%8B%E6%94%BF%E5%BA%9C%E8%A1%8C%E6%94%BF%E6%A9%9F%E9%97%9C%E8%BE%A6%E5%85%AC%E6%97%A5%E6%9B%86%E8%A1%A8%281141020%E6%9B%B4%E6%96%B0%29.csv&nfix=
2025-02-06,Thu,4,0,0,0,0,0,0,,0,0,0,0,0,22,6,0,0,0,0,0,0,,0,0,0,0,0,0,0,0,,2025,https://www.dgpa.gov.tw/FileConversion?filename=dgpa%2Ffiles%2F202510%2Fb84cb88a-803c-4621-a843-d637b2775615.csv&name=114%E5%B9%B4%E4%B8%AD%E8%8F%AF%E6%B0%91%E5%9C%8B%E6%94%BF%E5%BA%9C%E8%A1%8C%E6%94%BF%E6%A9%9F%E9%97%9C%E8%BE%A6%E5%85%AC%E6%97%A5%E6%9B%86%E8%A1%A8%281141020%E6%9B%B4%E6%96%B0%29.csv&nfix=
2025-02-07,Fri,5,0,0,0,0,0,0,,0,0,0,0,0,21,7,0,0,0,0,0,0,,0,0,0,0,0,0,0,0,,2025,https://www.dgpa.gov.tw/FileConversion?filename=dgpa%2Ffiles%2F202510%2Fb84cb88a-803c-4621-a843-d637b2775615.csv&name=114%E5%B9%B4%E4%B8%AD%E8%8F%AF%E6%B0%91%E5%9C%8B%E6%94%BF%E5%BA%9C%E8%A1%8C%E6%94%BF%E6%A9%9F%E9%97%9C%E8%BE%A6%E5%85%AC%E6%97%A5%E6%9B%86%E8%A1%A8%281141020%E6%9B%B4%E6%96%B0%29.csv&nfix=
2025-02-08,Sat,6,1,0,1,0,0,0,,0,0,0,0,0,20,8,0,0,0,0,0,0,,0,0,0,0,0,0,0,0,補行上班,2025,https://www.dgpa.gov.tw/FileConversion?filename=dgpa%2Ffiles%2F202510%2Fb84cb88a-803c-4621-a843-d637b2775615.csv&name=114%E5%B9%B4%E4%B8%AD%E8%8F%AF%E6%B0%91%E5%9C%8B%E6%94%BF%E5%BA%9C%E8%A1%8C%E6%94%BF%E6%A9%9F%E9%97%9C%E8%BE%A6%E5%85%AC%E6%97%A5%E6%9B%86%E8%A1%A8%281141020%E6%9B%B4%E6%96%B0%29.csv&nfix=
2025-02-09,Sun,7,1,1,0,0,0,0,,0,0,0,0,0,19,9,0,0,0,0,0,0,,0,0,0,0,0,0,0,0,,2025,https://www.dgpa.gov.tw/FileConversion?filename=dgpa%2Ffiles%2F202510%2Fb84cb88a-803c-4621-a843-d637b2775615.csv&name=114%E5%B9%B4%E4%B8%AD%E8%8F%AF%E6%B0%91%E5%9C%8B%E6%94%BF%E5%BA%9C%E8%A1%8C%E6%94%BF%E6%A9%9F%E9%97%9C%E8%BE%A6%E5%85%AC%E6%97%A5%E6%9B%86%E8%A1%A8%281141020%E6%9B%B4%E6%96%B0%29.csv&nfix=
2025-02-10,Mon,1,0,0,0,0,0,0,,0,0,0,0,0,18,10,0,0,0,0,0,0,,0,0,0,0,0,0,0,0,,2025,https://www.dgpa.gov.tw/FileConversion?filename=dgpa%2Ffiles%2F202510%2Fb84cb88a-803c-4621-a843-d637b2775615.csv&name=114%E5%B9%B4%E4%B8%AD%E8%8F%AF%E6%B0%91%E5%9C%8B%E6%94%BF%E5%BA%9C%E8%A1%8C%E6%94%BF%E6%A9%9F%E9%97%9C%E8%BE%A6%E5%85%AC%E6%97%A5%E6%9B%86%E8%A1%A8%281141020%E6%9B%B4%E6%96%B0%29.csv&nfix=
2025-02-11,Tue,2,0,0,0,0,0,0,,0,0,0,0,0,17,11,0,0,0,0,0,0,,0,0,0,0,0,0,0,0,,2025,https://www.dgpa.gov.tw/FileConversion?filename=dgpa%2Ffiles%2F202510%2Fb84cb88a-803c-4621-a843-d637b2775615.csv&name=114%E5%B9%B4%E4%B8%AD%E8%8F%AF%E6%B0%91%E5%9C%8B%E6%94%BF%E5%BA%9C%E8%A1%8C%E6%94%BF%E6%A9%9F%E9%97%9C%E8%BE%A6%E5%85%AC%E6%97%A5%E6%9B%86%E8%A1%A8%281141020%E6%9B%B4%E6%96%B0%29.csv&nfix=
2025-02-12,Wed,3,0,0,0,0,0,0,,0,0,0,0,0,16,12,0,0,0,0,0,0,,0,0,0,0,0,0,0,0,,2025,https://www.dgpa.gov.tw/FileConversion?filename=dgpa%2Ffiles%2F202510%2Fb84cb88a-803c-4621-a843-d637b2775615.csv&name=114%E5%B9%B4%E4%B8%AD%E8%8F%AF%E6%B0%91%E5%9C%8B%E6%94%BF%E5%BA%9C%E8%A1%8C%E6%94%BF%E6%A9%9F%E9%97%9C%E8%BE%A6%E5%85%AC%E6%97%A5%E6%9B%86%E8%A1%A8%281141020%E6%9B%B4%E6%96%B0%29.csv&nfix=
2025-02-13,Thu,4,0,0,0,0,0,0,,0,0,0,0,0,15,13,0,0,0,0,0,0,,0,0,0,0,0,0,0,0,,2025,https://www.dgpa.gov.tw/FileConversion?filename=dgpa%2Ffiles%2F202510%2Fb84cb88a-803c-4621-a843-d637b2775615.csv&name=114%E5%B9%B4%E4%B8%AD%E8%8F%AF%E6%B0%91%E5%9C%8B%E6%94%BF%E5%BA%9C%E8%A1%8C%E6%94%BF%E6%A9%9F%E9%97%9C%E8%BE%A6%E5%85%AC%E6%97%A5%E6%9B%86%E8%A1%A8%281141020%E6%9B%B4%E6%96%B0%29.csv&nfix=
2025-02-14,Fri,5,0,0,0,0,0,0,,0,0,0,0,0,14,14,0,0,0,0,0,0,,0,0,0,0,0,0,0,0,,2025,https://www.dgpa.gov.tw/FileConversion?filename=dgpa%2Ffiles%2F202510%2Fb84cb88a-803c-4621-a843-d637b2775615.csv&name=114%E5%B9%B4%E4%B8%AD%E8%8F%AF%E6%B0%91%E5%9C%8B%E6%94%BF%E5%BA%9C%E8%A1%8C%E6%94%BF%E6%A9%9F%E9%97%9C%E8%BE%A6%E5%85%AC%E6%97%A5%E6%9B%86%E8%A1%A8%281141020%E6%9B%B4%E6%96%B0%29.csv&nfix=
2025-02-15,Sat,6,1,1,0,0,0,0,,0,0,0,0,0,13,15,0,0,0,0,0,0,,0,0,0,0,0,0,0,0,,2025,https://www.dgpa.gov.tw/FileConversion?filename=dgpa%2Ffiles%2F202510%2Fb84cb88a-803c-4621-a843-d637b2775615.csv&name=114%E5%B9%B4%E4%B8%AD%E8%8F%AF%E6%B0%91%E5%9C%8B%E6%94%BF%E5%BA%9C%E8%A1%8C%E6%94%BF%E6%A9%9F%E9%97%9C%E8%BE%A6%E5%85%AC%E6%97%A5%E6%9B%86%E8%A1%A8%281141020%E6%9B%B4%E6%96%B0%29.csv&nfix=
2025-02-16,Sun,7,1,1,0,0,0,0,,0,0,0,0,0,12,16,0,0,0,0,0,0,,0,0,0,0,0,0,0,0,,2025,https://www.dgpa.gov.tw/FileConversion?filename=dgpa%2Ffiles%2F202510%2Fb84cb88a-803c-4621-a843-d637b2775615.csv&name=114%E5%B9%B4%E4%B8%AD%E8%8F%AF%E6%B0%91%E5%9C%8B%E6%94%BF%E5%BA%9C%E8%A1%8C%E6%94%BF%E6%A9%9F%E9%97%9C%E8%BE%A6%E5%85%AC%E6%97%A5%E6%9B%86%E8%A1%A8%281141020%E6%9B%B4%E6%96%B0%29.csv&nfix=
2025-02-17,Mon,1,0,0,0,0,0,0,,0,0,0,0,0,11,17,0,0,0,0,0,0,,0,0,0,0,0,0,0,0,,2025,https://www.dgpa.gov.tw/FileConversion?filename=dgpa%2Ffiles%2F202510%2Fb84cb88a-803c-4621-a843-d637b2775615.csv&name=114%E5%B9%B4%E4%B8%AD%E8%8F%AF%E6%B0%91%E5%9C%8B%E6%94%BF%E5%BA%9C%E8%A1%8C%E6%94%BF%E6%A9%9F%E9%97%9C%E8%BE%A6%E5%85%AC%E6%97%A5%E6%9B%86%E8%A1%A8%281141020%E6%9B%B4%E6%96%B0%29.csv&nfix=
2025-02-18,Tue,2,0,0,0,0,0,0,,0,0,0,0,0,10,18,0,0,0,0,0,0,,0,0,0,0,0,0,0,0,,2025,https://www.dgpa.gov.tw/FileConversion?filename=dgpa%2Ffiles%2F202510%2Fb84cb88a-803c-4621-a843-d637b2775615.csv&name=114%E5%B9%B4%E4%B8%AD%E8%8F%AF%E6%B0%91%E5%9C%8B%E6%94%BF%E5%BA%9C%E8%A1%8C%E6%94%BF%E6%A9%9F%E9%97%9C%E8%BE%A6%E5%85%AC%E6%97%A5%E6%9B%86%E8%A1%A8%281141020%E6%9B%B4%E6%96%B0%29.csv&nfix=
2025-02-19,Wed,3,0,0,0,0,0,0,,0,0,0,0,0,9,19,0,0,0,0,0,0,,0,0,0,0,0,0,0,0,,2025,https://www.dgpa.gov.tw/FileConversion?filename=dgpa%2Ffiles%2F202510%2Fb84cb88a-803c-4621-a843-d637b2775615.csv&name=114%E5%B9%B4%E4%B8%AD%E8%8F%AF%E6%B0%91%E5%9C%8B%E6%94%BF%E5%BA%9C%E8%A1%8C%E6%94%BF%E6%A9%9F%E9%97%9C%E8%BE%A6%E5%85%AC%E6%97%A5%E6%9B%86%E8%A1%A8%281141020%E6%9B%B4%E6%96%B0%29.csv&nfix=
2025-02-20,Thu,4,0,0,0,0,0,0,,0,0,0,0,0,8,20,0,0,0,0,0,0,,0,0,0,0,0,0,0,0,,2025,https://www.dgpa.gov.tw/FileConversion?filename=dgpa%2Ffiles%2F202510%2Fb84cb88a-803c-4621-a843-d637b2775615.csv&name=114%E5%B9%B4%E4%B8%AD%E8%8F%AF%E6%B0%91%E5%9C%8B%E6%94%BF%E5%BA%9C%E8%A1%8C%E6%94%BF%E6%A9%9F%E9%97%9C%E8%BE%A6%E5%85%AC%E6%97%A5%E6%9B%86%E8%A1%A8%281141020%E6%9B%B4%E6%96%B0%29.csv&nfix=
2025-02-21,Fri,5,0,0,0,0,0,0,,0,0,0,0,0,7,21,0,0,0,0,0,0,,0,0,0,0,0,0,0,0,,2025,https://www.dgpa.gov.tw/FileConversion?filename=dgpa%2Ffiles%2F202510%2Fb84cb88a-803c-4621-a843-d637b2775615.csv&name=114%E5%B9%B4%E4%B8%AD%E8%8F%AF%E6%B0%91%E5%9C%8B%E6%94%BF%E5%BA%9C%E8%A1%8C%E6%94%BF%E6%A9%9F%E9%97%9C%E8%BE%A6%E5%85%AC%E6%97%A5%E6%9B%86%E8%A1%A8%281141020%E6%9B%B4%E6%96%B0%29.csv&nfix=
2025-02-22,Sat,6,1,1,0,0,0,0,,0,0,0,0,0,6,22,0,0,0,0,0,0,,0,0,0,0,0,0,0,0,,2025,https://www.dgpa.gov.tw/FileConversion?filename=dgpa%2Ffiles%2F202510%2Fb84cb88a-803c-4621-a843-d637b2775615.csv&name=114%E5%B9%B4%E4%B8%AD%E8%8F%AF%E6%B0%91%E5%9C%8B%E6%94%BF%E5%BA%9C%E8%A1%8C%E6%94%BF%E6%A9%9F%E9%97%9C%E8%BE%A6%E5%85%AC%E6%97%A5%E6%9B%86%E8%A1%A8%281141020%E6%9B%B4%E6%96%B0%29.csv&nfix=
2025-02-23,Sun,7,1,1,0,0,0,0,,0,0,0,0,0,5,23,0,0,0,1,0,0,,0,0,0,0,0,0,0,0,,2025,https://www.dgpa.gov.tw/FileConversion?filename=dgpa%2Ffiles%2F202510%2Fb84cb88a-803c-4621-a843-d637b2775615.csv&name=114%E5%B9%B4%E4%B8%AD%E8%8F%AF%E6%B0%91%E5%9C%8B%E6%94%BF%E5%BA%9C%E8%A1%8C%E6%94%BF%E6%A9%9F%E9%97%9C%E8%BE%A6%E5%85%AC%E6%97%A5%E6%9B%86%E8%A1%A8%281141020%E6%9B%B4%E6%96%B0%29.csv&nfix=
2025-02-24,Mon,1,0,0,0,0,0,0,,0,0,0,0,0,4,24,0,0,0,1,0,0,,0,0,0,0,0,0,0,0,,2025,https://www.dgpa.gov.tw/FileConversion?filename=dgpa%2Ffiles%2F202510%2Fb84cb88a-803c-4621-a843-d637b2775615.csv&name=114%E5%B9%B4%E4%B8%AD%E8%8F%AF%E6%B0%91%E5%9C%8B%E6%94%BF%E5%BA%9C%E8%A1%8C%E6%94%BF%E6%A9%9F%E9%97%9C%E8%BE%A6%E5%85%AC%E6%97%A5%E6%9B%86%E8%A1%A8%281141020%E6%9B%B4%E6%96%B0%29.csv&nfix=
2025-02-25,Tue,2,0,0,0,0,0,0,,0,0,0,0,0,3,25,0,0,1,1,0,0,,0,0,0,0,0,0,0,0,,2025,https://www.dgpa.gov.tw/FileConversion?filename=dgpa%2Ffiles%2F202510%2Fb84cb88a-803c-4621-a843-d637b2775615.csv&name=114%E5%B9%B4%E4%B8%AD%E8%8F%AF%E6%B0%91%E5%9C%8B%E6%94%BF%E5%BA%9C%E8%A1%8C%E6%94%BF%E6%A9%9F%E9%97%9C%E8%BE%A6%E5%85%AC%E6%97%A5%E6%9B%86%E8%A1%A8%281141020%E6%9B%B4%E6%96%B0%29.csv&nfix=
2025-02-26,Wed,3,0,0,0,0,0,0,,0,0,0,0,0,2,26,0,0,0,1,0,0,,0,0,0,0,0,0,0,0,,2025,https://www.dgpa.gov.tw/FileConversion?filename=dgpa%2Ffiles%2F202510%2Fb84cb88a-803c-4621-a843-d637b2775615.csv&name=114%E5%B9%B4%E4%B8%AD%E8%8F%AF%E6%B0%91%E5%9C%8B%E6%94%BF%E5%BA%9C%E8%A1%8C%E6%94%BF%E6%A9%9F%E9%97%9C%E8%BE%A6%E5%85%AC%E6%97%A5%E6%9B%86%E8%A1%A8%281141020%E6%9B%B4%E6%96%B0%29.csv&nfix=
2025-02-27,Thu,4,0,0,0,0,0,0,,0,0,0,1,0,1,27,0,0,0,1,1,0,,0,0,0,0,0,0,1,0,,2025,https://www.dgpa.gov.tw/FileConversion?filename=dgpa%2Ffiles%2F202510%2Fb84cb88a-803c-4621-a843-d637b2775615.csv&name=114%E5%B9%B4%E4%B8%AD%E8%8F%AF%E6%B0%91%E5%9C%8B%E6%94%BF%E5%BA%9C%E8%A1%8C%E6%94%BF%E6%A9%9F%E9%97%9C%E8%BE%A6%E5%85%AC%E6%97%A5%E6%9B%86%E8%A1%A8%281141020%E6%9B%B4%E6%96%B0%29.csv&nfix=
2025-02-28,Fri,5,0,1,0,1,1,0,Peace Memorial Day,1,1,3,0,0,0,0,0,1,0,0,0,0,HS-2025-02-28,1,3,1,0,1,0,0,0,和平紀念日,2025,https://www.dgpa.gov.tw/FileConversion?filename=dgpa%2Ffiles%2F202510%2Fb84cb88a-803c-4621-a843-d637b2775615.csv&name=114%E5%B9%B4%E4%B8%AD%E8%8F%AF%E6%B0%91%E5%9C%8B%E6%94%BF%E5%BA%9C%E8%A1%8C%E6%94%BF%E6%A9%9F%E9%97%9C%E8%BE%A6%E5%85%AC%E6%97%A5%E6%9B%86%E8%A1%A8%281141020%E6%9B%B4%E6%96%B0%29.csv&nfix=
2025-03-01,Sat,6,1,1,0,0,0,0,,1,2,3,0,0,33,1,1,0,0,0,0,1,HS-2025-02-28,2,3,0,0,0,0,0,0,,2025,https://www.dgpa.gov.tw/FileConversion?filename=dgpa%2Ffiles%2F202510%2Fb84cb88a-803c-4621-a843-d637b2775615.csv&name=114%E5%B9%B4%E4%B8%AD%E8%8F%AF%E6%B0%91%E5%9C%8B%E6%94%BF%E5%BA%9C%E8%A1%8C%E6%94%BF%E6%A9%9F%E9%97%9C%E8%BE%A6%E5%85%AC%E6%97%A5%E6%9B%86%E8%A1%A8%281141020%E6%9B%B4%E6%96%B0%29.csv&nfix=
2025-03-02,Sun,7,1,1,0,0,0,0,,1,3,3,0,0,32,2,0,0,0,0,0,0,HS-2025-02-28,3,3,0,1,0,1,0,0,,2025,https://www.dgpa.gov.tw/FileConversion?filename=dgpa%2Ffiles%2F202510%2Fb84cb88a-803c-4621-a843-d637b2775615.csv&name=114%E5%B9%B4%E4%B8%AD%E8%8F%AF%E6%B0%91%E5%9C%8B%E6%94%BF%E5%BA%9C%E8%A1%8C%E6%94%BF%E6%A9%9F%E9%97%9C%E8%BE%A6%E5%85%AC%E6%97%A5%E6%9B%86%E8%A1%A8%281141020%E6%9B%B4%E6%96%B0%29.csv&nfix=
2025-03-03,Mon,1,0,0,0,0,0,0,,0,0,0,0,1,31,3,0,0,0,0,0,0,,0,0,0,0,0,0,0,1,,2025,https://www.dgpa.gov.tw/FileConversion?filename=dgpa%2Ffiles%2F202510%2Fb84cb88a-803c-4621-a843-d637b2775615.csv&name=114%E5%B9%B4%E4%B8%AD%E8%8F%AF%E6%B0%91%E5%9C%8B%E6%94%BF%E5%BA%9C%E8%A1%8C%E6%94%BF%E6%A9%9F%E9%97%9C%E8%BE%A6%E5%85%AC%E6%97%A5%E6%9B%86%E8%A1%A8%281141020%E6%9B%B4%E6%96%B0%29.csv&nfix=
2025-03-04,Tue,2,0,0,0,0,0,0,,0,0,0,0,0,30,4,0,0,0,0,0,0,,0,0,0,0,0,0,0,0,,2025,https://www.dgpa.gov.tw/FileConversion?filename=dgpa%2Ffiles%2F202510%2Fb84cb88a-803c-4621-a843-d637b2775615.csv&name=114%E5%B9%B4%E4%B8%AD%E8%8F%AF%E6%B0%91%E5%9C%8B%E6%94%BF%E5%BA%9C%E8%A1%8C%E6%94%BF%E6%A9%9F%E9%97%9C%E8%BE%A6%E5%85%AC%E6%97%A5%E6%9B%86%E8%A1%A8%281141020%E6%9B%B4%E6%96%B0%29.csv&nfix=
2025-03-05,Wed,3,0,0,0,0,0,0,,0,0,0,0,0,29,5,0,0,0,0,0,0,,0,0,0,0,0,0,0,0,,2025,https://www.dgpa.gov.tw/FileConversion?filename=dgpa%2Ffiles%2F202510%2Fb84cb88a-803c-4621-a843-d637b2775615.csv&name=114%E5%B9%B4%E4%B8%AD%E8%8F%AF%E6%B0%91%E5%9C%8B%E6%94%BF%E5%BA%9C%E8%A1%8C%E6%94%BF%E6%A9%9F%E9%97%9C%E8%BE%A6%E5%85%AC%E6%97%A5%E6%9B%86%E8%A1%A8%281141020%E6%9B%B4%E6%96%B0%29.csv&nfix=
2025-03-06,Thu,4,0,0,0,0,0,0,,0,0,0,0,0,28,6,0,0,0,0,0,0,,0,0,0,0,0,0,0,0,,2025,https://www.dgpa.gov.tw/FileConversion?filename=dgpa%2Ffiles%2F202510%2Fb84cb88a-803c-4621-a843-d637b2775615.csv&name=114%E5%B9%B4%E4%B8%AD%E8%8F%AF%E6%B0%91%E5%9C%8B%E6%94%BF%E5%BA%9C%E8%A1%8C%E6%94%BF%E6%A9%9F%E9%97%9C%E8%BE%A6%E5%85%AC%E6%97%A5%E6%9B%86%E8%A1%A8%281141020%E6%9B%B4%E6%96%B0%29.csv&nfix=
2025-03-07,Fri,5,0,0,0,0,0,0,,0,0,0,0,0,27,7,0,0,0,0,0,0,,0,0,0,0,0,0,0,0,,2025,https://www.dgpa.gov.tw/FileConversion?filename=dgpa%2Ffiles%2F202510%2Fb84cb88a-803c-4621-a843-d637b2775615.csv&name=114%E5%B9%B4%E4%B8%AD%E8%8F%AF%E6%B0%91%E5%9C%8B%E6%94%BF%E5%BA%9C%E8%A1%8C%E6%94%BF%E6%A9%9F%E9%97%9C%E8%BE%A6%E5%85%AC%E6%97%A5%E6%9B%86%E8%A1%A8%281141020%E6%9B%B4%E6%96%B0%29.csv&nfix=
2025-03-08,Sat,6,1,1,0,0,0,0,,0,0,0,0,0,26,8,0,0,0,0,0,0,,0,0,0,0,0,0,0,0,,2025,https://www.dgpa.gov.tw/FileConversion?filename=dgpa%2Ffiles%2F202510%2Fb84cb88a-803c-4621-a843-d637b2775615.csv&name=114%E5%B9%B4%E4%B8%AD%E8%8F%AF%E6%B0%91%E5%9C%8B%E6%94%BF%E5%BA%9C%E8%A1%8C%E6%94%BF%E6%A9%9F%E9%97%9C%E8%BE%A6%E5%85%AC%E6%97%A5%E6%9B%86%E8%A1%A8%281141020%E6%9B%B4%E6%96%B0%29.csv&nfix=
2025-03-09,Sun,7,1,1,0,0,0,0,,0,0,0,0,0,25,9,0,0,0,0,0,0,,0,0,0,0,0,0,0,0,,2025,https://www.dgpa.gov.tw/FileConversion?filename=dgpa%2Ffiles%2F202510%2Fb84cb88a-803c-4621-a843-d637b2775615.csv&name=114%E5%B9%B4%E4%B8%AD%E8%8F%AF%E6%B0%91%E5%9C%8B%E6%94%BF%E5%BA%9C%E8%A1%8C%E6%94%BF%E6%A9%9F%E9%97%9C%E8%BE%A6%E5%85%AC%E6%97%A5%E6%9B%86%E8%A1%A8%281141020%E6%9B%B4%E6%96%B0%29.csv&nfix=
2025-03-10,Mon,1,0,0,0,0,0,0,,0,0,0,0,0,24,10,0,0,0,0,0,0,,0,0,0,0,0,0,0,0,,2025,https://www.dgpa.gov.tw/FileConversion?filename=dgpa%2Ffiles%2F202510%2Fb84cb88a-803c-4621-a843-d637b2775615.csv&name=114%E5%B9%B4%E4%B8%AD%E8%8F%AF%E6%B0%91%E5%9C%8B%E6%94%BF%E5%BA%9C%E8%A1%8C%E6%94%BF%E6%A9%9F%E9%97%9C%E8%BE%A6%E5%85%AC%E6%97%A5%E6%9B%86%E8%A1%A8%281141020%E6%9B%B4%E6%96%B0%29.csv&nfix=
2025-03-11,Tue,2,0,0,0,0,0,0,,0,0,0,0,0,23,11,0,0,0,0,0,0,,0,0,0,0,0,0,0,0,,2025,https://www.dgpa.gov.tw/FileConversion?filename=dgpa%2Ffiles%2F202510%2Fb84cb88a-803c-4621-a843-d637b2775615.csv&name=114%E5%B9%B4%E4%B8%AD%E8%8F%AF%E6%B0%91%E5%9C%8B%E6%94%BF%E5%BA%9C%E8%A1%8C%E6%94%BF%E6%A9%9F%E9%97%9C%E8%BE%A6%E5%85%AC%E6%97%A5%E6%9B%86%E8%A1%A8%281141020%E6%9B%B4%E6%96%B0%29.csv&nfix=
2025-03-12,Wed,3,0,0,0,0,0,0,,0,0,0,0,0,22,12,0,0,0,0,0,0,,0,0,0,0,0,0,0,0,,2025,https://www.dgpa.gov.tw/FileConversion?filename=dgpa%2Ffiles%2F202510%2Fb84cb88a-803c-4621-a843-d637b2775615.csv&name=114%E5%B9%B4%E4%B8%AD%E8%8F%AF%E6%B0%91%E5%9C%8B%E6%94%BF%E5%BA%9C%E8%A1%8C%E6%94%BF%E6%A9%9F%E9%97%9C%E8%BE%A6%E5%85%AC%E6%97%A5%E6%9B%86%E8%A1%A8%281141020%E6%9B%B4%E6%96%B0%29.csv&nfix=
2025-03-13,Thu,4,0,0,0,0,0,0,,0,0,0,0,0,21,13,0,0,0,0,0,0,,0,0,0,0,0,0,0,0,,2025,https://www.dgpa.gov.tw/FileConversion?filename=dgpa%2Ffiles%2F202510%2Fb84cb88a-803c-4621-a843-d637b2775615.csv&name=114%E5%B9%B4%E4%B8%AD%E8%8F%AF%E6%B0%91%E5%9C%8B%E6%94%BF%E5%BA%9C%E8%A1%8C%E6%94%BF%E6%A9%9F%E9%97%9C%E8%BE%A6%E5%85%AC%E6%97%A5%E6%9B%86%E8%A1%A8%281141020%E6%9B%B4%E6%96%B0%29.csv&nfix=
2025-03-14,Fri,5,0,0,0,0,0,0,,0,0,0,0,0,20,14,0,0,0,0,0,0,,0,0,0,0,0,0,0,0,,2025,https://www.dgpa.gov.tw/FileConversion?filename=dgpa%2Ffiles%2F202510%2Fb84cb88a-803c-4621-a843-d637b2775615.csv&name=114%E5%B9%B4%E4%B8%AD%E8%8F%AF%E6%B0%91%E5%9C%8B%E6%94%BF%E5%BA%9C%E8%A1%8C%E6%94%BF%E6%A9%9F%E9%97%9C%E8%BE%A6%E5%85%AC%E6%97%A5%E6%9B%86%E8%A1%A8%281141020%E6%9B%B4%E6%96%B0%29.csv&nfix=
2025-03-15,Sat,6,1,1,0,0,0,0,,0,0,0,0,0,19,15,0,0,0,0,0,0,,0,0,0,0,0,0,0,0,,2025,https://www.dgpa.gov.tw/FileConversion?filename=dgpa%2Ffiles%2F202510%2Fb84cb88a-803c-4621-a843-d637b2775615.csv&name=114%E5%B9%B4%E4%B8%AD%E8%8F%AF%E6%B0%91%E5%9C%8B%E6%94%BF%E5%BA%9C%E8%A1%8C%E6%94%BF%E6%A9%9F%E9%97%9C%E8%BE%A6%E5%85%AC%E6%97%A5%E6%9B%86%E8%A1%A8%281141020%E6%9B%B4%E6%96%B0%29.csv&nfix=
2025-03-16,Sun,7,1,1,0,0,0,0,,0,0,0,0,0,18,16,0,0,0,0,0,0,,0,0,0,0,0,0,0,0,,2025,https://www.dgpa.gov.tw/FileConversion?filename=dgpa%2Ffiles%2F202510%2Fb84cb88a-803c-4621-a843-d637b2775615.csv&name=114%E5%B9%B4%E4%B8%AD%E8%8F%AF%E6%B0%91%E5%9C%8B%E6%94%BF%E5%BA%9C%E8%A1%8C%E6%94%BF%E6%A9%9F%E9%97%9C%E8%BE%A6%E5%85%AC%E6%97%A5%E6%9B%86%E8%A1%A8%281141020%E6%9B%B4%E6%96%B0%29.csv&nfix=
2025-03-17,Mon,1,0,0,0,0,0,0,,0,0,0,0,0,17,17,0,0,0,0,0,0,,0,0,0,0,0,0,0,0,,2025,https://www.dgpa.gov.tw/FileConversion?filename=dgpa%2Ffiles%2F202510%2Fb84cb88a-803c-4621-a843-d637b2775615.csv&name=114%E5%B9%B4%E4%B8%AD%E8%8F%AF%E6%B0%91%E5%9C%8B%E6%94%BF%E5%BA%9C%E8%A1%8C%E6%94%BF%E6%A9%9F%E9%97%9C%E8%BE%A6%E5%85%AC%E6%97%A5%E6%9B%86%E8%A1%A8%281141020%E6%9B%B4%E6%96%B0%29.csv&nfix=
2025-03-18,Tue,2,0,0,0,0,0,0,,0,0,0,0,0,16,18,0,0,0,0,0,0,,0,0,0,0,0,0,0,0,,2025,https://www.dgpa.gov.tw/FileConversion?filename=dgpa%2Ffiles%2F202510%2Fb84cb88a-803c-4621-a843-d637b2775615.csv&name=114%E5%B9%B4%E4%B8%AD%E8%8F%AF%E6%B0%91%E5%9C%8B%E6%94%BF%E5%BA%9C%E8%A1%8C%E6%94%BF%E6%A9%9F%E9%97%9C%E8%BE%A6%E5%85%AC%E6%97%A5%E6%9B%86%E8%A1%A8%281141020%E6%9B%B4%E6%96%B0%29.csv&nfix=
2025-03-19,Wed,3,0,0,0,0,0,0,,0,0,0,0,0,15,19,0,0,0,0,0,0,,0,0,0,0,0,0,0,0,,2025,https://www.dgpa.gov.tw/FileConversion?filename=dgpa%2Ffiles%2F202510%2Fb84cb88a-803c-4621-a843-d637b2775615.csv&name=114%E5%B9%B4%E4%B8%AD%E8%8F%AF%E6%B0%91%E5%9C%8B%E6%94%BF%E5%BA%9C%E8%A1%8C%E6%94%BF%E6%A9%9F%E9%97%9C%E8%BE%A6%E5%85%AC%E6%97%A5%E6%9B%86%E8%A1%A8%281141020%E6%9B%B4%E6%96%B0%29.csv&nfix=
2025-03-20,Thu,4,0,0,0,0,0,0,,0,0,0,0,0,14,20,0,0,0,0,0,0,,0,0,0,0,0,0,0,0,,2025,https://www.dgpa.gov.tw/FileConversion?filename=dgpa%2Ffiles%2F202510%2Fb84cb88a-803c-4621-a843-d637b2775615.csv&name=114%E5%B9%B4%E4%B8%AD%E8%8F%AF%E6%B0%91%E5%9C%8B%E6%94%BF%E5%BA%9C%E8%A1%8C%E6%94%BF%E6%A9%9F%E9%97%9C%E8%BE%A6%E5%85%AC%E6%97%A5%E6%9B%86%E8%A1%A8%281141020%E6%9B%B4%E6%96%B0%29.csv&nfix=
2025-03-21,Fri,5,0,0,0,0,0,0,,0,0,0,0,0,13,21,0,0,0,0,0,0,,0,0,0,0,0,0,0,0,,2025,https://www.dgpa.gov.tw/FileConversion?filename=dgpa%2Ffiles%2F202510%2Fb84cb88a-803c-4621-a843-d637b2775615.csv&name=114%E5%B9%B4%E4%B8%AD%E8%8F%AF%E6%B0%91%E5%9C%8B%E6%94%BF%E5%BA%9C%E8%A1%8C%E6%94%BF%E6%A9%9F%E9%97%9C%E8%BE%A6%E5%85%AC%E6%97%A5%E6%9B%86%E8%A1%A8%281141020%E6%9B%B4%E6%96%B0%29.csv&nfix=
2025-03-22,Sat,6,1,1,0,0,0,0,,0,0,0,0,0,12,22,0,0,0,0,0,0,,0,0,0,0,0,0,0,0,,2025,https://www.dgpa.gov.tw/FileConversion?filename=dgpa%2Ffiles%2F202510%2Fb84cb88a-803c-4621-a843-d637b2775615.csv&name=114%E5%B9%B4%E4%B8%AD%E8%8F%AF%E6%B0%91%E5%9C%8B%E6%94%BF%E5%BA%9C%E8%A1%8C%E6%94%BF%E6%A9%9F%E9%97%9C%E8%BE%A6%E5%85%AC%E6%97%A5%E6%9B%86%E8%A1%A8%281141020%E6%9B%B4%E6%96%B0%29.csv&nfix=
2025-03-23,Sun,7,1,1,0,0,0,0,,0,0,0,0,0,11,23,0,0,0,1,0,0,,0,0,0,0,0,0,0,0,,2025,https://www.dgpa.gov.tw/FileConversion?filename=dgpa%2Ffiles%2F202510%2Fb84cb88a-803c-4621-a843-d637b2775615.csv&name=114%E5%B9%B4%E4%B8%AD%E8%8F%AF%E6%B0%91%E5%9C%8B%E6%94%BF%E5%BA%9C%E8%A1%8C%E6%94%BF%E6%A9%9F%E9%97%9C%E8%BE%A6%E5%85%AC%E6%97%A5%E6%9B%86%E8%A1%A8%281141020%E6%9B%B4%E6%96%B0%29.csv&nfix=
2025-03-24,Mon,1,0,0,0,0,0,0,,0,0,0,0,0,10,24,0,0,0,1,0,0,,0,0,0,0,0,0,0,0,,2025,https://www.dgpa.gov.tw/FileConversion?filename=dgpa%2Ffiles%2F202510%2Fb84cb88a-803c-4621-a843-d637b2775615.csv&name=114%E5%B9%B4%E4%B8%AD%E8%8F%AF%E6%B0%91%E5%9C%8B%E6%94%BF%E5%BA%9C%E8%A1%8C%E6%94%BF%E6%A9%9F%E9%97%9C%E8%BE%A6%E5%85%AC%E6%97%A5%E6%9B%86%E8%A1%A8%281141020%E6%9B%B4%E6%96%B0%29.csv&nfix=
2025-03-25,Tue,2,0,0,0,0,0,0,,0,0,0,0,0,9,25,0,0,1,1,0,0,,0,0,0,0,0,0,0,0,,2025,https://www.dgpa.gov.tw/FileConversion?filename=dgpa%2Ffiles%2F202510%2Fb84cb88a-803c-4621-a843-d637b2775615.csv&name=114%E5%B9%B4%E4%B8%AD%E8%8F%AF%E6%B0%91%E5%9C%8B%E6%94%BF%E5%BA%9C%E8%A1%8C%E6%94%BF%E6%A9%9F%E9%97%9C%E8%BE%A6%E5%85%AC%E6%97%A5%E6%9B%86%E8%A1%A8%281141020%E6%9B%B4%E6%96%B0%29.csv&nfix=
2025-03-26,Wed,3,0,0,0,0,0,0,,0,0,0,0,0,8,26,0,0,0,1,0,0,,0,0,0,0,0,0,0,0,,2025,https://www.dgpa.gov.tw/FileConversion?filename=dgpa%2Ffiles%2F202510%2Fb84cb88a-803c-4621-a843-d637b2775615.csv&name=114%E5%B9%B4%E4%B8%AD%E8%8F%AF%E6%B0%91%E5%9C%8B%E6%94%BF%E5%BA%9C%E8%A1%8C%E6%94%BF%E6%A9%9F%E9%97%9C%E8%BE%A6%E5%85%AC%E6%97%A5%E6%9B%86%E8%A1%A8%281141020%E6%9B%B4%E6%96%B0%29.csv&nfix=
2025-03-27,Thu,4,0,0,0,0,0,0,,0,0,0,0,0,7,27,0,0,0,1,0,0,,0,0,0,0,0,0,0,0,,2025,https://www.dgpa.gov.tw/FileConversion?filename=dgpa%2Ffiles%2F202510%2Fb84cb88a-803c-4621-a843-d637b2775615.csv&name=114%E5%B9%B4%E4%B8%AD%E8%8F%AF%E6%B0%91%E5%9C%8B%E6%94%BF%E5%BA%9C%E8%A1%8C%E6%94%BF%E6%A9%9F%E9%97%9C%E8%BE%A6%E5%85%AC%E6%97%A5%E6%9B%86%E8%A1%A8%281141020%E6%9B%B4%E6%96%B0%29.csv&nfix=
2025-03-28,Fri,5,0,0,0,0,0,0,,0,0,0,0,0,6,28,0,0,0,0,0,0,,0,0,0,0,0,0,0,0,,2025,https://www.dgpa.gov.tw/FileConversion?filename=dgpa%2Ffiles%2F202510%2Fb84cb88a-803c-4621-a843-d637b2775615.csv&name=114%E5%B9%B4%E4%B8%AD%E8%8F%AF%E6%B0%91%E5%9C%8B%E6%94%BF%E5%BA%9C%E8%A1%8C%E6%94%BF%E6%A9%9F%E9%97%9C%E8%BE%A6%E5%85%AC%E6%97%A5%E6%9B%86%E8%A1%A8%281141020%E6%9B%B4%E6%96%B0%29.csv&nfix=
2025-03-29,Sat,6,1,1,0,0,0,0,,0,0,0,0,0,5,29,0,0,0,0,0,0,,0,0,0,0,0,0,0,0,,2025,https://www.dgpa.gov.tw/FileConversion?filename=dgpa%2Ffiles%2F202510%2Fb84cb88a-803c-4621-a843-d637b2775615.csv&name=114%E5%B9%B4%E4%B8%AD%E8%8F%AF%E6%B0%91%E5%9C%8B%E6%94%BF%E5%BA%9C%E8%A1%8C%E6%94%BF%E6%A9%9F%E9%97%9C%E8%BE%A6%E5%85%AC%E6%97%A5%E6%9B%86%E8%A1%A8%281141020%E6%9B%B4%E6%96%B0%29.csv&nfix=
2025-03-30,Sun,7,1,1,0,0,0,0,,0,0,0,0,0,4,30,0,0,0,0,0,0,,0,0,0,0,0,0,0,0,,2025,https://www.dgpa.gov.tw/FileConversion?filename=dgpa%2Ffiles%2F202510%2Fb84cb88a-803c-4621-a843-d637b2775615.csv&name=114%E5%B9%B4%E4%B8%AD%E8%8F%AF%E6%B0%91%E5%9C%8B%E6%94%BF%E5%BA%9C%E8%A1%8C%E6%94%BF%E6%A9%9F%E9%97%9C%E8%BE%A6%E5%85%AC%E6%97%A5%E6%9B%86%E8%A1%A8%281141020%E6%9B%B4%E6%96%B0%29.csv&nfix=
2025-03-31,Mon,1,0,0,0,0,0,0,,0,0,0,0,0,3,31,0,1,0,0,0,0,,0,0,0,0,0,0,0,0,,2025,https://www.dgpa.gov.tw/FileConversion?filename=dgpa%2Ffiles%2F202510%2Fb84cb88a-803c-4621-a843-d637b2775615.csv&name=114%E5%B9%B4%E4%B8%AD%E8%8F%AF%E6%B0%91%E5%9C%8B%E6%94%BF%E5%BA%9C%E8%A1%8C%E6%94%BF%E6%A9%9F%E9%97%9C%E8%BE%A6%E5%85%AC%E6%97%A5%E6%9B%86%E8%A1%A8%281141020%E6%9B%B4%E6%96%B0%29.csv&nfix=
2025-04-01,Tue,2,0,0,0,0,0,0,,0,0,0,0,0,2,32,1,0,0,0,0,0,,0,0,0,0,0,0,0,0,,2025,https://www.dgpa.gov.tw/FileConversion?filename=dgpa%2Ffiles%2F202510%2Fb84cb88a-803c-4621-a843-d637b2775615.csv&name=114%E5%B9%B4%E4%B8%AD%E8%8F%AF%E6%B0%91%E5%9C%8B%E6%94%BF%E5%BA%9C%E8%A1%8C%E6%94%BF%E6%A9%9F%E9%97%9C%E8%BE%A6%E5%85%AC%E6%97%A5%E6%9B%86%E8%A1%A8%281141020%E6%9B%B4%E6%96%B0%29.csv&nfix=
2025-04-02,Wed,3,0,0,0,0,0,0,,0,0,0,1,0,1,33,0,0,0,0,1,0,,0,0,0,0,0,0,1,0,,2025,https://www.dgpa.gov.tw/FileConversion?filename=dgpa%2Ffiles%2F202510%2Fb84cb88a-803c-4621-a843-d637b2775615.csv&name=114%E5%B9%B4%E4%B8%AD%E8%8F%AF%E6%B0%91%E5%9C%8B%E6%94%BF%E5%BA%9C%E8%A1%8C%E6%94%BF%E6%A9%9F%E9%97%9C%E8%BE%A6%E5%85%AC%E6%97%A5%E6%9B%86%E8%A1%A8%281141020%E6%9B%B4%E6%96%B0%29.csv&nfix=
2025-04-03,Thu,4,0,1,0,1,0,1,Children's Day & Tomb Sweeping Day (Observed),1,1,4,0,0,0,0,0,0,0,0,1,0,HS-2025-04-03,1,4,1,0,1,0,0,0,補假,2025,https://www.dgpa.gov.tw/FileConversion?filename=dgpa%2Ffiles%2F202510%2Fb84cb88a-803c-4621-a843-d637b2775615.csv&name=114%E5%B9%B4%E4%B8%AD%E8%8F%AF%E6%B0%91%E5%9C%8B%E6%94%BF%E5%BA%9C%E8%A1%8C%E6%94%BF%E6%A9%9F%E9%97%9C%E8%BE%A6%E5%85%AC%E6%97%A5%E6%9B%86%E8%A1%A8%281141020%E6%9B%B4%E6%96%B0%29.csv&nfix=
2025-04-04,Fri,5,0,1,0,1,1,0,Children's Day & Tomb Sweeping Day,1,2,4,0,0,0,0,0,0,0,0,0,1,HS-2025-04-03,2,4,0,0,0,0,0,0,兒童節及民族掃墓節,2025,https://www.dgpa.gov.tw/FileConversion?filename=dgpa%2Ffiles%2F202510%2Fb84cb88a-803c-4621-a843-d637b2775615.csv&name=114%E5%B9%B4%E4%B8%AD%E8%8F%AF%E6%B0%91%E5%9C%8B%E6%94%BF%E5%BA%9C%E8%A1%8C%E6%94%BF%E6%A9%9F%E9%97%9C%E8%BE%A6%E5%85%AC%E6%97%A5%E6%9B%86%E8%A1%A8%281141020%E6%9B%B4%E6%96%B0%29.csv&nfix=
2025-04-05,Sat,6,1,1,0,0,0,0,,1,3,4,0,0,55,1,0,0,0,0,0,1,HS-2025-04-03,3,4,0,0,0,0,0,0,,2025,https://www.dgpa.gov.tw/FileConversion?filename=dgpa%2Ffiles%2F202510%2Fb84cb88a-803c-4621-a843-d637b2775615.csv&name=114%E5%B9%B4%E4%B8%AD%E8%8F%AF%E6%B0%91%E5%9C%8B%E6%94%BF%E5%BA%9C%E8%A1%8C%E6%94%BF%E6%A9%9F%E9%97%9C%E8%BE%A6%E5%85%AC%E6%97%A5%E6%9B%86%E8%A1%A8%281141020%E6%9B%B4%E6%96%B0%29.csv&nfix=
2025-04-06,Sun,7,1,1,0,0,0,0,,1,4,4,0,0,54,2,0,0,0,0,0,0,HS-2025-04-03,4,4,0,1,0,1,0,0,,2025,https://www.dgpa.gov.tw/FileConversion?filename=dgpa%2Ffiles%2F202510%2Fb84cb88a-803c-4621-a843-d637b2775615.csv&name=114%E5%B9%B4%E4%B8%AD%E8%8F%AF%E6%B0%91%E5%9C%8B%E6%94%BF%E5%BA%9C%E8%A1%8C%E6%94%BF%E6%A9%9F%E9%97%9C%E8%BE%A6%E5%85%AC%E6%97%A5%E6%9B%86%E8%A1%A8%281141020%E6%9B%B4%E6%96%B0%29.csv&nfix=
2025-04-07,Mon,1,0,0,0,0,0,0,,0,0,0,0,1,53,3,0,0,0,0,0,0,,0,0,0,0,0,0,0,1,,2025,https://www.dgpa.gov.tw/FileConversion?filename=dgpa%2Ffiles%2F202510%2Fb84cb88a-803c-4621-a843-d637b2775615.csv&name=114%E5%B9%B4%E4%B8%AD%E8%8F%AF%E6%B0%91%E5%9C%8B%E6%94%BF%E5%BA%9C%E8%A1%8C%E6%94%BF%E6%A9%9F%E9%97%9C%E8%BE%A6%E5%85%AC%E6%97%A5%E6%9B%86%E8%A1%A8%281141020%E6%9B%B4%E6%96%B0%29.csv&nfix=
2025-04-08,Tue,2,0,0,0,0,0,0,,0,0,0,0,0,52,4,0,0,0,0,0,0,,0,0,0,0,0,0,0,0,,2025,https://www.dgpa.gov.tw/FileConversion?filename=dgpa%2Ffiles%2F202510%2Fb84cb88a-803c-4621-a843-d637b2775615.csv&name=114%E5%B9%B4%E4%B8%AD%E8%8F%AF%E6%B0%91%E5%9C%8B%E6%94%BF%E5%BA%9C%E8%A1%8C%E6%94%BF%E6%A9%9F%E9%97%9C%E8%BE%A6%E5%85%AC%E6%97%A5%E6%9B%86%E8%A1%A8%281141020%E6%9B%B4%E6%96%B0%29.csv&nfix=
2025-04-09,Wed,3,0,0,0,0,0,0,,0,0,0,0,0,51,5,0,0,0,0,0,0,,0,0,0,0,0,0,0,0,,2025,https://www.dgpa.gov.tw/FileConversion?filename=dgpa%2Ffiles%2F202510%2Fb84cb88a-803c-4621-a843-d637b2775615.csv&name=114%E5%B9%B4%E4%B8%AD%E8%8F%AF%E6%B0%91%E5%9C%8B%E6%94%BF%E5%BA%9C%E8%A1%8C%E6%94%BF%E6%A9%9F%E9%97%9C%E8%BE%A6%E5%85%AC%E6%97%A5%E6%9B%86%E8%A1%A8%281141020%E6%9B%B4%E6%96%B0%29.csv&nfix=
2025-04-10,Thu,4,0,0,0,0,0,0,,0,0,0,0,0,50,6,0,0,0,0,0,0,,0,0,0,0,0,0,0,0,,2025,https://www.dgpa.gov.tw/FileConversion?filename=dgpa%2Ffiles%2F202510%2Fb84cb88a-803c-4621-a843-d637b2775615.csv&name=114%E5%B9%B4%E4%B8%AD%E8%8F%AF%E6%B0%91%E5%9C%8B%E6%94%BF%E5%BA%9C%E8%A1%8C%E6%94%BF%E6%A9%9F%E9%97%9C%E8%BE%A6%E5%85%AC%E6%97%A5%E6%9B%86%E8%A1%A8%281141020%E6%9B%B4%E6%96%B0%29.csv&nfix=
2025-04-11,Fri,5,0,0,0,0,0,0,,0,0,0,0,0,49,7,0,0,0,0,0,0,,0,0,0,0,0,0,0,0,,2025,https://www.dgpa.gov.tw/FileConversion?filename=dgpa%2Ffiles%2F202510%2Fb84cb88a-803c-4621-a843-d637b2775615.csv&name=114%E5%B9%B4%E4%B8%AD%E8%8F%AF%E6%B0%91%E5%9C%8B%E6%94%BF%E5%BA%9C%E8%A1%8C%E6%94%BF%E6%A9%9F%E9%97%9C%E8%BE%A6%E5%85%AC%E6%97%A5%E6%9B%86%E8%A1%A8%281141020%E6%9B%B4%E6%96%B0%29.csv&nfix=
2025-04-12,Sat,6,1,1,0,0,0,0,,0,0,0,0,0,48,8,0,0,0,0,0,0,,0,0,0,0,0,0,0,0,,2025,https://www.dgpa.gov.tw/FileConversion?filename=dgpa%2Ffiles%2F202510%2Fb84cb88a-803c-4621-a843-d637b2775615.csv&name=114%E5%B9%B4%E4%B8%AD%E8%8F%AF%E6%B0%91%E5%9C%8B%E6%94%BF%E5%BA%9C%E8%A1%8C%E6%94%BF%E6%A9%9F%E9%97%9C%E8%BE%A6%E5%85%AC%E6%97%A5%E6%9B%86%E8%A1%A8%281141020%E6%9B%B4%E6%96%B0%29.csv&nfix=
2025-04-13,Sun,7,1,1,0,0,0,0,,0,0,0,0,0,47,9,0,0,0,0,0,0,,0,0,0,0,0,0,0,0,,2025,https://www.dgpa.gov.tw/FileConversion?filename=dgpa%2Ffiles%2F202510%2Fb84cb88a-803c-4621-a843-d637b2775615.csv&name=114%E5%B9%B4%E4%B8%AD%E8%8F%AF%E6%B0%91%E5%9C%8B%E6%94%BF%E5%BA%9C%E8%A1%8C%E6%94%BF%E6%A9%9F%E9%97%9C%E8%BE%A6%E5%85%AC%E6%97%A5%E6%9B%86%E8%A1%A8%281141020%E6%9B%B4%E6%96%B0%29.csv&nfix=
2025-04-14,Mon,1,0,0,0,0,0,0,,0,0,0,0,0,46,10,0,0,0,0,0,0,,0,0,0,0,0,0,0,0,,2025,https://www.dgpa.gov.tw/FileConversion?filename=dgpa%2Ffiles%2F202510%2Fb84cb88a-803c-4621-a843-d637b2775615.csv&name=114%E5%B9%B4%E4%B8%AD%E8%8F%AF%E6%B0%91%E5%9C%8B%E6%94%BF%E5%BA%9C%E8%A1%8C%E6%94%BF%E6%A9%9F%E9%97%9C%E8%BE%A6%E5%85%AC%E6%97%A5%E6%9B%86%E8%A1%A8%281141020%E6%9B%B4%E6%96%B0%29.csv&nfix=
2025-04-15,Tue,2,0,0,0,0,0,0,,0,0,0,0,0,45,11,0,0,0,0,0,0,,0,0,0,0,0,0,0,0,,2025,https://www.dgpa.gov.tw/FileConversion?filename=dgpa%2Ffiles%2F202510%2Fb84cb88a-803c-4621-a843-d637b2775615.csv&name=114%E5%B9%B4%E4%B8%AD%E8%8F%AF%E6%B0%91%E5%9C%8B%E6%94%BF%E5%BA%9C%E8%A1%8C%E6%94%BF%E6%A9%9F%E9%97%9C%E8%BE%A6%E5%85%AC%E6%97%A5%E6%9B%86%E8%A1%A8%281141020%E6%9B%B4%E6%96%B0%29.csv&nfix=
2025-04-16,Wed,3,0,0,0,0,0,0,,0,0,0,0,0,44,12,0,0,0,0,0,0,,0,0,0,0,0,0,0,0,,2025,https://www.dgpa.gov.tw/FileConversion?filename=dgpa%2Ffiles%2F202510%2Fb84cb88a-803c-4621-a843-d637b2775615.csv&name=114%E5%B9%B4%E4%B8%AD%E8%8F%AF%E6%B0%91%E5%9C%8B%E6%94%BF%E5%BA%9C%E8%A1%8C%E6%94%BF%E6%A9%9F%E9%97%9C%E8%BE%A6%E5%85%AC%E6%97%A5%E6%9B%86%E8%A1%A8%281141020%E6%9B%B4%E6%96%B0%29.csv&nfix=
2025-04-17,Thu,4,0,0,0,0,0,0,,0,0,0,0,0,43,13,0,0,0,0,0,0,,0,0,0,0,0,0,0,0,,2025,https://www.dgpa.gov.tw/FileConversion?filename=dgpa%2Ffiles%2F202510%2Fb84cb88a-803c-4621-a843-d637b2775615.csv&name=114%E5%B9%B4%E4%B8%AD%E8%8F%AF%E6%B0%91%E5%9C%8B%E6%94%BF%E5%BA%9C%E8%A1%8C%E6%94%BF%E6%A9%9F%E9%97%9C%E8%BE%A6%E5%85%AC%E6%97%A5%E6%9B%86%E8%A1%A8%281141020%E6%9B%B4%E6%96%B0%29.csv&nfix=
2025-04-18,Fri,5,0,0,0,0,0,0,,0,0,0,0,0,42,14,0,0,0,0,0,0,,0,0,0,0,0,0,0,0,,2025,https://www.dgpa.gov.tw/FileConversion?filename=dgpa%2Ffiles%2F202510%2Fb84cb88a-803c-4621-a843-d637b2775615.csv&name=114%E5%B9%B4%E4%B8%AD%E8%8F%AF%E6%B0%91%E5%9C%8B%E6%94%BF%E5%BA%9C%E8%A1%8C%E6%94%BF%E6%A9%9F%E9%97%9C%E8%BE%A6%E5%85%AC%E6%97%A5%E6%9B%86%E8%A1%A8%281141020%E6%9B%B4%E6%96%B0%29.csv&nfix=
2025-04-19,Sat,6,1,1,0,0,0,0,,0,0,0,0,0,41,15,0,0,0,0,0,0,,0,0,0,0,0,0,0,0,,2025,https://www.dgpa.gov.tw/FileConversion?filename=dgpa%2Ffiles%2F202510%2Fb84cb88a-803c-4621-a843-d637b2775615.csv&name=114%E5%B9%B4%E4%B8%AD%E8%8F%AF%E6%B0%91%E5%9C%8B%E6%94%BF%E5%BA%9C%E8%A1%8C%E6%94%BF%E6%A9%9F%E9%97%9C%E8%BE%A6%E5%85%AC%E6%97%A5%E6%9B%86%E8%A1%A8%281141020%E6%9B%B4%E6%96%B0%29.csv&nfix=
2025-04-20,Sun,7,1,1,0,0,0,0,,0,0,0,0,0,40,16,0,0,0,0,0,0,,0,0,0,0,0,0,0,0,,2025,https://www.dgpa.gov.tw/FileConversion?filename=dgpa%2Ffiles%2F202510%2Fb84cb88a-803c-4621-a843-d637b2775615.csv&name=114%E5%B9%B4%E4%B8%AD%E8%8F%AF%E6%B0%91%E5%9C%8B%E6%94%BF%E5%BA%9C%E8%A1%8C%E6%94%BF%E6%A9%9F%E9%97%9C%E8%BE%A6%E5%85%AC%E6%97%A5%E6%9B%86%E8%A1%A8%281141020%E6%9B%B4%E6%96%B0%29.csv&nfix=
2025-04-21,Mon,1,0,0,0,0,0,0,,0,0,0,0,0,39,17,0,0,0,0,0,0,,0,0,0,0,0,0,0,0,,2025,https://www.dgpa.gov.tw/FileConversion?filename=dgpa%2Ffiles%2F202510%2Fb84cb88a-803c-4621-a843-d637b2775615.csv&name=114%E5%B9%B4%E4%B8%AD%E8%8F%AF%E6%B0%91%E5%9C%8B%E6%94%BF%E5%BA%9C%E8%A1%8C%E6%94%BF%E6%A9%9F%E9%97%9C%E8%BE%A6%E5%85%AC%E6%97%A5%E6%9B%86%E8%A1%A8%281141020%E6%9B%B4%E6%96%B0%29.csv&nfix=
2025-04-22,Tue,2,0,0,0,0,0,0,,0,0,0,0,0,38,18,0,0,0,0,0,0,,0,0,0,0,0,0,0,0,,2025,https://www.dgpa.gov.tw/FileConversion?filename=dgpa%2Ffiles%2F202510%2Fb84cb88a-803c-4621-a843-d637b2775615.csv&name=114%E5%B9%B4%E4%B8%AD%E8%8F%AF%E6%B0%91%E5%9C%8B%E6%94%BF%E5%BA%9C%E8%A1%8C%E6%94%BF%E6%A9%9F%E9%97%9C%E8%BE%A6%E5%85%AC%E6%97%A5%E6%9B%86%E8%A1%A8%281141020%E6%9B%B4%E6%96%B0%29.csv&nfix=
2025-04-23,Wed,3,0,0,0,0,0,0,,0,0,0,0,0,37,19,0,0,0,1,0,0,,0,0,0,0,0,0,0,0,,2025,https://www.dgpa.gov.tw/FileConversion?filename=dgpa%2Ffiles%2F202510%2Fb84cb88a-803c-4621-a843-d637b2775615.csv&name=114%E5%B9%B4%E4%B8%AD%E8%8F%AF%E6%B0%91%E5%9C%8B%E6%94%BF%E5%BA%9C%E8%A1%8C%E6%94%BF%E6%A9%9F%E9%97%9C%E8%BE%A6%E5%85%AC%E6%97%A5%E6%9B%86%E8%A1%A8%281141020%E6%9B%B4%E6%96%B0%29.csv&nfix=
2025-04-24,Thu,4,0,0,0,0,0,0,,0,0,0,0,0,36,20,0,0,0,1,0,0,,0,0,0,0,0,0,0,0,,2025,https://www.dgpa.gov.tw/FileConversion?filename=dgpa%2Ffiles%2F202510%2Fb84cb88a-803c-4621-a843-d637b2775615.csv&name=114%E5%B9%B4%E4%B8%AD%E8%8F%AF%E6%B0%91%E5%9C%8B%E6%94%BF%E5%BA%9C%E8%A1%8C%E6%94%BF%E6%A9%9F%E9%97%9C%E8%BE%A6%E5%85%AC%E6%97%A5%E6%9B%86%E8%A1%A8%281141020%E6%9B%B4%E6%96%B0%29.csv&nfix=
2025-04-25,Fri,5,0,0,0,0,0,0,,0,0,0,0,0,35,21,0,0,1,1,0,0,,0,0,0,0,0,0,0,0,,2025,https://www.dgpa.gov.tw/FileConversion?filename=dgpa%2Ffiles%2F202510%2Fb84cb88a-803c-4621-a843-d637b2775615.csv&name=114%E5%B9%B4%E4%B8%AD%E8%8F%AF%E6%B0%91%E5%9C%8B%E6%94%BF%E5%BA%9C%E8%A1%8C%E6%94%BF%E6%A9%9F%E9%97%9C%E8%BE%A6%E5%85%AC%E6%97%A5%E6%9B%86%E8%A1%A8%281141020%E6%9B%B4%E6%96%B0%29.csv&nfix=
2025-04-26,Sat,6,1,1,0,0,0,0,,0,0,0,0,0,34,22,0,0,0,1,0,0,,0,0,0,0,0,0,0,0,,2025,https://www.dgpa.gov.tw/FileConversion?filename=dgpa%2Ffiles%2F202510%2Fb84cb88a-803c-4621-a843-d637b2775615.csv&name=114%E5%B9%B4%E4%B8%AD%E8%8F%AF%E6%B0%91%E5%9C%8B%E6%94%BF%E5%BA%9C%E8%A1%8C%E6%94%BF%E6%A9%9F%E9%97%9C%E8%BE%A6%E5%85%AC%E6%97%A5%E6%9B%86%E8%A1%A8%281141020%E6%9B%B4%E6%96%B0%29.csv&nfix=
2025-04-27,Sun,7,1,1,0,0,0,0,,0,0,0,0,0,33,23,0,0,0,1,0,0,,0,0,0,0,0,0,0,0,,2025,https://www.dgpa.gov.tw/FileConversion?filename=dgpa%2Ffiles%2F202510%2Fb84cb88a-803c-4621-a843-d637b2775615.csv&name=114%E5%B9%B4%E4%B8%AD%E8%8F%AF%E6%B0%91%E5%9C%8B%E6%94%BF%E5%BA%9C%E8%A1%8C%E6%94%BF%E6%A9%9F%E9%97%9C%E8%BE%A6%E5%85%AC%E6%97%A5%E6%9B%86%E8%A1%A8%281141020%E6%9B%B4%E6%96%B0%29.csv&nfix=
2025-04-28,Mon,1,0,0,0,0,0,0,,0,0,0,0,0,32,24,0,0,0,0,0,0,,0,0,0,0,0,0,0,0,,2025,https://www.dgpa.gov.tw/FileConversion?filename=dgpa%2Ffiles%2F202510%2Fb84cb88a-803c-4621-a843-d637b2775615.csv&name=114%E5%B9%B4%E4%B8%AD%E8%8F%AF%E6%B0%91%E5%9C%8B%E6%94%BF%E5%BA%9C%E8%A1%8C%E6%94%BF%E6%A9%9F%E9%97%9C%E8%BE%A6%E5%85%AC%E6%97%A5%E6%9B%86%E8%A1%A8%281141020%E6%9B%B4%E6%96%B0%29.csv&nfix=
2025-04-29,Tue,2,0,0,0,0,0,0,,0,0,0,0,0,31,25,0,0,0,0,0,0,,0,0,0,0,0,0,0,0,,2025,https://www.dgpa.gov.tw/FileConversion?filename=dgpa%2Ffiles%2F202510%2Fb84cb88a-803c-4621-a843-d637b2775615.csv&name=114%E5%B9%B4%E4%B8%AD%E8%8F%AF%E6%B0%91%E5%9C%8B%E6%94%BF%E5%BA%9C%E8%A1%8C%E6%94%BF%E6%A9%9F%E9%97%9C%E8%BE%A6%E5%85%AC%E6%97%A5%E6%9B%86%E8%A1%A8%281141020%E6%9B%B4%E6%96%B0%29.csv&nfix=
2025-04-30,Wed,3,0,0,0,0,0,0,,0,0,0,0,0,30,26,0,1,0,0,0,0,,0,0,0,0,0,0,0,0,,2025,https://www.dgpa.gov.tw/FileConversion?filename=dgpa%2Ffiles%2F202510%2Fb84cb88a-803c-4621-a843-d637b2775615.csv&name=114%E5%B9%B4%E4%B8%AD%E8%8F%AF%E6%B0%91%E5%9C%8B%E6%94%BF%E5%BA%9C%E8%A1%8C%E6%94%BF%E6%A9%9F%E9%97%9C%E8%BE%A6%E5%85%AC%E6%97%A5%E6%9B%86%E8%A1%A8%281141020%E6%9B%B4%E6%96%B0%29.csv&nfix=
2025-05-01,Thu,4,0,0,0,0,0,0,,0,0,0,0,0,29,27,1,0,0,0,0,0,,0,0,0,0,0,0,0,0,,2025,https://www.dgpa.gov.tw/FileConversion?filename=dgpa%2Ffiles%2F202510%2Fb84cb88a-803c-4621-a843-d637b2775615.csv&name=114%E5%B9%B4%E4%B8%AD%E8%8F%AF%E6%B0%91%E5%9C%8B%E6%94%BF%E5%BA%9C%E8%A1%8C%E6%94%BF%E6%A9%9F%E9%97%9C%E8%BE%A6%E5%85%AC%E6%97%A5%E6%9B%86%E8%A1%A8%281141020%E6%9B%B4%E6%96%B0%29.csv&nfix=
2025-05-02,Fri,5,0,0,0,0,0,0,,0,0,0,0,0,28,28,0,0,0,0,0,0,,0,0,0,0,0,0,0,0,,2025,https://www.dgpa.gov.tw/FileConversion?filename=dgpa%2Ffiles%2F202510%2Fb84cb88a-803c-4621-a843-d637b2775615.csv&name=114%E5%B9%B4%E4%B8%AD%E8%8F%AF%E6%B0%91%E5%9C%8B%E6%94%BF%E5%BA%9C%E8%A1%8C%E6%94%BF%E6%A9%9F%E9%97%9C%E8%BE%A6%E5%85%AC%E6%97%A5%E6%9B%86%E8%A1%A8%281141020%E6%9B%B4%E6%96%B0%29.csv&nfix=
2025-05-03,Sat,6,1,1,0,0,0,0,,0,0,0,0,0,27,29,0,0,0,0,0,0,,0,0,0,0,0,0,0,0,,2025,https://www.dgpa.gov.tw/FileConversion?filename=dgpa%2Ffiles%2F202510%2Fb84cb88a-803c-4621-a843-d637b2775615.csv&name=114%E5%B9%B4%E4%B8%AD%E8%8F%AF%E6%B0%91%E5%9C%8B%E6%94%BF%E5%BA%9C%E8%A1%8C%E6%94%BF%E6%A9%9F%E9%97%9C%E8%BE%A6%E5%85%AC%E6%97%A5%E6%9B%86%E8%A1%A8%281141020%E6%9B%B4%E6%96%B0%29.csv&nfix=
2025-05-04,Sun,7,1,1,0,0,0,0,,0,0,0,0,0,26,30,0,0,0,0,0,0,,0,0,0,0,0,0,0,0,,2025,https://www.dgpa.gov.tw/FileConversion?filename=dgpa%2Ffiles%2F202510%2Fb84cb88a-803c-4621-a843-d637b2775615.csv&name=114%E5%B9%B4%E4%B8%AD%E8%8F%AF%E6%B0%91%E5%9C%8B%E6%94%BF%E5%BA%9C%E8%A1%8C%E6%94%BF%E6%A9%9F%E9%97%9C%E8%BE%A6%E5%85%AC%E6%97%A5%E6%9B%86%E8%A1%A8%281141020%E6%9B%B4%E6%96%B0%29.csv&nfix=
2025-05-05,Mon,1,0,0,0,0,0,0,,0,0,0,0,0,25,31,0,0,0,0,0,0,,0,0,0,0,0,0,0,0,,2025,https://www.dgpa.gov.tw/FileConversion?filename=dgpa%2Ffiles%2F202510%2Fb84cb88a-803c-4621-a843-d637b2775615.csv&name=114%E5%B9%B4%E4%B8%AD%E8%8F%AF%E6%B0%91%E5%9C%8B%E6%94%BF%E5%BA%9C%E8%A1%8C%E6%94%BF%E6%A9%9F%E9%97%9C%E8%BE%A6%E5%85%AC%E6%97%A5%E6%9B%86%E8%A1%A8%281141020%E6%9B%B4%E6%96%B0%29.csv&nfix=
2025-05-06,Tue,2,0,0,0,0,0,0,,0,0,0,0,0,24,32,0,0,0,0,0,0,,0,0,0,0,0,0,0,0,,2025,https://www.dgpa.gov.tw/FileConversion?filename=dgpa%2Ffiles%2F202510%2Fb84cb88a-803c-4621-a843-d637b2775615.csv&name=114%E5%B9%B4%E4%B8%AD%E8%8F%AF%E6%B0%91%E5%9C%8B%E6%94%BF%E5%BA%9C%E8%A1%8C%E6%94%BF%E6%A9%9F%E9%97%9C%E8%BE%A6%E5%85%AC%E6%97%A5%E6%9B%86%E8%A1%A8%281141020%E6%9B%B4%E6%96%B0%29.csv&nfix=
2025-05-07,Wed,3,0,0,0,0,0,0,,0,0,0,0,0,23,33,0,0,0,0,0,0,,0,0,0,0,0,0,0,0,,2025,https://www.dgpa.gov.tw/FileConversion?filename=dgpa%2Ffiles%2F202510%2Fb84cb88a-803c-4621-a843-d637b2775615.csv&name=114%E5%B9%B4%E4%B8%AD%E8%8F%AF%E6%B0%91%E5%9C%8B%E6%94%BF%E5%BA%9C%E8%A1%8C%E6%94%BF%E6%A9%9F%E9%97%9C%E8%BE%A6%E5%85%AC%E6%97%A5%E6%9B%86%E8%A1%A8%281141020%E6%9B%B4%E6%96%B0%29.csv&nfix=
2025-05-08,Thu,4,0,0,0,0,0,0,,0,0,0,0,0,22,34,0,0,0,0,0,0,,0,0,0,0,0,0,0,0,,2025,https://www.dgpa.gov.tw/FileConversion?filename=dgpa%2Ffiles%2F202510%2Fb84cb88a-803c-4621-a843-d637b2775615.csv&name=114%E5%B9%B4%E4%B8%AD%E8%8F%AF%E6%B0%91%E5%9C%8B%E6%94%BF%E5%BA%9C%E8%A1%8C%E6%94%BF%E6%A9%9F%E9%97%9C%E8%BE%A6%E5%85%AC%E6%97%A5%E6%9B%86%E8%A1%A8%281141020%E6%9B%B4%E6%96%B0%29.csv&nfix=
2025-05-09,Fri,5,0,0,0,0,0,0,,0,0,0,0,0,21,35,0,0,0,0,0,0,,0,0,0,0,0,0,0,0,,2025,https://www.dgpa.gov.tw/FileConversion?filename=dgpa%2Ffiles%2F202510%2Fb84cb88a-803c-4621-a843-d637b2775615.csv&name=114%E5%B9%B4%E4%B8%AD%E8%8F%AF%E6%B0%91%E5%9C%8B%E6%94%BF%E5%BA%9C%E8%A1%8C%E6%94%BF%E6%A9%9F%E9%97%9C%E8%BE%A6%E5%85%AC%E6%97%A5%E6%9B%86%E8%A1%A8%281141020%E6%9B%B4%E6%96%B0%29.csv&nfix=
2025-05-10,Sat,6,1,1,0,0,0,0,,0,0,0,0,0,20,36,0,0,0,0,0,0,,0,0,0,0,0,0,0,0,,2025,https://www.dgpa.gov.tw/FileConversion?filename=dgpa%2Ffiles%2F202510%2Fb84cb88a-803c-4621-a843-d637b2775615.csv&name=114%E5%B9%B4%E4%B8%AD%E8%8F%AF%E6%B0%91%E5%9C%8B%E6%94%BF%E5%BA%9C%E8%A1%8C%E6%94%BF%E6%A9%9F%E9%97%9C%E8%BE%A6%E5%85%AC%E6%97%A5%E6%9B%86%E8%A1%A8%281141020%E6%9B%B4%E6%96%B0%29.csv&nfix=
2025-05-11,Sun,7,1,1,0,0,0,0,,0,0,0,0,0,19,37,0,0,0,0,0,0,,0,0,0,0,0,0,0,0,,2025,https://www.dgpa.gov.tw/FileConversion?filename=dgpa%2Ffiles%2F202510%2Fb84cb88a-803c-4621-a843-d637b2775615.csv&name=114%E5%B9%B4%E4%B8%AD%E8%8F%AF%E6%B0%91%E5%9C%8B%E6%94%BF%E5%BA%9C%E8%A1%8C%E6%94%BF%E6%A9%9F%E9%97%9C%E8%BE%A6%E5%85%AC%E6%97%A5%E6%9B%86%E8%A1%A8%281141020%E6%9B%B4%E6%96%B0%29.csv&nfix=
2025-05-12,Mon,1,0,0,0,0,0,0,,0,0,0,0,0,18,38,0,0,0,0,0,0,,0,0,0,0,0,0,0,0,,2025,https://www.dgpa.gov.tw/FileConversion?filename=dgpa%2Ffiles%2F202510%2Fb84cb88a-803c-4621-a843-d637b2775615.csv&name=114%E5%B9%B4%E4%B8%AD%E8%8F%AF%E6%B0%91%E5%9C%8B%E6%94%BF%E5%BA%9C%E8%A1%8C%E6%94%BF%E6%A9%9F%E9%97%9C%E8%BE%A6%E5%85%AC%E6%97%A5%E6%9B%86%E8%A1%A8%281141020%E6%9B%B4%E6%96%B0%29.csv&nfix=
2025-05-13,Tue,2,0,0,0,0,0,0,,0,0,0,0,0,17,39,0,0,0,0,0,0,,0,0,0,0,0,0,0,0,,2025,https://www.dgpa.gov.tw/FileConversion?filename=dgpa%2Ffiles%2F202510%2Fb84cb88a-803c-4621-a843-d637b2775615.csv&name=114%E5%B9%B4%E4%B8%AD%E8%8F%AF%E6%B0%91%E5%9C%8B%E6%94%BF%E5%BA%9C%E8%A1%8C%E6%94%BF%E6%A9%9F%E9%97%9C%E8%BE%A6%E5%85%AC%E6%97%A5%E6%9B%86%E8%A1%A8%281141020%E6%9B%B4%E6%96%B0%29.csv&nfix=
2025-05-14,Wed,3,0,0,0,0,0,0,,0,0,0,0,0,16,40,0,0,0,0,0,0,,0,0,0,0,0,0,0,0,,2025,https://www.dgpa.gov.tw/FileConversion?filename=dgpa%2Ffiles%2F202510%2Fb84cb88a-803c-4621-a843-d637b2775615.csv&name=114%E5%B9%B4%E4%B8%AD%E8%8F%AF%E6%B0%91%E5%9C%8B%E6%94%BF%E5%BA%9C%E8%A1%8C%E6%94%BF%E6%A9%9F%E9%97%9C%E8%BE%A6%E5%85%AC%E6%97%A5%E6%9B%86%E8%A1%A8%281141020%E6%9B%B4%E6%96%B0%29.csv&nfix=
2025-05-15,Thu,4,0,0,0,0,0,0,,0,0,0,0,0,15,41,0,0,0,0,0,0,,0,0,0,0,0,0,0,0,,2025,https://www.dgpa.gov.tw/FileConversion?filename=dgpa%2Ffiles%2F202510%2Fb84cb88a-803c-4621-a843-d637b2775615.csv&name=114%E5%B9%B4%E4%B8%AD%E8%8F%AF%E6%B0%91%E5%9C%8B%E6%94%BF%E5%BA%9C%E8%A1%8C%E6%94%BF%E6%A9%9F%E9%97%9C%E8%BE%A6%E5%85%AC%E6%97%A5%E6%9B%86%E8%A1%A8%281141020%E6%9B%B4%E6%96%B0%29.csv&nfix=
2025-05-16,Fri,5,0,0,0,0,0,0,,0,0,0,0,0,14,42,0,0,0,0,0,0,,0,0,0,0,0,0,0,0,,2025,https://www.dgpa.gov.tw/FileConversion?filename=dgpa%2Ffiles%2F202510%2Fb84cb88a-803c-4621-a843-d637b2775615.csv&name=114%E5%B9%B4%E4%B8%AD%E8%8F%AF%E6%B0%91%E5%9C%8B%E6%94%BF%E5%BA%9C%E8%A1%8C%E6%94%BF%E6%A9%9F%E9%97%9C%E8%BE%A6%E5%85%AC%E6%97%A5%E6%9B%86%E8%A1%A8%281141020%E6%9B%B4%E6%96%B0%29.csv&nfix=
2025-05-17,Sat,6,1,1,0,0,0,0,,0,0,0,0,0,13,43,0,0,0,0,0,0,,0,0,0,0,0,0,0,0,,2025,https://www.dgpa.gov.tw/FileConversion?filename=dgpa%2Ffiles%2F202510%2Fb84cb88a-803c-4621-a843-d637b2775615.csv&name=114%E5%B9%B4%E4%B8%AD%E8%8F%AF%E6%B0%91%E5%9C%8B%E6%94%BF%E5%BA%9C%E8%A1%8C%E6%94%BF%E6%A9%9F%E9%97%9C%E8%BE%A6%E5%85%AC%E6%97%A5%E6%9B%86%E8%A1%A8%281141020%E6%9B%B4%E6%96%B0%29.csv&nfix=
2025-05-18,Sun,7,1,1,0,0,0,0,,0,0,0,0,0,12,44,0,0,0,0,0,0,,0,0,0,0,0,0,0,0,,2025,https://www.dgpa.gov.tw/FileConversion?filename=dgpa%2Ffiles%2F202510%2Fb84cb88a-803c-4621-a843-d637b2775615.csv&name=114%E5%B9%B4%E4%B8%AD%E8%8F%AF%E6%B0%91%E5%9C%8B%E6%94%BF%E5%BA%9C%E8%A1%8C%E6%94%BF%E6%A9%9F%E9%97%9C%E8%BE%A6%E5%85%AC%E6%97%A5%E6%9B%86%E8%A1%A8%281141020%E6%9B%B4%E6%96%B0%29.csv&nfix=
2025-05-19,Mon,1,0,0,0,0,0,0,,0,0,0,0,0,11,45,0,0,0,0,0,0,,0,0,0,0,0,0,0,0,,2025,https://www.dgpa.gov.tw/FileConversion?filename=dgpa%2Ffiles%2F202510%2Fb84cb88a-803c-4621-a843-d637b2775615.csv&name=114%E5%B9%B4%E4%B8%AD%E8%8F%AF%E6%B0%91%E5%9C%8B%E6%94%BF%E5%BA%9C%E8%A1%8C%E6%94%BF%E6%A9%9F%E9%97%9C%E8%BE%A6%E5%85%AC%E6%97%A5%E6%9B%86%E8%A1%A8%281141020%E6%9B%B4%E6%96%B0%29.csv&nfix=
2025-05-20,Tue,2,0,0,0,0,0,0,,0,0,0,0,0,10,46,0,0,0,0,0,0,,0,0,0,0,0,0,0,0,,2025,https://www.dgpa.gov.tw/FileConversion?filename=dgpa%2Ffiles%2F202510%2Fb84cb88a-803c-4621-a843-d637b2775615.csv&name=114%E5%B9%B4%E4%B8%AD%E8%8F%AF%E6%B0%91%E5%9C%8B%E6%94%BF%E5%BA%9C%E8%A1%8C%E6%94%BF%E6%A9%9F%E9%97%9C%E8%BE%A6%E5%85%AC%E6%97%A5%E6%9B%86%E8%A1%A8%281141020%E6%9B%B4%E6%96%B0%29.csv&nfix=
2025-05-21,Wed,3,0,0,0,0,0,0,,0,0,0,0,0,9,47,0,0,0,0,0,0,,0,0,0,0,0,0,0,0,,2025,https://www.dgpa.gov.tw/FileConversion?filename=dgpa%2Ffiles%2F202510%2Fb84cb88a-803c-4621-a843-d637b2775615.csv&name=114%E5%B9%B4%E4%B8%AD%E8%8F%AF%E6%B0%91%E5%9C%8B%E6%94%BF%E5%BA%9C%E8%A1%8C%E6%94%BF%E6%A9%9F%E9%97%9C%E8%BE%A6%E5%85%AC%E6%97%A5%E6%9B%86%E8%A1%A8%281141020%E6%9B%B4%E6%96%B0%29.csv&nfix=
2025-05-22,Thu,4,0,0,0,0,0,0,,0,0,0,0,0,8,48,0,0,0,0,0,0,,0,0,0,0,0,0,0,0,,2025,https://www.dgpa.gov.tw/FileConversion?filename=dgpa%2Ffiles%2F202510%2Fb84cb88a-803c-4621-a843-d637b2775615.csv&name=114%E5%B9%B4%E4%B8%AD%E8%8F%AF%E6%B0%91%E5%9C%8B%E6%94%BF%E5%BA%9C%E8%A1%8C%E6%94%BF%E6%A9%9F%E9%97%9C%E8%BE%A6%E5%85%AC%E6%97%A5%E6%9B%86%E8%A1%A8%281141020%E6%9B%B4%E6%96%B0%29.csv&nfix=
2025-05-23,Fri,5,0,0,0,0,0,0,,0,0,0,0,0,7,49,0,0,0,1,0,0,,0,0,0,0,0,0,0,0,,2025,https://www.dgpa.gov.tw/FileConversion?filename=dgpa%2Ffiles%2F202510%2Fb84cb88a-803c-4621-a843-d637b2775615.csv&name=114%E5%B9%B4%E4%B8%AD%E8%8F%AF%E6%B0%91%E5%9C%8B%E6%94%BF%E5%BA%9C%E8%A1%8C%E6%94%BF%E6%A9%9F%E9%97%9C%E8%BE%A6%E5%85%AC%E6%97%A5%E6%9B%86%E8%A1%A8%281141020%E6%9B%B4%E6%96%B0%29.csv&nfix=
2025-05-24,Sat,6,1,1,0,0,0,0,,0,0,0,0,0,6,50,0,0,0,1,0,0,,0,0,0,0,0,0,0,0,,2025,https://www.dgpa.gov.tw/FileConversion?filename=dgpa%2Ffiles%2F202510%2Fb84cb88a-803c-4621-a843-d637b2775615.csv&name=114%E5%B9%B4%E4%B8%AD%E8%8F%AF%E6%B0%91%E5%9C%8B%E6%94%BF%E5%BA%9C%E8%A1%8C%E6%94%BF%E6%A9%9F%E9%97%9C%E8%BE%A6%E5%85%AC%E6%97%A5%E6%9B%86%E8%A1%A8%281141020%E6%9B%B4%E6%96%B0%29.csv&nfix=
2025-05-25,Sun,7,1,1,0,0,0,0,,0,0,0,0,0,5,51,0,0,1,1,0,0,,0,0,0,0,0,0,0,0,,2025,https://www.dgpa.gov.tw/FileConversion?filename=dgpa%2Ffiles%2F202510%2Fb84cb88a-803c-4621-a843-d637b2775615.csv&name=114%E5%B9%B4%E4%B8%AD%E8%8F%AF%E6%B0%91%E5%9C%8B%E6%94%BF%E5%BA%9C%E8%A1%8C%E6%94%BF%E6%A9%9F%E9%97%9C%E8%BE%A6%E5%85%AC%E6%97%A5%E6%9B%86%E8%A1%A8%281141020%E6%9B%B4%E6%96%B0%29.csv&nfix=
2025-05-26,Mon,1,0,0,0,0,0,0,,0,0,0,0,0,4,52,0,0,0,1,0,0,,0,0,0,0,0,0,0,0,,2025,https://www.dgpa.gov.tw/FileConversion?filename=dgpa%2Ffiles%2F202510%2Fb84cb88a-803c-4621-a843-d637b2775615.csv&name=114%E5%B9%B4%E4%B8%AD%E8%8F%AF%E6%B0%91%E5%9C%8B%E6%94%BF%E5%BA%9C%E8%A1%8C%E6%94%BF%E6%A9%9F%E9%97%9C%E8%BE%A6%E5%85%AC%E6%97%A5%E6%9B%86%E8%A1%A8%281141020%E6%9B%B4%E6%96%B0%29.csv&nfix=
2025-05-27,Tue,2,0,0,0,0,0,0,,0,0,0,0,0,3,53,0,0,0,1,0,0,,0,0,0,0,0,0,0,0,,2025,https://www.dgpa.gov.tw/FileConversion?filename=dgpa%2Ffiles%2F202510%2Fb84cb88a-803c-4621-a843-d637b2775615.csv&name=114%E5%B9%B4%E4%B8%AD%E8%8F%AF%E6%B0%91%E5%9C%8B%E6%94%BF%E5%BA%9C%E8%A1%8C%E6%94%BF%E6%A9%9F%E9%97%9C%E8%BE%A6%E5%85%AC%E6%97%A5%E6%9B%86%E8%A1%A8%281141020%E6%9B%B4%E6%96%B0%29.csv&nfix=
2025-05-28,Wed,3,0,0,0,0,0,0,,0,0,0,0,0,2,54,0,0,0,0,0,0,,0,0,0,0,0,0,0,0,,2025,https://www.dgpa.gov.tw/FileConversion?filename=dgpa%2Ffiles%2F202510%2Fb84cb88a-803c-4621-a843-d637b2775615.csv&name=114%E5%B9%B4%E4%B8%AD%E8%8F%AF%E6%B0%91%E5%9C%8B%E6%94%BF%E5%BA%9C%E8%A1%8C%E6%94%BF%E6%A9%9F%E9%97%9C%E8%BE%A6%E5%85%AC%E6%97%A5%E6%9B%86%E8%A1%A8%281141020%E6%9B%B4%E6%96%B0%29.csv&nfix=
2025-05-29,Thu,4,0,0,0,0,0,0,,0,0,0,1,0,1,55,0,0,0,0,1,0,,0,0,0,0,0,0,1,0,,2025,https://www.dgpa.gov.tw/FileConversion?filename=dgpa%2Ffiles%2F202510%2Fb84cb88a-803c-4621-a843-d637b2775615.csv&name=114%E5%B9%B4%E4%B8%AD%E8%8F%AF%E6%B0%91%E5%9C%8B%E6%94%BF%E5%BA%9C%E8%A1%8C%E6%94%BF%E6%A9%9F%E9%97%9C%E8%BE%A6%E5%85%AC%E6%97%A5%E6%9B%86%E8%A1%A8%281141020%E6%9B%B4%E6%96%B0%29.csv&nfix=
2025-05-30,Fri,5,0,1,0,1,0,1,Dragon Boat Festival (Observed),1,1,3,0,0,0,0,0,0,0,0,1,0,HS-2025-05-30,1,3,1,0,1,0,0,0,補假,2025,https://www.dgpa.gov.tw/FileConversion?filename=dgpa%2Ffiles%2F202510%2Fb84cb88a-803c-4621-a843-d637b2775615.csv&name=114%E5%B9%B4%E4%B8%AD%E8%8F%AF%E6%B0%91%E5%9C%8B%E6%94%BF%E5%BA%9C%E8%A1%8C%E6%94%BF%E6%A9%9F%E9%97%9C%E8%BE%A6%E5%85%AC%E6%97%A5%E6%9B%86%E8%A1%A8%281141020%E6%9B%B4%E6%96%B0%29.csv&nfix=
2025-05-31,Sat,6,1,1,0,1,1,0,Dragon Boat Festival,1,2,3,0,0,0,0,0,1,0,0,0,1,HS-2025-05-30,2,3,0,0,0,0,0,0,端午節,2025,https://www.dgpa.gov.tw/FileConversion?filename=dgpa%2Ffiles%2F202510%2Fb84cb88a-803c-4621-a843-d637b2775615.csv&name=114%E5%B9%B4%E4%B8%AD%E8%8F%AF%E6%B0%91%E5%9C%8B%E6%94%BF%E5%BA%9C%E8%A1%8C%E6%94%BF%E6%A9%9F%E9%97%9C%E8%BE%A6%E5%85%AC%E6%97%A5%E6%9B%86%E8%A1%A8%281141020%E6%9B%B4%E6%96%B0%29.csv&nfix=
2025-06-01,Sun,7,1,1,0,0,0,0,,1,3,3,0,0,119,1,1,0,0,0,0,1,HS-2025-05-30,3,3,0,1,0,1,0,0,,2025,https://www.dgpa.gov.tw/FileConversion?filename=dgpa%2Ffiles%2F202510%2Fb84cb88a-803c-4621-a843-d637b2775615.csv&name=114%E5%B9%B4%E4%B8%AD%E8%8F%AF%E6%B0%91%E5%9C%8B%E6%94%BF%E5%BA%9C%E8%A1%8C%E6%94%BF%E6%A9%9F%E9%97%9C%E8%BE%A6%E5%85%AC%E6%97%A5%E6%9B%86%E8%A1%A8%281141020%E6%9B%B4%E6%96%B0%29.csv&nfix=
2025-06-02,Mon,1,0,0,0,0,0,0,,0,0,0,0,1,118,2,0,0,0,0,0,0,,0,0,0,0,0,0,0,1,,2025,https://www.dgpa.gov.tw/FileConversion?filename=dgpa%2Ffiles%2F202510%2Fb84cb88a-803c-4621-a843-d637b2775615.csv&name=114%E5%B9%B4%E4%B8%AD%E8%8F%AF%E6%B0%91%E5%9C%8B%E6%94%BF%E5%BA%9C%E8%A1%8C%E6%94%BF%E6%A9%9F%E9%97%9C%E8%BE%A6%E5%85%AC%E6%97%A5%E6%9B%86%E8%A1%A8%281141020%E6%9B%B4%E6%96%B0%29.csv&nfix=
2025-06-03,Tue,2,0,0,0,0,0,0,,0,0,0,0,0,117,3,0,0,0,0,0,0,,0,0,0,0,0,0,0,0,,2025,https://www.dgpa.gov.tw/FileConversion?filename=dgpa%2Ffiles%2F202510%2Fb84cb88a-803c-4621-a843-d637b2775615.csv&name=114%E5%B9%B4%E4%B8%AD%E8%8F%AF%E6%B0%91%E5%9C%8B%E6%94%BF%E5%BA%9C%E8%A1%8C%E6%94%BF%E6%A9%9F%E9%97%9C%E8%BE%A6%E5%85%AC%E6%97%A5%E6%9B%86%E8%A1%A8%281141020%E6%9B%B4%E6%96%B0%29.csv&nfix=
2025-06-04,Wed,3,0,0,0,0,0,0,,0,0,0,0,0,116,4,0,0,0,0,0,0,,0,0,0,0,0,0,0,0,,2025,https://www.dgpa.gov.tw/FileConversion?filename=dgpa%2Ffiles%2F202510%2Fb84cb88a-803c-4621-a843-d637b2775615.csv&name=114%E5%B9%B4%E4%B8%AD%E8%8F%AF%E6%B0%91%E5%9C%8B%E6%94%BF%E5%BA%9C%E8%A1%8C%E6%94%BF%E6%A9%9F%E9%97%9C%E8%BE%A6%E5%85%AC%E6%97%A5%E6%9B%86%E8%A1%A8%281141020%E6%9B%B4%E6%96%B0%29.csv&nfix=
2025-06-05,Thu,4,0,0,0,0,0,0,,0,0,0,0,0,115,5,0,0,0,0,0,0,,0,0,0,0,0,0,0,0,,2025,https://www.dgpa.gov.tw/FileConversion?filename=dgpa%2Ffiles%2F202510%2Fb84cb88a-803c-4621-a843-d637b2775615.csv&name=114%E5%B9%B4%E4%B8%AD%E8%8F%AF%E6%B0%91%E5%9C%8B%E6%94%BF%E5%BA%9C%E8%A1%8C%E6%94%BF%E6%A9%9F%E9%97%9C%E8%BE%A6%E5%85%AC%E6%97%A5%E6%9B%86%E8%A1%A8%281141020%E6%9B%B4%E6%96%B0%29.csv&nfix=
2025-06-06,Fri,5,0,0,0,0,0,0,,0,0,0,0,0,114,6,0,0,0,0,0,0,,0,0,0,0,0,0,0,0,,2025,https://www.dgpa.gov.tw/FileConversion?filename=dgpa%2Ffiles%2F202510%2Fb84cb88a-803c-4621-a843-d637b2775615.csv&name=114%E5%B9%B4%E4%B8%AD%E8%8F%AF%E6%B0%91%E5%9C%8B%E6%94%BF%E5%BA%9C%E8%A1%8C%E6%94%BF%E6%A9%9F%E9%97%9C%E8%BE%A6%E5%85%AC%E6%97%A5%E6%9B%86%E8%A1%A8%281141020%E6%9B%B4%E6%96%B0%29.csv&nfix=
2025-06-07,Sat,6,1,1,0,0,0,0,,0,0,0,0,0,113,7,0,0,0,0,0,0,,0,0,0,0,0,0,0,0,,2025,https://www.dgpa.gov.tw/FileConversion?filename=dgpa%2Ffiles%2F202510%2Fb84cb88a-803c-4621-a843-d637b2775615.csv&name=114%E5%B9%B4%E4%B8%AD%E8%8F%AF%E6%B0%91%E5%9C%8B%E6%94%BF%E5%BA%9C%E8%A1%8C%E6%94%BF%E6%A9%9F%E9%97%9C%E8%BE%A6%E5%85%AC%E6%97%A5%E6%9B%86%E8%A1%A8%281141020%E6%9B%B4%E6%96%B0%29.csv&nfix=
2025-06-08,Sun,7,1,1,0,0,0,0,,0,0,0,0,0,112,8,0,0,0,0,0,0,,0,0,0,0,0,0,0,0,,2025,https://www.dgpa.gov.tw/FileConversion?filename=dgpa%2Ffiles%2F202510%2Fb84cb88a-803c-4621-a843-d637b2775615.csv&name=114%E5%B9%B4%E4%B8%AD%E8%8F%AF%E6%B0%91%E5%9C%8B%E6%94%BF%E5%BA%9C%E8%A1%8C%E6%94%BF%E6%A9%9F%E9%97%9C%E8%BE%A6%E5%85%AC%E6%97%A5%E6%9B%86%E8%A1%A8%281141020%E6%9B%B4%E6%96%B0%29.csv&nfix=
2025-06-09,Mon,1,0,0,0,0,0,0,,0,0,0,0,0,111,9,0,0,0,0,0,0,,0,0,0,0,0,0,0,0,,2025,https://www.dgpa.gov.tw/FileConversion?filename=dgpa%2Ffiles%2F202510%2Fb84cb88a-803c-4621-a843-d637b2775615.csv&name=114%E5%B9%B4%E4%B8%AD%E8%8F%AF%E6%B0%91%E5%9C%8B%E6%94%BF%E5%BA%9C%E8%A1%8C%E6%94%BF%E6%A9%9F%E9%97%9C%E8%BE%A6%E5%85%AC%E6%97%A5%E6%9B%86%E8%A1%A8%281141020%E6%9B%B4%E6%96%B0%29.csv&nfix=
2025-06-10,Tue,2,0,0,0,0,0,0,,0,0,0,0,0,110,10,0,0,0,0,0,0,,0,0,0,0,0,0,0,0,,2025,https://www.dgpa.gov.tw/FileConversion?filename=dgpa%2Ffiles%2F202510%2Fb84cb88a-803c-4621-a843-d637b2775615.csv&name=114%E5%B9%B4%E4%B8%AD%E8%8F%AF%E6%B0%91%E5%9C%8B%E6%94%BF%E5%BA%9C%E8%A1%8C%E6%94%BF%E6%A9%9F%E9%97%9C%E8%BE%A6%E5%85%AC%E6%97%A5%E6%9B%86%E8%A1%A8%281141020%E6%9B%B4%E6%96%B0%29.csv&nfix=
2025-06-11,Wed,3,0,0,0,0,0,0,,0,0,0,0,0,109,11,0,0,0,0,0,0,,0,0,0,0,0,0,0,0,,2025,https://www.dgpa.gov.tw/FileConversion?filename=dgpa%2Ffiles%2F202510%2Fb84cb88a-803c-4621-a843-d637b2775615.csv&name=114%E5%B9%B4%E4%B8%AD%E8%8F%AF%E6%B0%91%E5%9C%8B%E6%94%BF%E5%BA%9C%E8%A1%8C%E6%94%BF%E6%A9%9F%E9%97%9C%E8%BE%A6%E5%85%AC%E6%97%A5%E6%9B%86%E8%A1%A8%281141020%E6%9B%B4%E6%96%B0%29.csv&nfix=
2025-06-12,Thu,4,0,0,0,0,0,0,,0,0,0,0,0,108,12,0,0,0,0,0,0,,0,0,0,0,0,0,0,0,,2025,https://www.dgpa.gov.tw/FileConversion?filename=dgpa%2Ffiles%2F202510%2Fb84cb88a-803c-4621-a843-d637b2775615.csv&name=114%E5%B9%B4%E4%B8%AD%E8%8F%AF%E6%B0%91%E5%9C%8B%E6%94%BF%E5%BA%9C%E8%A1%8C%E6%94%BF%E6%A9%9F%E9%97%9C%E8%BE%A6%E5%85%AC%E6%97%A5%E6%9B%86%E8%A1%A8%281141020%E6%9B%B4%E6%96%B0%29.csv&nfix=
2025-06-13,Fri,5,0,0,0,0,0,0,,0,0,0,0,0,107,13,0,0,0,0,0,0,,0,0,0,0,0,0,0,0,,2025,https://www.dgpa.gov.tw/FileConversion?filename=dgpa%2Ffiles%2F202510%2Fb84cb88a-803c-4621-a843-d637b2775615.csv&name=114%E5%B9%B4%E4%B8%AD%E8%8F%AF%E6%B0%91%E5%9C%8B%E6%94%BF%E5%BA%9C%E8%A1%8C%E6%94%BF%E6%A9%9F%E9%97%9C%E8%BE%A6%E5%85%AC%E6%97%A5%E6%9B%86%E8%A1%A8%281141020%E6%9B%B4%E6%96%B0%29.csv&nfix=
2025-06-14,Sat,6,1,1,0,0,0,0,,0,0,0,0,0,106,14,0,0,0,0,0,0,,0,0,0,0,0,0,0,0,,2025,https://www.dgpa.gov.tw/FileConversion?filename=dgpa%2Ffiles%2F202510%2Fb84cb88a-803c-4621-a843-d637b2775615.csv&name=114%E5%B9%B4%E4%B8%AD%E8%8F%AF%E6%B0%91%E5%9C%8B%E6%94%BF%E5%BA%9C%E8%A1%8C%E6%94%BF%E6%A9%9F%E9%97%9C%E8%BE%A6%E5%85%AC%E6%97%A5%E6%9B%86%E8%A1%A8%281141020%E6%9B%B4%E6%96%B0%29.csv&nfix=
2025-06-15,Sun,7,1,1,0,0,0,0,,0,0,0,0,0,105,15,0,0,0,0,0,0,,0,0,0,0,0,0,0,0,,2025,https://www.dgpa.gov.tw/FileConversion?filename=dgpa%2Ffiles%2F202510%2Fb84cb88a-803c-4621-a843-d637b2775615.csv&name=114%E5%B9%B4%E4%B8%AD%E8%8F%AF%E6%B0%91%E5%9C%8B%E6%94%BF%E5%BA%9C%E8%A1%8C%E6%94%BF%E6%A9%9F%E9%97%9C%E8%BE%A6%E5%85%AC%E6%97%A5%E6%9B%86%E8%A1%A8%281141020%E6%9B%B4%E6%96%B0%29.csv&nfix=
2025-06-16,Mon,1,0,0,0,0,0,0,,0,0,0,0,0,104,16,0,0,0,0,0,0,,0,0,0,0,0,0,0,0,,2025,https://www.dgpa.gov.tw/FileConversion?filename=dgpa%2Ffiles%2F202510%2Fb84cb88a-803c-4621-a843-d637b2775615.csv&name=114%E5%B9%B4%E4%B8%AD%E8%8F%AF%E6%B0%91%E5%9C%8B%E6%94%BF%E5%BA%9C%E8%A1%8C%E6%94%BF%E6%A9%9F%E9%97%9C%E8%BE%A6%E5%85%AC%E6%97%A5%E6%9B%86%E8%A1%A8%281141020%E6%9B%B4%E6%96%B0%29.csv&nfix=
2025-06-17,Tue,2,0,0,0,0,0,0,,0,0,0,0,0,103,17,0,0,0,0,0,0,,0,0,0,0,0,0,0,0,,2025,https://www.dgpa.gov.tw/FileConversion?filename=dgpa%2Ffiles%2F202510%2Fb84cb88a-803c-4621-a843-d637b2775615.csv&name=114%E5%B9%B4%E4%B8%AD%E8%8F%AF%E6%B0%91%E5%9C%8B%E6%94%BF%E5%BA%9C%E8%A1%8C%E6%94%BF%E6%A9%9F%E9%97%9C%E8%BE%A6%E5%85%AC%E6%97%A5%E6%9B%86%E8%A1%A8%281141020%E6%9B%B4%E6%96%B0%29.csv&nfix=
2025-06-18,Wed,3,0,0,0,0,0,0,,0,0,0,0,0,102,18,0,0,0,0,0,0,,0,0,0,0,0,0,0,0,,2025,https://www.dgpa.gov.tw/FileConversion?filename=dgpa%2Ffiles%2F202510%2Fb84cb88a-803c-4621-a843-d637b2775615.csv&name=114%E5%B9%B4%E4%B8%AD%E8%8F%AF%E6%B0%91%E5%9C%8B%E6%94%BF%E5%BA%9C%E8%A1%8C%E6%94%BF%E6%A9%9F%E9%97%9C%E8%BE%A6%E5%85%AC%E6%97%A5%E6%9B%86%E8%A1%A8%281141020%E6%9B%B4%E6%96%B0%29.csv&nfix=
2025-06-19,Thu,4,0,0,0,0,0,0,,0,0,0,0,0,101,19,0,0,0,0,0,0,,0,0,0,0,0,0,0,0,,2025,https://www.dgpa.gov.tw/FileConversion?filename=dgpa%2Ffiles%2F202510%2Fb84cb88a-803c-4621-a843-d637b2775615.csv&name=114%E5%B9%B4%E4%B8%AD%E8%8F%AF%E6%B0%91%E5%9C%8B%E6%94%BF%E5%BA%9C%E8%A1%8C%E6%94%BF%E6%A9%9F%E9%97%9C%E8%BE%A6%E5%85%AC%E6%97%A5%E6%9B%86%E8%A1%A8%281141020%E6%9B%B4%E6%96%B0%29.csv&nfix=
2025-06-20,Fri,5,0,0,0,0,0,0,,0,0,0,0,0,100,20,0,0,0,0,0,0,,0,0,0,0,0,0,0,0,,2025,https://www.dgpa.gov.tw/FileConversion?filename=dgpa%2Ffiles%2F202510%2Fb84cb88a-803c-4621-a843-d637b2775615.csv&name=114%E5%B9%B4%E4%B8%AD%E8%8F%AF%E6%B0%91%E5%9C%8B%E6%94%BF%E5%BA%9C%E8%A1%8C%E6%94%BF%E6%A9%9F%E9%97%9C%E8%BE%A6%E5%85%AC%E6%97%A5%E6%9B%86%E8%A1%A8%281141020%E6%9B%B4%E6%96%B0%29.csv&nfix=
2025-06-21,Sat,6,1,1,0,0,0,0,,0,0,0,0,0,99,21,0,0,0,0,0,0,,0,0,0,0,0,0,0,0,,2025,https://www.dgpa.gov.tw/FileConversion?filename=dgpa%2Ffiles%2F202510%2Fb84cb88a-803c-4621-a843-d637b2775615.csv&name=114%E5%B9%B4%E4%B8%AD%E8%8F%AF%E6%B0%91%E5%9C%8B%E6%94%BF%E5%BA%9C%E8%A1%8C%E6%94%BF%E6%A9%9F%E9%97%9C%E8%BE%A6%E5%85%AC%E6%97%A5%E6%9B%86%E8%A1%A8%281141020%E6%9B%B4%E6%96%B0%29.csv&nfix=
2025-06-22,Sun,7,1,1,0,0,0,0,,0,0,0,0,0,98,22,0,0,0,0,0,0,,0,0,0,0,0,0,0,0,,2025,https://www.dgpa.gov.tw/FileConversion?filename=dgpa%2Ffiles%2F202510%2Fb84cb88a-803c-4621-a843-d637b2775615.csv&name=114%E5%B9%B4%E4%B8%AD%E8%8F%AF%E6%B0%91%E5%9C%8B%E6%94%BF%E5%BA%9C%E8%A1%8C%E6%94%BF%E6%A9%9F%E9%97%9C%E8%BE%A6%E5%85%AC%E6%97%A5%E6%9B%86%E8%A1%A8%281141020%E6%9B%B4%E6%96%B0%29.csv&nfix=
2025-06-23,Mon,1,0,0,0,0,0,0,,0,0,0,0,0,97,23,0,0,0,1,0,0,,0,0,0,0,0,0,0,0,,2025,https://www.dgpa.gov.tw/FileConversion?filename=dgpa%2Ffiles%2F202510%2Fb84cb88a-803c-4621-a843-d637b2775615.csv&name=114%E5%B9%B4%E4%B8%AD%E8%8F%AF%E6%B0%91%E5%9C%8B%E6%94%BF%E5%BA%9C%E8%A1%8C%E6%94%BF%E6%A9%9F%E9%97%9C%E8%BE%A6%E5%85%AC%E6%97%A5%E6%9B%86%E8%A1%A8%281141020%E6%9B%B4%E6%96%B0%29.csv&nfix=
2025-06-24,Tue,2,0,0,0,0,0,0,,0,0,0,0,0,96,24,0,0,0,1,0,0,,0,0,0,0,0,0,0,0,,2025,https://www.dgpa.gov.tw/FileConversion?filename=dgpa%2Ffiles%2F202510%2Fb84cb88a-803c-4621-a843-d637b2775615.csv&name=114%E5%B9%B4%E4%B8%AD%E8%8F%AF%E6%B0%91%E5%9C%8B%E6%94%BF%E5%BA%9C%E8%A1%8C%E6%94%BF%E6%A9%9F%E9%97%9C%E8%BE%A6%E5%85%AC%E6%97%A5%E6%9B%86%E8%A1%A8%281141020%E6%9B%B4%E6%96%B0%29.csv&nfix=
2025-06-25,Wed,3,0,0,0,0,0,0,,0,0,0,0,0,95,25,0,0,1,1,0,0,,0,0,0,0,0,0,0,0,,2025,https://www.dgpa.gov.tw/FileConversion?filename=dgpa%2Ffiles%2F202510%2Fb84cb88a-803c-4621-a843-d637b2775615.csv&name=114%E5%B9%B4%E4%B8%AD%E8%8F%AF%E6%B0%91%E5%9C%8B%E6%94%BF%E5%BA%9C%E8%A1%8C%E6%94%BF%E6%A9%9F%E9%97%9C%E8%BE%A6%E5%85%AC%E6%97%A5%E6%9B%86%E8%A1%A8%281141020%E6%9B%B4%E6%96%B0%29.csv&nfix=
2025-06-26,Thu,4,0,0,0,0,0,0,,0,0,0,0,0,94,26,0,0,0,1,0,0,,0,0,0,0,0,0,0,0,,2025,https://www.dgpa.gov.tw/FileConversion?filename=dgpa%2Ffiles%2F202510%2Fb84cb88a-803c-4621-a843-d637b2775615.csv&name=114%E5%B9%B4%E4%B8%AD%E8%8F%AF%E6%B0%91%E5%9C%8B%E6%94%BF%E5%BA%9C%E8%A1%8C%E6%94%BF%E6%A9%9F%E9%97%9C%E8%BE%A6%E5%85%AC%E6%97%A5%E6%9B%86%E8%A1%A8%281141020%E6%9B%B4%E6%96%B0%29.csv&nfix=
2025-06-27,Fri,5,0,0,0,0,0,0,,0,0,0,0,0,93,27,0,0,0,1,0,0,,0,0,0,0,0,0,0,0,,2025,https://www.dgpa.gov.tw/FileConversion?filename=dgpa%2Ffiles%2F202510%2Fb84cb88a-803c-4621-a843-d637b2775615.csv&name=114%E5%B9%B4%E4%B8%AD%E8%8F%AF%E6%B0%91%E5%9C%8B%E6%94%BF%E5%BA%9C%E8%A1%8C%E6%94%BF%E6%A9%9F%E9%97%9C%E8%BE%A6%E5%85%AC%E6%97%A5%E6%9B%86%E8%A1%A8%281141020%E6%9B%B4%E6%96%B0%29.csv&nfix=
2025-06-28,Sat,6,1,1,0,0,0,0,,0,0,0,0,0,92,28,0,0,0,0,0,0,,0,0,0,0,0,0,0,0,,2025,https://www.dgpa.gov.tw/FileConversion?filename=dgpa%2Ffiles%2F202510%2Fb84cb88a-803c-4621-a843-d637b2775615.csv&name=114%E5%B9%B4%E4%B8%AD%E8%8F%AF%E6%B0%91%E5%9C%8B%E6%94%BF%E5%BA%9C%E8%A1%8C%E6%94%BF%E6%A9%9F%E9%97%9C%E8%BE%A6%E5%85%AC%E6%97%A5%E6%9B%86%E8%A1%A8%281141020%E6%9B%B4%E6%96%B0%29.csv&nfix=
2025-06-29,Sun,7,1,1,0,0,0,0,,0,0,0,0,0,91,29,0,0,0,0,0,0,,0,0,0,0,0,0,0,0,,2025,https://www.dgpa.gov.tw/FileConversion?filename=dgpa%2Ffiles%2F202510%2Fb84cb88a-803c-4621-a843-d637b2775615.csv&name=114%E5%B9%B4%E4%B8%AD%E8%8F%AF%E6%B0%91%E5%9C%8B%E6%94%BF%E5%BA%9C%E8%A1%8C%E6%94%BF%E6%A9%9F%E9%97%9C%E8%BE%A6%E5%85%AC%E6%97%A5%E6%9B%86%E8%A1%A8%281141020%E6%9B%B4%E6%96%B0%29.csv&nfix=
2025-06-30,Mon,1,0,0,0,0,0,0,,0,0,0,0,0,90,30,0,1,0,0,0,0,,0,0,0,0,0,0,0,0,,2025,https://www.dgpa.gov.tw/FileConversion?filename=dgpa%2Ffiles%2F202510%2Fb84cb88a-803c-4621-a843-d637b2775615.csv&name=114%E5%B9%B4%E4%B8%AD%E8%8F%AF%E6%B0%91%E5%9C%8B%E6%94%BF%E5%BA%9C%E8%A1%8C%E6%94%BF%E6%A9%9F%E9%97%9C%E8%BE%A6%E5%85%AC%E6%97%A5%E6%9B%86%E8%A1%A8%281141020%E6%9B%B4%E6%96%B0%29.csv&nfix=
2025-07-01,Tue,2,0,0,0,0,0,0,,0,0,0,0,0,89,31,1,0,0,0,0,0,,0,0,0,0,0,0,0,0,,2025,https://www.dgpa.gov.tw/FileConversion?filename=dgpa%2Ffiles%2F202510%2Fb84cb88a-803c-4621-a843-d637b2775615.csv&name=114%E5%B9%B4%E4%B8%AD%E8%8F%AF%E6%B0%91%E5%9C%8B%E6%94%BF%E5%BA%9C%E8%A1%8C%E6%94%BF%E6%A9%9F%E9%97%9C%E8%BE%A6%E5%85%AC%E6%97%A5%E6%9B%86%E8%A1%A8%281141020%E6%9B%B4%E6%96%B0%29.csv&nfix=
2025-07-02,Wed,3,0,0,0,0,0,0,,0,0,0,0,0,88,32,0,0,0,0,0,0,,0,0,0,0,0,0,0,0,,2025,https://www.dgpa.gov.tw/FileConversion?filename=dgpa%2Ffiles%2F202510%2Fb84cb88a-803c-4621-a843-d637b2775615.csv&name=114%E5%B9%B4%E4%B8%AD%E8%8F%AF%E6%B0%91%E5%9C%8B%E6%94%BF%E5%BA%9C%E8%A1%8C%E6%94%BF%E6%A9%9F%E9%97%9C%E8%BE%A6%E5%85%AC%E6%97%A5%E6%9B%86%E8%A1%A8%281141020%E6%9B%B4%E6%96%B0%29.csv&nfix=
2025-07-03,Thu,4,0,0,0,0,0,0,,0,0,0,0,0,87,33,0,0,0,0,0,0,,0,0,0,0,0,0,0,0,,2025,https://www.dgpa.gov.tw/FileConversion?filename=dgpa%2Ffiles%2F202510%2Fb84cb88a-803c-4621-a843-d637b2775615.csv&name=114%E5%B9%B4%E4%B8%AD%E8%8F%AF%E6%B0%91%E5%9C%8B%E6%94%BF%E5%BA%9C%E8%A1%8C%E6%94%BF%E6%A9%9F%E9%97%9C%E8%BE%A6%E5%85%AC%E6%97%A5%E6%9B%86%E8%A1%A8%281141020%E6%9B%B4%E6%96%B0%29.csv&nfix=
2025-07-04,Fri,5,0,0,0,0,0,0,,0,0,0,0,0,86,34,0,0,0,0,0,0,,0,0,0,0,0,0,0,0,,2025,https://www.dgpa.gov.tw/FileConversion?filename=dgpa%2Ffiles%2F202510%2Fb84cb88a-803c-4621-a843-d637b2775615.csv&name=114%E5%B9%B4%E4%B8%AD%E8%8F%AF%E6%B0%91%E5%9C%8B%E6%94%BF%E5%BA%9C%E8%A1%8C%E6%94%BF%E6%A9%9F%E9%97%9C%E8%BE%A6%E5%85%AC%E6%97%A5%E6%9B%86%E8%A1%A8%281141020%E6%9B%B4%E6%96%B0%29.csv&nfix=
2025-07-05,Sat,6,1,1,0,0,0,0,,0,0,0,0,0,85,35,0,0,0,0,0,0,,0,0,0,0,0,0,0,0,,2025,https://www.dgpa.gov.tw/FileConversion?filename=dgpa%2Ffiles%2F202510%2Fb84cb88a-803c-4621-a843-d637b2775615.csv&name=114%E5%B9%B4%E4%B8%AD%E8%8F%AF%E6%B0%91%E5%9C%8B%E6%94%BF%E5%BA%9C%E8%A1%8C%E6%94%BF%E6%A9%9F%E9%97%9C%E8%BE%A6%E5%85%AC%E6%97%A5%E6%9B%86%E8%A1%A8%281141020%E6%9B%B4%E6%96%B0%29.csv&nfix=
2025-07-06,Sun,7,1,1,0,0,0,0,,0,0,0,0,0,84,36,0,0,0,0,0,0,,0,0,0,0,0,0,0,0,,2025,https://www.dgpa.gov.tw/FileConversion?filename=dgpa%2Ffiles%2F202510%2Fb84cb88a-803c-4621-a843-d637b2775615.csv&name=114%E5%B9%B4%E4%B8%AD%E8%8F%AF%E6%B0%91%E5%9C%8B%E6%94%BF%E5%BA%9C%E8%A1%8C%E6%94%BF%E6%A9%9F%E9%97%9C%E8%BE%A6%E5%85%AC%E6%97%A5%E6%9B%86%E8%A1%A8%281141020%E6%9B%B4%E6%96%B0%29.csv&nfix=
2025-07-07,Mon,1,0,0,0,0,0,0,,0,0,0,0,0,83,37,0,0,0,0,0,0,,0,0,0,0,0,0,0,0,,2025,https://www.dgpa.gov.tw/FileConversion?filename=dgpa%2Ffiles%2F202510%2Fb84cb88a-803c-4621-a843-d637b2775615.csv&name=114%E5%B9%B4%E4%B8%AD%E8%8F%AF%E6%B0%91%E5%9C%8B%E6%94%BF%E5%BA%9C%E8%A1%8C%E6%94%BF%E6%A9%9F%E9%97%9C%E8%BE%A6%E5%85%AC%E6%97%A5%E6%9B%86%E8%A1%A8%281141020%E6%9B%B4%E6%96%B0%29.csv&nfix=
2025-07-08,Tue,2,0,0,0,0,0,0,,0,0,0,0,0,82,38,0,0,0,0,0,0,,0,0,0,0,0,0,0,0,,2025,https://www.dgpa.gov.tw/FileConversion?filename=dgpa%2Ffiles%2F202510%2Fb84cb88a-803c-4621-a843-d637b2775615.csv&name=114%E5%B9%B4%E4%B8%AD%E8%8F%AF%E6%B0%91%E5%9C%8B%E6%94%BF%E5%BA%9C%E8%A1%8C%E6%94%BF%E6%A9%9F%E9%97%9C%E8%BE%A6%E5%85%AC%E6%97%A5%E6%9B%86%E8%A1%A8%281141020%E6%9B%B4%E6%96%B0%29.csv&nfix=
2025-07-09,Wed,3,0,0,0,0,0,0,,0,0,0,0,0,81,39,0,0,0,0,0,0,,0,0,0,0,0,0,0,0,,2025,https://www.dgpa.gov.tw/FileConversion?filename=dgpa%2Ffiles%2F202510%2Fb84cb88a-803c-4621-a843-d637b2775615.csv&name=114%E5%B9%B4%E4%B8%AD%E8%8F%AF%E6%B0%91%E5%9C%8B%E6%94%BF%E5%BA%9C%E8%A1%8C%E6%94%BF%E6%A9%9F%E9%97%9C%E8%BE%A6%E5%85%AC%E6%97%A5%E6%9B%86%E8%A1%A8%281141020%E6%9B%B4%E6%96%B0%29.csv&nfix=
2025-07-10,Thu,4,0,0,0,0,0,0,,0,0,0,0,0,80,40,0,0,0,0,0,0,,0,0,0,0,0,0,0,0,,2025,https://www.dgpa.gov.tw/FileConversion?filename=dgpa%2Ffiles%2F202510%2Fb84cb88a-803c-4621-a843-d637b2775615.csv&name=114%E5%B9%B4%E4%B8%AD%E8%8F%AF%E6%B0%91%E5%9C%8B%E6%94%BF%E5%BA%9C%E8%A1%8C%E6%94%BF%E6%A9%9F%E9%97%9C%E8%BE%A6%E5%85%AC%E6%97%A5%E6%9B%86%E8%A1%A8%281141020%E6%9B%B4%E6%96%B0%29.csv&nfix=
2025-07-11,Fri,5,0,0,0,0,0,0,,0,0,0,0,0,79,41,0,0,0,0,0,0,,0,0,0,0,0,0,0,0,,2025,https://www.dgpa.gov.tw/FileConversion?filename=dgpa%2Ffiles%2F202510%2Fb84cb88a-803c-4621-a843-d637b2775615.csv&name=114%E5%B9%B4%E4%B8%AD%E8%8F%AF%E6%B0%91%E5%9C%8B%E6%94%BF%E5%BA%9C%E8%A1%8C%E6%94%BF%E6%A9%9F%E9%97%9C%E8%BE%A6%E5%85%AC%E6%97%A5%E6%9B%86%E8%A1%A8%281141020%E6%9B%B4%E6%96%B0%29.csv&nfix=
2025-07-12,Sat,6,1,1,0,0,0,0,,0,0,0,0,0,78,42,0,0,0,0,0,0,,0,0,0,0,0,0,0,0,,2025,https://www.dgpa.gov.tw/FileConversion?filename=dgpa%2Ffiles%2F202510%2Fb84cb88a-803c-4621-a843-d637b2775615.csv&name=114%E5%B9%B4%E4%B8%AD%E8%8F%AF%E6%B0%91%E5%9C%8B%E6%94%BF%E5%BA%9C%E8%A1%8C%E6%94%BF%E6%A9%9F%E9%97%9C%E8%BE%A6%E5%85%AC%E6%97%A5%E6%9B%86%E8%A1%A8%281141020%E6%9B%B4%E6%96%B0%29.csv&nfix=
2025-07-13,Sun,7,1,1,0,0,0,0,,0,0,0,0,0,77,43,0,0,0,0,0,0,,0,0,0,0,0,0,0,0,,2025,https://www.dgpa.gov.tw/FileConversion?filename=dgpa%2Ffiles%2F202510%2Fb84cb88a-803c-4621-a843-d637b2775615.csv&name=114%E5%B9%B4%E4%B8%AD%E8%8F%AF%E6%B0%91%E5%9C%8B%E6%94%BF%E5%BA%9C%E8%A1%8C%E6%94%BF%E6%A9%9F%E9%97%9C%E8%BE%A6%E5%85%AC%E6%97%A5%E6%9B%86%E8%A1%A8%281141020%E6%9B%B4%E6%96%B0%29.csv&nfix=
2025-07-14,Mon,1,0,0,0,0,0,0,,0,0,0,0,0,76,44,0,0,0,0,0,0,,0,0,0,0,0,0,0,0,,2025,https://www.dgpa.gov.tw/FileConversion?filename=dgpa%2Ffiles%2F202510%2Fb84cb88a-803c-4621-a843-d637b2775615.csv&name=114%E5%B9%B4%E4%B8%AD%E8%8F%AF%E6%B0%91%E5%9C%8B%E6%94%BF%E5%BA%9C%E8%A1%8C%E6%94%BF%E6%A9%9F%E9%97%9C%E8%BE%A6%E5%85%AC%E6%97%A5%E6%9B%86%E8%A1%A8%281141020%E6%9B%B4%E6%96%B0%29.csv&nfix=
2025-07-15,Tue,2,0,0,0,0,0,0,,0,0,0,0,0,75,45,0,0,0,0,0,0,,0,0,0,0,0,0,0,0,,2025,https://www.dgpa.gov.tw/FileConversion?filename=dgpa%2Ffiles%2F202510%2Fb84cb88a-803c-4621-a843-d637b2775615.csv&name=114%E5%B9%B4%E4%B8%AD%E8%8F%AF%E6%B0%91%E5%9C%8B%E6%94%BF%E5%BA%9C%E8%A1%8C%E6%94%BF%E6%A9%9F%E9%97%9C%E8%BE%A6%E5%85%AC%E6%97%A5%E6%9B%86%E8%A1%A8%281141020%E6%9B%B4%E6%96%B0%29.csv&nfix=
2025-07-16,Wed,3,0,0,0,0,0,0,,0,0,0,0,0,74,46,0,0,0,0,0,0,,0,0,0,0,0,0,0,0,,2025,https://www.dgpa.gov.tw/FileConversion?filename=dgpa%2Ffiles%2F202510%2Fb84cb88a-803c-4621-a843-d637b2775615.csv&name=114%E5%B9%B4%E4%B8%AD%E8%8F%AF%E6%B0%91%E5%9C%8B%E6%94%BF%E5%BA%9C%E8%A1%8C%E6%94%BF%E6%A9%9F%E9%97%9C%E8%BE%A6%E5%85%AC%E6%97%A5%E6%9B%86%E8%A1%A8%281141020%E6%9B%B4%E6%96%B0%29.csv&nfix=
2025-07-17,Thu,4,0,0,0,0,0,0,,0,0,0,0,0,73,47,0,0,0,0,0,0,,0,0,0,0,0,0,0,0,,2025,https://www.dgpa.gov.tw/FileConversion?filename=dgpa%2Ffiles%2F202510%2Fb84cb88a-803c-4621-a843-d637b2775615.csv&name=114%E5%B9%B4%E4%B8%AD%E8%8F%AF%E6%B0%91%E5%9C%8B%E6%94%BF%E5%BA%9C%E8%A1%8C%E6%94%BF%E6%A9%9F%E9%97%9C%E8%BE%A6%E5%85%AC%E6%97%A5%E6%9B%86%E8%A1%A8%281141020%E6%9B%B4%E6%96%B0%29.csv&nfix=
2025-07-18,Fri,5,0,0,0,0,0,0,,0,0,0,0,0,72,48,0,0,0,0,0,0,,0,0,0,0,0,0,0,0,,2025,https://www.dgpa.gov.tw/FileConversion?filename=dgpa%2Ffiles%2F202510%2Fb84cb88a-803c-4621-a843-d637b2775615.csv&name=114%E5%B9%B4%E4%B8%AD%E8%8F%AF%E6%B0%91%E5%9C%8B%E6%94%BF%E5%BA%9C%E8%A1%8C%E6%94%BF%E6%A9%9F%E9%97%9C%E8%BE%A6%E5%85%AC%E6%97%A5%E6%9B%86%E8%A1%A8%281141020%E6%9B%B4%E6%96%B0%29.csv&nfix=
2025-07-19,Sat,6,1,1,0,0,0,0,,0,0,0,0,0,71,49,0,0,0,0,0,0,,0,0,0,0,0,0,0,0,,2025,https://www.dgpa.gov.tw/FileConversion?filename=dgpa%2Ffiles%2F202510%2Fb84cb88a-803c-4621-a843-d637b2775615.csv&name=114%E5%B9%B4%E4%B8%AD%E8%8F%AF%E6%B0%91%E5%9C%8B%E6%94%BF%E5%BA%9C%E8%A1%8C%E6%94%BF%E6%A9%9F%E9%97%9C%E8%BE%A6%E5%85%AC%E6%97%A5%E6%9B%86%E8%A1%A8%281141020%E6%9B%B4%E6%96%B0%29.csv&nfix=
2025-07-20,Sun,7,1,1,0,0,0,0,,0,0,0,0,0,70,50,0,0,0,0,0,0,,0,0,0,0,0,0,0,0,,2025,https://www.dgpa.gov.tw/FileConversion?filename=dgpa%2Ffiles%2F202510%2Fb84cb88a-803c-4621-a843-d637b2775615.csv&name=114%E5%B9%B4%E4%B8%AD%E8%8F%AF%E6%B0%91%E5%9C%8B%E6%94%BF%E5%BA%9C%E8%A1%8C%E6%94%BF%E6%A9%9F%E9%97%9C%E8%BE%A6%E5%85%AC%E6%97%A5%E6%9B%86%E8%A1%A8%281141020%E6%9B%B4%E6%96%B0%29.csv&nfix=
2025-07-21,Mon,1,0,0,0,0,0,0,,0,0,0,0,0,69,51,0,0,0,0,0,0,,0,0,0,0,0,0,0,0,,2025,https://www.dgpa.gov.tw/FileConversion?filename=dgpa%2Ffiles%2F202510%2Fb84cb88a-803c-4621-a843-d637b2775615.csv&name=114%E5%B9%B4%E4%B8%AD%E8%8F%AF%E6%B0%91%E5%9C%8B%E6%94%BF%E5%BA%9C%E8%A1%8C%E6%94%BF%E6%A9%9F%E9%97%9C%E8%BE%A6%E5%85%AC%E6%97%A5%E6%9B%86%E8%A1%A8%281141020%E6%9B%B4%E6%96%B0%29.csv&nfix=
2025-07-22,Tue,2,0,0,0,0,0,0,,0,0,0,0,0,68,52,0,0,0,0,0,0,,0,0,0,0,0,0,0,0,,2025,https://www.dgpa.gov.tw/FileConversion?filename=dgpa%2Ffiles%2F202510%2Fb84cb88a-803c-4621-a843-d637b2775615.csv&name=114%E5%B9%B4%E4%B8%AD%E8%8F%AF%E6%B0%91%E5%9C%8B%E6%94%BF%E5%BA%9C%E8%A1%8C%E6%94%BF%E6%A9%9F%E9%97%9C%E8%BE%A6%E5%85%AC%E6%97%A5%E6%9B%86%E8%A1%A8%281141020%E6%9B%B4%E6%96%B0%29.csv&nfix=
2025-07-23,Wed,3,0,0,0,0,0,0,,0,0,0,0,0,67,53,0,0,0,1,0,0,,0,0,0,0,0,0,0,0,,2025,https://www.dgpa.gov.tw/FileConversion?filename=dgpa%2Ffiles%2F202510%2Fb84cb88a-803c-4621-a843-d637b2775615.csv&name=114%E5%B9%B4%E4%B8%AD%E8%8F%AF%E6%B0%91%E5%9C%8B%E6%94%BF%E5%BA%9C%E8%A1%8C%E6%94%BF%E6%A9%9F%E9%97%9C%E8%BE%A6%E5%85%AC%E6%97%A5%E6%9B%86%E8%A1%A8%281141020%E6%9B%B4%E6%96%B0%29.csv&nfix=
2025-07-24,Thu,4,0,0,0,0,0,0,,0,0,0,0,0,66,54,0,0,0,1,0,0,,0,0,0,0,0,0,0,0,,2025,https://www.dgpa.gov.tw/FileConversion?filename=dgpa%2Ffiles%2F202510%2Fb84cb88a-803c-4621-a843-d637b2775615.csv&name=114%E5%B9%B4%E4%B8%AD%E8%8F%AF%E6%B0%91%E5%9C%8B%E6%94%BF%E5%BA%9C%E8%A1%8C%E6%94%BF%E6%A9%9F%E9%97%9C%E8%BE%A6%E5%85%AC%E6%97%A5%E6%9B%86%E8%A1%A8%281141020%E6%9B%B4%E6%96%B0%29.csv&nfix=
2025-07-25,Fri,5,0,0,0,0,0,0,,0,0,0,0,0,65,55,0,0,1,1,0,0,,0,0,0,0,0,0,0,0,,2025,https://www.dgpa.gov.tw/FileConversion?filename=dgpa%2Ffiles%2F202510%2Fb84cb88a-803c-4621-a843-d637b2775615.csv&name=114%E5%B9%B4%E4%B8%AD%E8%8F%AF%E6%B0%91%E5%9C%8B%E6%94%BF%E5%BA%9C%E8%A1%8C%E6%94%BF%E6%A9%9F%E9%97%9C%E8%BE%A6%E5%85%AC%E6%97%A5%E6%9B%86%E8%A1%A8%281141020%E6%9B%B4%E6%96%B0%29.csv&nfix=
2025-07-26,Sat,6,1,1,0,0,0,0,,0,0,0,0,0,64,56,0,0,0,1,0,0,,0,0,0,0,0,0,0,0,,2025,https://www.dgpa.gov.tw/FileConversion?filename=dgpa%2Ffiles%2F202510%2Fb84cb88a-803c-4621-a843-d637b2775615.csv&name=114%E5%B9%B4%E4%B8%AD%E8%8F%AF%E6%B0%91%E5%9C%8B%E6%94%BF%E5%BA%9C%E8%A1%8C%E6%94%BF%E6%A9%9F%E9%97%9C%E8%BE%A6%E5%85%AC%E6%97%A5%E6%9B%86%E8%A1%A8%281141020%E6%9B%B4%E6%96%B0%29.csv&nfix=
2025-07-27,Sun,7,1,1,0,0,0,0,,0,0,0,0,0,63,57,0,0,0,1,0,0,,0,0,0,0,0,0,0,0,,2025,https://www.dgpa.gov.tw/FileConversion?filename=dgpa%2Ffiles%2F202510%2Fb84cb88a-803c-4621-a843-d637b2775615.csv&name=114%E5%B9%B4%E4%B8%AD%E8%8F%AF%E6%B0%91%E5%9C%8B%E6%94%BF%E5%BA%9C%E8%A1%8C%E6%94%BF%E6%A9%9F%E9%97%9C%E8%BE%A6%E5%85%AC%E6%97%A5%E6%9B%86%E8%A1%A8%281141020%E6%9B%B4%E6%96%B0%29.csv&nfix=
2025-07-28,Mon,1,0,0,0,0,0,0,,0,0,0,0,0,62,58,0,0,0,0,0,0,,0,0,0,0,0,0,0,0,,2025,https://www.dgpa.gov.tw/FileConversion?filename=dgpa%2Ffiles%2F202510%2Fb84cb88a-803c-4621-a843-d637b2775615.csv&name=114%E5%B9%B4%E4%B8%AD%E8%8F%AF%E6%B0%91%E5%9C%8B%E6%94%BF%E5%BA%9C%E8%A1%8C%E6%94%BF%E6%A9%9F%E9%97%9C%E8%BE%A6%E5%85%AC%E6%97%A5%E6%9B%86%E8%A1%A8%281141020%E6%9B%B4%E6%96%B0%29.csv&nfix=
2025-07-29,Tue,2,0,0,0,0,0,0,,0,0,0,0,0,61,59,0,0,0,0,0,0,,0,0,0,0,0,0,0,0,,2025,https://www.dgpa.gov.tw/FileConversion?filename=dgpa%2Ffiles%2F202510%2Fb84cb88a-803c-4621-a843-d637b2775615.csv&name=114%E5%B9%B4%E4%B8%AD%E8%8F%AF%E6%B0%91%E5%9C%8B%E6%94%BF%E5%BA%9C%E8%A1%8C%E6%94%BF%E6%A9%9F%E9%97%9C%E8%BE%A6%E5%85%AC%E6%97%A5%E6%9B%86%E8%A1%A8%281141020%E6%9B%B4%E6%96%B0%29.csv&nfix=
2025-07-30,Wed,3,0,0,0,0,0,0,,0,0,0,0,0,60,60,0,0,0,0,0,0,,0,0,0,0,0,0,0,0,,2025,https://www.dgpa.gov.tw/FileConversion?filename=dgpa%2Ffiles%2F202510%2Fb84cb88a-803c-4621-a843-d637b2775615.csv&name=114%E5%B9%B4%E4%B8%AD%E8%8F%AF%E6%B0%91%E5%9C%8B%E6%94%BF%E5%BA%9C%E8%A1%8C%E6%94%BF%E6%A9%9F%E9%97%9C%E8%BE%A6%E5%85%AC%E6%97%A5%E6%9B%86%E8%A1%A8%281141020%E6%9B%B4%E6%96%B0%29.csv&nfix=
2025-07-31,Thu,4,0,0,0,0,0,0,,0,0,0,0,0,59,61,0,1,0,0,0,0,,0,0,0,0,0,0,0,0,,2025,https://www.dgpa.gov.tw/FileConversion?filename=dgpa%2Ffiles%2F202510%2Fb84cb88a-803c-4621-a843-d637b2775615.csv&name=114%E5%B9%B4%E4%B8%AD%E8%8F%AF%E6%B0%91%E5%9C%8B%E6%94%BF%E5%BA%9C%E8%A1%8C%E6%94%BF%E6%A9%9F%E9%97%9C%E8%BE%A6%E5%85%AC%E6%97%A5%E6%9B%86%E8%A1%A8%281141020%E6%9B%B4%E6%96%B0%29.csv&nfix=
2025-08-01,Fri,5,0,0,0,0,0,0,,0,0,0,0,0,58,62,1,0,0,0,0,0,,0,0,0,0,0,0,0,0,,2025,https://www.dgpa.gov.tw/FileConversion?filename=dgpa%2Ffiles%2F202510%2Fb84cb88a-803c-4621-a843-d637b2775615.csv&name=114%E5%B9%B4%E4%B8%AD%E8%8F%AF%E6%B0%91%E5%9C%8B%E6%94%BF%E5%BA%9C%E8%A1%8C%E6%94%BF%E6%A9%9F%E9%97%9C%E8%BE%A6%E5%85%AC%E6%97%A5%E6%9B%86%E8%A1%A8%281141020%E6%9B%B4%E6%96%B0%29.csv&nfix=
2025-08-02,Sat,6,1,1,0,0,0,0,,0,0,0,0,0,57,63,0,0,0,0,0,0,,0,0,0,0,0,0,0,0,,2025,https://www.dgpa.gov.tw/FileConversion?filename=dgpa%2Ffiles%2F202510%2Fb84cb88a-803c-4621-a843-d637b2775615.csv&name=114%E5%B9%B4%E4%B8%AD%E8%8F%AF%E6%B0%91%E5%9C%8B%E6%94%BF%E5%BA%9C%E8%A1%8C%E6%94%BF%E6%A9%9F%E9%97%9C%E8%BE%A6%E5%85%AC%E6%97%A5%E6%9B%86%E8%A1%A8%281141020%E6%9B%B4%E6%96%B0%29.csv&nfix=
2025-08-03,Sun,7,1,1,0,0,0,0,,0,0,0,0,0,56,64,0,0,0,0,0,0,,0,0,0,0,0,0,0,0,,2025,https://www.dgpa.gov.tw/FileConversion?filename=dgpa%2Ffiles%2F202510%2Fb84cb88a-803c-4621-a843-d637b2775615.csv&name=114%E5%B9%B4%E4%B8%AD%E8%8F%AF%E6%B0%91%E5%9C%8B%E6%94%BF%E5%BA%9C%E8%A1%8C%E6%94%BF%E6%A9%9F%E9%97%9C%E8%BE%A6%E5%85%AC%E6%97%A5%E6%9B%86%E8%A1%A8%281141020%E6%9B%B4%E6%96%B0%29.csv&nfix=
2025-08-04,Mon,1,0,0,0,0,0,0,,0,0,0,0,0,55,65,0,0,0,0,0,0,,0,0,0,0,0,0,0,0,,2025,https://www.dgpa.gov.tw/FileConversion?filename=dgpa%2Ffiles%2F202510%2Fb84cb88a-803c-4621-a843-d637b2775615.csv&name=114%E5%B9%B4%E4%B8%AD%E8%8F%AF%E6%B0%91%E5%9C%8B%E6%94%BF%E5%BA%9C%E8%A1%8C%E6%94%BF%E6%A9%9F%E9%97%9C%E8%BE%A6%E5%85%AC%E6%97%A5%E6%9B%86%E8%A1%A8%281141020%E6%9B%B4%E6%96%B0%29.csv&nfix=
2025-08-05,Tue,2,0,0,0,0,0,0,,0,0,0,0,0,54,66,0,0,0,0,0,0,,0,0,0,0,0,0,0,0,,2025,https://www.dgpa.gov.tw/FileConversion?filename=dgpa%2Ffiles%2F202510%2Fb84cb88a-803c-4621-a843-d637b2775615.csv&name=114%E5%B9%B4%E4%B8%AD%E8%8F%AF%E6%B0%91%E5%9C%8B%E6%94%BF%E5%BA%9C%E8%A1%8C%E6%94%BF%E6%A9%9F%E9%97%9C%E8%BE%A6%E5%85%AC%E6%97%A5%E6%9B%86%E8%A1%A8%281141020%E6%9B%B4%E6%96%B0%29.csv&nfix=
2025-08-06,Wed,3,0,0,0,0,0,0,,0,0,0,0,0,53,67,0,0,0,0,0,0,,0,0,0,0,0,0,0,0,,2025,https://www.dgpa.gov.tw/FileConversion?filename=dgpa%2Ffiles%2F202510%2Fb84cb88a-803c-4621-a843-d637b2775615.csv&name=114%E5%B9%B4%E4%B8%AD%E8%8F%AF%E6%B0%91%E5%9C%8B%E6%94%BF%E5%BA%9C%E8%A1%8C%E6%94%BF%E6%A9%9F%E9%97%9C%E8%BE%A6%E5%85%AC%E6%97%A5%E6%9B%86%E8%A1%A8%281141020%E6%9B%B4%E6%96%B0%29.csv&nfix=
2025-08-07,Thu,4,0,0,0,0,0,0,,0,0,0,0,0,52,68,0,0,0,0,0,0,,0,0,0,0,0,0,0,0,,2025,https://www.dgpa.gov.tw/FileConversion?filename=dgpa%2Ffiles%2F202510%2Fb84cb88a-803c-4621-a843-d637b2775615.csv&name=114%E5%B9%B4%E4%B8%AD%E8%8F%AF%E6%B0%91%E5%9C%8B%E6%94%BF%E5%BA%9C%E8%A1%8C%E6%94%BF%E6%A9%9F%E9%97%9C%E8%BE%A6%E5%85%AC%E6%97%A5%E6%9B%86%E8%A1%A8%281141020%E6%9B%B4%E6%96%B0%29.csv&nfix=
2025-08-08,Fri,5,0,0,0,0,0,0,,0,0,0,0,0,51,69,0,0,0,0,0,0,,0,0,0,0,0,0,0,0,,2025,https://www.dgpa.gov.tw/FileConversion?filename=dgpa%2Ffiles%2F202510%2Fb84cb88a-803c-4621-a843-d637b2775615.csv&name=114%E5%B9%B4%E4%B8%AD%E8%8F%AF%E6%B0%91%E5%9C%8B%E6%94%BF%E5%BA%9C%E8%A1%8C%E6%94%BF%E6%A9%9F%E9%97%9C%E8%BE%A6%E5%85%AC%E6%97%A5%E6%9B%86%E8%A1%A8%281141020%E6%9B%B4%E6%96%B0%29.csv&nfix=
2025-08-09,Sat,6,1,1,0,0,0,0,,0,0,0,0,0,50,70,0,0,0,0,0,0,,0,0,0,0,0,0,0,0,,2025,https://www.dgpa.gov.tw/FileConversion?filename=dgpa%2Ffiles%2F202510%2Fb84cb88a-803c-4621-a843-d637b2775615.csv&name=114%E5%B9%B4%E4%B8%AD%E8%8F%AF%E6%B0%91%E5%9C%8B%E6%94%BF%E5%BA%9C%E8%A1%8C%E6%94%BF%E6%A9%9F%E9%97%9C%E8%BE%A6%E5%85%AC%E6%97%A5%E6%9B%86%E8%A1%A8%281141020%E6%9B%B4%E6%96%B0%29.csv&nfix=
2025-08-10,Sun,7,1,1,0,0,0,0,,0,0,0,0,0,49,71,0,0,0,0,0,0,,0,0,0,0,0,0,0,0,,2025,https://www.dgpa.gov.tw/FileConversion?filename=dgpa%2Ffiles%2F202510%2Fb84cb88a-803c-4621-a843-d637b2775615.csv&name=114%E5%B9%B4%E4%B8%AD%E8%8F%AF%E6%B0%91%E5%9C%8B%E6%94%BF%E5%BA%9C%E8%A1%8C%E6%94%BF%E6%A9%9F%E9%97%9C%E8%BE%A6%E5%85%AC%E6%97%A5%E6%9B%86%E8%A1%A8%281141020%E6%9B%B4%E6%96%B0%29.csv&nfix=
2025-08-11,Mon,1,0,0,0,0,0,0,,0,0,0,0,0,48,72,0,0,0,0,0,0,,0,0,0,0,0,0,0,0,,2025,https://www.dgpa.gov.tw/FileConversion?filename=dgpa%2Ffiles%2F202510%2Fb84cb88a-803c-4621-a843-d637b2775615.csv&name=114%E5%B9%B4%E4%B8%AD%E8%8F%AF%E6%B0%91%E5%9C%8B%E6%94%BF%E5%BA%9C%E8%A1%8C%E6%94%BF%E6%A9%9F%E9%97%9C%E8%BE%A6%E5%85%AC%E6%97%A5%E6%9B%86%E8%A1%A8%281141020%E6%9B%B4%E6%96%B0%29.csv&nfix=
2025-08-12,Tue,2,0,0,0,0,0,0,,0,0,0,0,0,47,73,0,0,0,0,0,0,,0,0,0,0,0,0,0,0,,2025,https://www.dgpa.gov.tw/FileConversion?filename=dgpa%2Ffiles%2F202510%2Fb84cb88a-803c-4621-a843-d637b2775615.csv&name=114%E5%B9%B4%E4%B8%AD%E8%8F%AF%E6%B0%91%E5%9C%8B%E6%94%BF%E5%BA%9C%E8%A1%8C%E6%94%BF%E6%A9%9F%E9%97%9C%E8%BE%A6%E5%85%AC%E6%97%A5%E6%9B%86%E8%A1%A8%281141020%E6%9B%B4%E6%96%B0%29.csv&nfix=
2025-08-13,Wed,3,0,0,0,0,0,0,,0,0,0,0,0,46,74,0,0,0,0,0,0,,0,0,0,0,0,0,0,0,,2025,https://www.dgpa.gov.tw/FileConversion?filename=dgpa%2Ffiles%2F202510%2Fb84cb88a-803c-4621-a843-d637b2775615.csv&name=114%E5%B9%B4%E4%B8%AD%E8%8F%AF%E6%B0%91%E5%9C%8B%E6%94%BF%E5%BA%9C%E8%A1%8C%E6%94%BF%E6%A9%9F%E9%97%9C%E8%BE%A6%E5%85%AC%E6%97%A5%E6%9B%86%E8%A1%A8%281141020%E6%9B%B4%E6%96%B0%29.csv&nfix=
2025-08-14,Thu,4,0,0,0,0,0,0,,0,0,0,0,0,45,75,0,0,0,0,0,0,,0,0,0,0,0,0,0,0,,2025,https://www.dgpa.gov.tw/FileConversion?filename=dgpa%2Ffiles%2F202510%2Fb84cb88a-803c-4621-a843-d637b2775615.csv&name=114%E5%B9%B4%E4%B8%AD%E8%8F%AF%E6%B0%91%E5%9C%8B%E6%94%BF%E5%BA%9C%E8%A1%8C%E6%94%BF%E6%A9%9F%E9%97%9C%E8%BE%A6%E5%85%AC%E6%97%A5%E6%9B%86%E8%A1%A8%281141020%E6%9B%B4%E6%96%B0%29.csv&nfix=
2025-08-15,Fri,5,0,0,0,0,0,0,,0,0,0,0,0,44,76,0,0,0,0,0,0,,0,0,0,0,0,0,0,0,,2025,https://www.dgpa.gov.tw/FileConversion?filename=dgpa%2Ffiles%2F202510%2Fb84cb88a-803c-4621-a843-d637b2775615.csv&name=114%E5%B9%B4%E4%B8%AD%E8%8F%AF%E6%B0%91%E5%9C%8B%E6%94%BF%E5%BA%9C%E8%A1%8C%E6%94%BF%E6%A9%9F%E9%97%9C%E8%BE%A6%E5%85%AC%E6%97%A5%E6%9B%86%E8%A1%A8%281141020%E6%9B%B4%E6%96%B0%29.csv&nfix=
2025-08-16,Sat,6,1,1,0,0,0,0,,0,0,0,0,0,43,77,0,0,0,0,0,0,,0,0,0,0,0,0,0,0,,2025,https://www.dgpa.gov.tw/FileConversion?filename=dgpa%2Ffiles%2F202510%2Fb84cb88a-803c-4621-a843-d637b2775615.csv&name=114%E5%B9%B4%E4%B8%AD%E8%8F%AF%E6%B0%91%E5%9C%8B%E6%94%BF%E5%BA%9C%E8%A1%8C%E6%94%BF%E6%A9%9F%E9%97%9C%E8%BE%A6%E5%85%AC%E6%97%A5%E6%9B%86%E8%A1%A8%281141020%E6%9B%B4%E6%96%B0%29.csv&nfix=
2025-08-17,Sun,7,1,1,0,0,0,0,,0,0,0,0,0,42,78,0,0,0,0,0,0,,0,0,0,0,0,0,0,0,,2025,https://www.dgpa.gov.tw/FileConversion?filename=dgpa%2Ffiles%2F202510%2Fb84cb88a-803c-4621-a843-d637b2775615.csv&name=114%E5%B9%B4%E4%B8%AD%E8%8F%AF%E6%B0%91%E5%9C%8B%E6%94%BF%E5%BA%9C%E8%A1%8C%E6%94%BF%E6%A9%9F%E9%97%9C%E8%BE%A6%E5%85%AC%E6%97%A5%E6%9B%86%E8%A1%A8%281141020%E6%9B%B4%E6%96%B0%29.csv&nfix=
2025-08-18,Mon,1,0,0,0,0,0,0,,0,0,0,0,0,41,79,0,0,0,0,0,0,,0,0,0,0,0,0,0,0,,2025,https://www.dgpa.gov.tw/FileConversion?filename=dgpa%2Ffiles%2F202510%2Fb84cb88a-803c-4621-a843-d637b2775615.csv&name=114%E5%B9%B4%E4%B8%AD%E8%8F%AF%E6%B0%91%E5%9C%8B%E6%94%BF%E5%BA%9C%E8%A1%8C%E6%94%BF%E6%A9%9F%E9%97%9C%E8%BE%A6%E5%85%AC%E6%97%A5%E6%9B%86%E8%A1%A8%281141020%E6%9B%B4%E6%96%B0%29.csv&nfix=
2025-08-19,Tue,2,0,0,0,0,0,0,,0,0,0,0,0,40,80,0,0,0,0,0,0,,0,0,0,0,0,0,0,0,,2025,https://www.dgpa.gov.tw/FileConversion?filename=dgpa%2Ffiles%2F202510%2Fb84cb88a-803c-4621-a843-d637b2775615.csv&name=114%E5%B9%B4%E4%B8%AD%E8%8F%AF%E6%B0%91%E5%9C%8B%E6%94%BF%E5%BA%9C%E8%A1%8C%E6%94%BF%E6%A9%9F%E9%97%9C%E8%BE%A6%E5%85%AC%E6%97%A5%E6%9B%86%E8%A1%A8%281141020%E6%9B%B4%E6%96%B0%29.csv&nfix=
2025-08-20,Wed,3,0,0,0,0,0,0,,0,0,0,0,0,39,81,0,0,0,0,0,0,,0,0,0,0,0,0,0,0,,2025,https://www.dgpa.gov.tw/FileConversion?filename=dgpa%2Ffiles%2F202510%2Fb84cb88a-803c-4621-a843-d637b2775615.csv&name=114%E5%B9%B4%E4%B8%AD%E8%8F%AF%E6%B0%91%E5%9C%8B%E6%94%BF%E5%BA%9C%E8%A1%8C%E6%94%BF%E6%A9%9F%E9%97%9C%E8%BE%A6%E5%85%AC%E6%97%A5%E6%9B%86%E8%A1%A8%281141020%E6%9B%B4%E6%96%B0%29.csv&nfix=
2025-08-21,Thu,4,0,0,0,0,0,0,,0,0,0,0,0,38,82,0,0,0,0,0,0,,0,0,0,0,0,0,0,0,,2025,https://www.dgpa.gov.tw/FileConversion?filename=dgpa%2Ffiles%2F202510%2Fb84cb88a-803c-4621-a843-d637b2775615.csv&name=114%E5%B9%B4%E4%B8%AD%E8%8F%AF%E6%B0%91%E5%9C%8B%E6%94%BF%E5%BA%9C%E8%A1%8C%E6%94%BF%E6%A9%9F%E9%97%9C%E8%BE%A6%E5%85%AC%E6%97%A5%E6%9B%86%E8%A1%A8%281141020%E6%9B%B4%E6%96%B0%29.csv&nfix=
2025-08-22,Fri,5,0,0,0,0,0,0,,0,0,0,0,0,37,83,0,0,0,0,0,0,,0,0,0,0,0,0,0,0,,2025,https://www.dgpa.gov.tw/FileConversion?filename=dgpa%2Ffiles%2F202510%2Fb84cb88a-803c-4621-a843-d637b2775615.csv&name=114%E5%B9%B4%E4%B8%AD%E8%8F%AF%E6%B0%91%E5%9C%8B%E6%94%BF%E5%BA%9C%E8%A1%8C%E6%94%BF%E6%A9%9F%E9%97%9C%E8%BE%A6%E5%85%AC%E6%97%A5%E6%9B%86%E8%A1%A8%281141020%E6%9B%B4%E6%96%B0%29.csv&nfix=
2025-08-23,Sat,6,1,1,0,0,0,0,,0,0,0,0,0,36,84,0,0,0,1,0,0,,0,0,0,0,0,0,0,0,,2025,https://www.dgpa.gov.tw/FileConversion?filename=dgpa%2Ffiles%2F202510%2Fb84cb88a-803c-4621-a843-d637b2775615.csv&name=114%E5%B9%B4%E4%B8%AD%E8%8F%AF%E6%B0%91%E5%9C%8B%E6%94%BF%E5%BA%9C%E8%A1%8C%E6%94%BF%E6%A9%9F%E9%97%9C%E8%BE%A6%E5%85%AC%E6%97%A5%E6%9B%86%E8%A1%A8%281141020%E6%9B%B4%E6%96%B0%29.csv&nfix=
2025-08-24,Sun,7,1,1,0,0,0,0,,0,0,0,0,0,35,85,0,0,0,1,0,0,,0,0,0,0,0,0,0,0,,2025,https://www.dgpa.gov.tw/FileConversion?filename=dgpa%2Ffiles%2F202510%2Fb84cb88a-803c-4621-a843-d637b2775615.csv&name=114%E5%B9%B4%E4%B8%AD%E8%8F%AF%E6%B0%91%E5%9C%8B%E6%94%BF%E5%BA%9C%E8%A1%8C%E6%94%BF%E6%A9%9F%E9%97%9C%E8%BE%A6%E5%85%AC%E6%97%A5%E6%9B%86%E8%A1%A8%281141020%E6%9B%B4%E6%96%B0%29.csv&nfix=
2025-08-25,Mon,1,0,0,0,0,0,0,,0,0,0,0,0,34,86,0,0,1,1,0,0,,0,0,0,0,0,0,0,0,,2025,https://www.dgpa.gov.tw/FileConversion?filename=dgpa%2Ffiles%2F202510%2Fb84cb88a-803c-4621-a843-d637b2775615.csv&name=114%E5%B9%B4%E4%B8%AD%E8%8F%AF%E6%B0%91%E5%9C%8B%E6%94%BF%E5%BA%9C%E8%A1%8C%E6%94%BF%E6%A9%9F%E9%97%9C%E8%BE%A6%E5%85%AC%E6%97%A5%E6%9B%86%E8%A1%A8%281141020%E6%9B%B4%E6%96%B0%29.csv&nfix=
2025-08-26,Tue,2,0,0,0,0,0,0,,0,0,0,0,0,33,87,0,0,0,1,0,0,,0,0,0,0,0,0,0,0,,2025,https://www.dgpa.gov.tw/FileConversion?filename=dgpa%2Ffiles%2F202510%2Fb84cb88a-803c-4621-a843-d637b2775615.csv&name=114%E5%B9%B4%E4%B8%AD%E8%8F%AF%E6%B0%91%E5%9C%8B%E6%94%BF%E5%BA%9C%E8%A1%8C%E6%94%BF%E6%A9%9F%E9%97%9C%E8%BE%A6%E5%85%AC%E6%97%A5%E6%9B%86%E8%A1%A8%281141020%E6%9B%B4%E6%96%B0%29.csv&nfix=
2025-08-27,Wed,3,0,0,0,0,0,0,,0,0,0,0,0,32,88,0,0,0,1,0,0,,0,0,0,0,0,0,0,0,,2025,https://www.dgpa.gov.tw/FileConversion?filename=dgpa%2Ffiles%2F202510%2Fb84cb88a-803c-4621-a843-d637b2775615.csv&name=114%E5%B9%B4%E4%B8%AD%E8%8F%AF%E6%B0%91%E5%9C%8B%E6%94%BF%E5%BA%9C%E8%A1%8C%E6%94%BF%E6%A9%9F%E9%97%9C%E8%BE%A6%E5%85%AC%E6%97%A5%E6%9B%86%E8%A1%A8%281141020%E6%9B%B4%E6%96%B0%29.csv&nfix=
2025-08-28,Thu,4,0,0,0,0,0,0,,0,0,0,0,0,31,89,0,0,0,0,0,0,,0,0,0,0,0,0,0,0,,2025,https://www.dgpa.gov.tw/FileConversion?filename=dgpa%2Ffiles%2F202510%2Fb84cb88a-803c-4621-a843-d637b2775615.csv&name=114%E5%B9%B4%E4%B8%AD%E8%8F%AF%E6%B0%91%E5%9C%8B%E6%94%BF%E5%BA%9C%E8%A1%8C%E6%94%BF%E6%A9%9F%E9%97%9C%E8%BE%A6%E5%85%AC%E6%97%A5%E6%9B%86%E8%A1%A8%281141020%E6%9B%B4%E6%96%B0%29.csv&nfix=
2025-08-29,Fri,5,0,0,0,0,0,0,,0,0,0,0,0,30,90,0,0,0,0,0,0,,0,0,0,0,0,0,0,0,,2025,https://www.dgpa.gov.tw/FileConversion?filename=dgpa%2Ffiles%2F202510%2Fb84cb88a-803c-4621-a843-d637b2775615.csv&name=114%E5%B9%B4%E4%B8%AD%E8%8F%AF%E6%B0%91%E5%9C%8B%E6%94%BF%E5%BA%9C%E8%A1%8C%E6%94%BF%E6%A9%9F%E9%97%9C%E8%BE%A6%E5%85%AC%E6%97%A5%E6%9B%86%E8%A1%A8%281141020%E6%9B%B4%E6%96%B0%29.csv&nfix=
2025-08-30,Sat,6,1,1,0,0,0,0,,0,0,0,0,0,29,91,0,0,0,0,0,0,,0,0,0,0,0,0,0,0,,2025,https://www.dgpa.gov.tw/FileConversion?filename=dgpa%2Ffiles%2F202510%2Fb84cb88a-803c-4621-a843-d637b2775615.csv&name=114%E5%B9%B4%E4%B8%AD%E8%8F%AF%E6%B0%91%E5%9C%8B%E6%94%BF%E5%BA%9C%E8%A1%8C%E6%94%BF%E6%A9%9F%E9%97%9C%E8%BE%A6%E5%85%AC%E6%97%A5%E6%9B%86%E8%A1%A8%281141020%E6%9B%B4%E6%96%B0%29.csv&nfix=
2025-08-31,Sun,7,1,1,0,0,0,0,,0,0,0,0,0,28,92,0,1,0,0,0,0,,0,0,0,0,0,0,0,0,,2025,https://www.dgpa.gov.tw/FileConversion?filename=dgpa%2Ffiles%2F202510%2Fb84cb88a-803c-4621-a843-d637b2775615.csv&name=114%E5%B9%B4%E4%B8%AD%E8%8F%AF%E6%B0%91%E5%9C%8B%E6%94%BF%E5%BA%9C%E8%A1%8C%E6%94%BF%E6%A9%9F%E9%97%9C%E8%BE%A6%E5%85%AC%E6%97%A5%E6%9B%86%E8%A1%A8%281141020%E6%9B%B4%E6%96%B0%29.csv&nfix=
2025-09-01,Mon,1,0,0,0,0,0,0,,0,0,0,0,0,27,93,1,0,0,0,0,0,,0,0,0,0,0,0,0,0,,2025,https://www.dgpa.gov.tw/FileConversion?filename=dgpa%2Ffiles%2F202510%2Fb84cb88a-803c-4621-a843-d637b2775615.csv&name=114%E5%B9%B4%E4%B8%AD%E8%8F%AF%E6%B0%91%E5%9C%8B%E6%94%BF%E5%BA%9C%E8%A1%8C%E6%94%BF%E6%A9%9F%E9%97%9C%E8%BE%A6%E5%85%AC%E6%97%A5%E6%9B%86%E8%A1%A8%281141020%E6%9B%B4%E6%96%B0%29.csv&nfix=
2025-09-02,Tue,2,0,0,0,0,0,0,,0,0,0,0,0,26,94,0,0,0,0,0,0,,0,0,0,0,0,0,0,0,,2025,https://www.dgpa.gov.tw/FileConversion?filename=dgpa%2Ffiles%2F202510%2Fb84cb88a-803c-4621-a843-d637b2775615.csv&name=114%E5%B9%B4%E4%B8%AD%E8%8F%AF%E6%B0%91%E5%9C%8B%E6%94%BF%E5%BA%9C%E8%A1%8C%E6%94%BF%E6%A9%9F%E9%97%9C%E8%BE%A6%E5%85%AC%E6%97%A5%E6%9B%86%E8%A1%A8%281141020%E6%9B%B4%E6%96%B0%29.csv&nfix=
2025-09-03,Wed,3,0,0,0,0,0,0,,0,0,0,0,0,25,95,0,0,0,0,0,0,,0,0,0,0,0,0,0,0,,2025,https://www.dgpa.gov.tw/FileConversion?filename=dgpa%2Ffiles%2F202510%2Fb84cb88a-803c-4621-a843-d637b2775615.csv&name=114%E5%B9%B4%E4%B8%AD%E8%8F%AF%E6%B0%91%E5%9C%8B%E6%94%BF%E5%BA%9C%E8%A1%8C%E6%94%BF%E6%A9%9F%E9%97%9C%E8%BE%A6%E5%85%AC%E6%97%A5%E6%9B%86%E8%A1%A8%281141020%E6%9B%B4%E6%96%B0%29.csv&nfix=
2025-09-04,Thu,4,0,0,0,0,0,0,,0,0,0,0,0,24,96,0,0,0,0,0,0,,0,0,0,0,0,0,0,0,,2025,https://www.dgpa.gov.tw/FileConversion?filename=dgpa%2Ffiles%2F202510%2Fb84cb88a-803c-4621-a843-d637b2775615.csv&name=114%E5%B9%B4%E4%B8%AD%E8%8F%AF%E6%B0%91%E5%9C%8B%E6%94%BF%E5%BA%9C%E8%A1%8C%E6%94%BF%E6%A9%9F%E9%97%9C%E8%BE%A6%E5%85%AC%E6%97%A5%E6%9B%86%E8%A1%A8%281141020%E6%9B%B4%E6%96%B0%29.csv&nfix=
2025-09-05,Fri,5,0,0,0,0,0,0,,0,0,0,0,0,23,97,0,0,0,0,0,0,,0,0,0,0,0,0,0,0,,2025,https://www.dgpa.gov.tw/FileConversion?filename=dgpa%2Ffiles%2F202510%2Fb84cb88a-803c-4621-a843-d637b2775615.csv&name=114%E5%B9%B4%E4%B8%AD%E8%8F%AF%E6%B0%91%E5%9C%8B%E6%94%BF%E5%BA%9C%E8%A1%8C%E6%94%BF%E6%A9%9F%E9%97%9C%E8%BE%A6%E5%85%AC%E6%97%A5%E6%9B%86%E8%A1%A8%281141020%E6%9B%B4%E6%96%B0%29.csv&nfix=
2025-09-06,Sat,6,1,1,0,0,0,0,,0,0,0,0,0,22,98,0,0,0,0,0,0,,0,0,0,0,0,0,0,0,,2025,https://www.dgpa.gov.tw/FileConversion?filename=dgpa%2Ffiles%2F202510%2Fb84cb88a-803c-4621-a843-d637b2775615.csv&name=114%E5%B9%B4%E4%B8%AD%E8%8F%AF%E6%B0%91%E5%9C%8B%E6%94%BF%E5%BA%9C%E8%A1%8C%E6%94%BF%E6%A9%9F%E9%97%9C%E8%BE%A6%E5%85%AC%E6%97%A5%E6%9B%86%E8%A1%A8%281141020%E6%9B%B4%E6%96%B0%29.csv&nfix=
2025-09-07,Sun,7,1,1,0,0,0,0,,0,0,0,0,0,21,99,0,0,0,0,0,0,,0,0,0,0,0,0,0,0,,2025,https://www.dgpa.gov.tw/FileConversion?filename=dgpa%2Ffiles%2F202510%2Fb84cb88a-803c-4621-a843-d637b2775615.csv&name=114%E5%B9%B4%E4%B8%AD%E8%8F%AF%E6%B0%91%E5%9C%8B%E6%94%BF%E5%BA%9C%E8%A1%8C%E6%94%BF%E6%A9%9F%E9%97%9C%E8%BE%A6%E5%85%AC%E6%97%A5%E6%9B%86%E8%A1%A8%281141020%E6%9B%B4%E6%96%B0%29.csv&nfix=
2025-09-08,Mon,1,0,0,0,0,0,0,,0,0,0,0,0,20,100,0,0,0,0,0,0,,0,0,0,0,0,0,0,0,,2025,https://www.dgpa.gov.tw/FileConversion?filename=dgpa%2Ffiles%2F202510%2Fb84cb88a-803c-4621-a843-d637b2775615.csv&name=114%E5%B9%B4%E4%B8%AD%E8%8F%AF%E6%B0%91%E5%9C%8B%E6%94%BF%E5%BA%9C%E8%A1%8C%E6%94%BF%E6%A9%9F%E9%97%9C%E8%BE%A6%E5%85%AC%E6%97%A5%E6%9B%86%E8%A1%A8%281141020%E6%9B%B4%E6%96%B0%29.csv&nfix=
2025-09-09,Tue,2,0,0,0,0,0,0,,0,0,0,0,0,19,101,0,0,0,0,0,0,,0,0,0,0,0,0,0,0,,2025,https://www.dgpa.gov.tw/FileConversion?filename=dgpa%2Ffiles%2F202510%2Fb84cb88a-803c-4621-a843-d637b2775615.csv&name=114%E5%B9%B4%E4%B8%AD%E8%8F%AF%E6%B0%91%E5%9C%8B%E6%94%BF%E5%BA%9C%E8%A1%8C%E6%94%BF%E6%A9%9F%E9%97%9C%E8%BE%A6%E5%85%AC%E6%97%A5%E6%9B%86%E8%A1%A8%281141020%E6%9B%B4%E6%96%B0%29.csv&nfix=
2025-09-10,Wed,3,0,0,0,0,0,0,,0,0,0,0,0,18,102,0,0,0,0,0,0,,0,0,0,0,0,0,0,0,,2025,https://www.dgpa.gov.tw/FileConversion?filename=dgpa%2Ffiles%2F202510%2Fb84cb88a-803c-4621-a843-d637b2775615.csv&name=114%E5%B9%B4%E4%B8%AD%E8%8F%AF%E6%B0%91%E5%9C%8B%E6%94%BF%E5%BA%9C%E8%A1%8C%E6%94%BF%E6%A9%9F%E9%97%9C%E8%BE%A6%E5%85%AC%E6%97%A5%E6%9B%86%E8%A1%A8%281141020%E6%9B%B4%E6%96%B0%29.csv&nfix=
2025-09-11,Thu,4,0,0,0,0,0,0,,0,0,0,0,0,17,103,0,0,0,0,0,0,,0,0,0,0,0,0,0,0,,2025,https://www.dgpa.gov.tw/FileConversion?filename=dgpa%2Ffiles%2F202510%2Fb84cb88a-803c-4621-a843-d637b2775615.csv&name=114%E5%B9%B4%E4%B8%AD%E8%8F%AF%E6%B0%91%E5%9C%8B%E6%94%BF%E5%BA%9C%E8%A1%8C%E6%94%BF%E6%A9%9F%E9%97%9C%E8%BE%A6%E5%85%AC%E6%97%A5%E6%9B%86%E8%A1%A8%281141020%E6%9B%B4%E6%96%B0%29.csv&nfix=
2025-09-12,Fri,5,0,0,0,0,0,0,,0,0,0,0,0,16,104,0,0,0,0,0,0,,0,0,0,0,0,0,0,0,,2025,https://www.dgpa.gov.tw/FileConversion?filename=dgpa%2Ffiles%2F202510%2Fb84cb88a-803c-4621-a843-d637b2775615.csv&name=114%E5%B9%B4%E4%B8%AD%E8%8F%AF%E6%B0%91%E5%9C%8B%E6%94%BF%E5%BA%9C%E8%A1%8C%E6%94%BF%E6%A9%9F%E9%97%9C%E8%BE%A6%E5%85%AC%E6%97%A5%E6%9B%86%E8%A1%A8%281141020%E6%9B%B4%E6%96%B0%29.csv&nfix=
2025-09-13,Sat,6,1,1,0,0,0,0,,0,0,0,0,0,15,105,0,0,0,0,0,0,,0,0,0,0,0,0,0,0,,2025,https://www.dgpa.gov.tw/FileConversion?filename=dgpa%2Ffiles%2F202510%2Fb84cb88a-803c-4621-a843-d637b2775615.csv&name=114%E5%B9%B4%E4%B8%AD%E8%8F%AF%E6%B0%91%E5%9C%8B%E6%94%BF%E5%BA%9C%E8%A1%8C%E6%94%BF%E6%A9%9F%E9%97%9C%E8%BE%A6%E5%85%AC%E6%97%A5%E6%9B%86%E8%A1%A8%281141020%E6%9B%B4%E6%96%B0%29.csv&nfix=
2025-09-14,Sun,7,1,1,0,0,0,0,,0,0,0,0,0,14,106,0,0,0,0,0,0,,0,0,0,0,0,0,0,0,,2025,https://www.dgpa.gov.tw/FileConversion?filename=dgpa%2Ffiles%2F202510%2Fb84cb88a-803c-4621-a843-d637b2775615.csv&name=114%E5%B9%B4%E4%B8%AD%E8%8F%AF%E6%B0%91%E5%9C%8B%E6%94%BF%E5%BA%9C%E8%A1%8C%E6%94%BF%E6%A9%9F%E9%97%9C%E8%BE%A6%E5%85%AC%E6%97%A5%E6%9B%86%E8%A1%A8%281141020%E6%9B%B4%E6%96%B0%29.csv&nfix=
2025-09-15,Mon,1,0,0,0,0,0,0,,0,0,0,0,0,13,107,0,0,0,0,0,0,,0,0,0,0,0,0,0,0,,2025,https://www.dgpa.gov.tw/FileConversion?filename=dgpa%2Ffiles%2F202510%2Fb84cb88a-803c-4621-a843-d637b2775615.csv&name=114%E5%B9%B4%E4%B8%AD%E8%8F%AF%E6%B0%91%E5%9C%8B%E6%94%BF%E5%BA%9C%E8%A1%8C%E6%94%BF%E6%A9%9F%E9%97%9C%E8%BE%A6%E5%85%AC%E6%97%A5%E6%9B%86%E8%A1%A8%281141020%E6%9B%B4%E6%96%B0%29.csv&nfix=
2025-09-16,Tue,2,0,0,0,0,0,0,,0,0,0,0,0,12,108,0,0,0,0,0,0,,0,0,0,0,0,0,0,0,,2025,https://www.dgpa.gov.tw/FileConversion?filename=dgpa%2Ffiles%2F202510%2Fb84cb88a-803c-4621-a843-d637b2775615.csv&name=114%E5%B9%B4%E4%B8%AD%E8%8F%AF%E6%B0%91%E5%9C%8B%E6%94%BF%E5%BA%9C%E8%A1%8C%E6%94%BF%E6%A9%9F%E9%97%9C%E8%BE%A6%E5%85%AC%E6%97%A5%E6%9B%86%E8%A1%A8%281141020%E6%9B%B4%E6%96%B0%29.csv&nfix=
2025-09-17,Wed,3,0,0,0,0,0,0,,0,0,0,0,0,11,109,0,0,0,0,0,0,,0,0,0,0,0,0,0,0,,2025,https://www.dgpa.gov.tw/FileConversion?filename=dgpa%2Ffiles%2F202510%2Fb84cb88a-803c-4621-a843-d637b2775615.csv&name=114%E5%B9%B4%E4%B8%AD%E8%8F%AF%E6%B0%91%E5%9C%8B%E6%94%BF%E5%BA%9C%E8%A1%8C%E6%94%BF%E6%A9%9F%E9%97%9C%E8%BE%A6%E5%85%AC%E6%97%A5%E6%9B%86%E8%A1%A8%281141020%E6%9B%B4%E6%96%B0%29.csv&nfix=
2025-09-18,Thu,4,0,0,0,0,0,0,,0,0,0,0,0,10,110,0,0,0,0,0,0,,0,0,0,0,0,0,0,0,,2025,https://www.dgpa.gov.tw/FileConversion?filename=dgpa%2Ffiles%2F202510%2Fb84cb88a-803c-4621-a843-d637b2775615.csv&name=114%E5%B9%B4%E4%B8%AD%E8%8F%AF%E6%B0%91%E5%9C%8B%E6%94%BF%E5%BA%9C%E8%A1%8C%E6%94%BF%E6%A9%9F%E9%97%9C%E8%BE%A6%E5%85%AC%E6%97%A5%E6%9B%86%E8%A1%A8%281141020%E6%9B%B4%E6%96%B0%29.csv&nfix=
2025-09-19,Fri,5,0,0,0,0,0,0,,0,0,0,0,0,9,111,0,0,0,0,0,0,,0,0,0,0,0,0,0,0,,2025,https://www.dgpa.gov.tw/FileConversion?filename=dgpa%2Ffiles%2F202510%2Fb84cb88a-803c-4621-a843-d637b2775615.csv&name=114%E5%B9%B4%E4%B8%AD%E8%8F%AF%E6%B0%91%E5%9C%8B%E6%94%BF%E5%BA%9C%E8%A1%8C%E6%94%BF%E6%A9%9F%E9%97%9C%E8%BE%A6%E5%85%AC%E6%97%A5%E6%9B%86%E8%A1%A8%281141020%E6%9B%B4%E6%96%B0%29.csv&nfix=
2025-09-20,Sat,6,1,1,0,0,0,0,,0,0,0,0,0,8,112,0,0,0,0,0,0,,0,0,0,0,0,0,0,0,,2025,https://www.dgpa.gov.tw/FileConversion?filename=dgpa%2Ffiles%2F202510%2Fb84cb88a-803c-4621-a843-d637b2775615.csv&name=114%E5%B9%B4%E4%B8%AD%E8%8F%AF%E6%B0%91%E5%9C%8B%E6%94%BF%E5%BA%9C%E8%A1%8C%E6%94%BF%E6%A9%9F%E9%97%9C%E8%BE%A6%E5%85%AC%E6%97%A5%E6%9B%86%E8%A1%A8%281141020%E6%9B%B4%E6%96%B0%29.csv&nfix=
2025-09-21,Sun,7,1,1,0,0,0,0,,0,0,0,0,0,7,113,0,0,0,0,0,0,,0,0,0,0,0,0,0,0,,2025,https://www.dgpa.gov.tw/FileConversion?filename=dgpa%2Ffiles%2F202510%2Fb84cb88a-803c-4621-a843-d637b2775615.csv&name=114%E5%B9%B4%E4%B8%AD%E8%8F%AF%E6%B0%91%E5%9C%8B%E6%94%BF%E5%BA%9C%E8%A1%8C%E6%94%BF%E6%A9%9F%E9%97%9C%E8%BE%A6%E5%85%AC%E6%97%A5%E6%9B%86%E8%A1%A8%281141020%E6%9B%B4%E6%96%B0%29.csv&nfix=
2025-09-22,Mon,1,0,0,0,0,0,0,,0,0,0,0,0,6,114,0,0,0,0,0,0,,0,0,0,0,0,0,0,0,,2025,https://www.dgpa.gov.tw/FileConversion?filename=dgpa%2Ffiles%2F202510%2Fb84cb88a-803c-4621-a843-d637b2775615.csv&name=114%E5%B9%B4%E4%B8%AD%E8%8F%AF%E6%B0%91%E5%9C%8B%E6%94%BF%E5%BA%9C%E8%A1%8C%E6%94%BF%E6%A9%9F%E9%97%9C%E8%BE%A6%E5%85%AC%E6%97%A5%E6%9B%86%E8%A1%A8%281141020%E6%9B%B4%E6%96%B0%29.csv&nfix=
2025-09-23,Tue,2,0,0,0,0,0,0,,0,0,0,0,0,5,115,0,0,0,1,0,0,,0,0,0,0,0,0,0,0,,2025,https://www.dgpa.gov.tw/FileConversion?filename=dgpa%2Ffiles%2F202510%2Fb84cb88a-803c-4621-a843-d637b2775615.csv&name=114%E5%B9%B4%E4%B8%AD%E8%8F%AF%E6%B0%91%E5%9C%8B%E6%94%BF%E5%BA%9C%E8%A1%8C%E6%94%BF%E6%A9%9F%E9%97%9C%E8%BE%A6%E5%85%AC%E6%97%A5%E6%9B%86%E8%A1%A8%281141020%E6%9B%B4%E6%96%B0%29.csv&nfix=
2025-09-24,Wed,3,0,0,0,0,0,0,,0,0,0,0,0,4,116,0,0,0,1,0,0,,0,0,0,0,0,0,0,0,,2025,https://www.dgpa.gov.tw/FileConversion?filename=dgpa%2Ffiles%2F202510%2Fb84cb88a-803c-4621-a843-d637b2775615.csv&name=114%E5%B9%B4%E4%B8%AD%E8%8F%AF%E6%B0%91%E5%9C%8B%E6%94%BF%E5%BA%9C%E8%A1%8C%E6%94%BF%E6%A9%9F%E9%97%9C%E8%BE%A6%E5%85%AC%E6%97%A5%E6%9B%86%E8%A1%A8%281141020%E6%9B%B4%E6%96%B0%29.csv&nfix=
2025-09-25,Thu,4,0,0,0,0,0,0,,0,0,0,0,0,3,117,0,0,1,1,0,0,,0,0,0,0,0,0,0,0,,2025,https://www.dgpa.gov.tw/FileConversion?filename=dgpa%2Ffiles%2F202510%2Fb84cb88a-803c-4621-a843-d637b2775615.csv&name=114%E5%B9%B4%E4%B8%AD%E8%8F%AF%E6%B0%91%E5%9C%8B%E6%94%BF%E5%BA%9C%E8%A1%8C%E6%94%BF%E6%A9%9F%E9%97%9C%E8%BE%A6%E5%85%AC%E6%97%A5%E6%9B%86%E8%A1%A8%281141020%E6%9B%B4%E6%96%B0%29.csv&nfix=
2025-09-26,Fri,5,0,0,0,0,0,0,,0,0,0,1,0,2,118,0,0,0,1,0,0,,0,0,0,0,0,0,1,0,,2025,https://www.dgpa.gov.tw/FileConversion?filename=dgpa%2Ffiles%2F202510%2Fb84cb88a-803c-4621-a843-d637b2775615.csv&name=114%E5%B9%B4%E4%B8%AD%E8%8F%AF%E6%B0%91%E5%9C%8B%E6%94%BF%E5%BA%9C%E8%A1%8C%E6%94%BF%E6%A9%9F%E9%97%9C%E8%BE%A6%E5%85%AC%E6%97%A5%E6%9B%86%E8%A1%A8%281141020%E6%9B%B4%E6%96%B0%29.csv&nfix=
2025-09-27,Sat,6,1,1,0,0,0,0,,1,1,3,0,0,1,119,0,0,0,1,1,0,HS-2025-09-27,1,3,1,0,1,0,0,0,,2025,https://www.dgpa.gov.tw/FileConversion?filename=dgpa%2Ffiles%2F202510%2Fb84cb88a-803c-4621-a843-d637b2775615.csv&name=114%E5%B9%B4%E4%B8%AD%E8%8F%AF%E6%B0%91%E5%9C%8B%E6%94%BF%E5%BA%9C%E8%A1%8C%E6%94%BF%E6%A9%9F%E9%97%9C%E8%BE%A6%E5%85%AC%E6%97%A5%E6%9B%86%E8%A1%A8%281141020%E6%9B%B4%E6%96%B0%29.csv&nfix=
2025-09-28,Sun,7,1,1,0,1,1,0,Confucius' Birthday / Teachers' Day,1,2,3,0,0,0,0,0,0,0,0,1,0,HS-2025-09-27,2,3,0,0,0,0,0,0,孔子誕辰紀念日,2025,https://www.dgpa.gov.tw/FileConversion?filename=dgpa%2Ffiles%2F202510%2Fb84cb88a-803c-4621-a843-d637b2775615.csv&name=114%E5%B9%B4%E4%B8%AD%E8%8F%AF%E6%B0%91%E5%9C%8B%E6%94%BF%E5%BA%9C%E8%A1%8C%E6%94%BF%E6%A9%9F%E9%97%9C%E8%BE%A6%E5%85%AC%E6%97%A5%E6%9B%86%E8%A1%A8%281141020%E6%9B%B4%E6%96%B0%29.csv&nfix=
2025-09-29,Mon,1,0,1,0,1,0,1,Confucius' Birthday / Teachers' Day (Observed),1,3,3,0,0,0,0,0,0,0,0,0,1,HS-2025-09-27,3,3,0,1,0,1,0,0,補假,2025,https://www.dgpa.gov.tw/FileConversion?filename=dgpa%2Ffiles%2F202510%2Fb84cb88a-803c-4621-a843-d637b2775615.csv&name=114%E5%B9%B4%E4%B8%AD%E8%8F%AF%E6%B0%91%E5%9C%8B%E6%94%BF%E5%BA%9C%E8%A1%8C%E6%94%BF%E6%A9%9F%E9%97%9C%E8%BE%A6%E5%85%AC%E6%97%A5%E6%9B%86%E8%A1%A8%281141020%E6%9B%B4%E6%96%B0%29.csv&nfix=
2025-09-30,Tue,2,0,0,0,0,0,0,,0,0,0,0,1,6,1,0,1,0,0,0,1,,0,0,0,0,0,0,0,1,,2025,https://www.dgpa.gov.tw/FileConversion?filename=dgpa%2Ffiles%2F202510%2Fb84cb88a-803c-4621-a843-d637b2775615.csv&name=114%E5%B9%B4%E4%B8%AD%E8%8F%AF%E6%B0%91%E5%9C%8B%E6%94%BF%E5%BA%9C%E8%A1%8C%E6%94%BF%E6%A9%9F%E9%97%9C%E8%BE%A6%E5%85%AC%E6%97%A5%E6%9B%86%E8%A1%A8%281141020%E6%9B%B4%E6%96%B0%29.csv&nfix=
2025-10-01,Wed,3,0,0,0,0,0,0,,0,0,0,0,0,5,2,1,0,0,0,0,0,,0,0,0,0,0,0,0,0,,2025,https://www.dgpa.gov.tw/FileConversion?filename=dgpa%2Ffiles%2F202510%2Fb84cb88a-803c-4621-a843-d637b2775615.csv&name=114%E5%B9%B4%E4%B8%AD%E8%8F%AF%E6%B0%91%E5%9C%8B%E6%94%BF%E5%BA%9C%E8%A1%8C%E6%94%BF%E6%A9%9F%E9%97%9C%E8%BE%A6%E5%85%AC%E6%97%A5%E6%9B%86%E8%A1%A8%281141020%E6%9B%B4%E6%96%B0%29.csv&nfix=
2025-10-02,Thu,4,0,0,0,0,0,0,,0,0,0,0,0,4,3,0,0,0,0,0,0,,0,0,0,0,0,0,0,0,,2025,https://www.dgpa.gov.tw/FileConversion?filename=dgpa%2Ffiles%2F202510%2Fb84cb88a-803c-4621-a843-d637b2775615.csv&name=114%E5%B9%B4%E4%B8%AD%E8%8F%AF%E6%B0%91%E5%9C%8B%E6%94%BF%E5%BA%9C%E8%A1%8C%E6%94%BF%E6%A9%9F%E9%97%9C%E8%BE%A6%E5%85%AC%E6%97%A5%E6%9B%86%E8%A1%A8%281141020%E6%9B%B4%E6%96%B0%29.csv&nfix=
2025-10-03,Fri,5,0,0,0,0,0,0,,0,0,0,1,0,3,4,0,0,0,0,0,0,,0,0,0,0,0,0,1,0,,2025,https://www.dgpa.gov.tw/FileConversion?filename=dgpa%2Ffiles%2F202510%2Fb84cb88a-803c-4621-a843-d637b2775615.csv&name=114%E5%B9%B4%E4%B8%AD%E8%8F%AF%E6%B0%91%E5%9C%8B%E6%94%BF%E5%BA%9C%E8%A1%8C%E6%94%BF%E6%A9%9F%E9%97%9C%E8%BE%A6%E5%85%AC%E6%97%A5%E6%9B%86%E8%A1%A8%281141020%E6%9B%B4%E6%96%B0%29.csv&nfix=
2025-10-04,Sat,6,1,1,0,0,0,0,,1,1,3,0,0,2,5,0,0,0,0,0,0,HS-2025-10-04,1,3,1,0,1,0,0,0,,2025,https://www.dgpa.gov.tw/FileConversion?filename=dgpa%2Ffiles%2F202510%2Fb84cb88a-803c-4621-a843-d637b2775615.csv&name=114%E5%B9%B4%E4%B8%AD%E8%8F%AF%E6%B0%91%E5%9C%8B%E6%94%BF%E5%BA%9C%E8%A1%8C%E6%94%BF%E6%A9%9F%E9%97%9C%E8%BE%A6%E5%85%AC%E6%97%A5%E6%9B%86%E8%A1%A8%281141020%E6%9B%B4%E6%96%B0%29.csv&nfix=
2025-10-05,Sun,7,1,1,0,0,0,0,,1,2,3,0,0,1,6,0,0,0,0,1,0,HS-2025-10-04,2,3,0,0,0,0,0,0,,2025,https://www.dgpa.gov.tw/FileConversion?filename=dgpa%2Ffiles%2F202510%2Fb84cb88a-803c-4621-a843-d637b2775615.csv&name=114%E5%B9%B4%E4%B8%AD%E8%8F%AF%E6%B0%91%E5%9C%8B%E6%94%BF%E5%BA%9C%E8%A1%8C%E6%94%BF%E6%A9%9F%E9%97%9C%E8%BE%A6%E5%85%AC%E6%97%A5%E6%9B%86%E8%A1%A8%281141020%E6%9B%B4%E6%96%B0%29.csv&nfix=
2025-10-06,Mon,1,0,1,0,1,1,0,Mid-Autumn Festival,1,3,3,0,0,0,0,0,0,0,0,0,0,HS-2025-10-04,3,3,0,1,0,1,0,0,中秋節,2025,https://www.dgpa.gov.tw/FileConversion?filename=dgpa%2Ffiles%2F202510%2Fb84cb88a-803c-4621-a843-d637b2775615.csv&name=114%E5%B9%B4%E4%B8%AD%E8%8F%AF%E6%B0%91%E5%9C%8B%E6%94%BF%E5%BA%9C%E8%A1%8C%E6%94%BF%E6%A9%9F%E9%97%9C%E8%BE%A6%E5%85%AC%E6%97%A5%E6%9B%86%E8%A1%A8%281141020%E6%9B%B4%E6%96%B0%29.csv&nfix=
2025-10-07,Tue,2,0,0,0,0,0,0,,0,0,0,0,1,3,1,0,0,0,0,0,1,,0,0,0,0,0,0,0,1,,2025,https://www.dgpa.gov.tw/FileConversion?filename=dgpa%2Ffiles%2F202510%2Fb84cb88a-803c-4621-a843-d637b2775615.csv&name=114%E5%B9%B4%E4%B8%AD%E8%8F%AF%E6%B0%91%E5%9C%8B%E6%94%BF%E5%BA%9C%E8%A1%8C%E6%94%BF%E6%A9%9F%E9%97%9C%E8%BE%A6%E5%85%AC%E6%97%A5%E6%9B%86%E8%A1%A8%281141020%E6%9B%B4%E6%96%B0%29.csv&nfix=
2025-10-08,Wed,3,0,0,0,0,0,0,,0,0,0,0,0,2,2,0,0,0,0,0,0,,0,0,0,0,0,0,0,0,,2025,https://www.dgpa.gov.tw/FileConversion?filename=dgpa%2Ffiles%2F202510%2Fb84cb88a-803c-4621-a843-d637b2775615.csv&name=114%E5%B9%B4%E4%B8%AD%E8%8F%AF%E6%B0%91%E5%9C%8B%E6%94%BF%E5%BA%9C%E8%A1%8C%E6%94%BF%E6%A9%9F%E9%97%9C%E8%BE%A6%E5%85%AC%E6%97%A5%E6%9B%86%E8%A1%A8%281141020%E6%9B%B4%E6%96%B0%29.csv&nfix=
2025-10-09,Thu,4,0,0,0,0,0,0,,0,0,0,1,0,1,3,0,0,0,0,1,0,,0,0,0,0,0,0,1,0,,2025,https://www.dgpa.gov.tw/FileConversion?filename=dgpa%2Ffiles%2F202510%2Fb84cb88a-803c-4621-a843-d637b2775615.csv&name=114%E5%B9%B4%E4%B8%AD%E8%8F%AF%E6%B0%91%E5%9C%8B%E6%94%BF%E5%BA%9C%E8%A1%8C%E6%94%BF%E6%A9%9F%E9%97%9C%E8%BE%A6%E5%85%AC%E6%97%A5%E6%9B%86%E8%A1%A8%281141020%E6%9B%B4%E6%96%B0%29.csv&nfix=
2025-10-10,Fri,5,0,1,0,1,1,0,National Day,1,1,3,0,0,0,0,0,0,0,0,0,0,HS-2025-10-10,1,3,1,0,1,0,0,0,國慶日,2025,https://www.dgpa.gov.tw/FileConversion?filename=dgpa%2Ffiles%2F202510%2Fb84cb88a-803c-4621-a843-d637b2775615.csv&name=114%E5%B9%B4%E4%B8%AD%E8%8F%AF%E6%B0%91%E5%9C%8B%E6%94%BF%E5%BA%9C%E8%A1%8C%E6%94%BF%E6%A9%9F%E9%97%9C%E8%BE%A6%E5%85%AC%E6%97%A5%E6%9B%86%E8%A1%A8%281141020%E6%9B%B4%E6%96%B0%29.csv&nfix=
2025-10-11,Sat,6,1,1,0,0,0,0,,1,2,3,0,0,13,1,0,0,0,0,0,1,HS-2025-10-10,2,3,0,0,0,0,0,0,,2025,https://www.dgpa.gov.tw/FileConversion?filename=dgpa%2Ffiles%2F202510%2Fb84cb88a-803c-4621-a843-d637b2775615.csv&name=114%E5%B9%B4%E4%B8%AD%E8%8F%AF%E6%B0%91%E5%9C%8B%E6%94%BF%E5%BA%9C%E8%A1%8C%E6%94%BF%E6%A9%9F%E9%97%9C%E8%BE%A6%E5%85%AC%E6%97%A5%E6%9B%86%E8%A1%A8%281141020%E6%9B%B4%E6%96%B0%29.csv&nfix=
2025-10-12,Sun,7,1,1,0,0,0,0,,1,3,3,0,0,12,2,0,0,0,0,0,0,HS-2025-10-10,3,3,0,1,0,1,0,0,,2025,https://www.dgpa.gov.tw/FileConversion?filename=dgpa%2Ffiles%2F202510%2Fb84cb88a-803c-4621-a843-d637b2775615.csv&name=114%E5%B9%B4%E4%B8%AD%E8%8F%AF%E6%B0%91%E5%9C%8B%E6%94%BF%E5%BA%9C%E8%A1%8C%E6%94%BF%E6%A9%9F%E9%97%9C%E8%BE%A6%E5%85%AC%E6%97%A5%E6%9B%86%E8%A1%A8%281141020%E6%9B%B4%E6%96%B0%29.csv&nfix=
2025-10-13,Mon,1,0,0,0,0,0,0,,0,0,0,0,1,11,3,0,0,0,0,0,0,,0,0,0,0,0,0,0,1,,2025,https://www.dgpa.gov.tw/FileConversion?filename=dgpa%2Ffiles%2F202510%2Fb84cb88a-803c-4621-a843-d637b2775615.csv&name=114%E5%B9%B4%E4%B8%AD%E8%8F%AF%E6%B0%91%E5%9C%8B%E6%94%BF%E5%BA%9C%E8%A1%8C%E6%94%BF%E6%A9%9F%E9%97%9C%E8%BE%A6%E5%85%AC%E6%97%A5%E6%9B%86%E8%A1%A8%281141020%E6%9B%B4%E6%96%B0%29.csv&nfix=
2025-10-14,Tue,2,0,0,0,0,0,0,,0,0,0,0,0,10,4,0,0,0,0,0,0,,0,0,0,0,0,0,0,0,,2025,https://www.dgpa.gov.tw/FileConversion?filename=dgpa%2Ffiles%2F202510%2Fb84cb88a-803c-4621-a843-d637b2775615.csv&name=114%E5%B9%B4%E4%B8%AD%E8%8F%AF%E6%B0%91%E5%9C%8B%E6%94%BF%E5%BA%9C%E8%A1%8C%E6%94%BF%E6%A9%9F%E9%97%9C%E8%BE%A6%E5%85%AC%E6%97%A5%E6%9B%86%E8%A1%A8%281141020%E6%9B%B4%E6%96%B0%29.csv&nfix=
2025-10-15,Wed,3,0,0,0,0,0,0,,0,0,0,0,0,9,5,0,0,0,0,0,0,,0,0,0,0,0,0,0,0,,2025,https://www.dgpa.gov.tw/FileConversion?filename=dgpa%2Ffiles%2F202510%2Fb84cb88a-803c-4621-a843-d637b2775615.csv&name=114%E5%B9%B4%E4%B8%AD%E8%8F%AF%E6%B0%91%E5%9C%8B%E6%94%BF%E5%BA%9C%E8%A1%8C%E6%94%BF%E6%A9%9F%E9%97%9C%E8%BE%A6%E5%85%AC%E6%97%A5%E6%9B%86%E8%A1%A8%281141020%E6%9B%B4%E6%96%B0%29.csv&nfix=
2025-10-16,Thu,4,0,0,0,0,0,0,,0,0,0,0,0,8,6,0,0,0,0,0,0,,0,0,0,0,0,0,0,0,,2025,https://www.dgpa.gov.tw/FileConversion?filename=dgpa%2Ffiles%2F202510%2Fb84cb88a-803c-4621-a843-d637b2775615.csv&name=114%E5%B9%B4%E4%B8%AD%E8%8F%AF%E6%B0%91%E5%9C%8B%E6%94%BF%E5%BA%9C%E8%A1%8C%E6%94%BF%E6%A9%9F%E9%97%9C%E8%BE%A6%E5%85%AC%E6%97%A5%E6%9B%86%E8%A1%A8%281141020%E6%9B%B4%E6%96%B0%29.csv&nfix=
2025-10-17,Fri,5,0,0,0,0,0,0,,0,0,0,0,0,7,7,0,0,0,0,0,0,,0,0,0,0,0,0,0,0,,2025,https://www.dgpa.gov.tw/FileConversion?filename=dgpa%2Ffiles%2F202510%2Fb84cb88a-803c-4621-a843-d637b2775615.csv&name=114%E5%B9%B4%E4%B8%AD%E8%8F%AF%E6%B0%91%E5%9C%8B%E6%94%BF%E5%BA%9C%E8%A1%8C%E6%94%BF%E6%A9%9F%E9%97%9C%E8%BE%A6%E5%85%AC%E6%97%A5%E6%9B%86%E8%A1%A8%281141020%E6%9B%B4%E6%96%B0%29.csv&nfix=
2025-10-18,Sat,6,1,1,0,0,0,0,,0,0,0,0,0,6,8,0,0,0,0,0,0,,0,0,0,0,0,0,0,0,,2025,https://www.dgpa.gov.tw/FileConversion?filename=dgpa%2Ffiles%2F202510%2Fb84cb88a-803c-4621-a843-d637b2775615.csv&name=114%E5%B9%B4%E4%B8%AD%E8%8F%AF%E6%B0%91%E5%9C%8B%E6%94%BF%E5%BA%9C%E8%A1%8C%E6%94%BF%E6%A9%9F%E9%97%9C%E8%BE%A6%E5%85%AC%E6%97%A5%E6%9B%86%E8%A1%A8%281141020%E6%9B%B4%E6%96%B0%29.csv&nfix=
2025-10-19,Sun,7,1,1,0,0,0,0,,0,0,0,0,0,5,9,0,0,0,0,0,0,,0,0,0,0,0,0,0,0,,2025,https://www.dgpa.gov.tw/FileConversion?filename=dgpa%2Ffiles%2F202510%2Fb84cb88a-803c-4621-a843-d637b2775615.csv&name=114%E5%B9%B4%E4%B8%AD%E8%8F%AF%E6%B0%91%E5%9C%8B%E6%94%BF%E5%BA%9C%E8%A1%8C%E6%94%BF%E6%A9%9F%E9%97%9C%E8%BE%A6%E5%85%AC%E6%97%A5%E6%9B%86%E8%A1%A8%281141020%E6%9B%B4%E6%96%B0%29.csv&nfix=
2025-10-20,Mon,1,0,0,0,0,0,0,,0,0,0,0,0,4,10,0,0,0,0,0,0,,0,0,0,0,0,0,0,0,,2025,https://www.dgpa.gov.tw/FileConversion?filename=dgpa%2Ffiles%2F202510%2Fb84cb88a-803c-4621-a843-d637b2775615.csv&name=114%E5%B9%B4%E4%B8%AD%E8%8F%AF%E6%B0%91%E5%9C%8B%E6%94%BF%E5%BA%9C%E8%A1%8C%E6%94%BF%E6%A9%9F%E9%97%9C%E8%BE%A6%E5%85%AC%E6%97%A5%E6%9B%86%E8%A1%A8%281141020%E6%9B%B4%E6%96%B0%29.csv&nfix=
2025-10-21,Tue,2,0,0,0,0,0,0,,0,0,0,0,0,3,11,0,0,0,0,0,0,,0,0,0,0,0,0,0,0,,2025,https://www.dgpa.gov.tw/FileConversion?filename=dgpa%2Ffiles%2F202510%2Fb84cb88a-803c-4621-a843-d637b2775615.csv&name=114%E5%B9%B4%E4%B8%AD%E8%8F%AF%E6%B0%91%E5%9C%8B%E6%94%BF%E5%BA%9C%E8%A1%8C%E6%94%BF%E6%A9%9F%E9%97%9C%E8%BE%A6%E5%85%AC%E6%97%A5%E6%9B%86%E8%A1%A8%281141020%E6%9B%B4%E6%96%B0%29.csv&nfix=
2025-10-22,Wed,3,0,0,0,0,0,0,,0,0,0,0,0,2,12,0,0,0,0,0,0,,0,0,0,0,0,0,0,0,,2025,https://www.dgpa.gov.tw/FileConversion?filename=dgpa%2Ffiles%2F202510%2Fb84cb88a-803c-4621-a843-d637b2775615.csv&name=114%E5%B9%B4%E4%B8%AD%E8%8F%AF%E6%B0%91%E5%9C%8B%E6%94%BF%E5%BA%9C%E8%A1%8C%E6%94%BF%E6%A9%9F%E9%97%9C%E8%BE%A6%E5%85%AC%E6%97%A5%E6%9B%86%E8%A1%A8%281141020%E6%9B%B4%E6%96%B0%29.csv&nfix=
2025-10-23,Thu,4,0,0,0,0,0,0,,0,0,0,1,0,1,13,0,0,0,1,1,0,,0,0,0,0,0,0,1,0,,2025,https://www.dgpa.gov.tw/FileConversion?filename=dgpa%2Ffiles%2F202510%2Fb84cb88a-803c-4621-a843-d637b2775615.csv&name=114%E5%B9%B4%E4%B8%AD%E8%8F%AF%E6%B0%91%E5%9C%8B%E6%94%BF%E5%BA%9C%E8%A1%8C%E6%94%BF%E6%A9%9F%E9%97%9C%E8%BE%A6%E5%85%AC%E6%97%A5%E6%9B%86%E8%A1%A8%281141020%E6%9B%B4%E6%96%B0%29.csv&nfix=
2025-10-24,Fri,5,0,1,0,1,0,1,Taiwan Retrocession Day (Observed),1,1,3,0,0,0,0,0,0,0,1,1,0,HS-2025-10-24,1,3,1,0,1,0,0,0,補假,2025,https://www.dgpa.gov.tw/FileConversion?filename=dgpa%2Ffiles%2F202510%2Fb84cb88a-803c-4621-a843-d637b2775615.csv&name=114%E5%B9%B4%E4%B8%AD%E8%8F%AF%E6%B0%91%E5%9C%8B%E6%94%BF%E5%BA%9C%E8%A1%8C%E6%94%BF%E6%A9%9F%E9%97%9C%E8%BE%A6%E5%85%AC%E6%97%A5%E6%9B%86%E8%A1%A8%281141020%E6%9B%B4%E6%96%B0%29.csv&nfix=
2025-10-25,Sat,6,1,1,0,1,1,0,Taiwan Retrocession Day,1,2,3,0,0,0,0,0,0,1,1,0,1,HS-2025-10-24,2,3,0,0,0,0,0,0,臺灣光復暨金門古寧頭大捷紀念日,2025,https://www.dgpa.gov.tw/FileConversion?filename=dgpa%2Ffiles%2F202510%2Fb84cb88a-803c-4621-a843-d637b2775615.csv&name=114%E5%B9%B4%E4%B8%AD%E8%8F%AF%E6%B0%91%E5%9C%8B%E6%94%BF%E5%BA%9C%E8%A1%8C%E6%94%BF%E6%A9%9F%E9%97%9C%E8%BE%A6%E5%85%AC%E6%97%A5%E6%9B%86%E8%A1%A8%281141020%E6%9B%B4%E6%96%B0%29.csv&nfix=
2025-10-26,Sun,7,1,1,0,0,0,0,,1,3,3,0,0,60,1,0,0,0,1,0,1,HS-2025-10-24,3,3,0,1,0,1,0,0,,2025,https://www.dgpa.gov.tw/FileConversion?filename=dgpa%2Ffiles%2F202510%2Fb84cb88a-803c-4621-a843-d637b2775615.csv&name=114%E5%B9%B4%E4%B8%AD%E8%8F%AF%E6%B0%91%E5%9C%8B%E6%94%BF%E5%BA%9C%E8%A1%8C%E6%94%BF%E6%A9%9F%E9%97%9C%E8%BE%A6%E5%85%AC%E6%97%A5%E6%9B%86%E8%A1%A8%281141020%E6%9B%B4%E6%96%B0%29.csv&nfix=
2025-10-27,Mon,1,0,0,0,0,0,0,,0,0,0,0,1,59,2,0,0,0,1,0,0,,0,0,0,0,0,0,0,1,,2025,https://www.dgpa.gov.tw/FileConversion?filename=dgpa%2Ffiles%2F202510%2Fb84cb88a-803c-4621-a843-d637b2775615.csv&name=114%E5%B9%B4%E4%B8%AD%E8%8F%AF%E6%B0%91%E5%9C%8B%E6%94%BF%E5%BA%9C%E8%A1%8C%E6%94%BF%E6%A9%9F%E9%97%9C%E8%BE%A6%E5%85%AC%E6%97%A5%E6%9B%86%E8%A1%A8%281141020%E6%9B%B4%E6%96%B0%29.csv&nfix=
2025-10-28,Tue,2,0,0,0,0,0,0,,0,0,0,0,0,58,3,0,0,0,0,0,0,,0,0,0,0,0,0,0,0,,2025,https://www.dgpa.gov.tw/FileConversion?filename=dgpa%2Ffiles%2F202510%2Fb84cb88a-803c-4621-a843-d637b2775615.csv&name=114%E5%B9%B4%E4%B8%AD%E8%8F%AF%E6%B0%91%E5%9C%8B%E6%94%BF%E5%BA%9C%E8%A1%8C%E6%94%BF%E6%A9%9F%E9%97%9C%E8%BE%A6%E5%85%AC%E6%97%A5%E6%9B%86%E8%A1%A8%281141020%E6%9B%B4%E6%96%B0%29.csv&nfix=
2025-10-29,Wed,3,0,0,0,0,0,0,,0,0,0,0,0,57,4,0,0,0,0,0,0,,0,0,0,0,0,0,0,0,,2025,https://www.dgpa.gov.tw/FileConversion?filename=dgpa%2Ffiles%2F202510%2Fb84cb88a-803c-4621-a843-d637b2775615.csv&name=114%E5%B9%B4%E4%B8%AD%E8%8F%AF%E6%B0%91%E5%9C%8B%E6%94%BF%E5%BA%9C%E8%A1%8C%E6%94%BF%E6%A9%9F%E9%97%9C%E8%BE%A6%E5%85%AC%E6%97%A5%E6%9B%86%E8%A1%A8%281141020%E6%9B%B4%E6%96%B0%29.csv&nfix=
2025-10-30,Thu,4,0,0,0,0,0,0,,0,0,0,0,0,56,5,0,0,0,0,0,0,,0,0,0,0,0,0,0,0,,2025,https://www.dgpa.gov.tw/FileConversion?filename=dgpa%2Ffiles%2F202510%2Fb84cb88a-803c-4621-a843-d637b2775615.csv&name=114%E5%B9%B4%E4%B8%AD%E8%8F%AF%E6%B0%91%E5%9C%8B%E6%94%BF%E5%BA%9C%E8%A1%8C%E6%94%BF%E6%A9%9F%E9%97%9C%E8%BE%A6%E5%85%AC%E6%97%A5%E6%9B%86%E8%A1%A8%281141020%E6%9B%B4%E6%96%B0%29.csv&nfix=
2025-10-31,Fri,5,0,0,0,0,0,0,,0,0,0,0,0,55,6,0,1,0,0,0,0,,0,0,0,0,0,0,0,0,,2025,https://www.dgpa.gov.tw/FileConversion?filename=dgpa%2Ffiles%2F202510%2Fb84cb88a-803c-4621-a843-d637b2775615.csv&name=114%E5%B9%B4%E4%B8%AD%E8%8F%AF%E6%B0%91%E5%9C%8B%E6%94%BF%E5%BA%9C%E8%A1%8C%E6%94%BF%E6%A9%9F%E9%97%9C%E8%BE%A6%E5%85%AC%E6%97%A5%E6%9B%86%E8%A1%A8%281141020%E6%9B%B4%E6%96%B0%29.csv&nfix=
2025-11-01,Sat,6,1,1,0,0,0,0,,0,0,0,0,0,54,7,1,0,0,0,0,0,,0,0,0,0,0,0,0,0,,2025,https://www.dgpa.gov.tw/FileConversion?filename=dgpa%2Ffiles%2F202510%2Fb84cb88a-803c-4621-a843-d637b2775615.csv&name=114%E5%B9%B4%E4%B8%AD%E8%8F%AF%E6%B0%91%E5%9C%8B%E6%94%BF%E5%BA%9C%E8%A1%8C%E6%94%BF%E6%A9%9F%E9%97%9C%E8%BE%A6%E5%85%AC%E6%97%A5%E6%9B%86%E8%A1%A8%281141020%E6%9B%B4%E6%96%B0%29.csv&nfix=
2025-11-02,Sun,7,1,1,0,0,0,0,,0,0,0,0,0,53,8,0,0,0,0,0,0,,0,0,0,0,0,0,0,0,,2025,https://www.dgpa.gov.tw/FileConversion?filename=dgpa%2Ffiles%2F202510%2Fb84cb88a-803c-4621-a843-d637b2775615.csv&name=114%E5%B9%B4%E4%B8%AD%E8%8F%AF%E6%B0%91%E5%9C%8B%E6%94%BF%E5%BA%9C%E8%A1%8C%E6%94%BF%E6%A9%9F%E9%97%9C%E8%BE%A6%E5%85%AC%E6%97%A5%E6%9B%86%E8%A1%A8%281141020%E6%9B%B4%E6%96%B0%29.csv&nfix=
2025-11-03,Mon,1,0,0,0,0,0,0,,0,0,0,0,0,52,9,0,0,0,0,0,0,,0,0,0,0,0,0,0,0,,2025,https://www.dgpa.gov.tw/FileConversion?filename=dgpa%2Ffiles%2F202510%2Fb84cb88a-803c-4621-a843-d637b2775615.csv&name=114%E5%B9%B4%E4%B8%AD%E8%8F%AF%E6%B0%91%E5%9C%8B%E6%94%BF%E5%BA%9C%E8%A1%8C%E6%94%BF%E6%A9%9F%E9%97%9C%E8%BE%A6%E5%85%AC%E6%97%A5%E6%9B%86%E8%A1%A8%281141020%E6%9B%B4%E6%96%B0%29.csv&nfix=
2025-11-04,Tue,2,0,0,0,0,0,0,,0,0,0,0,0,51,10,0,0,0,0,0,0,,0,0,0,0,0,0,0,0,,2025,https://www.dgpa.gov.tw/FileConversion?filename=dgpa%2Ffiles%2F202510%2Fb84cb88a-803c-4621-a843-d637b2775615.csv&name=114%E5%B9%B4%E4%B8%AD%E8%8F%AF%E6%B0%91%E5%9C%8B%E6%94%BF%E5%BA%9C%E8%A1%8C%E6%94%BF%E6%A9%9F%E9%97%9C%E8%BE%A6%E5%85%AC%E6%97%A5%E6%9B%86%E8%A1%A8%281141020%E6%9B%B4%E6%96%B0%29.csv&nfix=
2025-11-05,Wed,3,0,0,0,0,0,0,,0,0,0,0,0,50,11,0,0,0,0,0,0,,0,0,0,0,0,0,0,0,,2025,https://www.dgpa.gov.tw/FileConversion?filename=dgpa%2Ffiles%2F202510%2Fb84cb88a-803c-4621-a843-d637b2775615.csv&name=114%E5%B9%B4%E4%B8%AD%E8%8F%AF%E6%B0%91%E5%9C%8B%E6%94%BF%E5%BA%9C%E8%A1%8C%E6%94%BF%E6%A9%9F%E9%97%9C%E8%BE%A6%E5%85%AC%E6%97%A5%E6%9B%86%E8%A1%A8%281141020%E6%9B%B4%E6%96%B0%29.csv&nfix=
2025-11-06,Thu,4,0,0,0,0,0,0,,0,0,0,0,0,49,12,0,0,0,0,0,0,,0,0,0,0,0,0,0,0,,2025,https://www.dgpa.gov.tw/FileConversion?filename=dgpa%2Ffiles%2F202510%2Fb84cb88a-803c-4621-a843-d637b2775615.csv&name=114%E5%B9%B4%E4%B8%AD%E8%8F%AF%E6%B0%91%E5%9C%8B%E6%94%BF%E5%BA%9C%E8%A1%8C%E6%94%BF%E6%A9%9F%E9%97%9C%E8%BE%A6%E5%85%AC%E6%97%A5%E6%9B%86%E8%A1%A8%281141020%E6%9B%B4%E6%96%B0%29.csv&nfix=
2025-11-07,Fri,5,0,0,0,0,0,0,,0,0,0,0,0,48,13,0,0,0,0,0,0,,0,0,0,0,0,0,0,0,,2025,https://www.dgpa.gov.tw/FileConversion?filename=dgpa%2Ffiles%2F202510%2Fb84cb88a-803c-4621-a843-d637b2775615.csv&name=114%E5%B9%B4%E4%B8%AD%E8%8F%AF%E6%B0%91%E5%9C%8B%E6%94%BF%E5%BA%9C%E8%A1%8C%E6%94%BF%E6%A9%9F%E9%97%9C%E8%BE%A6%E5%85%AC%E6%97%A5%E6%9B%86%E8%A1%A8%281141020%E6%9B%B4%E6%96%B0%29.csv&nfix=
2025-11-08,Sat,6,1,1,0,0,0,0,,0,0,0,0,0,47,14,0,0,0,0,0,0,,0,0,0,0,0,0,0,0,,2025,https://www.dgpa.gov.tw/FileConversion?filename=dgpa%2Ffiles%2F202510%2Fb84cb88a-803c-4621-a843-d637b2775615.csv&name=114%E5%B9%B4%E4%B8%AD%E8%8F%AF%E6%B0%91%E5%9C%8B%E6%94%BF%E5%BA%9C%E8%A1%8C%E6%94%BF%E6%A9%9F%E9%97%9C%E8%BE%A6%E5%85%AC%E6%97%A5%E6%9B%86%E8%A1%A8%281141020%E6%9B%B4%E6%96%B0%29.csv&nfix=
2025-11-09,Sun,7,1,1,0,0,0,0,,0,0,0,0,0,46,15,0,0,0,0,0,0,,0,0,0,0,0,0,0,0,,2025,https://www.dgpa.gov.tw/FileConversion?filename=dgpa%2Ffiles%2F202510%2Fb84cb88a-803c-4621-a843-d637b2775615.csv&name=114%E5%B9%B4%E4%B8%AD%E8%8F%AF%E6%B0%91%E5%9C%8B%E6%94%BF%E5%BA%9C%E8%A1%8C%E6%94%BF%E6%A9%9F%E9%97%9C%E8%BE%A6%E5%85%AC%E6%97%A5%E6%9B%86%E8%A1%A8%281141020%E6%9B%B4%E6%96%B0%29.csv&nfix=
2025-11-10,Mon,1,0,0,0,0,0,0,,0,0,0,0,0,45,16,0,0,0,0,0,0,,0,0,0,0,0,0,0,0,,2025,https://www.dgpa.gov.tw/FileConversion?filename=dgpa%2Ffiles%2F202510%2Fb84cb88a-803c-4621-a843-d637b2775615.csv&name=114%E5%B9%B4%E4%B8%AD%E8%8F%AF%E6%B0%91%E5%9C%8B%E6%94%BF%E5%BA%9C%E8%A1%8C%E6%94%BF%E6%A9%9F%E9%97%9C%E8%BE%A6%E5%85%AC%E6%97%A5%E6%9B%86%E8%A1%A8%281141020%E6%9B%B4%E6%96%B0%29.csv&nfix=
2025-11-11,Tue,2,0,0,0,0,0,0,,0,0,0,0,0,44,17,0,0,0,0,0,0,,0,0,0,0,0,0,0,0,,2025,https://www.dgpa.gov.tw/FileConversion?filename=dgpa%2Ffiles%2F202510%2Fb84cb88a-803c-4621-a843-d637b2775615.csv&name=114%E5%B9%B4%E4%B8%AD%E8%8F%AF%E6%B0%91%E5%9C%8B%E6%94%BF%E5%BA%9C%E8%A1%8C%E6%94%BF%E6%A9%9F%E9%97%9C%E8%BE%A6%E5%85%AC%E6%97%A5%E6%9B%86%E8%A1%A8%281141020%E6%9B%B4%E6%96%B0%29.csv&nfix=
2025-11-12,Wed,3,0,0,0,0,0,0,,0,0,0,0,0,43,18,0,0,0,0,0,0,,0,0,0,0,0,0,0,0,,2025,https://www.dgpa.gov.tw/FileConversion?filename=dgpa%2Ffiles%2F202510%2Fb84cb88a-803c-4621-a843-d637b2775615.csv&name=114%E5%B9%B4%E4%B8%AD%E8%8F%AF%E6%B0%91%E5%9C%8B%E6%94%BF%E5%BA%9C%E8%A1%8C%E6%94%BF%E6%A9%9F%E9%97%9C%E8%BE%A6%E5%85%AC%E6%97%A5%E6%9B%86%E8%A1%A8%281141020%E6%9B%B4%E6%96%B0%29.csv&nfix=
2025-11-13,Thu,4,0,0,0,0,0,0,,0,0,0,0,0,42,19,0,0,0,0,0,0,,0,0,0,0,0,0,0,0,,2025,https://www.dgpa.gov.tw/FileConversion?filename=dgpa%2Ffiles%2F202510%2Fb84cb88a-803c-4621-a843-d637b2775615.csv&name=114%E5%B9%B4%E4%B8%AD%E8%8F%AF%E6%B0%91%E5%9C%8B%E6%94%BF%E5%BA%9C%E8%A1%8C%E6%94%BF%E6%A9%9F%E9%97%9C%E8%BE%A6%E5%85%AC%E6%97%A5%E6%9B%86%E8%A1%A8%281141020%E6%9B%B4%E6%96%B0%29.csv&nfix=
2025-11-14,Fri,5,0,0,0,0,0,0,,0,0,0,0,0,41,20,0,0,0,0,0,0,,0,0,0,0,0,0,0,0,,2025,https://www.dgpa.gov.tw/FileConversion?filename=dgpa%2Ffiles%2F202510%2Fb84cb88a-803c-4621-a843-d637b2775615.csv&name=114%E5%B9%B4%E4%B8%AD%E8%8F%AF%E6%B0%91%E5%9C%8B%E6%94%BF%E5%BA%9C%E8%A1%8C%E6%94%BF%E6%A9%9F%E9%97%9C%E8%BE%A6%E5%85%AC%E6%97%A5%E6%9B%86%E8%A1%A8%281141020%E6%9B%B4%E6%96%B0%29.csv&nfix=
2025-11-15,Sat,6,1,1,0,0,0,0,,0,0,0,0,0,40,21,0,0,0,0,0,0,,0,0,0,0,0,0,0,0,,2025,https://www.dgpa.gov.tw/FileConversion?filename=dgpa%2Ffiles%2F202510%2Fb84cb88a-803c-4621-a843-d637b2775615.csv&name=114%E5%B9%B4%E4%B8%AD%E8%8F%AF%E6%B0%91%E5%9C%8B%E6%94%BF%E5%BA%9C%E8%A1%8C%E6%94%BF%E6%A9%9F%E9%97%9C%E8%BE%A6%E5%85%AC%E6%97%A5%E6%9B%86%E8%A1%A8%281141020%E6%9B%B4%E6%96%B0%29.csv&nfix=
2025-11-16,Sun,7,1,1,0,0,0,0,,0,0,0,0,0,39,22,0,0,0,0,0,0,,0,0,0,0,0,0,0,0,,2025,https://www.dgpa.gov.tw/FileConversion?filename=dgpa%2Ffiles%2F202510%2Fb84cb88a-803c-4621-a843-d637b2775615.csv&name=114%E5%B9%B4%E4%B8%AD%E8%8F%AF%E6%B0%91%E5%9C%8B%E6%94%BF%E5%BA%9C%E8%A1%8C%E6%94%BF%E6%A9%9F%E9%97%9C%E8%BE%A6%E5%85%AC%E6%97%A5%E6%9B%86%E8%A1%A8%281141020%E6%9B%B4%E6%96%B0%29.csv&nfix=
2025-11-17,Mon,1,0,0,0,0,0,0,,0,0,0,0,0,38,23,0,0,0,0,0,0,,0,0,0,0,0,0,0,0,,2025,https://www.dgpa.gov.tw/FileConversion?filename=dgpa%2Ffiles%2F202510%2Fb84cb88a-803c-4621-a843-d637b2775615.csv&name=114%E5%B9%B4%E4%B8%AD%E8%8F%AF%E6%B0%91%E5%9C%8B%E6%94%BF%E5%BA%9C%E8%A1%8C%E6%94%BF%E6%A9%9F%E9%97%9C%E8%BE%A6%E5%85%AC%E6%97%A5%E6%9B%86%E8%A1%A8%281141020%E6%9B%B4%E6%96%B0%29.csv&nfix=
2025-11-18,Tue,2,0,0,0,0,0,0,,0,0,0,0,0,37,24,0,0,0,0,0,0,,0,0,0,0,0,0,0,0,,2025,https://www.dgpa.gov.tw/FileConversion?filename=dgpa%2Ffiles%2F202510%2Fb84cb88a-803c-4621-a843-d637b2775615.csv&name=114%E5%B9%B4%E4%B8%AD%E8%8F%AF%E6%B0%91%E5%9C%8B%E6%94%BF%E5%BA%9C%E8%A1%8C%E6%94%BF%E6%A9%9F%E9%97%9C%E8%BE%A6%E5%85%AC%E6%97%A5%E6%9B%86%E8%A1%A8%281141020%E6%9B%B4%E6%96%B0%29.csv&nfix=
2025-11-19,Wed,3,0,0,0,0,0,0,,0,0,0,0,0,36,25,0,0,0,0,0,0,,0,0,0,0,0,0,0,0,,2025,https://www.dgpa.gov.tw/FileConversion?filename=dgpa%2Ffiles%2F202510%2Fb84cb88a-803c-4621-a843-d637b2775615.csv&name=114%E5%B9%B4%E4%B8%AD%E8%8F%AF%E6%B0%91%E5%9C%8B%E6%94%BF%E5%BA%9C%E8%A1%8C%E6%94%BF%E6%A9%9F%E9%97%9C%E8%BE%A6%E5%85%AC%E6%97%A5%E6%9B%86%E8%A1%A8%281141020%E6%9B%B4%E6%96%B0%29.csv&nfix=
2025-11-20,Thu,4,0,0,0,0,0,0,,0,0,0,0,0,35,26,0,0,0,0,0,0,,0,0,0,0,0,0,0,0,,2025,https://www.dgpa.gov.tw/FileConversion?filename=dgpa%2Ffiles%2F202510%2Fb84cb88a-803c-4621-a843-d637b2775615.csv&name=114%E5%B9%B4%E4%B8%AD%E8%8F%AF%E6%B0%91%E5%9C%8B%E6%94%BF%E5%BA%9C%E8%A1%8C%E6%94%BF%E6%A9%9F%E9%97%9C%E8%BE%A6%E5%85%AC%E6%97%A5%E6%9B%86%E8%A1%A8%281141020%E6%9B%B4%E6%96%B0%29.csv&nfix=
2025-11-21,Fri,5,0,0,0,0,0,0,,0,0,0,0,0,34,27,0,0,0,0,0,0,,0,0,0,0,0,0,0,0,,2025,https://www.dgpa.gov.tw/FileConversion?filename=dgpa%2Ffiles%2F202510%2Fb84cb88a-803c-4621-a843-d637b2775615.csv&name=114%E5%B9%B4%E4%B8%AD%E8%8F%AF%E6%B0%91%E5%9C%8B%E6%94%BF%E5%BA%9C%E8%A1%8C%E6%94%BF%E6%A9%9F%E9%97%9C%E8%BE%A6%E5%85%AC%E6%97%A5%E6%9B%86%E8%A1%A8%281141020%E6%9B%B4%E6%96%B0%29.csv&nfix=
2025-11-22,Sat,6,1,1,0,0,0,0,,0,0,0,0,0,33,28,0,0,0,0,0,0,,0,0,0,0,0,0,0,0,,2025,https://www.dgpa.gov.tw/FileConversion?filename=dgpa%2Ffiles%2F202510%2Fb84cb88a-803c-4621-a843-d637b2775615.csv&name=114%E5%B9%B4%E4%B8%AD%E8%8F%AF%E6%B0%91%E5%9C%8B%E6%94%BF%E5%BA%9C%E8%A1%8C%E6%94%BF%E6%A9%9F%E9%97%9C%E8%BE%A6%E5%85%AC%E6%97%A5%E6%9B%86%E8%A1%A8%281141020%E6%9B%B4%E6%96%B0%29.csv&nfix=
2025-11-23,Sun,7,1,1,0,0,0,0,,0,0,0,0,0,32,29,0,0,0,1,0,0,,0,0,0,0,0,0,0,0,,2025,https://www.dgpa.gov.tw/FileConversion?filename=dgpa%2Ffiles%2F202510%2Fb84cb88a-803c-4621-a843-d637b2775615.csv&name=114%E5%B9%B4%E4%B8%AD%E8%8F%AF%E6%B0%91%E5%9C%8B%E6%94%BF%E5%BA%9C%E8%A1%8C%E6%94%BF%E6%A9%9F%E9%97%9C%E8%BE%A6%E5%85%AC%E6%97%A5%E6%9B%86%E8%A1%A8%281141020%E6%9B%B4%E6%96%B0%29.csv&nfix=
2025-11-24,Mon,1,0,0,0,0,0,0,,0,0,0,0,0,31,30,0,0,0,1,0,0,,0,0,0,0,0,0,0,0,,2025,https://www.dgpa.gov.tw/FileConversion?filename=dgpa%2Ffiles%2F202510%2Fb84cb88a-803c-4621-a843-d637b2775615.csv&name=114%E5%B9%B4%E4%B8%AD%E8%8F%AF%E6%B0%91%E5%9C%8B%E6%94%BF%E5%BA%9C%E8%A1%8C%E6%94%BF%E6%A9%9F%E9%97%9C%E8%BE%A6%E5%85%AC%E6%97%A5%E6%9B%86%E8%A1%A8%281141020%E6%9B%B4%E6%96%B0%29.csv&nfix=
2025-11-25,Tue,2,0,0,0,0,0,0,,0,0,0,0,0,30,31,0,0,1,1,0,0,,0,0,0,0,0,0,0,0,,2025,https://www.dgpa.gov.tw/FileConversion?filename=dgpa%2Ffiles%2F202510%2Fb84cb88a-803c-4621-a843-d637b2775615.csv&name=114%E5%B9%B4%E4%B8%AD%E8%8F%AF%E6%B0%91%E5%9C%8B%E6%94%BF%E5%BA%9C%E8%A1%8C%E6%94%BF%E6%A9%9F%E9%97%9C%E8%BE%A6%E5%85%AC%E6%97%A5%E6%9B%86%E8%A1%A8%281141020%E6%9B%B4%E6%96%B0%29.csv&nfix=
2025-11-26,Wed,3,0,0,0,0,0,0,,0,0,0,0,0,29,32,0,0,0,1,0,0,,0,0,0,0,0,0,0,0,,2025,https://www.dgpa.gov.tw/FileConversion?filename=dgpa%2Ffiles%2F202510%2Fb84cb88a-803c-4621-a843-d637b2775615.csv&name=114%E5%B9%B4%E4%B8%AD%E8%8F%AF%E6%B0%91%E5%9C%8B%E6%94%BF%E5%BA%9C%E8%A1%8C%E6%94%BF%E6%A9%9F%E9%97%9C%E8%BE%A6%E5%85%AC%E6%97%A5%E6%9B%86%E8%A1%A8%281141020%E6%9B%B4%E6%96%B0%29.csv&nfix=
2025-11-27,Thu,4,0,0,0,0,0,0,,0,0,0,0,0,28,33,0,0,0,1,0,0,,0,0,0,0,0,0,0,0,,2025,https://www.dgpa.gov.tw/FileConversion?filename=dgpa%2Ffiles%2F202510%2Fb84cb88a-803c-4621-a843-d637b2775615.csv&name=114%E5%B9%B4%E4%B8%AD%E8%8F%AF%E6%B0%91%E5%9C%8B%E6%94%BF%E5%BA%9C%E8%A1%8C%E6%94%BF%E6%A9%9F%E9%97%9C%E8%BE%A6%E5%85%AC%E6%97%A5%E6%9B%86%E8%A1%A8%281141020%E6%9B%B4%E6%96%B0%29.csv&nfix=
2025-11-28,Fri,5,0,0,0,0,0,0,,0,0,0,0,0,27,34,0,0,0,0,0,0,,0,0,0,0,0,0,0,0,,2025,https://www.dgpa.gov.tw/FileConversion?filename=dgpa%2Ffiles%2F202510%2Fb84cb88a-803c-4621-a843-d637b2775615.csv&name=114%E5%B9%B4%E4%B8%AD%E8%8F%AF%E6%B0%91%E5%9C%8B%E6%94%BF%E5%BA%9C%E8%A1%8C%E6%94%BF%E6%A9%9F%E9%97%9C%E8%BE%A6%E5%85%AC%E6%97%A5%E6%9B%86%E8%A1%A8%281141020%E6%9B%B4%E6%96%B0%29.csv&nfix=
2025-11-29,Sat,6,1,1,0,0,0,0,,0,0,0,0,0,26,35,0,0,0,0,0,0,,0,0,0,0,0,0,0,0,,2025,https://www.dgpa.gov.tw/FileConversion?filename=dgpa%2Ffiles%2F202510%2Fb84cb88a-803c-4621-a843-d637b2775615.csv&name=114%E5%B9%B4%E4%B8%AD%E8%8F%AF%E6%B0%91%E5%9C%8B%E6%94%BF%E5%BA%9C%E8%A1%8C%E6%94%BF%E6%A9%9F%E9%97%9C%E8%BE%A6%E5%85%AC%E6%97%A5%E6%9B%86%E8%A1%A8%281141020%E6%9B%B4%E6%96%B0%29.csv&nfix=
2025-11-30,Sun,7,1,1,0,0,0,0,,0,0,0,0,0,25,36,0,1,0,0,0,0,,0,0,0,0,0,0,0,0,,2025,https://www.dgpa.gov.tw/FileConversion?filename=dgpa%2Ffiles%2F202510%2Fb84cb88a-803c-4621-a843-d637b2775615.csv&name=114%E5%B9%B4%E4%B8%AD%E8%8F%AF%E6%B0%91%E5%9C%8B%E6%94%BF%E5%BA%9C%E8%A1%8C%E6%94%BF%E6%A9%9F%E9%97%9C%E8%BE%A6%E5%85%AC%E6%97%A5%E6%9B%86%E8%A1%A8%281141020%E6%9B%B4%E6%96%B0%29.csv&nfix=
2025-12-01,Mon,1,0,0,0,0,0,0,,0,0,0,0,0,24,37,1,0,0,0,0,0,,0,0,0,0,0,0,0,0,,2025,https://www.dgpa.gov.tw/FileConversion?filename=dgpa%2Ffiles%2F202510%2Fb84cb88a-803c-4621-a843-d637b2775615.csv&name=114%E5%B9%B4%E4%B8%AD%E8%8F%AF%E6%B0%91%E5%9C%8B%E6%94%BF%E5%BA%9C%E8%A1%8C%E6%94%BF%E6%A9%9F%E9%97%9C%E8%BE%A6%E5%85%AC%E6%97%A5%E6%9B%86%E8%A1%A8%281141020%E6%9B%B4%E6%96%B0%29.csv&nfix=
2025-12-02,Tue,2,0,0,0,0,0,0,,0,0,0,0,0,23,38,0,0,0,0,0,0,,0,0,0,0,0,0,0,0,,2025,https://www.dgpa.gov.tw/FileConversion?filename=dgpa%2Ffiles%2F202510%2Fb84cb88a-803c-4621-a843-d637b2775615.csv&name=114%E5%B9%B4%E4%B8%AD%E8%8F%AF%E6%B0%91%E5%9C%8B%E6%94%BF%E5%BA%9C%E8%A1%8C%E6%94%BF%E6%A9%9F%E9%97%9C%E8%BE%A6%E5%85%AC%E6%97%A5%E6%9B%86%E8%A1%A8%281141020%E6%9B%B4%E6%96%B0%29.csv&nfix=
2025-12-03,Wed,3,0,0,0,0,0,0,,0,0,0,0,0,22,39,0,0,0,0,0,0,,0,0,0,0,0,0,0,0,,2025,https://www.dgpa.gov.tw/FileConversion?filename=dgpa%2Ffiles%2F202510%2Fb84cb88a-803c-4621-a843-d637b2775615.csv&name=114%E5%B9%B4%E4%B8%AD%E8%8F%AF%E6%B0%91%E5%9C%8B%E6%94%BF%E5%BA%9C%E8%A1%8C%E6%94%BF%E6%A9%9F%E9%97%9C%E8%BE%A6%E5%85%AC%E6%97%A5%E6%9B%86%E8%A1%A8%281141020%E6%9B%B4%E6%96%B0%29.csv&nfix=
2025-12-04,Thu,4,0,0,0,0,0,0,,0,0,0,0,0,21,40,0,0,0,0,0,0,,0,0,0,0,0,0,0,0,,2025,https://www.dgpa.gov.tw/FileConversion?filename=dgpa%2Ffiles%2F202510%2Fb84cb88a-803c-4621-a843-d637b2775615.csv&name=114%E5%B9%B4%E4%B8%AD%E8%8F%AF%E6%B0%91%E5%9C%8B%E6%94%BF%E5%BA%9C%E8%A1%8C%E6%94%BF%E6%A9%9F%E9%97%9C%E8%BE%A6%E5%85%AC%E6%97%A5%E6%9B%86%E8%A1%A8%281141020%E6%9B%B4%E6%96%B0%29.csv&nfix=
2025-12-05,Fri,5,0,0,0,0,0,0,,0,0,0,0,0,20,41,0,0,0,0,0,0,,0,0,0,0,0,0,0,0,,2025,https://www.dgpa.gov.tw/FileConversion?filename=dgpa%2Ffiles%2F202510%2Fb84cb88a-803c-4621-a843-d637b2775615.csv&name=114%E5%B9%B4%E4%B8%AD%E8%8F%AF%E6%B0%91%E5%9C%8B%E6%94%BF%E5%BA%9C%E8%A1%8C%E6%94%BF%E6%A9%9F%E9%97%9C%E8%BE%A6%E5%85%AC%E6%97%A5%E6%9B%86%E8%A1%A8%281141020%E6%9B%B4%E6%96%B0%29.csv&nfix=
2025-12-06,Sat,6,1,1,0,0,0,0,,0,0,0,0,0,19,42,0,0,0,0,0,0,,0,0,0,0,0,0,0,0,,2025,https://www.dgpa.gov.tw/FileConversion?filename=dgpa%2Ffiles%2F202510%2Fb84cb88a-803c-4621-a843-d637b2775615.csv&name=114%E5%B9%B4%E4%B8%AD%E8%8F%AF%E6%B0%91%E5%9C%8B%E6%94%BF%E5%BA%9C%E8%A1%8C%E6%94%BF%E6%A9%9F%E9%97%9C%E8%BE%A6%E5%85%AC%E6%97%A5%E6%9B%86%E8%A1%A8%281141020%E6%9B%B4%E6%96%B0%29.csv&nfix=
2025-12-07,Sun,7,1,1,0,0,0,0,,0,0,0,0,0,18,43,0,0,0,0,0,0,,0,0,0,0,0,0,0,0,,2025,https://www.dgpa.gov.tw/FileConversion?filename=dgpa%2Ffiles%2F202510%2Fb84cb88a-803c-4621-a843-d637b2775615.csv&name=114%E5%B9%B4%E4%B8%AD%E8%8F%AF%E6%B0%91%E5%9C%8B%E6%94%BF%E5%BA%9C%E8%A1%8C%E6%94%BF%E6%A9%9F%E9%97%9C%E8%BE%A6%E5%85%AC%E6%97%A5%E6%9B%86%E8%A1%A8%281141020%E6%9B%B4%E6%96%B0%29.csv&nfix=
2025-12-08,Mon,1,0,0,0,0,0,0,,0,0,0,0,0,17,44,0,0,0,0,0,0,,0,0,0,0,0,0,0,0,,2025,https://www.dgpa.gov.tw/FileConversion?filename=dgpa%2Ffiles%2F202510%2Fb84cb88a-803c-4621-a843-d637b2775615.csv&name=114%E5%B9%B4%E4%B8%AD%E8%8F%AF%E6%B0%91%E5%9C%8B%E6%94%BF%E5%BA%9C%E8%A1%8C%E6%94%BF%E6%A9%9F%E9%97%9C%E8%BE%A6%E5%85%AC%E6%97%A5%E6%9B%86%E8%A1%A8%281141020%E6%9B%B4%E6%96%B0%29.csv&nfix=
2025-12-09,Tue,2,0,0,0,0,0,0,,0,0,0,0,0,16,45,0,0,0,0,0,0,,0,0,0,0,0,0,0,0,,2025,https://www.dgpa.gov.tw/FileConversion?filename=dgpa%2Ffiles%2F202510%2Fb84cb88a-803c-4621-a843-d637b2775615.csv&name=114%E5%B9%B4%E4%B8%AD%E8%8F%AF%E6%B0%91%E5%9C%8B%E6%94%BF%E5%BA%9C%E8%A1%8C%E6%94%BF%E6%A9%9F%E9%97%9C%E8%BE%A6%E5%85%AC%E6%97%A5%E6%9B%86%E8%A1%A8%281141020%E6%9B%B4%E6%96%B0%29.csv&nfix=
2025-12-10,Wed,3,0,0,0,0,0,0,,0,0,0,0,0,15,46,0,0,0,0,0,0,,0,0,0,0,0,0,0,0,,2025,https://www.dgpa.gov.tw/FileConversion?filename=dgpa%2Ffiles%2F202510%2Fb84cb88a-803c-4621-a843-d637b2775615.csv&name=114%E5%B9%B4%E4%B8%AD%E8%8F%AF%E6%B0%91%E5%9C%8B%E6%94%BF%E5%BA%9C%E8%A1%8C%E6%94%BF%E6%A9%9F%E9%97%9C%E8%BE%A6%E5%85%AC%E6%97%A5%E6%9B%86%E8%A1%A8%281141020%E6%9B%B4%E6%96%B0%29.csv&nfix=
2025-12-11,Thu,4,0,0,0,0,0,0,,0,0,0,0,0,14,47,0,0,0,0,0,0,,0,0,0,0,0,0,0,0,,2025,https://www.dgpa.gov.tw/FileConversion?filename=dgpa%2Ffiles%2F202510%2Fb84cb88a-803c-4621-a843-d637b2775615.csv&name=114%E5%B9%B4%E4%B8%AD%E8%8F%AF%E6%B0%91%E5%9C%8B%E6%94%BF%E5%BA%9C%E8%A1%8C%E6%94%BF%E6%A9%9F%E9%97%9C%E8%BE%A6%E5%85%AC%E6%97%A5%E6%9B%86%E8%A1%A8%281141020%E6%9B%B4%E6%96%B0%29.csv&nfix=
2025-12-12,Fri,5,0,0,0,0,0,0,,0,0,0,0,0,13,48,0,0,0,0,0,0,,0,0,0,0,0,0,0,0,,2025,https://www.dgpa.gov.tw/FileConversion?filename=dgpa%2Ffiles%2F202510%2Fb84cb88a-803c-4621-a843-d637b2775615.csv&name=114%E5%B9%B4%E4%B8%AD%E8%8F%AF%E6%B0%91%E5%9C%8B%E6%94%BF%E5%BA%9C%E8%A1%8C%E6%94%BF%E6%A9%9F%E9%97%9C%E8%BE%A6%E5%85%AC%E6%97%A5%E6%9B%86%E8%A1%A8%281141020%E6%9B%B4%E6%96%B0%29.csv&nfix=
2025-12-13,Sat,6,1,1,0,0,0,0,,0,0,0,0,0,12,49,0,0,0,0,0,0,,0,0,0,0,0,0,0,0,,2025,https://www.dgpa.gov.tw/FileConversion?filename=dgpa%2Ffiles%2F202510%2Fb84cb88a-803c-4621-a843-d637b2775615.csv&name=114%E5%B9%B4%E4%B8%AD%E8%8F%AF%E6%B0%91%E5%9C%8B%E6%94%BF%E5%BA%9C%E8%A1%8C%E6%94%BF%E6%A9%9F%E9%97%9C%E8%BE%A6%E5%85%AC%E6%97%A5%E6%9B%86%E8%A1%A8%281141020%E6%9B%B4%E6%96%B0%29.csv&nfix=
2025-12-14,Sun,7,1,1,0,0,0,0,,0,0,0,0,0,11,50,0,0,0,0,0,0,,0,0,0,0,0,0,0,0,,2025,https://www.dgpa.gov.tw/FileConversion?filename=dgpa%2Ffiles%2F202510%2Fb84cb88a-803c-4621-a843-d637b2775615.csv&name=114%E5%B9%B4%E4%B8%AD%E8%8F%AF%E6%B0%91%E5%9C%8B%E6%94%BF%E5%BA%9C%E8%A1%8C%E6%94%BF%E6%A9%9F%E9%97%9C%E8%BE%A6%E5%85%AC%E6%97%A5%E6%9B%86%E8%A1%A8%281141020%E6%9B%B4%E6%96%B0%29.csv&nfix=
2025-12-15,Mon,1,0,0,0,0,0,0,,0,0,0,0,0,10,51,0,0,0,0,0,0,,0,0,0,0,0,0,0,0,,2025,https://www.dgpa.gov.tw/FileConversion?filename=dgpa%2Ffiles%2F202510%2Fb84cb88a-803c-4621-a843-d637b2775615.csv&name=114%E5%B9%B4%E4%B8%AD%E8%8F%AF%E6%B0%91%E5%9C%8B%E6%94%BF%E5%BA%9C%E8%A1%8C%E6%94%BF%E6%A9%9F%E9%97%9C%E8%BE%A6%E5%85%AC%E6%97%A5%E6%9B%86%E8%A1%A8%281141020%E6%9B%B4%E6%96%B0%29.csv&nfix=
2025-12-16,Tue,2,0,0,0,0,0,0,,0,0,0,0,0,9,52,0,0,0,0,0,0,,0,0,0,0,0,0,0,0,,2025,https://www.dgpa.gov.tw/FileConversion?filename=dgpa%2Ffiles%2F202510%2Fb84cb88a-803c-4621-a843-d637b2775615.csv&name=114%E5%B9%B4%E4%B8%AD%E8%8F%AF%E6%B0%91%E5%9C%8B%E6%94%BF%E5%BA%9C%E8%A1%8C%E6%94%BF%E6%A9%9F%E9%97%9C%E8%BE%A6%E5%85%AC%E6%97%A5%E6%9B%86%E8%A1%A8%281141020%E6%9B%B4%E6%96%B0%29.csv&nfix=
2025-12-17,Wed,3,0,0,0,0,0,0,,0,0,0,0,0,8,53,0,0,0,0,0,0,,0,0,0,0,0,0,0,0,,2025,https://www.dgpa.gov.tw/FileConversion?filename=dgpa%2Ffiles%2F202510%2Fb84cb88a-803c-4621-a843-d637b2775615.csv&name=114%E5%B9%B4%E4%B8%AD%E8%8F%AF%E6%B0%91%E5%9C%8B%E6%94%BF%E5%BA%9C%E8%A1%8C%E6%94%BF%E6%A9%9F%E9%97%9C%E8%BE%A6%E5%85%AC%E6%97%A5%E6%9B%86%E8%A1%A8%281141020%E6%9B%B4%E6%96%B0%29.csv&nfix=
2025-12-18,Thu,4,0,0,0,0,0,0,,0,0,0,0,0,7,54,0,0,0,0,0,0,,0,0,0,0,0,0,0,0,,2025,https://www.dgpa.gov.tw/FileConversion?filename=dgpa%2Ffiles%2F202510%2Fb84cb88a-803c-4621-a843-d637b2775615.csv&name=114%E5%B9%B4%E4%B8%AD%E8%8F%AF%E6%B0%91%E5%9C%8B%E6%94%BF%E5%BA%9C%E8%A1%8C%E6%94%BF%E6%A9%9F%E9%97%9C%E8%BE%A6%E5%85%AC%E6%97%A5%E6%9B%86%E8%A1%A8%281141020%E6%9B%B4%E6%96%B0%29.csv&nfix=
2025-12-19,Fri,5,0,0,0,0,0,0,,0,0,0,0,0,6,55,0,0,0,0,0,0,,0,0,0,0,0,0,0,0,,2025,https://www.dgpa.gov.tw/FileConversion?filename=dgpa%2Ffiles%2F202510%2Fb84cb88a-803c-4621-a843-d637b2775615.csv&name=114%E5%B9%B4%E4%B8%AD%E8%8F%AF%E6%B0%91%E5%9C%8B%E6%94%BF%E5%BA%9C%E8%A1%8C%E6%94%BF%E6%A9%9F%E9%97%9C%E8%BE%A6%E5%85%AC%E6%97%A5%E6%9B%86%E8%A1%A8%281141020%E6%9B%B4%E6%96%B0%29.csv&nfix=
2025-12-20,Sat,6,1,1,0,0,0,0,,0,0,0,0,0,5,56,0,0,0,0,0,0,,0,0,0,0,0,0,0,0,,2025,https://www.dgpa.gov.tw/FileConversion?filename=dgpa%2Ffiles%2F202510%2Fb84cb88a-803c-4621-a843-d637b2775615.csv&name=114%E5%B9%B4%E4%B8%AD%E8%8F%AF%E6%B0%91%E5%9C%8B%E6%94%BF%E5%BA%9C%E8%A1%8C%E6%94%BF%E6%A9%9F%E9%97%9C%E8%BE%A6%E5%85%AC%E6%97%A5%E6%9B%86%E8%A1%A8%281141020%E6%9B%B4%E6%96%B0%29.csv&nfix=
2025-12-21,Sun,7,1,1,0,0,0,0,,0,0,0,0,0,4,57,0,0,0,0,0,0,,0,0,0,0,0,0,0,0,,2025,https://www.dgpa.gov.tw/FileConversion?filename=dgpa%2Ffiles%2F202510%2Fb84cb88a-803c-4621-a843-d637b2775615.csv&name=114%E5%B9%B4%E4%B8%AD%E8%8F%AF%E6%B0%91%E5%9C%8B%E6%94%BF%E5%BA%9C%E8%A1%8C%E6%94%BF%E6%A9%9F%E9%97%9C%E8%BE%A6%E5%85%AC%E6%97%A5%E6%9B%86%E8%A1%A8%281141020%E6%9B%B4%E6%96%B0%29.csv&nfix=
2025-12-22,Mon,1,0,0,0,0,0,0,,0,0,0,0,0,3,58,0,0,0,0,0,0,,0,0,0,0,0,0,0,0,,2025,https://www.dgpa.gov.tw/FileConversion?filename=dgpa%2Ffiles%2F202510%2Fb84cb88a-803c-4621-a843-d637b2775615.csv&name=114%E5%B9%B4%E4%B8%AD%E8%8F%AF%E6%B0%91%E5%9C%8B%E6%94%BF%E5%BA%9C%E8%A1%8C%E6%94%BF%E6%A9%9F%E9%97%9C%E8%BE%A6%E5%85%AC%E6%97%A5%E6%9B%86%E8%A1%A8%281141020%E6%9B%B4%E6%96%B0%29.csv&nfix=
2025-12-23,Tue,2,0,0,0,0,0,0,,0,0,0,0,0,2,59,0,0,0,1,0,0,,0,0,0,0,0,0,0,0,,2025,https://www.dgpa.gov.tw/FileConversion?filename=dgpa%2Ffiles%2F202510%2Fb84cb88a-803c-4621-a843-d637b2775615.csv&name=114%E5%B9%B4%E4%B8%AD%E8%8F%AF%E6%B0%91%E5%9C%8B%E6%94%BF%E5%BA%9C%E8%A1%8C%E6%94%BF%E6%A9%9F%E9%97%9C%E8%BE%A6%E5%85%AC%E6%97%A5%E6%9B%86%E8%A1%A8%281141020%E6%9B%B4%E6%96%B0%29.csv&nfix=
2025-12-24,Wed,3,0,0,0,0,0,0,,0,0,0,1,0,1,60,0,0,0,1,1,0,,0,0,0,0,0,0,0,0,,2025,https://www.dgpa.gov.tw/FileConversion?filename=dgpa%2Ffiles%2F202510%2Fb84cb88a-803c-4621-a843-d637b2775615.csv&name=114%E5%B9%B4%E4%B8%AD%E8%8F%AF%E6%B0%91%E5%9C%8B%E6%94%BF%E5%BA%9C%E8%A1%8C%E6%94%BF%E6%A9%9F%E9%97%9C%E8%BE%A6%E5%85%AC%E6%97%A5%E6%9B%86%E8%A1%A8%281141020%E6%9B%B4%E6%96%B0%29.csv&nfix=
2025-12-25,Thu,4,0,1,0,1,1,0,Constitution Day,0,0,0,0,0,0,0,0,0,1,1,0,0,HS-2025-12-25,1,1,1,1,0,0,0,0,行憲紀念日,2025,https://www.dgpa.gov.tw/FileConversion?filename=dgpa%2Ffiles%2F202510%2Fb84cb88a-803c-4621-a843-d637b2775615.csv&name=114%E5%B9%B4%E4%B8%AD%E8%8F%AF%E6%B0%91%E5%9C%8B%E6%94%BF%E5%BA%9C%E8%A1%8C%E6%94%BF%E6%A9%9F%E9%97%9C%E8%BE%A6%E5%85%AC%E6%97%A5%E6%9B%86%E8%A1%A8%281141020%E6%9B%B4%E6%96%B0%29.csv&nfix=
2025-12-26,Fri,5,0,0,0,0,0,0,,0,0,0,0,1,6,1,0,0,0,1,0,1,,0,0,0,0,0,0,0,0,,2025,https://www.dgpa.gov.tw/FileConversion?filename=dgpa%2Ffiles%2F202510%2Fb84cb88a-803c-4621-a843-d637b2775615.csv&name=114%E5%B9%B4%E4%B8%AD%E8%8F%AF%E6%B0%91%E5%9C%8B%E6%94%BF%E5%BA%9C%E8%A1%8C%E6%94%BF%E6%A9%9F%E9%97%9C%E8%BE%A6%E5%85%AC%E6%97%A5%E6%9B%86%E8%A1%A8%281141020%E6%9B%B4%E6%96%B0%29.csv&nfix=
2025-12-27,Sat,6,1,1,0,0,0,0,,0,0,0,0,0,5,2,0,0,0,1,0,0,,0,0,0,0,0,0,0,0,,2025,https://www.dgpa.gov.tw/FileConversion?filename=dgpa%2Ffiles%2F202510%2Fb84cb88a-803c-4621-a843-d637b2775615.csv&name=114%E5%B9%B4%E4%B8%AD%E8%8F%AF%E6%B0%91%E5%9C%8B%E6%94%BF%E5%BA%9C%E8%A1%8C%E6%94%BF%E6%A9%9F%E9%97%9C%E8%BE%A6%E5%85%AC%E6%97%A5%E6%9B%86%E8%A1%A8%281141020%E6%9B%B4%E6%96%B0%29.csv&nfix=
2025-12-28,Sun,7,1,1,0,0,0,0,,0,0,0,0,0,4,3,0,0,0,0,0,0,,0,0,0,0,0,0,0,0,,2025,https://www.dgpa.gov.tw/FileConversion?filename=dgpa%2Ffiles%2F202510%2Fb84cb88a-803c-4621-a843-d637b2775615.csv&name=114%E5%B9%B4%E4%B8%AD%E8%8F%AF%E6%B0%91%E5%9C%8B%E6%94%BF%E5%BA%9C%E8%A1%8C%E6%94%BF%E6%A9%9F%E9%97%9C%E8%BE%A6%E5%85%AC%E6%97%A5%E6%9B%86%E8%A1%A8%281141020%E6%9B%B4%E6%96%B0%29.csv&nfix=
2025-12-29,Mon,1,0,0,0,0,0,0,,0,0,0,0,0,3,4,0,0,0,0,0,0,,0,0,0,0,0,0,0,0,,2025,https://www.dgpa.gov.tw/FileConversion?filename=dgpa%2Ffiles%2F202510%2Fb84cb88a-803c-4621-a843-d637b2775615.csv&name=114%E5%B9%B4%E4%B8%AD%E8%8F%AF%E6%B0%91%E5%9C%8B%E6%94%BF%E5%BA%9C%E8%A1%8C%E6%94%BF%E6%A9%9F%E9%97%9C%E8%BE%A6%E5%85%AC%E6%97%A5%E6%9B%86%E8%A1%A8%281141020%E6%9B%B4%E6%96%B0%29.csv&nfix=
2025-12-30,Tue,2,0,0,0,0,0,0,,0,0,0,0,0,2,5,0,0,0,0,0,0,,0,0,0,0,0,0,0,0,,2025,https://www.dgpa.gov.tw/FileConversion?filename=dgpa%2Ffiles%2F202510%2Fb84cb88a-803c-4621-a843-d637b2775615.csv&name=114%E5%B9%B4%E4%B8%AD%E8%8F%AF%E6%B0%91%E5%9C%8B%E6%94%BF%E5%BA%9C%E8%A1%8C%E6%94%BF%E6%A9%9F%E9%97%9C%E8%BE%A6%E5%85%AC%E6%97%A5%E6%9B%86%E8%A1%A8%281141020%E6%9B%B4%E6%96%B0%29.csv&nfix=
2025-12-31,Wed,3,0,0,0,0,0,0,,0,0,0,1,0,1,6,0,1,0,0,1,0,,0,0,0,0,0,0,0,0,,2025,https://www.dgpa.gov.tw/FileConversion?filename=dgpa%2Ffiles%2F202510%2Fb84cb88a-803c-4621-a843-d637b2775615.csv&name=114%E5%B9%B4%E4%B8%AD%E8%8F%AF%E6%B0%91%E5%9C%8B%E6%94%BF%E5%BA%9C%E8%A1%8C%E6%94%BF%E6%A9%9F%E9%97%9C%E8%BE%A6%E5%85%AC%E6%97%A5%E6%9B%86%E8%A1%A8%281141020%E6%9B%B4%E6%96%B0%29.csv&nfix=
2026-01-01,Thu,4,0,1,0,1,1,0,New Year's Day,0,0,0,0,0,0,0,1,0,0,0,0,0,HS-2026-01-01,1,1,1,1,0,0,0,0,開國紀念日,2026,https://www.dgpa.gov.tw/FileConversion?filename=dgpa%2Ffiles%2F202506%2Fa52331bd-a189-466b-b0f0-cae3062bbf74.csv&name=115%E5%B9%B4%E4%B8%AD%E8%8F%AF%E6%B0%91%E5%9C%8B%E6%94%BF%E5%BA%9C%E8%A1%8C%E6%94%BF%E6%A9%9F%E9%97%9C%E8%BE%A6%E5%85%AC%E6%97%A5%E6%9B%86%E8%A1%A8.csv&nfix=
2026-01-02,Fri,5,0,0,0,0,0,0,,0,0,0,0,1,44,1,0,0,0,0,0,1,,0,0,0,0,0,0,0,0,,2026,https://www.dgpa.gov.tw/FileConversion?filename=dgpa%2Ffiles%2F202506%2Fa52331bd-a189-466b-b0f0-cae3062bbf74.csv&name=115%E5%B9%B4%E4%B8%AD%E8%8F%AF%E6%B0%91%E5%9C%8B%E6%94%BF%E5%BA%9C%E8%A1%8C%E6%94%BF%E6%A9%9F%E9%97%9C%E8%BE%A6%E5%85%AC%E6%97%A5%E6%9B%86%E8%A1%A8.csv&nfix=
2026-01-03,Sat,6,1,1,0,0,0,0,,0,0,0,0,0,43,2,0,0,0,0,0,0,,0,0,0,0,0,0,0,0,,2026,https://www.dgpa.gov.tw/FileConversion?filename=dgpa%2Ffiles%2F202506%2Fa52331bd-a189-466b-b0f0-cae3062bbf74.csv&name=115%E5%B9%B4%E4%B8%AD%E8%8F%AF%E6%B0%91%E5%9C%8B%E6%94%BF%E5%BA%9C%E8%A1%8C%E6%94%BF%E6%A9%9F%E9%97%9C%E8%BE%A6%E5%85%AC%E6%97%A5%E6%9B%86%E8%A1%A8.csv&nfix=
2026-01-04,Sun,7,1,1,0,0,0,0,,0,0,0,0,0,42,3,0,0,0,0,0,0,,0,0,0,0,0,0,0,0,,2026,https://www.dgpa.gov.tw/FileConversion?filename=dgpa%2Ffiles%2F202506%2Fa52331bd-a189-466b-b0f0-cae3062bbf74.csv&name=115%E5%B9%B4%E4%B8%AD%E8%8F%AF%E6%B0%91%E5%9C%8B%E6%94%BF%E5%BA%9C%E8%A1%8C%E6%94%BF%E6%A9%9F%E9%97%9C%E8%BE%A6%E5%85%AC%E6%97%A5%E6%9B%86%E8%A1%A8.csv&nfix=
2026-01-05,Mon,1,0,0,0,0,0,0,,0,0,0,0,0,41,4,0,0,0,0,0,0,,0,0,0,0,0,0,0,0,,2026,https://www.dgpa.gov.tw/FileConversion?filename=dgpa%2Ffiles%2F202506%2Fa52331bd-a189-466b-b0f0-cae3062bbf74.csv&name=115%E5%B9%B4%E4%B8%AD%E8%8F%AF%E6%B0%91%E5%9C%8B%E6%94%BF%E5%BA%9C%E8%A1%8C%E6%94%BF%E6%A9%9F%E9%97%9C%E8%BE%A6%E5%85%AC%E6%97%A5%E6%9B%86%E8%A1%A8.csv&nfix=
2026-01-06,Tue,2,0,0,0,0,0,0,,0,0,0,0,0,40,5,0,0,0,0,0,0,,0,0,0,0,0,0,0,0,,2026,https://www.dgpa.gov.tw/FileConversion?filename=dgpa%2Ffiles%2F202506%2Fa52331bd-a189-466b-b0f0-cae3062bbf74.csv&name=115%E5%B9%B4%E4%B8%AD%E8%8F%AF%E6%B0%91%E5%9C%8B%E6%94%BF%E5%BA%9C%E8%A1%8C%E6%94%BF%E6%A9%9F%E9%97%9C%E8%BE%A6%E5%85%AC%E6%97%A5%E6%9B%86%E8%A1%A8.csv&nfix=
2026-01-07,Wed,3,0,0,0,0,0,0,,0,0,0,0,0,39,6,0,0,0,0,0,0,,0,0,0,0,0,0,0,0,,2026,https://www.dgpa.gov.tw/FileConversion?filename=dgpa%2Ffiles%2F202506%2Fa52331bd-a189-466b-b0f0-cae3062bbf74.csv&name=115%E5%B9%B4%E4%B8%AD%E8%8F%AF%E6%B0%91%E5%9C%8B%E6%94%BF%E5%BA%9C%E8%A1%8C%E6%94%BF%E6%A9%9F%E9%97%9C%E8%BE%A6%E5%85%AC%E6%97%A5%E6%9B%86%E8%A1%A8.csv&nfix=
2026-01-08,Thu,4,0,0,0,0,0,0,,0,0,0,0,0,38,7,0,0,0,0,0,0,,0,0,0,0,0,0,0,0,,2026,https://www.dgpa.gov.tw/FileConversion?filename=dgpa%2Ffiles%2F202506%2Fa52331bd-a189-466b-b0f0-cae3062bbf74.csv&name=115%E5%B9%B4%E4%B8%AD%E8%8F%AF%E6%B0%91%E5%9C%8B%E6%94%BF%E5%BA%9C%E8%A1%8C%E6%94%BF%E6%A9%9F%E9%97%9C%E8%BE%A6%E5%85%AC%E6%97%A5%E6%9B%86%E8%A1%A8.csv&nfix=
2026-01-09,Fri,5,0,0,0,0,0,0,,0,0,0,0,0,37,8,0,0,0,0,0,0,,0,0,0,0,0,0,0,0,,2026,https://www.dgpa.gov.tw/FileConversion?filename=dgpa%2Ffiles%2F202506%2Fa52331bd-a189-466b-b0f0-cae3062bbf74.csv&name=115%E5%B9%B4%E4%B8%AD%E8%8F%AF%E6%B0%91%E5%9C%8B%E6%94%BF%E5%BA%9C%E8%A1%8C%E6%94%BF%E6%A9%9F%E9%97%9C%E8%BE%A6%E5%85%AC%E6%97%A5%E6%9B%86%E8%A1%A8.csv&nfix=
2026-01-10,Sat,6,1,1,0,0,0,0,,0,0,0,0,0,36,9,0,0,0,0,0,0,,0,0,0,0,0,0,0,0,,2026,https://www.dgpa.gov.tw/FileConversion?filename=dgpa%2Ffiles%2F202506%2Fa52331bd-a189-466b-b0f0-cae3062bbf74.csv&name=115%E5%B9%B4%E4%B8%AD%E8%8F%AF%E6%B0%91%E5%9C%8B%E6%94%BF%E5%BA%9C%E8%A1%8C%E6%94%BF%E6%A9%9F%E9%97%9C%E8%BE%A6%E5%85%AC%E6%97%A5%E6%9B%86%E8%A1%A8.csv&nfix=
2026-01-11,Sun,7,1,1,0,0,0,0,,0,0,0,0,0,35,10,0,0,0,0,0,0,,0,0,0,0,0,0,0,0,,2026,https://www.dgpa.gov.tw/FileConversion?filename=dgpa%2Ffiles%2F202506%2Fa52331bd-a189-466b-b0f0-cae3062bbf74.csv&name=115%E5%B9%B4%E4%B8%AD%E8%8F%AF%E6%B0%91%E5%9C%8B%E6%94%BF%E5%BA%9C%E8%A1%8C%E6%94%BF%E6%A9%9F%E9%97%9C%E8%BE%A6%E5%85%AC%E6%97%A5%E6%9B%86%E8%A1%A8.csv&nfix=
2026-01-12,Mon,1,0,0,0,0,0,0,,0,0,0,0,0,34,11,0,0,0,0,0,0,,0,0,0,0,0,0,0,0,,2026,https://www.dgpa.gov.tw/FileConversion?filename=dgpa%2Ffiles%2F202506%2Fa52331bd-a189-466b-b0f0-cae3062bbf74.csv&name=115%E5%B9%B4%E4%B8%AD%E8%8F%AF%E6%B0%91%E5%9C%8B%E6%94%BF%E5%BA%9C%E8%A1%8C%E6%94%BF%E6%A9%9F%E9%97%9C%E8%BE%A6%E5%85%AC%E6%97%A5%E6%9B%86%E8%A1%A8.csv&nfix=
2026-01-13,Tue,2,0,0,0,0,0,0,,0,0,0,0,0,33,12,0,0,0,0,0,0,,0,0,0,0,0,0,0,0,,2026,https://www.dgpa.gov.tw/FileConversion?filename=dgpa%2Ffiles%2F202506%2Fa52331bd-a189-466b-b0f0-cae3062bbf74.csv&name=115%E5%B9%B4%E4%B8%AD%E8%8F%AF%E6%B0%91%E5%9C%8B%E6%94%BF%E5%BA%9C%E8%A1%8C%E6%94%BF%E6%A9%9F%E9%97%9C%E8%BE%A6%E5%85%AC%E6%97%A5%E6%9B%86%E8%A1%A8.csv&nfix=
2026-01-14,Wed,3,0,0,0,0,0,0,,0,0,0,0,0,32,13,0,0,0,0,0,0,,0,0,0,0,0,0,0,0,,2026,https://www.dgpa.gov.tw/FileConversion?filename=dgpa%2Ffiles%2F202506%2Fa52331bd-a189-466b-b0f0-cae3062bbf74.csv&name=115%E5%B9%B4%E4%B8%AD%E8%8F%AF%E6%B0%91%E5%9C%8B%E6%94%BF%E5%BA%9C%E8%A1%8C%E6%94%BF%E6%A9%9F%E9%97%9C%E8%BE%A6%E5%85%AC%E6%97%A5%E6%9B%86%E8%A1%A8.csv&nfix=
2026-01-15,Thu,4,0,0,0,0,0,0,,0,0,0,0,0,31,14,0,0,0,0,0,0,,0,0,0,0,0,0,0,0,,2026,https://www.dgpa.gov.tw/FileConversion?filename=dgpa%2Ffiles%2F202506%2Fa52331bd-a189-466b-b0f0-cae3062bbf74.csv&name=115%E5%B9%B4%E4%B8%AD%E8%8F%AF%E6%B0%91%E5%9C%8B%E6%94%BF%E5%BA%9C%E8%A1%8C%E6%94%BF%E6%A9%9F%E9%97%9C%E8%BE%A6%E5%85%AC%E6%97%A5%E6%9B%86%E8%A1%A8.csv&nfix=
2026-01-16,Fri,5,0,0,0,0,0,0,,0,0,0,0,0,30,15,0,0,0,0,0,0,,0,0,0,0,0,0,0,0,,2026,https://www.dgpa.gov.tw/FileConversion?filename=dgpa%2Ffiles%2F202506%2Fa52331bd-a189-466b-b0f0-cae3062bbf74.csv&name=115%E5%B9%B4%E4%B8%AD%E8%8F%AF%E6%B0%91%E5%9C%8B%E6%94%BF%E5%BA%9C%E8%A1%8C%E6%94%BF%E6%A9%9F%E9%97%9C%E8%BE%A6%E5%85%AC%E6%97%A5%E6%9B%86%E8%A1%A8.csv&nfix=
2026-01-17,Sat,6,1,1,0,0,0,0,,0,0,0,0,0,29,16,0,0,0,0,0,0,,0,0,0,0,0,0,0,0,,2026,https://www.dgpa.gov.tw/FileConversion?filename=dgpa%2Ffiles%2F202506%2Fa52331bd-a189-466b-b0f0-cae3062bbf74.csv&name=115%E5%B9%B4%E4%B8%AD%E8%8F%AF%E6%B0%91%E5%9C%8B%E6%94%BF%E5%BA%9C%E8%A1%8C%E6%94%BF%E6%A9%9F%E9%97%9C%E8%BE%A6%E5%85%AC%E6%97%A5%E6%9B%86%E8%A1%A8.csv&nfix=
2026-01-18,Sun,7,1,1,0,0,0,0,,0,0,0,0,0,28,17,0,0,0,0,0,0,,0,0,0,0,0,0,0,0,,2026,https://www.dgpa.gov.tw/FileConversion?filename=dgpa%2Ffiles%2F202506%2Fa52331bd-a189-466b-b0f0-cae3062bbf74.csv&name=115%E5%B9%B4%E4%B8%AD%E8%8F%AF%E6%B0%91%E5%9C%8B%E6%94%BF%E5%BA%9C%E8%A1%8C%E6%94%BF%E6%A9%9F%E9%97%9C%E8%BE%A6%E5%85%AC%E6%97%A5%E6%9B%86%E8%A1%A8.csv&nfix=
2026-01-19,Mon,1,0,0,0,0,0,0,,0,0,0,0,0,27,18,0,0,0,0,0,0,,0,0,0,0,0,0,0,0,,2026,https://www.dgpa.gov.tw/FileConversion?filename=dgpa%2Ffiles%2F202506%2Fa52331bd-a189-466b-b0f0-cae3062bbf74.csv&name=115%E5%B9%B4%E4%B8%AD%E8%8F%AF%E6%B0%91%E5%9C%8B%E6%94%BF%E5%BA%9C%E8%A1%8C%E6%94%BF%E6%A9%9F%E9%97%9C%E8%BE%A6%E5%85%AC%E6%97%A5%E6%9B%86%E8%A1%A8.csv&nfix=
2026-01-20,Tue,2,0,0,0,0,0,0,,0,0,0,0,0,26,19,0,0,0,0,0,0,,0,0,0,0,0,0,0,0,,2026,https://www.dgpa.gov.tw/FileConversion?filename=dgpa%2Ffiles%2F202506%2Fa52331bd-a189-466b-b0f0-cae3062bbf74.csv&name=115%E5%B9%B4%E4%B8%AD%E8%8F%AF%E6%B0%91%E5%9C%8B%E6%94%BF%E5%BA%9C%E8%A1%8C%E6%94%BF%E6%A9%9F%E9%97%9C%E8%BE%A6%E5%85%AC%E6%97%A5%E6%9B%86%E8%A1%A8.csv&nfix=
2026-01-21,Wed,3,0,0,0,0,0,0,,0,0,0,0,0,25,20,0,0,0,0,0,0,,0,0,0,0,0,0,0,0,,2026,https://www.dgpa.gov.tw/FileConversion?filename=dgpa%2Ffiles%2F202506%2Fa52331bd-a189-466b-b0f0-cae3062bbf74.csv&name=115%E5%B9%B4%E4%B8%AD%E8%8F%AF%E6%B0%91%E5%9C%8B%E6%94%BF%E5%BA%9C%E8%A1%8C%E6%94%BF%E6%A9%9F%E9%97%9C%E8%BE%A6%E5%85%AC%E6%97%A5%E6%9B%86%E8%A1%A8.csv&nfix=
2026-01-22,Thu,4,0,0,0,0,0,0,,0,0,0,0,0,24,21,0,0,0,0,0,0,,0,0,0,0,0,0,0,0,,2026,https://www.dgpa.gov.tw/FileConversion?filename=dgpa%2Ffiles%2F202506%2Fa52331bd-a189-466b-b0f0-cae3062bbf74.csv&name=115%E5%B9%B4%E4%B8%AD%E8%8F%AF%E6%B0%91%E5%9C%8B%E6%94%BF%E5%BA%9C%E8%A1%8C%E6%94%BF%E6%A9%9F%E9%97%9C%E8%BE%A6%E5%85%AC%E6%97%A5%E6%9B%86%E8%A1%A8.csv&nfix=
2026-01-23,Fri,5,0,0,0,0,0,0,,0,0,0,0,0,23,22,0,0,0,1,0,0,,0,0,0,0,0,0,0,0,,2026,https://www.dgpa.gov.tw/FileConversion?filename=dgpa%2Ffiles%2F202506%2Fa52331bd-a189-466b-b0f0-cae3062bbf74.csv&name=115%E5%B9%B4%E4%B8%AD%E8%8F%AF%E6%B0%91%E5%9C%8B%E6%94%BF%E5%BA%9C%E8%A1%8C%E6%94%BF%E6%A9%9F%E9%97%9C%E8%BE%A6%E5%85%AC%E6%97%A5%E6%9B%86%E8%A1%A8.csv&nfix=
2026-01-24,Sat,6,1,1,0,0,0,0,,0,0,0,0,0,22,23,0,0,0,1,0,0,,0,0,0,0,0,0,0,0,,2026,https://www.dgpa.gov.tw/FileConversion?filename=dgpa%2Ffiles%2F202506%2Fa52331bd-a189-466b-b0f0-cae3062bbf74.csv&name=115%E5%B9%B4%E4%B8%AD%E8%8F%AF%E6%B0%91%E5%9C%8B%E6%94%BF%E5%BA%9C%E8%A1%8C%E6%94%BF%E6%A9%9F%E9%97%9C%E8%BE%A6%E5%85%AC%E6%97%A5%E6%9B%86%E8%A1%A8.csv&nfix=
2026-01-25,Sun,7,1,1,0,0,0,0,,0,0,0,0,0,21,24,0,0,1,1,0,0,,0,0,0,0,0,0,0,0,,2026,https://www.dgpa.gov.tw/FileConversion?filename=dgpa%2Ffiles%2F202506%2Fa52331bd-a189-466b-b0f0-cae3062bbf74.csv&name=115%E5%B9%B4%E4%B8%AD%E8%8F%AF%E6%B0%91%E5%9C%8B%E6%94%BF%E5%BA%9C%E8%A1%8C%E6%94%BF%E6%A9%9F%E9%97%9C%E8%BE%A6%E5%85%AC%E6%97%A5%E6%9B%86%E8%A1%A8.csv&nfix=
2026-01-26,Mon,1,0,0,0,0,0,0,,0,0,0,0,0,20,25,0,0,0,1,0,0,,0,0,0,0,0,0,0,0,,2026,https://www.dgpa.gov.tw/FileConversion?filename=dgpa%2Ffiles%2F202506%2Fa52331bd-a189-466b-b0f0-cae3062bbf74.csv&name=115%E5%B9%B4%E4%B8%AD%E8%8F%AF%E6%B0%91%E5%9C%8B%E6%94%BF%E5%BA%9C%E8%A1%8C%E6%94%BF%E6%A9%9F%E9%97%9C%E8%BE%A6%E5%85%AC%E6%97%A5%E6%9B%86%E8%A1%A8.csv&nfix=
2026-01-27,Tue,2,0,0,0,0,0,0,,0,0,0,0,0,19,26,0,0,0,1,0,0,,0,0,0,0,0,0,0,0,,2026,https://www.dgpa.gov.tw/FileConversion?filename=dgpa%2Ffiles%2F202506%2Fa52331bd-a189-466b-b0f0-cae3062bbf74.csv&name=115%E5%B9%B4%E4%B8%AD%E8%8F%AF%E6%B0%91%E5%9C%8B%E6%94%BF%E5%BA%9C%E8%A1%8C%E6%94%BF%E6%A9%9F%E9%97%9C%E8%BE%A6%E5%85%AC%E6%97%A5%E6%9B%86%E8%A1%A8.csv&nfix=
2026-01-28,Wed,3,0,0,0,0,0,0,,0,0,0,0,0,18,27,0,0,0,0,0,0,,0,0,0,0,0,0,0,0,,2026,https://www.dgpa.gov.tw/FileConversion?filename=dgpa%2Ffiles%2F202506%2Fa52331bd-a189-466b-b0f0-cae3062bbf74.csv&name=115%E5%B9%B4%E4%B8%AD%E8%8F%AF%E6%B0%91%E5%9C%8B%E6%94%BF%E5%BA%9C%E8%A1%8C%E6%94%BF%E6%A9%9F%E9%97%9C%E8%BE%A6%E5%85%AC%E6%97%A5%E6%9B%86%E8%A1%A8.csv&nfix=
2026-01-29,Thu,4,0,0,0,0,0,0,,0,0,0,0,0,17,28,0,0,0,0,0,0,,0,0,0,0,0,0,0,0,,2026,https://www.dgpa.gov.tw/FileConversion?filename=dgpa%2Ffiles%2F202506%2Fa52331bd-a189-466b-b0f0-cae3062bbf74.csv&name=115%E5%B9%B4%E4%B8%AD%E8%8F%AF%E6%B0%91%E5%9C%8B%E6%94%BF%E5%BA%9C%E8%A1%8C%E6%94%BF%E6%A9%9F%E9%97%9C%E8%BE%A6%E5%85%AC%E6%97%A5%E6%9B%86%E8%A1%A8.csv&nfix=
2026-01-30,Fri,5,0,0,0,0,0,0,,0,0,0,0,0,16,29,0,0,0,0,0,0,,0,0,0,0,0,0,0,0,,2026,https://www.dgpa.gov.tw/FileConversion?filename=dgpa%2Ffiles%2F202506%2Fa52331bd-a189-466b-b0f0-cae3062bbf74.csv&name=115%E5%B9%B4%E4%B8%AD%E8%8F%AF%E6%B0%91%E5%9C%8B%E6%94%BF%E5%BA%9C%E8%A1%8C%E6%94%BF%E6%A9%9F%E9%97%9C%E8%BE%A6%E5%85%AC%E6%97%A5%E6%9B%86%E8%A1%A8.csv&nfix=
2026-01-31,Sat,6,1,1,0,0,0,0,,0,0,0,0,0,15,30,0,1,0,0,0,0,,0,0,0,0,0,0,0,0,,2026,https://www.dgpa.gov.tw/FileConversion?filename=dgpa%2Ffiles%2F202506%2Fa52331bd-a189-466b-b0f0-cae3062bbf74.csv&name=115%E5%B9%B4%E4%B8%AD%E8%8F%AF%E6%B0%91%E5%9C%8B%E6%94%BF%E5%BA%9C%E8%A1%8C%E6%94%BF%E6%A9%9F%E9%97%9C%E8%BE%A6%E5%85%AC%E6%97%A5%E6%9B%86%E8%A1%A8.csv&nfix=
2026-02-01,Sun,7,1,1,0,0,0,0,,0,0,0,0,0,14,31,1,0,0,0,0,0,,0,0,0,0,0,0,0,0,,2026,https://www.dgpa.gov.tw/FileConversion?filename=dgpa%2Ffiles%2F202506%2Fa52331bd-a189-466b-b0f0-cae3062bbf74.csv&name=115%E5%B9%B4%E4%B8%AD%E8%8F%AF%E6%B0%91%E5%9C%8B%E6%94%BF%E5%BA%9C%E8%A1%8C%E6%94%BF%E6%A9%9F%E9%97%9C%E8%BE%A6%E5%85%AC%E6%97%A5%E6%9B%86%E8%A1%A8.csv&nfix=
2026-02-02,Mon,1,0,0,0,0,0,0,,0,0,0,0,0,13,32,0,0,0,0,0,0,,0,0,0,0,0,0,0,0,,2026,https://www.dgpa.gov.tw/FileConversion?filename=dgpa%2Ffiles%2F202506%2Fa52331bd-a189-466b-b0f0-cae3062bbf74.csv&name=115%E5%B9%B4%E4%B8%AD%E8%8F%AF%E6%B0%91%E5%9C%8B%E6%94%BF%E5%BA%9C%E8%A1%8C%E6%94%BF%E6%A9%9F%E9%97%9C%E8%BE%A6%E5%85%AC%E6%97%A5%E6%9B%86%E8%A1%A8.csv&nfix=
2026-02-03,Tue,2,0,0,0,0,0,0,,0,0,0,0,0,12,33,0,0,0,0,0,0,,0,0,0,0,0,0,0,0,,2026,https://www.dgpa.gov.tw/FileConversion?filename=dgpa%2Ffiles%2F202506%2Fa52331bd-a189-466b-b0f0-cae3062bbf74.csv&name=115%E5%B9%B4%E4%B8%AD%E8%8F%AF%E6%B0%91%E5%9C%8B%E6%94%BF%E5%BA%9C%E8%A1%8C%E6%94%BF%E6%A9%9F%E9%97%9C%E8%BE%A6%E5%85%AC%E6%97%A5%E6%9B%86%E8%A1%A8.csv&nfix=
2026-02-04,Wed,3,0,0,0,0,0,0,,0,0,0,0,0,11,34,0,0,0,0,0,0,,0,0,0,0,0,0,0,0,,2026,https://www.dgpa.gov.tw/FileConversion?filename=dgpa%2Ffiles%2F202506%2Fa52331bd-a189-466b-b0f0-cae3062bbf74.csv&name=115%E5%B9%B4%E4%B8%AD%E8%8F%AF%E6%B0%91%E5%9C%8B%E6%94%BF%E5%BA%9C%E8%A1%8C%E6%94%BF%E6%A9%9F%E9%97%9C%E8%BE%A6%E5%85%AC%E6%97%A5%E6%9B%86%E8%A1%A8.csv&nfix=
2026-02-05,Thu,4,0,0,0,0,0,0,,0,0,0,0,0,10,35,0,0,0,0,0,0,,0,0,0,0,0,0,0,0,,2026,https://www.dgpa.gov.tw/FileConversion?filename=dgpa%2Ffiles%2F202506%2Fa52331bd-a189-466b-b0f0-cae3062bbf74.csv&name=115%E5%B9%B4%E4%B8%AD%E8%8F%AF%E6%B0%91%E5%9C%8B%E6%94%BF%E5%BA%9C%E8%A1%8C%E6%94%BF%E6%A9%9F%E9%97%9C%E8%BE%A6%E5%85%AC%E6%97%A5%E6%9B%86%E8%A1%A8.csv&nfix=
2026-02-06,Fri,5,0,0,0,0,0,0,,0,0,0,0,0,9,36,0,0,0,0,0,0,,0,0,0,0,0,0,0,0,,2026,https://www.dgpa.gov.tw/FileConversion?filename=dgpa%2Ffiles%2F202506%2Fa52331bd-a189-466b-b0f0-cae3062bbf74.csv&name=115%E5%B9%B4%E4%B8%AD%E8%8F%AF%E6%B0%91%E5%9C%8B%E6%94%BF%E5%BA%9C%E8%A1%8C%E6%94%BF%E6%A9%9F%E9%97%9C%E8%BE%A6%E5%85%AC%E6%97%A5%E6%9B%86%E8%A1%A8.csv&nfix=
2026-02-07,Sat,6,1,1,0,0,0,0,,0,0,0,0,0,8,37,0,0,0,0,0,0,,0,0,0,0,0,0,0,0,,2026,https://www.dgpa.gov.tw/FileConversion?filename=dgpa%2Ffiles%2F202506%2Fa52331bd-a189-466b-b0f0-cae3062bbf74.csv&name=115%E5%B9%B4%E4%B8%AD%E8%8F%AF%E6%B0%91%E5%9C%8B%E6%94%BF%E5%BA%9C%E8%A1%8C%E6%94%BF%E6%A9%9F%E9%97%9C%E8%BE%A6%E5%85%AC%E6%97%A5%E6%9B%86%E8%A1%A8.csv&nfix=
2026-02-08,Sun,7,1,1,0,0,0,0,,0,0,0,0,0,7,38,0,0,0,0,0,0,,0,0,0,0,0,0,0,0,,2026,https://www.dgpa.gov.tw/FileConversion?filename=dgpa%2Ffiles%2F202506%2Fa52331bd-a189-466b-b0f0-cae3062bbf74.csv&name=115%E5%B9%B4%E4%B8%AD%E8%8F%AF%E6%B0%91%E5%9C%8B%E6%94%BF%E5%BA%9C%E8%A1%8C%E6%94%BF%E6%A9%9F%E9%97%9C%E8%BE%A6%E5%85%AC%E6%97%A5%E6%9B%86%E8%A1%A8.csv&nfix=
2026-02-09,Mon,1,0,0,0,0,0,0,,0,0,0,0,0,6,39,0,0,0,0,0,0,,0,0,0,0,0,0,0,0,,2026,https://www.dgpa.gov.tw/FileConversion?filename=dgpa%2Ffiles%2F202506%2Fa52331bd-a189-466b-b0f0-cae3062bbf74.csv&name=115%E5%B9%B4%E4%B8%AD%E8%8F%AF%E6%B0%91%E5%9C%8B%E6%94%BF%E5%BA%9C%E8%A1%8C%E6%94%BF%E6%A9%9F%E9%97%9C%E8%BE%A6%E5%85%AC%E6%97%A5%E6%9B%86%E8%A1%A8.csv&nfix=
2026-02-10,Tue,2,0,0,0,0,0,0,,0,0,0,0,0,5,40,0,0,0,0,0,0,,0,0,0,0,0,0,0,0,,2026,https://www.dgpa.gov.tw/FileConversion?filename=dgpa%2Ffiles%2F202506%2Fa52331bd-a189-466b-b0f0-cae3062bbf74.csv&name=115%E5%B9%B4%E4%B8%AD%E8%8F%AF%E6%B0%91%E5%9C%8B%E6%94%BF%E5%BA%9C%E8%A1%8C%E6%94%BF%E6%A9%9F%E9%97%9C%E8%BE%A6%E5%85%AC%E6%97%A5%E6%9B%86%E8%A1%A8.csv&nfix=
2026-02-11,Wed,3,0,0,0,0,0,0,,0,0,0,0,0,4,41,0,0,0,0,0,0,,0,0,0,0,0,0,0,0,,2026,https://www.dgpa.gov.tw/FileConversion?filename=dgpa%2Ffiles%2F202506%2Fa52331bd-a189-466b-b0f0-cae3062bbf74.csv&name=115%E5%B9%B4%E4%B8%AD%E8%8F%AF%E6%B0%91%E5%9C%8B%E6%94%BF%E5%BA%9C%E8%A1%8C%E6%94%BF%E6%A9%9F%E9%97%9C%E8%BE%A6%E5%85%AC%E6%97%A5%E6%9B%86%E8%A1%A8.csv&nfix=
2026-02-12,Thu,4,0,0,0,0,0,0,,0,0,0,0,0,3,42,0,0,0,0,0,0,,0,0,0,0,0,0,0,0,,2026,https://www.dgpa.gov.tw/FileConversion?filename=dgpa%2Ffiles%2F202506%2Fa52331bd-a189-466b-b0f0-cae3062bbf74.csv&name=115%E5%B9%B4%E4%B8%AD%E8%8F%AF%E6%B0%91%E5%9C%8B%E6%94%BF%E5%BA%9C%E8%A1%8C%E6%94%BF%E6%A9%9F%E9%97%9C%E8%BE%A6%E5%85%AC%E6%97%A5%E6%9B%86%E8%A1%A8.csv&nfix=
2026-02-13,Fri,5,0,0,0,0,0,0,,0,0,0,1,0,2,43,0,0,0,0,0,0,,0,0,0,0,0,0,1,0,,2026,https://www.dgpa.gov.tw/FileConversion?filename=dgpa%2Ffiles%2F202506%2Fa52331bd-a189-466b-b0f0-cae3062bbf74.csv&name=115%E5%B9%B4%E4%B8%AD%E8%8F%AF%E6%B0%91%E5%9C%8B%E6%94%BF%E5%BA%9C%E8%A1%8C%E6%94%BF%E6%A9%9F%E9%97%9C%E8%BE%A6%E5%85%AC%E6%97%A5%E6%9B%86%E8%A1%A8.csv&nfix=
2026-02-14,Sat,6,1,1,0,0,0,0,,1,1,9,0,0,1,44,0,0,0,0,1,0,HS-2026-02-14,1,9,1,0,1,0,0,0,,2026,https://www.dgpa.gov.tw/FileConversion?filename=dgpa%2Ffiles%2F202506%2Fa52331bd-a189-466b-b0f0-cae3062bbf74.csv&name=115%E5%B9%B4%E4%B8%AD%E8%8F%AF%E6%B0%91%E5%9C%8B%E6%94%BF%E5%BA%9C%E8%A1%8C%E6%94%BF%E6%A9%9F%E9%97%9C%E8%BE%A6%E5%85%AC%E6%97%A5%E6%9B%86%E8%A1%A8.csv&nfix=
2026-02-15,Sun,7,1,1,0,1,1,0,Lunar New Year Holiday (Little New Year's Eve),1,2,9,0,0,0,0,0,0,0,0,1,0,HS-2026-02-14,2,9,0,0,0,0,0,0,小年夜,2026,https://www.dgpa.gov.tw/FileConversion?filename=dgpa%2Ffiles%2F202506%2Fa52331bd-a189-466b-b0f0-cae3062bbf74.csv&name=115%E5%B9%B4%E4%B8%AD%E8%8F%AF%E6%B0%91%E5%9C%8B%E6%94%BF%E5%BA%9C%E8%A1%8C%E6%94%BF%E6%A9%9F%E9%97%9C%E8%BE%A6%E5%85%AC%E6%97%A5%E6%9B%86%E8%A1%A8.csv&nfix=
2026-02-16,Mon,1,0,1,0,1,1,0,Lunar New Year's Eve,1,3,9,0,0,0,0,0,0,0,0,1,1,HS-2026-02-14,3,9,0,0,0,0,0,0,農曆除夕,2026,https://www.dgpa.gov.tw/FileConversion?filename=dgpa%2Ffiles%2F202506%2Fa52331bd-a189-466b-b0f0-cae3062bbf74.csv&name=115%E5%B9%B4%E4%B8%AD%E8%8F%AF%E6%B0%91%E5%9C%8B%E6%94%BF%E5%BA%9C%E8%A1%8C%E6%94%BF%E6%A9%9F%E9%97%9C%E8%BE%A6%E5%85%AC%E6%97%A5%E6%9B%86%E8%A1%A8.csv&nfix=
2026-02-17,Tue,2,0,1,0,1,1,0,Lunar New Year,1,4,9,0,0,0,0,0,0,0,0,1,1,HS-2026-02-14,4,9,0,0,0,0,0,0,春節,2026,https://www.dgpa.gov.tw/FileConversion?filename=dgpa%2Ffiles%2F202506%2Fa52331bd-a189-466b-b0f0-cae3062bbf74.csv&name=115%E5%B9%B4%E4%B8%AD%E8%8F%AF%E6%B0%91%E5%9C%8B%E6%94%BF%E5%BA%9C%E8%A1%8C%E6%94%BF%E6%A9%9F%E9%97%9C%E8%BE%A6%E5%85%AC%E6%97%A5%E6%9B%86%E8%A1%A8.csv&nfix=
2026-02-18,Wed,3,0,1,0,1,1,0,Lunar New Year,1,5,9,0,0,0,0,0,0,0,0,1,1,HS-2026-02-14,5,9,0,0,0,0,0,0,春節,2026,https://www.dgpa.gov.tw/FileConversion?filename=dgpa%2Ffiles%2F202506%2Fa52331bd-a189-466b-b0f0-cae3062bbf74.csv&name=115%E5%B9%B4%E4%B8%AD%E8%8F%AF%E6%B0%91%E5%9C%8B%E6%94%BF%E5%BA%9C%E8%A1%8C%E6%94%BF%E6%A9%9F%E9%97%9C%E8%BE%A6%E5%85%AC%E6%97%A5%E6%9B%86%E8%A1%A8.csv&nfix=
2026-02-19,Thu,4,0,1,0,1,1,0,Lunar New Year,1,6,9,0,0,0,0,0,0,0,0,1,1,HS-2026-02-14,6,9,0,0,0,0,0,0,春節,2026,https://www.dgpa.gov.tw/FileConversion?filename=dgpa%2Ffiles%2F202506%2Fa52331bd-a189-466b-b0f0-cae3062bbf74.csv&name=115%E5%B9%B4%E4%B8%AD%E8%8F%AF%E6%B0%91%E5%9C%8B%E6%94%BF%E5%BA%9C%E8%A1%8C%E6%94%BF%E6%A9%9F%E9%97%9C%E8%BE%A6%E5%85%AC%E6%97%A5%E6%9B%86%E8%A1%A8.csv&nfix=
2026-02-20,Fri,5,0,1,0,1,0,1,Lunar New Year Holiday (Observed),1,7,9,0,0,0,0,0,0,0,0,0,1,HS-2026-02-14,7,9,0,0,0,0,0,0,補假,2026,https://www.dgpa.gov.tw/FileConversion?filename=dgpa%2Ffiles%2F202506%2Fa52331bd-a189-466b-b0f0-cae3062bbf74.csv&name=115%E5%B9%B4%E4%B8%AD%E8%8F%AF%E6%B0%91%E5%9C%8B%E6%94%BF%E5%BA%9C%E8%A1%8C%E6%94%BF%E6%A9%9F%E9%97%9C%E8%BE%A6%E5%85%AC%E6%97%A5%E6%9B%86%E8%A1%A8.csv&nfix=
2026-02-21,Sat,6,1,1,0,0,0,0,,1,8,9,0,0,6,1,0,0,0,0,0,1,HS-2026-02-14,8,9,0,0,0,0,0,0,,2026,https://www.dgpa.gov.tw/FileConversion?filename=dgpa%2Ffiles%2F202506%2Fa52331bd-a189-466b-b0f0-cae3062bbf74.csv&name=115%E5%B9%B4%E4%B8%AD%E8%8F%AF%E6%B0%91%E5%9C%8B%E6%94%BF%E5%BA%9C%E8%A1%8C%E6%94%BF%E6%A9%9F%E9%97%9C%E8%BE%A6%E5%85%AC%E6%97%A5%E6%9B%86%E8%A1%A8.csv&nfix=
2026-02-22,Sun,7,1,1,0,0,0,0,,1,9,9,0,0,5,2,0,0,0,0,0,0,HS-2026-02-14,9,9,0,1,0,1,0,0,,2026,https://www.dgpa.gov.tw/FileConversion?filename=dgpa%2Ffiles%2F202506%2Fa52331bd-a189-466b-b0f0-cae3062bbf74.csv&name=115%E5%B9%B4%E4%B8%AD%E8%8F%AF%E6%B0%91%E5%9C%8B%E6%94%BF%E5%BA%9C%E8%A1%8C%E6%94%BF%E6%A9%9F%E9%97%9C%E8%BE%A6%E5%85%AC%E6%97%A5%E6%9B%86%E8%A1%A8.csv&nfix=
2026-02-23,Mon,1,0,0,0,0,0,0,,0,0,0,0,1,4,3,0,0,0,1,0,0,,0,0,0,0,0,0,0,1,,2026,https://www.dgpa.gov.tw/FileConversion?filename=dgpa%2Ffiles%2F202506%2Fa52331bd-a189-466b-b0f0-cae3062bbf74.csv&name=115%E5%B9%B4%E4%B8%AD%E8%8F%AF%E6%B0%91%E5%9C%8B%E6%94%BF%E5%BA%9C%E8%A1%8C%E6%94%BF%E6%A9%9F%E9%97%9C%E8%BE%A6%E5%85%AC%E6%97%A5%E6%9B%86%E8%A1%A8.csv&nfix=
2026-02-24,Tue,2,0,0,0,0,0,0,,0,0,0,0,0,3,4,0,0,0,1,0,0,,0,0,0,0,0,0,0,0,,2026,https://www.dgpa.gov.tw/FileConversion?filename=dgpa%2Ffiles%2F202506%2Fa52331bd-a189-466b-b0f0-cae3062bbf74.csv&name=115%E5%B9%B4%E4%B8%AD%E8%8F%AF%E6%B0%91%E5%9C%8B%E6%94%BF%E5%BA%9C%E8%A1%8C%E6%94%BF%E6%A9%9F%E9%97%9C%E8%BE%A6%E5%85%AC%E6%97%A5%E6%9B%86%E8%A1%A8.csv&nfix=
2026-02-25,Wed,3,0,0,0,0,0,0,,0,0,0,0,0,2,5,0,0,1,1,0,0,,0,0,0,0,0,0,0,0,,2026,https://www.dgpa.gov.tw/FileConversion?filename=dgpa%2Ffiles%2F202506%2Fa52331bd-a189-466b-b0f0-cae3062bbf74.csv&name=115%E5%B9%B4%E4%B8%AD%E8%8F%AF%E6%B0%91%E5%9C%8B%E6%94%BF%E5%BA%9C%E8%A1%8C%E6%94%BF%E6%A9%9F%E9%97%9C%E8%BE%A6%E5%85%AC%E6%97%A5%E6%9B%86%E8%A1%A8.csv&nfix=
2026-02-26,Thu,4,0,0,0,0,0,0,,0,0,0,1,0,1,6,0,0,0,1,1,0,,0,0,0,0,0,0,1,0,,2026,https://www.dgpa.gov.tw/FileConversion?filename=dgpa%2Ffiles%2F202506%2Fa52331bd-a189-466b-b0f0-cae3062bbf74.csv&name=115%E5%B9%B4%E4%B8%AD%E8%8F%AF%E6%B0%91%E5%9C%8B%E6%94%BF%E5%BA%9C%E8%A1%8C%E6%94%BF%E6%A9%9F%E9%97%9C%E8%BE%A6%E5%85%AC%E6%97%A5%E6%9B%86%E8%A1%A8.csv&nfix=
2026-02-27,Fri,5,0,1,0,1,0,1,Peace Memorial Day (Observed),1,1,3,0,0,0,0,0,0,0,1,1,0,HS-2026-02-27,1,3,1,0,1,0,0,0,補假,2026,https://www.dgpa.gov.tw/FileConversion?filename=dgpa%2Ffiles%2F202506%2Fa52331bd-a189-466b-b0f0-cae3062bbf74.csv&name=115%E5%B9%B4%E4%B8%AD%E8%8F%AF%E6%B0%91%E5%9C%8B%E6%94%BF%E5%BA%9C%E8%A1%8C%E6%94%BF%E6%A9%9F%E9%97%9C%E8%BE%A6%E5%85%AC%E6%97%A5%E6%9B%86%E8%A1%A8.csv&nfix=
2026-02-28,Sat,6,1,1,0,1,1,0,Peace Memorial Day,1,2,3,0,0,0,0,0,1,0,0,0,1,HS-2026-02-27,2,3,0,0,0,0,0,0,和平紀念日,2026,https://www.dgpa.gov.tw/FileConversion?filename=dgpa%2Ffiles%2F202506%2Fa52331bd-a189-466b-b0f0-cae3062bbf74.csv&name=115%E5%B9%B4%E4%B8%AD%E8%8F%AF%E6%B0%91%E5%9C%8B%E6%94%BF%E5%BA%9C%E8%A1%8C%E6%94%BF%E6%A9%9F%E9%97%9C%E8%BE%A6%E5%85%AC%E6%97%A5%E6%9B%86%E8%A1%A8.csv&nfix=
2026-03-01,Sun,7,1,1,0,0,0,0,,1,3,3,0,0,33,1,1,0,0,0,0,1,HS-2026-02-27,3,3,0,1,0,1,0,0,,2026,https://www.dgpa.gov.tw/FileConversion?filename=dgpa%2Ffiles%2F202506%2Fa52331bd-a189-466b-b0f0-cae3062bbf74.csv&name=115%E5%B9%B4%E4%B8%AD%E8%8F%AF%E6%B0%91%E5%9C%8B%E6%94%BF%E5%BA%9C%E8%A1%8C%E6%94%BF%E6%A9%9F%E9%97%9C%E8%BE%A6%E5%85%AC%E6%97%A5%E6%9B%86%E8%A1%A8.csv&nfix=
2026-03-02,Mon,1,0,0,0,0,0,0,,0,0,0,0,1,32,2,0,0,0,0,0,0,,0,0,0,0,0,0,0,1,,2026,https://www.dgpa.gov.tw/FileConversion?filename=dgpa%2Ffiles%2F202506%2Fa52331bd-a189-466b-b0f0-cae3062bbf74.csv&name=115%E5%B9%B4%E4%B8%AD%E8%8F%AF%E6%B0%91%E5%9C%8B%E6%94%BF%E5%BA%9C%E8%A1%8C%E6%94%BF%E6%A9%9F%E9%97%9C%E8%BE%A6%E5%85%AC%E6%97%A5%E6%9B%86%E8%A1%A8.csv&nfix=
2026-03-03,Tue,2,0,0,0,0,0,0,,0,0,0,0,0,31,3,0,0,0,0,0,0,,0,0,0,0,0,0,0,0,,2026,https://www.dgpa.gov.tw/FileConversion?filename=dgpa%2Ffiles%2F202506%2Fa52331bd-a189-466b-b0f0-cae3062bbf74.csv&name=115%E5%B9%B4%E4%B8%AD%E8%8F%AF%E6%B0%91%E5%9C%8B%E6%94%BF%E5%BA%9C%E8%A1%8C%E6%94%BF%E6%A9%9F%E9%97%9C%E8%BE%A6%E5%85%AC%E6%97%A5%E6%9B%86%E8%A1%A8.csv&nfix=
2026-03-04,Wed,3,0,0,0,0,0,0,,0,0,0,0,0,30,4,0,0,0,0,0,0,,0,0,0,0,0,0,0,0,,2026,https://www.dgpa.gov.tw/FileConversion?filename=dgpa%2Ffiles%2F202506%2Fa52331bd-a189-466b-b0f0-cae3062bbf74.csv&name=115%E5%B9%B4%E4%B8%AD%E8%8F%AF%E6%B0%91%E5%9C%8B%E6%94%BF%E5%BA%9C%E8%A1%8C%E6%94%BF%E6%A9%9F%E9%97%9C%E8%BE%A6%E5%85%AC%E6%97%A5%E6%9B%86%E8%A1%A8.csv&nfix=
2026-03-05,Thu,4,0,0,0,0,0,0,,0,0,0,0,0,29,5,0,0,0,0,0,0,,0,0,0,0,0,0,0,0,,2026,https://www.dgpa.gov.tw/FileConversion?filename=dgpa%2Ffiles%2F202506%2Fa52331bd-a189-466b-b0f0-cae3062bbf74.csv&name=115%E5%B9%B4%E4%B8%AD%E8%8F%AF%E6%B0%91%E5%9C%8B%E6%94%BF%E5%BA%9C%E8%A1%8C%E6%94%BF%E6%A9%9F%E9%97%9C%E8%BE%A6%E5%85%AC%E6%97%A5%E6%9B%86%E8%A1%A8.csv&nfix=
2026-03-06,Fri,5,0,0,0,0,0,0,,0,0,0,0,0,28,6,0,0,0,0,0,0,,0,0,0,0,0,0,0,0,,2026,https://www.dgpa.gov.tw/FileConversion?filename=dgpa%2Ffiles%2F202506%2Fa52331bd-a189-466b-b0f0-cae3062bbf74.csv&name=115%E5%B9%B4%E4%B8%AD%E8%8F%AF%E6%B0%91%E5%9C%8B%E6%94%BF%E5%BA%9C%E8%A1%8C%E6%94%BF%E6%A9%9F%E9%97%9C%E8%BE%A6%E5%85%AC%E6%97%A5%E6%9B%86%E8%A1%A8.csv&nfix=
2026-03-07,Sat,6,1,1,0,0,0,0,,0,0,0,0,0,27,7,0,0,0,0,0,0,,0,0,0,0,0,0,0,0,,2026,https://www.dgpa.gov.tw/FileConversion?filename=dgpa%2Ffiles%2F202506%2Fa52331bd-a189-466b-b0f0-cae3062bbf74.csv&name=115%E5%B9%B4%E4%B8%AD%E8%8F%AF%E6%B0%91%E5%9C%8B%E6%94%BF%E5%BA%9C%E8%A1%8C%E6%94%BF%E6%A9%9F%E9%97%9C%E8%BE%A6%E5%85%AC%E6%97%A5%E6%9B%86%E8%A1%A8.csv&nfix=
2026-03-08,Sun,7,1,1,0,0,0,0,,0,0,0,0,0,26,8,0,0,0,0,0,0,,0,0,0,0,0,0,0,0,,2026,https://www.dgpa.gov.tw/FileConversion?filename=dgpa%2Ffiles%2F202506%2Fa52331bd-a189-466b-b0f0-cae3062bbf74.csv&name=115%E5%B9%B4%E4%B8%AD%E8%8F%AF%E6%B0%91%E5%9C%8B%E6%94%BF%E5%BA%9C%E8%A1%8C%E6%94%BF%E6%A9%9F%E9%97%9C%E8%BE%A6%E5%85%AC%E6%97%A5%E6%9B%86%E8%A1%A8.csv&nfix=
2026-03-09,Mon,1,0,0,0,0,0,0,,0,0,0,0,0,25,9,0,0,0,0,0,0,,0,0,0,0,0,0,0,0,,2026,https://www.dgpa.gov.tw/FileConversion?filename=dgpa%2Ffiles%2F202506%2Fa52331bd-a189-466b-b0f0-cae3062bbf74.csv&name=115%E5%B9%B4%E4%B8%AD%E8%8F%AF%E6%B0%91%E5%9C%8B%E6%94%BF%E5%BA%9C%E8%A1%8C%E6%94%BF%E6%A9%9F%E9%97%9C%E8%BE%A6%E5%85%AC%E6%97%A5%E6%9B%86%E8%A1%A8.csv&nfix=
2026-03-10,Tue,2,0,0,0,0,0,0,,0,0,0,0,0,24,10,0,0,0,0,0,0,,0,0,0,0,0,0,0,0,,2026,https://www.dgpa.gov.tw/FileConversion?filename=dgpa%2Ffiles%2F202506%2Fa52331bd-a189-466b-b0f0-cae3062bbf74.csv&name=115%E5%B9%B4%E4%B8%AD%E8%8F%AF%E6%B0%91%E5%9C%8B%E6%94%BF%E5%BA%9C%E8%A1%8C%E6%94%BF%E6%A9%9F%E9%97%9C%E8%BE%A6%E5%85%AC%E6%97%A5%E6%9B%86%E8%A1%A8.csv&nfix=
2026-03-11,Wed,3,0,0,0,0,0,0,,0,0,0,0,0,23,11,0,0,0,0,0,0,,0,0,0,0,0,0,0,0,,2026,https://www.dgpa.gov.tw/FileConversion?filename=dgpa%2Ffiles%2F202506%2Fa52331bd-a189-466b-b0f0-cae3062bbf74.csv&name=115%E5%B9%B4%E4%B8%AD%E8%8F%AF%E6%B0%91%E5%9C%8B%E6%94%BF%E5%BA%9C%E8%A1%8C%E6%94%BF%E6%A9%9F%E9%97%9C%E8%BE%A6%E5%85%AC%E6%97%A5%E6%9B%86%E8%A1%A8.csv&nfix=
2026-03-12,Thu,4,0,0,0,0,0,0,,0,0,0,0,0,22,12,0,0,0,0,0,0,,0,0,0,0,0,0,0,0,,2026,https://www.dgpa.gov.tw/FileConversion?filename=dgpa%2Ffiles%2F202506%2Fa52331bd-a189-466b-b0f0-cae3062bbf74.csv&name=115%E5%B9%B4%E4%B8%AD%E8%8F%AF%E6%B0%91%E5%9C%8B%E6%94%BF%E5%BA%9C%E8%A1%8C%E6%94%BF%E6%A9%9F%E9%97%9C%E8%BE%A6%E5%85%AC%E6%97%A5%E6%9B%86%E8%A1%A8.csv&nfix=
2026-03-13,Fri,5,0,0,0,0,0,0,,0,0,0,0,0,21,13,0,0,0,0,0,0,,0,0,0,0,0,0,0,0,,2026,https://www.dgpa.gov.tw/FileConversion?filename=dgpa%2Ffiles%2F202506%2Fa52331bd-a189-466b-b0f0-cae3062bbf74.csv&name=115%E5%B9%B4%E4%B8%AD%E8%8F%AF%E6%B0%91%E5%9C%8B%E6%94%BF%E5%BA%9C%E8%A1%8C%E6%94%BF%E6%A9%9F%E9%97%9C%E8%BE%A6%E5%85%AC%E6%97%A5%E6%9B%86%E8%A1%A8.csv&nfix=
2026-03-14,Sat,6,1,1,0,0,0,0,,0,0,0,0,0,20,14,0,0,0,0,0,0,,0,0,0,0,0,0,0,0,,2026,https://www.dgpa.gov.tw/FileConversion?filename=dgpa%2Ffiles%2F202506%2Fa52331bd-a189-466b-b0f0-cae3062bbf74.csv&name=115%E5%B9%B4%E4%B8%AD%E8%8F%AF%E6%B0%91%E5%9C%8B%E6%94%BF%E5%BA%9C%E8%A1%8C%E6%94%BF%E6%A9%9F%E9%97%9C%E8%BE%A6%E5%85%AC%E6%97%A5%E6%9B%86%E8%A1%A8.csv&nfix=
2026-03-15,Sun,7,1,1,0,0,0,0,,0,0,0,0,0,19,15,0,0,0,0,0,0,,0,0,0,0,0,0,0,0,,2026,https://www.dgpa.gov.tw/FileConversion?filename=dgpa%2Ffiles%2F202506%2Fa52331bd-a189-466b-b0f0-cae3062bbf74.csv&name=115%E5%B9%B4%E4%B8%AD%E8%8F%AF%E6%B0%91%E5%9C%8B%E6%94%BF%E5%BA%9C%E8%A1%8C%E6%94%BF%E6%A9%9F%E9%97%9C%E8%BE%A6%E5%85%AC%E6%97%A5%E6%9B%86%E8%A1%A8.csv&nfix=
2026-03-16,Mon,1,0,0,0,0,0,0,,0,0,0,0,0,18,16,0,0,0,0,0,0,,0,0,0,0,0,0,0,0,,2026,https://www.dgpa.gov.tw/FileConversion?filename=dgpa%2Ffiles%2F202506%2Fa52331bd-a189-466b-b0f0-cae3062bbf74.csv&name=115%E5%B9%B4%E4%B8%AD%E8%8F%AF%E6%B0%91%E5%9C%8B%E6%94%BF%E5%BA%9C%E8%A1%8C%E6%94%BF%E6%A9%9F%E9%97%9C%E8%BE%A6%E5%85%AC%E6%97%A5%E6%9B%86%E8%A1%A8.csv&nfix=
2026-03-17,Tue,2,0,0,0,0,0,0,,0,0,0,0,0,17,17,0,0,0,0,0,0,,0,0,0,0,0,0,0,0,,2026,https://www.dgpa.gov.tw/FileConversion?filename=dgpa%2Ffiles%2F202506%2Fa52331bd-a189-466b-b0f0-cae3062bbf74.csv&name=115%E5%B9%B4%E4%B8%AD%E8%8F%AF%E6%B0%91%E5%9C%8B%E6%94%BF%E5%BA%9C%E8%A1%8C%E6%94%BF%E6%A9%9F%E9%97%9C%E8%BE%A6%E5%85%AC%E6%97%A5%E6%9B%86%E8%A1%A8.csv&nfix=
2026-03-18,Wed,3,0,0,0,0,0,0,,0,0,0,0,0,16,18,0,0,0,0,0,0,,0,0,0,0,0,0,0,0,,2026,https://www.dgpa.gov.tw/FileConversion?filename=dgpa%2Ffiles%2F202506%2Fa52331bd-a189-466b-b0f0-cae3062bbf74.csv&name=115%E5%B9%B4%E4%B8%AD%E8%8F%AF%E6%B0%91%E5%9C%8B%E6%94%BF%E5%BA%9C%E8%A1%8C%E6%94%BF%E6%A9%9F%E9%97%9C%E8%BE%A6%E5%85%AC%E6%97%A5%E6%9B%86%E8%A1%A8.csv&nfix=
2026-03-19,Thu,4,0,0,0,0,0,0,,0,0,0,0,0,15,19,0,0,0,0,0,0,,0,0,0,0,0,0,0,0,,2026,https://www.dgpa.gov.tw/FileConversion?filename=dgpa%2Ffiles%2F202506%2Fa52331bd-a189-466b-b0f0-cae3062bbf74.csv&name=115%E5%B9%B4%E4%B8%AD%E8%8F%AF%E6%B0%91%E5%9C%8B%E6%94%BF%E5%BA%9C%E8%A1%8C%E6%94%BF%E6%A9%9F%E9%97%9C%E8%BE%A6%E5%85%AC%E6%97%A5%E6%9B%86%E8%A1%A8.csv&nfix=
2026-03-20,Fri,5,0,0,0,0,0,0,,0,0,0,0,0,14,20,0,0,0,0,0,0,,0,0,0,0,0,0,0,0,,2026,https://www.dgpa.gov.tw/FileConversion?filename=dgpa%2Ffiles%2F202506%2Fa52331bd-a189-466b-b0f0-cae3062bbf74.csv&name=115%E5%B9%B4%E4%B8%AD%E8%8F%AF%E6%B0%91%E5%9C%8B%E6%94%BF%E5%BA%9C%E8%A1%8C%E6%94%BF%E6%A9%9F%E9%97%9C%E8%BE%A6%E5%85%AC%E6%97%A5%E6%9B%86%E8%A1%A8.csv&nfix=
2026-03-21,Sat,6,1,1,0,0,0,0,,0,0,0,0,0,13,21,0,0,0,0,0,0,,0,0,0,0,0,0,0,0,,2026,https://www.dgpa.gov.tw/FileConversion?filename=dgpa%2Ffiles%2F202506%2Fa52331bd-a189-466b-b0f0-cae3062bbf74.csv&name=115%E5%B9%B4%E4%B8%AD%E8%8F%AF%E6%B0%91%E5%9C%8B%E6%94%BF%E5%BA%9C%E8%A1%8C%E6%94%BF%E6%A9%9F%E9%97%9C%E8%BE%A6%E5%85%AC%E6%97%A5%E6%9B%86%E8%A1%A8.csv&nfix=
2026-03-22,Sun,7,1,1,0,0,0,0,,0,0,0,0,0,12,22,0,0,0,0,0,0,,0,0,0,0,0,0,0,0,,2026,https://www.dgpa.gov.tw/FileConversion?filename=dgpa%2Ffiles%2F202506%2Fa52331bd-a189-466b-b0f0-cae3062bbf74.csv&name=115%E5%B9%B4%E4%B8%AD%E8%8F%AF%E6%B0%91%E5%9C%8B%E6%94%BF%E5%BA%9C%E8%A1%8C%E6%94%BF%E6%A9%9F%E9%97%9C%E8%BE%A6%E5%85%AC%E6%97%A5%E6%9B%86%E8%A1%A8.csv&nfix=
2026-03-23,Mon,1,0,0,0,0,0,0,,0,0,0,0,0,11,23,0,0,0,1,0,0,,0,0,0,0,0,0,0,0,,2026,https://www.dgpa.gov.tw/FileConversion?filename=dgpa%2Ffiles%2F202506%2Fa52331bd-a189-466b-b0f0-cae3062bbf74.csv&name=115%E5%B9%B4%E4%B8%AD%E8%8F%AF%E6%B0%91%E5%9C%8B%E6%94%BF%E5%BA%9C%E8%A1%8C%E6%94%BF%E6%A9%9F%E9%97%9C%E8%BE%A6%E5%85%AC%E6%97%A5%E6%9B%86%E8%A1%A8.csv&nfix=
2026-03-24,Tue,2,0,0,0,0,0,0,,0,0,0,0,0,10,24,0,0,0,1,0,0,,0,0,0,0,0,0,0,0,,2026,https://www.dgpa.gov.tw/FileConversion?filename=dgpa%2Ffiles%2F202506%2Fa52331bd-a189-466b-b0f0-cae3062bbf74.csv&name=115%E5%B9%B4%E4%B8%AD%E8%8F%AF%E6%B0%91%E5%9C%8B%E6%94%BF%E5%BA%9C%E8%A1%8C%E6%94%BF%E6%A9%9F%E9%97%9C%E8%BE%A6%E5%85%AC%E6%97%A5%E6%9B%86%E8%A1%A8.csv&nfix=
2026-03-25,Wed,3,0,0,0,0,0,0,,0,0,0,0,0,9,25,0,0,1,1,0,0,,0,0,0,0,0,0,0,0,,2026,https://www.dgpa.gov.tw/FileConversion?filename=dgpa%2Ffiles%2F202506%2Fa52331bd-a189-466b-b0f0-cae3062bbf74.csv&name=115%E5%B9%B4%E4%B8%AD%E8%8F%AF%E6%B0%91%E5%9C%8B%E6%94%BF%E5%BA%9C%E8%A1%8C%E6%94%BF%E6%A9%9F%E9%97%9C%E8%BE%A6%E5%85%AC%E6%97%A5%E6%9B%86%E8%A1%A8.csv&nfix=
2026-03-26,Thu,4,0,0,0,0,0,0,,0,0,0,0,0,8,26,0,0,0,1,0,0,,0,0,0,0,0,0,0,0,,2026,https://www.dgpa.gov.tw/FileConversion?filename=dgpa%2Ffiles%2F202506%2Fa52331bd-a189-466b-b0f0-cae3062bbf74.csv&name=115%E5%B9%B4%E4%B8%AD%E8%8F%AF%E6%B0%91%E5%9C%8B%E6%94%BF%E5%BA%9C%E8%A1%8C%E6%94%BF%E6%A9%9F%E9%97%9C%E8%BE%A6%E5%85%AC%E6%97%A5%E6%9B%86%E8%A1%A8.csv&nfix=
2026-03-27,Fri,5,0,0,0,0,0,0,,0,0,0,0,0,7,27,0,0,0,1,0,0,,0,0,0,0,0,0,0,0,,2026,https://www.dgpa.gov.tw/FileConversion?filename=dgpa%2Ffiles%2F202506%2Fa52331bd-a189-466b-b0f0-cae3062bbf74.csv&name=115%E5%B9%B4%E4%B8%AD%E8%8F%AF%E6%B0%91%E5%9C%8B%E6%94%BF%E5%BA%9C%E8%A1%8C%E6%94%BF%E6%A9%9F%E9%97%9C%E8%BE%A6%E5%85%AC%E6%97%A5%E6%9B%86%E8%A1%A8.csv&nfix=
2026-03-28,Sat,6,1,1,0,0,0,0,,0,0,0,0,0,6,28,0,0,0,0,0,0,,0,0,0,0,0,0,0,0,,2026,https://www.dgpa.gov.tw/FileConversion?filename=dgpa%2Ffiles%2F202506%2Fa52331bd-a189-466b-b0f0-cae3062bbf74.csv&name=115%E5%B9%B4%E4%B8%AD%E8%8F%AF%E6%B0%91%E5%9C%8B%E6%94%BF%E5%BA%9C%E8%A1%8C%E6%94%BF%E6%A9%9F%E9%97%9C%E8%BE%A6%E5%85%AC%E6%97%A5%E6%9B%86%E8%A1%A8.csv&nfix=
2026-03-29,Sun,7,1,1,0,0,0,0,,0,0,0,0,0,5,29,0,0,0,0,0,0,,0,0,0,0,0,0,0,0,,2026,https://www.dgpa.gov.tw/FileConversion?filename=dgpa%2Ffiles%2F202506%2Fa52331bd-a189-466b-b0f0-cae3062bbf74.csv&name=115%E5%B9%B4%E4%B8%AD%E8%8F%AF%E6%B0%91%E5%9C%8B%E6%94%BF%E5%BA%9C%E8%A1%8C%E6%94%BF%E6%A9%9F%E9%97%9C%E8%BE%A6%E5%85%AC%E6%97%A5%E6%9B%86%E8%A1%A8.csv&nfix=
2026-03-30,Mon,1,0,0,0,0,0,0,,0,0,0,0,0,4,30,0,0,0,0,0,0,,0,0,0,0,0,0,0,0,,2026,https://www.dgpa.gov.tw/FileConversion?filename=dgpa%2Ffiles%2F202506%2Fa52331bd-a189-466b-b0f0-cae3062bbf74.csv&name=115%E5%B9%B4%E4%B8%AD%E8%8F%AF%E6%B0%91%E5%9C%8B%E6%94%BF%E5%BA%9C%E8%A1%8C%E6%94%BF%E6%A9%9F%E9%97%9C%E8%BE%A6%E5%85%AC%E6%97%A5%E6%9B%86%E8%A1%A8.csv&nfix=
2026-03-31,Tue,2,0,0,0,0,0,0,,0,0,0,0,0,3,31,0,1,0,0,0,0,,0,0,0,0,0,0,0,0,,2026,https://www.dgpa.gov.tw/FileConversion?filename=dgpa%2Ffiles%2F202506%2Fa52331bd-a189-466b-b0f0-cae3062bbf74.csv&name=115%E5%B9%B4%E4%B8%AD%E8%8F%AF%E6%B0%91%E5%9C%8B%E6%94%BF%E5%BA%9C%E8%A1%8C%E6%94%BF%E6%A9%9F%E9%97%9C%E8%BE%A6%E5%85%AC%E6%97%A5%E6%9B%86%E8%A1%A8.csv&nfix=
2026-04-01,Wed,3,0,0,0,0,0,0,,0,0,0,0,0,2,32,1,0,0,0,0,0,,0,0,0,0,0,0,0,0,,2026,https://www.dgpa.gov.tw/FileConversion?filename=dgpa%2Ffiles%2F202506%2Fa52331bd-a189-466b-b0f0-cae3062bbf74.csv&name=115%E5%B9%B4%E4%B8%AD%E8%8F%AF%E6%B0%91%E5%9C%8B%E6%94%BF%E5%BA%9C%E8%A1%8C%E6%94%BF%E6%A9%9F%E9%97%9C%E8%BE%A6%E5%85%AC%E6%97%A5%E6%9B%86%E8%A1%A8.csv&nfix=
2026-04-02,Thu,4,0,0,0,0,0,0,,0,0,0,1,0,1,33,0,0,0,0,1,0,,0,0,0,0,0,0,1,0,,2026,https://www.dgpa.gov.tw/FileConversion?filename=dgpa%2Ffiles%2F202506%2Fa52331bd-a189-466b-b0f0-cae3062bbf74.csv&name=115%E5%B9%B4%E4%B8%AD%E8%8F%AF%E6%B0%91%E5%9C%8B%E6%94%BF%E5%BA%9C%E8%A1%8C%E6%94%BF%E6%A9%9F%E9%97%9C%E8%BE%A6%E5%85%AC%E6%97%A5%E6%9B%86%E8%A1%A8.csv&nfix=
2026-04-03,Fri,5,0,1,0,1,0,1,Children's Day (Observed),1,1,4,0,0,0,0,0,0,0,0,1,0,HS-2026-04-03,1,4,1,0,1,0,0,0,補假,2026,https://www.dgpa.gov.tw/FileConversion?filename=dgpa%2Ffiles%2F202506%2Fa52331bd-a189-466b-b0f0-cae3062bbf74.csv&name=115%E5%B9%B4%E4%B8%AD%E8%8F%AF%E6%B0%91%E5%9C%8B%E6%94%BF%E5%BA%9C%E8%A1%8C%E6%94%BF%E6%A9%9F%E9%97%9C%E8%BE%A6%E5%85%AC%E6%97%A5%E6%9B%86%E8%A1%A8.csv&nfix=
2026-04-04,Sat,6,1,1,0,1,1,0,Children's Day,1,2,4,0,0,0,0,0,0,0,0,1,1,HS-2026-04-03,2,4,0,0,0,0,0,0,兒童節,2026,https://www.dgpa.gov.tw/FileConversion?filename=dgpa%2Ffiles%2F202506%2Fa52331bd-a189-466b-b0f0-cae3062bbf74.csv&name=115%E5%B9%B4%E4%B8%AD%E8%8F%AF%E6%B0%91%E5%9C%8B%E6%94%BF%E5%BA%9C%E8%A1%8C%E6%94%BF%E6%A9%9F%E9%97%9C%E8%BE%A6%E5%85%AC%E6%97%A5%E6%9B%86%E8%A1%A8.csv&nfix=
2026-04-05,Sun,7,1,1,0,1,1,0,Tomb Sweeping Day,1,3,4,0,0,0,0,0,0,0,0,1,1,HS-2026-04-03,3,4,0,0,0,0,0,0,清明節,2026,https://www.dgpa.gov.tw/FileConversion?filename=dgpa%2Ffiles%2F202506%2Fa52331bd-a189-466b-b0f0-cae3062bbf74.csv&name=115%E5%B9%B4%E4%B8%AD%E8%8F%AF%E6%B0%91%E5%9C%8B%E6%94%BF%E5%BA%9C%E8%A1%8C%E6%94%BF%E6%A9%9F%E9%97%9C%E8%BE%A6%E5%85%AC%E6%97%A5%E6%9B%86%E8%A1%A8.csv&nfix=
2026-04-06,Mon,1,0,1,0,1,0,1,Tomb Sweeping Day (Observed),1,4,4,0,0,0,0,0,0,0,0,0,1,HS-2026-04-03,4,4,0,1,0,1,0,0,補假,2026,https://www.dgpa.gov.tw/FileConversion?filename=dgpa%2Ffiles%2F202506%2Fa52331bd-a189-466b-b0f0-cae3062bbf74.csv&name=115%E5%B9%B4%E4%B8%AD%E8%8F%AF%E6%B0%91%E5%9C%8B%E6%94%BF%E5%BA%9C%E8%A1%8C%E6%94%BF%E6%A9%9F%E9%97%9C%E8%BE%A6%E5%85%AC%E6%97%A5%E6%9B%86%E8%A1%A8.csv&nfix=
2026-04-07,Tue,2,0,0,0,0,0,0,,0,0,0,0,1,24,1,0,0,0,0,0,1,,0,0,0,0,0,0,0,1,,2026,https://www.dgpa.gov.tw/FileConversion?filename=dgpa%2Ffiles%2F202506%2Fa52331bd-a189-466b-b0f0-cae3062bbf74.csv&name=115%E5%B9%B4%E4%B8%AD%E8%8F%AF%E6%B0%91%E5%9C%8B%E6%94%BF%E5%BA%9C%E8%A1%8C%E6%94%BF%E6%A9%9F%E9%97%9C%E8%BE%A6%E5%85%AC%E6%97%A5%E6%9B%86%E8%A1%A8.csv&nfix=
2026-04-08,Wed,3,0,0,0,0,0,0,,0,0,0,0,0,23,2,0,0,0,0,0,0,,0,0,0,0,0,0,0,0,,2026,https://www.dgpa.gov.tw/FileConversion?filename=dgpa%2Ffiles%2F202506%2Fa52331bd-a189-466b-b0f0-cae3062bbf74.csv&name=115%E5%B9%B4%E4%B8%AD%E8%8F%AF%E6%B0%91%E5%9C%8B%E6%94%BF%E5%BA%9C%E8%A1%8C%E6%94%BF%E6%A9%9F%E9%97%9C%E8%BE%A6%E5%85%AC%E6%97%A5%E6%9B%86%E8%A1%A8.csv&nfix=
2026-04-09,Thu,4,0,0,0,0,0,0,,0,0,0,0,0,22,3,0,0,0,0,0,0,,0,0,0,0,0,0,0,0,,2026,https://www.dgpa.gov.tw/FileConversion?filename=dgpa%2Ffiles%2F202506%2Fa52331bd-a189-466b-b0f0-cae3062bbf74.csv&name=115%E5%B9%B4%E4%B8%AD%E8%8F%AF%E6%B0%91%E5%9C%8B%E6%94%BF%E5%BA%9C%E8%A1%8C%E6%94%BF%E6%A9%9F%E9%97%9C%E8%BE%A6%E5%85%AC%E6%97%A5%E6%9B%86%E8%A1%A8.csv&nfix=
2026-04-10,Fri,5,0,0,0,0,0,0,,0,0,0,0,0,21,4,0,0,0,0,0,0,,0,0,0,0,0,0,0,0,,2026,https://www.dgpa.gov.tw/FileConversion?filename=dgpa%2Ffiles%2F202506%2Fa52331bd-a189-466b-b0f0-cae3062bbf74.csv&name=115%E5%B9%B4%E4%B8%AD%E8%8F%AF%E6%B0%91%E5%9C%8B%E6%94%BF%E5%BA%9C%E8%A1%8C%E6%94%BF%E6%A9%9F%E9%97%9C%E8%BE%A6%E5%85%AC%E6%97%A5%E6%9B%86%E8%A1%A8.csv&nfix=
2026-04-11,Sat,6,1,1,0,0,0,0,,0,0,0,0,0,20,5,0,0,0,0,0,0,,0,0,0,0,0,0,0,0,,2026,https://www.dgpa.gov.tw/FileConversion?filename=dgpa%2Ffiles%2F202506%2Fa52331bd-a189-466b-b0f0-cae3062bbf74.csv&name=115%E5%B9%B4%E4%B8%AD%E8%8F%AF%E6%B0%91%E5%9C%8B%E6%94%BF%E5%BA%9C%E8%A1%8C%E6%94%BF%E6%A9%9F%E9%97%9C%E8%BE%A6%E5%85%AC%E6%97%A5%E6%9B%86%E8%A1%A8.csv&nfix=
2026-04-12,Sun,7,1,1,0,0,0,0,,0,0,0,0,0,19,6,0,0,0,0,0,0,,0,0,0,0,0,0,0,0,,2026,https://www.dgpa.gov.tw/FileConversion?filename=dgpa%2Ffiles%2F202506%2Fa52331bd-a189-466b-b0f0-cae3062bbf74.csv&name=115%E5%B9%B4%E4%B8%AD%E8%8F%AF%E6%B0%91%E5%9C%8B%E6%94%BF%E5%BA%9C%E8%A1%8C%E6%94%BF%E6%A9%9F%E9%97%9C%E8%BE%A6%E5%85%AC%E6%97%A5%E6%9B%86%E8%A1%A8.csv&nfix=
2026-04-13,Mon,1,0,0,0,0,0,0,,0,0,0,0,0,18,7,0,0,0,0,0,0,,0,0,0,0,0,0,0,0,,2026,https://www.dgpa.gov.tw/FileConversion?filename=dgpa%2Ffiles%2F202506%2Fa52331bd-a189-466b-b0f0-cae3062bbf74.csv&name=115%E5%B9%B4%E4%B8%AD%E8%8F%AF%E6%B0%91%E5%9C%8B%E6%94%BF%E5%BA%9C%E8%A1%8C%E6%94%BF%E6%A9%9F%E9%97%9C%E8%BE%A6%E5%85%AC%E6%97%A5%E6%9B%86%E8%A1%A8.csv&nfix=
2026-04-14,Tue,2,0,0,0,0,0,0,,0,0,0,0,0,17,8,0,0,0,0,0,0,,0,0,0,0,0,0,0,0,,2026,https://www.dgpa.gov.tw/FileConversion?filename=dgpa%2Ffiles%2F202506%2Fa52331bd-a189-466b-b0f0-cae3062bbf74.csv&name=115%E5%B9%B4%E4%B8%AD%E8%8F%AF%E6%B0%91%E5%9C%8B%E6%94%BF%E5%BA%9C%E8%A1%8C%E6%94%BF%E6%A9%9F%E9%97%9C%E8%BE%A6%E5%85%AC%E6%97%A5%E6%9B%86%E8%A1%A8.csv&nfix=
2026-04-15,Wed,3,0,0,0,0,0,0,,0,0,0,0,0,16,9,0,0,0,0,0,0,,0,0,0,0,0,0,0,0,,2026,https://www.dgpa.gov.tw/FileConversion?filename=dgpa%2Ffiles%2F202506%2Fa52331bd-a189-466b-b0f0-cae3062bbf74.csv&name=115%E5%B9%B4%E4%B8%AD%E8%8F%AF%E6%B0%91%E5%9C%8B%E6%94%BF%E5%BA%9C%E8%A1%8C%E6%94%BF%E6%A9%9F%E9%97%9C%E8%BE%A6%E5%85%AC%E6%97%A5%E6%9B%86%E8%A1%A8.csv&nfix=
2026-04-16,Thu,4,0,0,0,0,0,0,,0,0,0,0,0,15,10,0,0,0,0,0,0,,0,0,0,0,0,0,0,0,,2026,https://www.dgpa.gov.tw/FileConversion?filename=dgpa%2Ffiles%2F202506%2Fa52331bd-a189-466b-b0f0-cae3062bbf74.csv&name=115%E5%B9%B4%E4%B8%AD%E8%8F%AF%E6%B0%91%E5%9C%8B%E6%94%BF%E5%BA%9C%E8%A1%8C%E6%94%BF%E6%A9%9F%E9%97%9C%E8%BE%A6%E5%85%AC%E6%97%A5%E6%9B%86%E8%A1%A8.csv&nfix=
2026-04-17,Fri,5,0,0,0,0,0,0,,0,0,0,0,0,14,11,0,0,0,0,0,0,,0,0,0,0,0,0,0,0,,2026,https://www.dgpa.gov.tw/FileConversion?filename=dgpa%2Ffiles%2F202506%2Fa52331bd-a189-466b-b0f0-cae3062bbf74.csv&name=115%E5%B9%B4%E4%B8%AD%E8%8F%AF%E6%B0%91%E5%9C%8B%E6%94%BF%E5%BA%9C%E8%A1%8C%E6%94%BF%E6%A9%9F%E9%97%9C%E8%BE%A6%E5%85%AC%E6%97%A5%E6%9B%86%E8%A1%A8.csv&nfix=
2026-04-18,Sat,6,1,1,0,0,0,0,,0,0,0,0,0,13,12,0,0,0,0,0,0,,0,0,0,0,0,0,0,0,,2026,https://www.dgpa.gov.tw/FileConversion?filename=dgpa%2Ffiles%2F202506%2Fa52331bd-a189-466b-b0f0-cae3062bbf74.csv&name=115%E5%B9%B4%E4%B8%AD%E8%8F%AF%E6%B0%91%E5%9C%8B%E6%94%BF%E5%BA%9C%E8%A1%8C%E6%94%BF%E6%A9%9F%E9%97%9C%E8%BE%A6%E5%85%AC%E6%97%A5%E6%9B%86%E8%A1%A8.csv&nfix=
2026-04-19,Sun,7,1,1,0,0,0,0,,0,0,0,0,0,12,13,0,0,0,0,0,0,,0,0,0,0,0,0,0,0,,2026,https://www.dgpa.gov.tw/FileConversion?filename=dgpa%2Ffiles%2F202506%2Fa52331bd-a189-466b-b0f0-cae3062bbf74.csv&name=115%E5%B9%B4%E4%B8%AD%E8%8F%AF%E6%B0%91%E5%9C%8B%E6%94%BF%E5%BA%9C%E8%A1%8C%E6%94%BF%E6%A9%9F%E9%97%9C%E8%BE%A6%E5%85%AC%E6%97%A5%E6%9B%86%E8%A1%A8.csv&nfix=
2026-04-20,Mon,1,0,0,0,0,0,0,,0,0,0,0,0,11,14,0,0,0,0,0,0,,0,0,0,0,0,0,0,0,,2026,https://www.dgpa.gov.tw/FileConversion?filename=dgpa%2Ffiles%2F202506%2Fa52331bd-a189-466b-b0f0-cae3062bbf74.csv&name=115%E5%B9%B4%E4%B8%AD%E8%8F%AF%E6%B0%91%E5%9C%8B%E6%94%BF%E5%BA%9C%E8%A1%8C%E6%94%BF%E6%A9%9F%E9%97%9C%E8%BE%A6%E5%85%AC%E6%97%A5%E6%9B%86%E8%A1%A8.csv&nfix=
2026-04-21,Tue,2,0,0,0,0,0,0,,0,0,0,0,0,10,15,0,0,0,0,0,0,,0,0,0,0,0,0,0,0,,2026,https://www.dgpa.gov.tw/FileConversion?filename=dgpa%2Ffiles%2F202506%2Fa52331bd-a189-466b-b0f0-cae3062bbf74.csv&name=115%E5%B9%B4%E4%B8%AD%E8%8F%AF%E6%B0%91%E5%9C%8B%E6%94%BF%E5%BA%9C%E8%A1%8C%E6%94%BF%E6%A9%9F%E9%97%9C%E8%BE%A6%E5%85%AC%E6%97%A5%E6%9B%86%E8%A1%A8.csv&nfix=
2026-04-22,Wed,3,0,0,0,0,0,0,,0,0,0,0,0,9,16,0,0,0,0,0,0,,0,0,0,0,0,0,0,0,,2026,https://www.dgpa.gov.tw/FileConversion?filename=dgpa%2Ffiles%2F202506%2Fa52331bd-a189-466b-b0f0-cae3062bbf74.csv&name=115%E5%B9%B4%E4%B8%AD%E8%8F%AF%E6%B0%91%E5%9C%8B%E6%94%BF%E5%BA%9C%E8%A1%8C%E6%94%BF%E6%A9%9F%E9%97%9C%E8%BE%A6%E5%85%AC%E6%97%A5%E6%9B%86%E8%A1%A8.csv&nfix=
2026-04-23,Thu,4,0,0,0,0,0,0,,0,0,0,0,0,8,17,0,0,0,1,0,0,,0,0,0,0,0,0,0,0,,2026,https://www.dgpa.gov.tw/FileConversion?filename=dgpa%2Ffiles%2F202506%2Fa52331bd-a189-466b-b0f0-cae3062bbf74.csv&name=115%E5%B9%B4%E4%B8%AD%E8%8F%AF%E6%B0%91%E5%9C%8B%E6%94%BF%E5%BA%9C%E8%A1%8C%E6%94%BF%E6%A9%9F%E9%97%9C%E8%BE%A6%E5%85%AC%E6%97%A5%E6%9B%86%E8%A1%A8.csv&nfix=
2026-04-24,Fri,5,0,0,0,0,0,0,,0,0,0,0,0,7,18,0,0,0,1,0,0,,0,0,0,0,0,0,0,0,,2026,https://www.dgpa.gov.tw/FileConversion?filename=dgpa%2Ffiles%2F202506%2Fa52331bd-a189-466b-b0f0-cae3062bbf74.csv&name=115%E5%B9%B4%E4%B8%AD%E8%8F%AF%E6%B0%91%E5%9C%8B%E6%94%BF%E5%BA%9C%E8%A1%8C%E6%94%BF%E6%A9%9F%E9%97%9C%E8%BE%A6%E5%85%AC%E6%97%A5%E6%9B%86%E8%A1%A8.csv&nfix=
2026-04-25,Sat,6,1,1,0,0,0,0,,0,0,0,0,0,6,19,0,0,1,1,0,0,,0,0,0,0,0,0,0,0,,2026,https://www.dgpa.gov.tw/FileConversion?filename=dgpa%2Ffiles%2F202506%2Fa52331bd-a189-466b-b0f0-cae3062bbf74.csv&name=115%E5%B9%B4%E4%B8%AD%E8%8F%AF%E6%B0%91%E5%9C%8B%E6%94%BF%E5%BA%9C%E8%A1%8C%E6%94%BF%E6%A9%9F%E9%97%9C%E8%BE%A6%E5%85%AC%E6%97%A5%E6%9B%86%E8%A1%A8.csv&nfix=
2026-04-26,Sun,7,1,1,0,0,0,0,,0,0,0,0,0,5,20,0,0,0,1,0,0,,0,0,0,0,0,0,0,0,,2026,https://www.dgpa.gov.tw/FileConversion?filename=dgpa%2Ffiles%2F202506%2Fa52331bd-a189-466b-b0f0-cae3062bbf74.csv&name=115%E5%B9%B4%E4%B8%AD%E8%8F%AF%E6%B0%91%E5%9C%8B%E6%94%BF%E5%BA%9C%E8%A1%8C%E6%94%BF%E6%A9%9F%E9%97%9C%E8%BE%A6%E5%85%AC%E6%97%A5%E6%9B%86%E8%A1%A8.csv&nfix=
2026-04-27,Mon,1,0,0,0,0,0,0,,0,0,0,0,0,4,21,0,0,0,1,0,0,,0,0,0,0,0,0,0,0,,2026,https://www.dgpa.gov.tw/FileConversion?filename=dgpa%2Ffiles%2F202506%2Fa52331bd-a189-466b-b0f0-cae3062bbf74.csv&name=115%E5%B9%B4%E4%B8%AD%E8%8F%AF%E6%B0%91%E5%9C%8B%E6%94%BF%E5%BA%9C%E8%A1%8C%E6%94%BF%E6%A9%9F%E9%97%9C%E8%BE%A6%E5%85%AC%E6%97%A5%E6%9B%86%E8%A1%A8.csv&nfix=
2026-04-28,Tue,2,0,0,0,0,0,0,,0,0,0,0,0,3,22,0,0,0,0,0,0,,0,0,0,0,0,0,0,0,,2026,https://www.dgpa.gov.tw/FileConversion?filename=dgpa%2Ffiles%2F202506%2Fa52331bd-a189-466b-b0f0-cae3062bbf74.csv&name=115%E5%B9%B4%E4%B8%AD%E8%8F%AF%E6%B0%91%E5%9C%8B%E6%94%BF%E5%BA%9C%E8%A1%8C%E6%94%BF%E6%A9%9F%E9%97%9C%E8%BE%A6%E5%85%AC%E6%97%A5%E6%9B%86%E8%A1%A8.csv&nfix=
2026-04-29,Wed,3,0,0,0,0,0,0,,0,0,0,0,0,2,23,0,0,0,0,0,0,,0,0,0,0,0,0,0,0,,2026,https://www.dgpa.gov.tw/FileConversion?filename=dgpa%2Ffiles%2F202506%2Fa52331bd-a189-466b-b0f0-cae3062bbf74.csv&name=115%E5%B9%B4%E4%B8%AD%E8%8F%AF%E6%B0%91%E5%9C%8B%E6%94%BF%E5%BA%9C%E8%A1%8C%E6%94%BF%E6%A9%9F%E9%97%9C%E8%BE%A6%E5%85%AC%E6%97%A5%E6%9B%86%E8%A1%A8.csv&nfix=
2026-04-30,Thu,4,0,0,0,0,0,0,,0,0,0,1,0,1,24,0,1,0,0,1,0,,0,0,0,0,0,0,1,0,,2026,https://www.dgpa.gov.tw/FileConversion?filename=dgpa%2Ffiles%2F202506%2Fa52331bd-a189-466b-b0f0-cae3062bbf74.csv&name=115%E5%B9%B4%E4%B8%AD%E8%8F%AF%E6%B0%91%E5%9C%8B%E6%94%BF%E5%BA%9C%E8%A1%8C%E6%94%BF%E6%A9%9F%E9%97%9C%E8%BE%A6%E5%85%AC%E6%97%A5%E6%9B%86%E8%A1%A8.csv&nfix=
2026-05-01,Fri,5,0,1,0,1,1,0,Labor Day,1,1,3,0,0,0,0,1,0,0,0,0,0,HS-2026-05-01,1,3,1,0,1,0,0,0,勞動節,2026,https://www.dgpa.gov.tw/FileConversion?filename=dgpa%2Ffiles%2F202506%2Fa52331bd-a189-466b-b0f0-cae3062bbf74.csv&name=115%E5%B9%B4%E4%B8%AD%E8%8F%AF%E6%B0%91%E5%9C%8B%E6%94%BF%E5%BA%9C%E8%A1%8C%E6%94%BF%E6%A9%9F%E9%97%9C%E8%BE%A6%E5%85%AC%E6%97%A5%E6%9B%86%E8%A1%A8.csv&nfix=
2026-05-02,Sat,6,1,1,0,0,0,0,,1,2,3,0,0,48,1,0,0,0,0,0,1,HS-2026-05-01,2,3,0,0,0,0,0,0,,2026,https://www.dgpa.gov.tw/FileConversion?filename=dgpa%2Ffiles%2F202506%2Fa52331bd-a189-466b-b0f0-cae3062bbf74.csv&name=115%E5%B9%B4%E4%B8%AD%E8%8F%AF%E6%B0%91%E5%9C%8B%E6%94%BF%E5%BA%9C%E8%A1%8C%E6%94%BF%E6%A9%9F%E9%97%9C%E8%BE%A6%E5%85%AC%E6%97%A5%E6%9B%86%E8%A1%A8.csv&nfix=
2026-05-03,Sun,7,1,1,0,0,0,0,,1,3,3,0,0,47,2,0,0,0,0,0,0,HS-2026-05-01,3,3,0,1,0,1,0,0,,2026,https://www.dgpa.gov.tw/FileConversion?filename=dgpa%2Ffiles%2F202506%2Fa52331bd-a189-466b-b0f0-cae3062bbf74.csv&name=115%E5%B9%B4%E4%B8%AD%E8%8F%AF%E6%B0%91%E5%9C%8B%E6%94%BF%E5%BA%9C%E8%A1%8C%E6%94%BF%E6%A9%9F%E9%97%9C%E8%BE%A6%E5%85%AC%E6%97%A5%E6%9B%86%E8%A1%A8.csv&nfix=
2026-05-04,Mon,1,0,0,0,0,0,0,,0,0,0,0,1,46,3,0,0,0,0,0,0,,0,0,0,0,0,0,0,1,,2026,https://www.dgpa.gov.tw/FileConversion?filename=dgpa%2Ffiles%2F202506%2Fa52331bd-a189-466b-b0f0-cae3062bbf74.csv&name=115%E5%B9%B4%E4%B8%AD%E8%8F%AF%E6%B0%91%E5%9C%8B%E6%94%BF%E5%BA%9C%E8%A1%8C%E6%94%BF%E6%A9%9F%E9%97%9C%E8%BE%A6%E5%85%AC%E6%97%A5%E6%9B%86%E8%A1%A8.csv&nfix=
2026-05-05,Tue,2,0,0,0,0,0,0,,0,0,0,0,0,45,4,0,0,0,0,0,0,,0,0,0,0,0,0,0,0,,2026,https://www.dgpa.gov.tw/FileConversion?filename=dgpa%2Ffiles%2F202506%2Fa52331bd-a189-466b-b0f0-cae3062bbf74.csv&name=115%E5%B9%B4%E4%B8%AD%E8%8F%AF%E6%B0%91%E5%9C%8B%E6%94%BF%E5%BA%9C%E8%A1%8C%E6%94%BF%E6%A9%9F%E9%97%9C%E8%BE%A6%E5%85%AC%E6%97%A5%E6%9B%86%E8%A1%A8.csv&nfix=
2026-05-06,Wed,3,0,0,0,0,0,0,,0,0,0,0,0,44,5,0,0,0,0,0,0,,0,0,0,0,0,0,0,0,,2026,https://www.dgpa.gov.tw/FileConversion?filename=dgpa%2Ffiles%2F202506%2Fa52331bd-a189-466b-b0f0-cae3062bbf74.csv&name=115%E5%B9%B4%E4%B8%AD%E8%8F%AF%E6%B0%91%E5%9C%8B%E6%94%BF%E5%BA%9C%E8%A1%8C%E6%94%BF%E6%A9%9F%E9%97%9C%E8%BE%A6%E5%85%AC%E6%97%A5%E6%9B%86%E8%A1%A8.csv&nfix=
2026-05-07,Thu,4,0,0,0,0,0,0,,0,0,0,0,0,43,6,0,0,0,0,0,0,,0,0,0,0,0,0,0,0,,2026,https://www.dgpa.gov.tw/FileConversion?filename=dgpa%2Ffiles%2F202506%2Fa52331bd-a189-466b-b0f0-cae3062bbf74.csv&name=115%E5%B9%B4%E4%B8%AD%E8%8F%AF%E6%B0%91%E5%9C%8B%E6%94%BF%E5%BA%9C%E8%A1%8C%E6%94%BF%E6%A9%9F%E9%97%9C%E8%BE%A6%E5%85%AC%E6%97%A5%E6%9B%86%E8%A1%A8.csv&nfix=
2026-05-08,Fri,5,0,0,0,0,0,0,,0,0,0,0,0,42,7,0,0,0,0,0,0,,0,0,0,0,0,0,0,0,,2026,https://www.dgpa.gov.tw/FileConversion?filename=dgpa%2Ffiles%2F202506%2Fa52331bd-a189-466b-b0f0-cae3062bbf74.csv&name=115%E5%B9%B4%E4%B8%AD%E8%8F%AF%E6%B0%91%E5%9C%8B%E6%94%BF%E5%BA%9C%E8%A1%8C%E6%94%BF%E6%A9%9F%E9%97%9C%E8%BE%A6%E5%85%AC%E6%97%A5%E6%9B%86%E8%A1%A8.csv&nfix=
2026-05-09,Sat,6,1,1,0,0,0,0,,0,0,0,0,0,41,8,0,0,0,0,0,0,,0,0,0,0,0,0,0,0,,2026,https://www.dgpa.gov.tw/FileConversion?filename=dgpa%2Ffiles%2F202506%2Fa52331bd-a189-466b-b0f0-cae3062bbf74.csv&name=115%E5%B9%B4%E4%B8%AD%E8%8F%AF%E6%B0%91%E5%9C%8B%E6%94%BF%E5%BA%9C%E8%A1%8C%E6%94%BF%E6%A9%9F%E9%97%9C%E8%BE%A6%E5%85%AC%E6%97%A5%E6%9B%86%E8%A1%A8.csv&nfix=
2026-05-10,Sun,7,1,1,0,0,0,0,,0,0,0,0,0,40,9,0,0,0,0,0,0,,0,0,0,0,0,0,0,0,,2026,https://www.dgpa.gov.tw/FileConversion?filename=dgpa%2Ffiles%2F202506%2Fa52331bd-a189-466b-b0f0-cae3062bbf74.csv&name=115%E5%B9%B4%E4%B8%AD%E8%8F%AF%E6%B0%91%E5%9C%8B%E6%94%BF%E5%BA%9C%E8%A1%8C%E6%94%BF%E6%A9%9F%E9%97%9C%E8%BE%A6%E5%85%AC%E6%97%A5%E6%9B%86%E8%A1%A8.csv&nfix=
2026-05-11,Mon,1,0,0,0,0,0,0,,0,0,0,0,0,39,10,0,0,0,0,0,0,,0,0,0,0,0,0,0,0,,2026,https://www.dgpa.gov.tw/FileConversion?filename=dgpa%2Ffiles%2F202506%2Fa52331bd-a189-466b-b0f0-cae3062bbf74.csv&name=115%E5%B9%B4%E4%B8%AD%E8%8F%AF%E6%B0%91%E5%9C%8B%E6%94%BF%E5%BA%9C%E8%A1%8C%E6%94%BF%E6%A9%9F%E9%97%9C%E8%BE%A6%E5%85%AC%E6%97%A5%E6%9B%86%E8%A1%A8.csv&nfix=
2026-05-12,Tue,2,0,0,0,0,0,0,,0,0,0,0,0,38,11,0,0,0,0,0,0,,0,0,0,0,0,0,0,0,,2026,https://www.dgpa.gov.tw/FileConversion?filename=dgpa%2Ffiles%2F202506%2Fa52331bd-a189-466b-b0f0-cae3062bbf74.csv&name=115%E5%B9%B4%E4%B8%AD%E8%8F%AF%E6%B0%91%E5%9C%8B%E6%94%BF%E5%BA%9C%E8%A1%8C%E6%94%BF%E6%A9%9F%E9%97%9C%E8%BE%A6%E5%85%AC%E6%97%A5%E6%9B%86%E8%A1%A8.csv&nfix=
2026-05-13,Wed,3,0,0,0,0,0,0,,0,0,0,0,0,37,12,0,0,0,0,0,0,,0,0,0,0,0,0,0,0,,2026,https://www.dgpa.gov.tw/FileConversion?filename=dgpa%2Ffiles%2F202506%2Fa52331bd-a189-466b-b0f0-cae3062bbf74.csv&name=115%E5%B9%B4%E4%B8%AD%E8%8F%AF%E6%B0%91%E5%9C%8B%E6%94%BF%E5%BA%9C%E8%A1%8C%E6%94%BF%E6%A9%9F%E9%97%9C%E8%BE%A6%E5%85%AC%E6%97%A5%E6%9B%86%E8%A1%A8.csv&nfix=
2026-05-14,Thu,4,0,0,0,0,0,0,,0,0,0,0,0,36,13,0,0,0,0,0,0,,0,0,0,0,0,0,0,0,,2026,https://www.dgpa.gov.tw/FileConversion?filename=dgpa%2Ffiles%2F202506%2Fa52331bd-a189-466b-b0f0-cae3062bbf74.csv&name=115%E5%B9%B4%E4%B8%AD%E8%8F%AF%E6%B0%91%E5%9C%8B%E6%94%BF%E5%BA%9C%E8%A1%8C%E6%94%BF%E6%A9%9F%E9%97%9C%E8%BE%A6%E5%85%AC%E6%97%A5%E6%9B%86%E8%A1%A8.csv&nfix=
2026-05-15,Fri,5,0,0,0,0,0,0,,0,0,0,0,0,35,14,0,0,0,0,0,0,,0,0,0,0,0,0,0,0,,2026,https://www.dgpa.gov.tw/FileConversion?filename=dgpa%2Ffiles%2F202506%2Fa52331bd-a189-466b-b0f0-cae3062bbf74.csv&name=115%E5%B9%B4%E4%B8%AD%E8%8F%AF%E6%B0%91%E5%9C%8B%E6%94%BF%E5%BA%9C%E8%A1%8C%E6%94%BF%E6%A9%9F%E9%97%9C%E8%BE%A6%E5%85%AC%E6%97%A5%E6%9B%86%E8%A1%A8.csv&nfix=
2026-05-16,Sat,6,1,1,0,0,0,0,,0,0,0,0,0,34,15,0,0,0,0,0,0,,0,0,0,0,0,0,0,0,,2026,https://www.dgpa.gov.tw/FileConversion?filename=dgpa%2Ffiles%2F202506%2Fa52331bd-a189-466b-b0f0-cae3062bbf74.csv&name=115%E5%B9%B4%E4%B8%AD%E8%8F%AF%E6%B0%91%E5%9C%8B%E6%94%BF%E5%BA%9C%E8%A1%8C%E6%94%BF%E6%A9%9F%E9%97%9C%E8%BE%A6%E5%85%AC%E6%97%A5%E6%9B%86%E8%A1%A8.csv&nfix=
2026-05-17,Sun,7,1,1,0,0,0,0,,0,0,0,0,0,33,16,0,0,0,0,0,0,,0,0,0,0,0,0,0,0,,2026,https://www.dgpa.gov.tw/FileConversion?filename=dgpa%2Ffiles%2F202506%2Fa52331bd-a189-466b-b0f0-cae3062bbf74.csv&name=115%E5%B9%B4%E4%B8%AD%E8%8F%AF%E6%B0%91%E5%9C%8B%E6%94%BF%E5%BA%9C%E8%A1%8C%E6%94%BF%E6%A9%9F%E9%97%9C%E8%BE%A6%E5%85%AC%E6%97%A5%E6%9B%86%E8%A1%A8.csv&nfix=
2026-05-18,Mon,1,0,0,0,0,0,0,,0,0,0,0,0,32,17,0,0,0,0,0,0,,0,0,0,0,0,0,0,0,,2026,https://www.dgpa.gov.tw/FileConversion?filename=dgpa%2Ffiles%2F202506%2Fa52331bd-a189-466b-b0f0-cae3062bbf74.csv&name=115%E5%B9%B4%E4%B8%AD%E8%8F%AF%E6%B0%91%E5%9C%8B%E6%94%BF%E5%BA%9C%E8%A1%8C%E6%94%BF%E6%A9%9F%E9%97%9C%E8%BE%A6%E5%85%AC%E6%97%A5%E6%9B%86%E8%A1%A8.csv&nfix=
2026-05-19,Tue,2,0,0,0,0,0,0,,0,0,0,0,0,31,18,0,0,0,0,0,0,,0,0,0,0,0,0,0,0,,2026,https://www.dgpa.gov.tw/FileConversion?filename=dgpa%2Ffiles%2F202506%2Fa52331bd-a189-466b-b0f0-cae3062bbf74.csv&name=115%E5%B9%B4%E4%B8%AD%E8%8F%AF%E6%B0%91%E5%9C%8B%E6%94%BF%E5%BA%9C%E8%A1%8C%E6%94%BF%E6%A9%9F%E9%97%9C%E8%BE%A6%E5%85%AC%E6%97%A5%E6%9B%86%E8%A1%A8.csv&nfix=
2026-05-20,Wed,3,0,0,0,0,0,0,,0,0,0,0,0,30,19,0,0,0,0,0,0,,0,0,0,0,0,0,0,0,,2026,https://www.dgpa.gov.tw/FileConversion?filename=dgpa%2Ffiles%2F202506%2Fa52331bd-a189-466b-b0f0-cae3062bbf74.csv&name=115%E5%B9%B4%E4%B8%AD%E8%8F%AF%E6%B0%91%E5%9C%8B%E6%94%BF%E5%BA%9C%E8%A1%8C%E6%94%BF%E6%A9%9F%E9%97%9C%E8%BE%A6%E5%85%AC%E6%97%A5%E6%9B%86%E8%A1%A8.csv&nfix=
2026-05-21,Thu,4,0,0,0,0,0,0,,0,0,0,0,0,29,20,0,0,0,0,0,0,,0,0,0,0,0,0,0,0,,2026,https://www.dgpa.gov.tw/FileConversion?filename=dgpa%2Ffiles%2F202506%2Fa52331bd-a189-466b-b0f0-cae3062bbf74.csv&name=115%E5%B9%B4%E4%B8%AD%E8%8F%AF%E6%B0%91%E5%9C%8B%E6%94%BF%E5%BA%9C%E8%A1%8C%E6%94%BF%E6%A9%9F%E9%97%9C%E8%BE%A6%E5%85%AC%E6%97%A5%E6%9B%86%E8%A1%A8.csv&nfix=
2026-05-22,Fri,5,0,0,0,0,0,0,,0,0,0,0,0,28,21,0,0,0,0,0,0,,0,0,0,0,0,0,0,0,,2026,https://www.dgpa.gov.tw/FileConversion?filename=dgpa%2Ffiles%2F202506%2Fa52331bd-a189-466b-b0f0-cae3062bbf74.csv&name=115%E5%B9%B4%E4%B8%AD%E8%8F%AF%E6%B0%91%E5%9C%8B%E6%94%BF%E5%BA%9C%E8%A1%8C%E6%94%BF%E6%A9%9F%E9%97%9C%E8%BE%A6%E5%85%AC%E6%97%A5%E6%9B%86%E8%A1%A8.csv&nfix=
2026-05-23,Sat,6,1,1,0,0,0,0,,0,0,0,0,0,27,22,0,0,0,1,0,0,,0,0,0,0,0,0,0,0,,2026,https://www.dgpa.gov.tw/FileConversion?filename=dgpa%2Ffiles%2F202506%2Fa52331bd-a189-466b-b0f0-cae3062bbf74.csv&name=115%E5%B9%B4%E4%B8%AD%E8%8F%AF%E6%B0%91%E5%9C%8B%E6%94%BF%E5%BA%9C%E8%A1%8C%E6%94%BF%E6%A9%9F%E9%97%9C%E8%BE%A6%E5%85%AC%E6%97%A5%E6%9B%86%E8%A1%A8.csv&nfix=
2026-05-24,Sun,7,1,1,0,0,0,0,,0,0,0,0,0,26,23,0,0,0,1,0,0,,0,0,0,0,0,0,0,0,,2026,https://www.dgpa.gov.tw/FileConversion?filename=dgpa%2Ffiles%2F202506%2Fa52331bd-a189-466b-b0f0-cae3062bbf74.csv&name=115%E5%B9%B4%E4%B8%AD%E8%8F%AF%E6%B0%91%E5%9C%8B%E6%94%BF%E5%BA%9C%E8%A1%8C%E6%94%BF%E6%A9%9F%E9%97%9C%E8%BE%A6%E5%85%AC%E6%97%A5%E6%9B%86%E8%A1%A8.csv&nfix=
2026-05-25,Mon,1,0,0,0,0,0,0,,0,0,0,0,0,25,24,0,0,1,1,0,0,,0,0,0,0,0,0,0,0,,2026,https://www.dgpa.gov.tw/FileConversion?filename=dgpa%2Ffiles%2F202506%2Fa52331bd-a189-466b-b0f0-cae3062bbf74.csv&name=115%E5%B9%B4%E4%B8%AD%E8%8F%AF%E6%B0%91%E5%9C%8B%E6%94%BF%E5%BA%9C%E8%A1%8C%E6%94%BF%E6%A9%9F%E9%97%9C%E8%BE%A6%E5%85%AC%E6%97%A5%E6%9B%86%E8%A1%A8.csv&nfix=
2026-05-26,Tue,2,0,0,0,0,0,0,,0,0,0,0,0,24,25,0,0,0,1,0,0,,0,0,0,0,0,0,0,0,,2026,https://www.dgpa.gov.tw/FileConversion?filename=dgpa%2Ffiles%2F202506%2Fa52331bd-a189-466b-b0f0-cae3062bbf74.csv&name=115%E5%B9%B4%E4%B8%AD%E8%8F%AF%E6%B0%91%E5%9C%8B%E6%94%BF%E5%BA%9C%E8%A1%8C%E6%94%BF%E6%A9%9F%E9%97%9C%E8%BE%A6%E5%85%AC%E6%97%A5%E6%9B%86%E8%A1%A8.csv&nfix=
2026-05-27,Wed,3,0,0,0,0,0,0,,0,0,0,0,0,23,26,0,0,0,1,0,0,,0,0,0,0,0,0,0,0,,2026,https://www.dgpa.gov.tw/FileConversion?filename=dgpa%2Ffiles%2F202506%2Fa52331bd-a189-466b-b0f0-cae3062bbf74.csv&name=115%E5%B9%B4%E4%B8%AD%E8%8F%AF%E6%B0%91%E5%9C%8B%E6%94%BF%E5%BA%9C%E8%A1%8C%E6%94%BF%E6%A9%9F%E9%97%9C%E8%BE%A6%E5%85%AC%E6%97%A5%E6%9B%86%E8%A1%A8.csv&nfix=
2026-05-28,Thu,4,0,0,0,0,0,0,,0,0,0,0,0,22,27,0,0,0,0,0,0,,0,0,0,0,0,0,0,0,,2026,https://www.dgpa.gov.tw/FileConversion?filename=dgpa%2Ffiles%2F202506%2Fa52331bd-a189-466b-b0f0-cae3062bbf74.csv&name=115%E5%B9%B4%E4%B8%AD%E8%8F%AF%E6%B0%91%E5%9C%8B%E6%94%BF%E5%BA%9C%E8%A1%8C%E6%94%BF%E6%A9%9F%E9%97%9C%E8%BE%A6%E5%85%AC%E6%97%A5%E6%9B%86%E8%A1%A8.csv&nfix=
2026-05-29,Fri,5,0,0,0,0,0,0,,0,0,0,0,0,21,28,0,0,0,0,0,0,,0,0,0,0,0,0,0,0,,2026,https://www.dgpa.gov.tw/FileConversion?filename=dgpa%2Ffiles%2F202506%2Fa52331bd-a189-466b-b0f0-cae3062bbf74.csv&name=115%E5%B9%B4%E4%B8%AD%E8%8F%AF%E6%B0%91%E5%9C%8B%E6%94%BF%E5%BA%9C%E8%A1%8C%E6%94%BF%E6%A9%9F%E9%97%9C%E8%BE%A6%E5%85%AC%E6%97%A5%E6%9B%86%E8%A1%A8.csv&nfix=
2026-05-30,Sat,6,1,1,0,0,0,0,,0,0,0,0,0,20,29,0,0,0,0,0,0,,0,0,0,0,0,0,0,0,,2026,https://www.dgpa.gov.tw/FileConversion?filename=dgpa%2Ffiles%2F202506%2Fa52331bd-a189-466b-b0f0-cae3062bbf74.csv&name=115%E5%B9%B4%E4%B8%AD%E8%8F%AF%E6%B0%91%E5%9C%8B%E6%94%BF%E5%BA%9C%E8%A1%8C%E6%94%BF%E6%A9%9F%E9%97%9C%E8%BE%A6%E5%85%AC%E6%97%A5%E6%9B%86%E8%A1%A8.csv&nfix=
2026-05-31,Sun,7,1,1,0,0,0,0,,0,0,0,0,0,19,30,0,1,0,0,0,0,,0,0,0,0,0,0,0,0,,2026,https://www.dgpa.gov.tw/FileConversion?filename=dgpa%2Ffiles%2F202506%2Fa52331bd-a189-466b-b0f0-cae3062bbf74.csv&name=115%E5%B9%B4%E4%B8%AD%E8%8F%AF%E6%B0%91%E5%9C%8B%E6%94%BF%E5%BA%9C%E8%A1%8C%E6%94%BF%E6%A9%9F%E9%97%9C%E8%BE%A6%E5%85%AC%E6%97%A5%E6%9B%86%E8%A1%A8.csv&nfix=
2026-06-01,Mon,1,0,0,0,0,0,0,,0,0,0,0,0,18,31,1,0,0,0,0,0,,0,0,0,0,0,0,0,0,,2026,https://www.dgpa.gov.tw/FileConversion?filename=dgpa%2Ffiles%2F202506%2Fa52331bd-a189-466b-b0f0-cae3062bbf74.csv&name=115%E5%B9%B4%E4%B8%AD%E8%8F%AF%E6%B0%91%E5%9C%8B%E6%94%BF%E5%BA%9C%E8%A1%8C%E6%94%BF%E6%A9%9F%E9%97%9C%E8%BE%A6%E5%85%AC%E6%97%A5%E6%9B%86%E8%A1%A8.csv&nfix=
2026-06-02,Tue,2,0,0,0,0,0,0,,0,0,0,0,0,17,32,0,0,0,0,0,0,,0,0,0,0,0,0,0,0,,2026,https://www.dgpa.gov.tw/FileConversion?filename=dgpa%2Ffiles%2F202506%2Fa52331bd-a189-466b-b0f0-cae3062bbf74.csv&name=115%E5%B9%B4%E4%B8%AD%E8%8F%AF%E6%B0%91%E5%9C%8B%E6%94%BF%E5%BA%9C%E8%A1%8C%E6%94%BF%E6%A9%9F%E9%97%9C%E8%BE%A6%E5%85%AC%E6%97%A5%E6%9B%86%E8%A1%A8.csv&nfix=
2026-06-03,Wed,3,0,0,0,0,0,0,,0,0,0,0,0,16,33,0,0,0,0,0,0,,0,0,0,0,0,0,0,0,,2026,https://www.dgpa.gov.tw/FileConversion?filename=dgpa%2Ffiles%2F202506%2Fa52331bd-a189-466b-b0f0-cae3062bbf74.csv&name=115%E5%B9%B4%E4%B8%AD%E8%8F%AF%E6%B0%91%E5%9C%8B%E6%94%BF%E5%BA%9C%E8%A1%8C%E6%94%BF%E6%A9%9F%E9%97%9C%E8%BE%A6%E5%85%AC%E6%97%A5%E6%9B%86%E8%A1%A8.csv&nfix=
2026-06-04,Thu,4,0,0,0,0,0,0,,0,0,0,0,0,15,34,0,0,0,0,0,0,,0,0,0,0,0,0,0,0,,2026,https://www.dgpa.gov.tw/FileConversion?filename=dgpa%2Ffiles%2F202506%2Fa52331bd-a189-466b-b0f0-cae3062bbf74.csv&name=115%E5%B9%B4%E4%B8%AD%E8%8F%AF%E6%B0%91%E5%9C%8B%E6%94%BF%E5%BA%9C%E8%A1%8C%E6%94%BF%E6%A9%9F%E9%97%9C%E8%BE%A6%E5%85%AC%E6%97%A5%E6%9B%86%E8%A1%A8.csv&nfix=
2026-06-05,Fri,5,0,0,0,0,0,0,,0,0,0,0,0,14,35,0,0,0,0,0,0,,0,0,0,0,0,0,0,0,,2026,https://www.dgpa.gov.tw/FileConversion?filename=dgpa%2Ffiles%2F202506%2Fa52331bd-a189-466b-b0f0-cae3062bbf74.csv&name=115%E5%B9%B4%E4%B8%AD%E8%8F%AF%E6%B0%91%E5%9C%8B%E6%94%BF%E5%BA%9C%E8%A1%8C%E6%94%BF%E6%A9%9F%E9%97%9C%E8%BE%A6%E5%85%AC%E6%97%A5%E6%9B%86%E8%A1%A8.csv&nfix=
2026-06-06,Sat,6,1,1,0,0,0,0,,0,0,0,0,0,13,36,0,0,0,0,0,0,,0,0,0,0,0,0,0,0,,2026,https://www.dgpa.gov.tw/FileConversion?filename=dgpa%2Ffiles%2F202506%2Fa52331bd-a189-466b-b0f0-cae3062bbf74.csv&name=115%E5%B9%B4%E4%B8%AD%E8%8F%AF%E6%B0%91%E5%9C%8B%E6%94%BF%E5%BA%9C%E8%A1%8C%E6%94%BF%E6%A9%9F%E9%97%9C%E8%BE%A6%E5%85%AC%E6%97%A5%E6%9B%86%E8%A1%A8.csv&nfix=
2026-06-07,Sun,7,1,1,0,0,0,0,,0,0,0,0,0,12,37,0,0,0,0,0,0,,0,0,0,0,0,0,0,0,,2026,https://www.dgpa.gov.tw/FileConversion?filename=dgpa%2Ffiles%2F202506%2Fa52331bd-a189-466b-b0f0-cae3062bbf74.csv&name=115%E5%B9%B4%E4%B8%AD%E8%8F%AF%E6%B0%91%E5%9C%8B%E6%94%BF%E5%BA%9C%E8%A1%8C%E6%94%BF%E6%A9%9F%E9%97%9C%E8%BE%A6%E5%85%AC%E6%97%A5%E6%9B%86%E8%A1%A8.csv&nfix=
2026-06-08,Mon,1,0,0,0,0,0,0,,0,0,0,0,0,11,38,0,0,0,0,0,0,,0,0,0,0,0,0,0,0,,2026,https://www.dgpa.gov.tw/FileConversion?filename=dgpa%2Ffiles%2F202506%2Fa52331bd-a189-466b-b0f0-cae3062bbf74.csv&name=115%E5%B9%B4%E4%B8%AD%E8%8F%AF%E6%B0%91%E5%9C%8B%E6%94%BF%E5%BA%9C%E8%A1%8C%E6%94%BF%E6%A9%9F%E9%97%9C%E8%BE%A6%E5%85%AC%E6%97%A5%E6%9B%86%E8%A1%A8.csv&nfix=
2026-06-09,Tue,2,0,0,0,0,0,0,,0,0,0,0,0,10,39,0,0,0,0,0,0,,0,0,0,0,0,0,0,0,,2026,https://www.dgpa.gov.tw/FileConversion?filename=dgpa%2Ffiles%2F202506%2Fa52331bd-a189-466b-b0f0-cae3062bbf74.csv&name=115%E5%B9%B4%E4%B8%AD%E8%8F%AF%E6%B0%91%E5%9C%8B%E6%94%BF%E5%BA%9C%E8%A1%8C%E6%94%BF%E6%A9%9F%E9%97%9C%E8%BE%A6%E5%85%AC%E6%97%A5%E6%9B%86%E8%A1%A8.csv&nfix=
2026-06-10,Wed,3,0,0,0,0,0,0,,0,0,0,0,0,9,40,0,0,0,0,0,0,,0,0,0,0,0,0,0,0,,2026,https://www.dgpa.gov.tw/FileConversion?filename=dgpa%2Ffiles%2F202506%2Fa52331bd-a189-466b-b0f0-cae3062bbf74.csv&name=115%E5%B9%B4%E4%B8%AD%E8%8F%AF%E6%B0%91%E5%9C%8B%E6%94%BF%E5%BA%9C%E8%A1%8C%E6%94%BF%E6%A9%9F%E9%97%9C%E8%BE%A6%E5%85%AC%E6%97%A5%E6%9B%86%E8%A1%A8.csv&nfix=
2026-06-11,Thu,4,0,0,0,0,0,0,,0,0,0,0,0,8,41,0,0,0,0,0,0,,0,0,0,0,0,0,0,0,,2026,https://www.dgpa.gov.tw/FileConversion?filename=dgpa%2Ffiles%2F202506%2Fa52331bd-a189-466b-b0f0-cae3062bbf74.csv&name=115%E5%B9%B4%E4%B8%AD%E8%8F%AF%E6%B0%91%E5%9C%8B%E6%94%BF%E5%BA%9C%E8%A1%8C%E6%94%BF%E6%A9%9F%E9%97%9C%E8%BE%A6%E5%85%AC%E6%97%A5%E6%9B%86%E8%A1%A8.csv&nfix=
2026-06-12,Fri,5,0,0,0,0,0,0,,0,0,0,0,0,7,42,0,0,0,0,0,0,,0,0,0,0,0,0,0,0,,2026,https://www.dgpa.gov.tw/FileConversion?filename=dgpa%2Ffiles%2F202506%2Fa52331bd-a189-466b-b0f0-cae3062bbf74.csv&name=115%E5%B9%B4%E4%B8%AD%E8%8F%AF%E6%B0%91%E5%9C%8B%E6%94%BF%E5%BA%9C%E8%A1%8C%E6%94%BF%E6%A9%9F%E9%97%9C%E8%BE%A6%E5%85%AC%E6%97%A5%E6%9B%86%E8%A1%A8.csv&nfix=
2026-06-13,Sat,6,1,1,0,0,0,0,,0,0,0,0,0,6,43,0,0,0,0,0,0,,0,0,0,0,0,0,0,0,,2026,https://www.dgpa.gov.tw/FileConversion?filename=dgpa%2Ffiles%2F202506%2Fa52331bd-a189-466b-b0f0-cae3062bbf74.csv&name=115%E5%B9%B4%E4%B8%AD%E8%8F%AF%E6%B0%91%E5%9C%8B%E6%94%BF%E5%BA%9C%E8%A1%8C%E6%94%BF%E6%A9%9F%E9%97%9C%E8%BE%A6%E5%85%AC%E6%97%A5%E6%9B%86%E8%A1%A8.csv&nfix=
2026-06-14,Sun,7,1,1,0,0,0,0,,0,0,0,0,0,5,44,0,0,0,0,0,0,,0,0,0,0,0,0,0,0,,2026,https://www.dgpa.gov.tw/FileConversion?filename=dgpa%2Ffiles%2F202506%2Fa52331bd-a189-466b-b0f0-cae3062bbf74.csv&name=115%E5%B9%B4%E4%B8%AD%E8%8F%AF%E6%B0%91%E5%9C%8B%E6%94%BF%E5%BA%9C%E8%A1%8C%E6%94%BF%E6%A9%9F%E9%97%9C%E8%BE%A6%E5%85%AC%E6%97%A5%E6%9B%86%E8%A1%A8.csv&nfix=
2026-06-15,Mon,1,0,0,0,0,0,0,,0,0,0,0,0,4,45,0,0,0,0,0,0,,0,0,0,0,0,0,0,0,,2026,https://www.dgpa.gov.tw/FileConversion?filename=dgpa%2Ffiles%2F202506%2Fa52331bd-a189-466b-b0f0-cae3062bbf74.csv&name=115%E5%B9%B4%E4%B8%AD%E8%8F%AF%E6%B0%91%E5%9C%8B%E6%94%BF%E5%BA%9C%E8%A1%8C%E6%94%BF%E6%A9%9F%E9%97%9C%E8%BE%A6%E5%85%AC%E6%97%A5%E6%9B%86%E8%A1%A8.csv&nfix=
2026-06-16,Tue,2,0,0,0,0,0,0,,0,0,0,0,0,3,46,0,0,0,0,0,0,,0,0,0,0,0,0,0,0,,2026,https://www.dgpa.gov.tw/FileConversion?filename=dgpa%2Ffiles%2F202506%2Fa52331bd-a189-466b-b0f0-cae3062bbf74.csv&name=115%E5%B9%B4%E4%B8%AD%E8%8F%AF%E6%B0%91%E5%9C%8B%E6%94%BF%E5%BA%9C%E8%A1%8C%E6%94%BF%E6%A9%9F%E9%97%9C%E8%BE%A6%E5%85%AC%E6%97%A5%E6%9B%86%E8%A1%A8.csv&nfix=
2026-06-17,Wed,3,0,0,0,0,0,0,,0,0,0,0,0,2,47,0,0,0,0,0,0,,0,0,0,0,0,0,0,0,,2026,https://www.dgpa.gov.tw/FileConversion?filename=dgpa%2Ffiles%2F202506%2Fa52331bd-a189-466b-b0f0-cae3062bbf74.csv&name=115%E5%B9%B4%E4%B8%AD%E8%8F%AF%E6%B0%91%E5%9C%8B%E6%94%BF%E5%BA%9C%E8%A1%8C%E6%94%BF%E6%A9%9F%E9%97%9C%E8%BE%A6%E5%85%AC%E6%97%A5%E6%9B%86%E8%A1%A8.csv&nfix=
2026-06-18,Thu,4,0,0,0,0,0,0,,0,0,0,1,0,1,48,0,0,0,0,1,0,,0,0,0,0,0,0,1,0,,2026,https://www.dgpa.gov.tw/FileConversion?filename=dgpa%2Ffiles%2F202506%2Fa52331bd-a189-466b-b0f0-cae3062bbf74.csv&name=115%E5%B9%B4%E4%B8%AD%E8%8F%AF%E6%B0%91%E5%9C%8B%E6%94%BF%E5%BA%9C%E8%A1%8C%E6%94%BF%E6%A9%9F%E9%97%9C%E8%BE%A6%E5%85%AC%E6%97%A5%E6%9B%86%E8%A1%A8.csv&nfix=
2026-06-19,Fri,5,0,1,0,1,1,0,Dragon Boat Festival,1,1,3,0,0,0,0,0,0,0,0,0,0,HS-2026-06-19,1,3,1,0,1,0,0,0,端午節,2026,https://www.dgpa.gov.tw/FileConversion?filename=dgpa%2Ffiles%2F202506%2Fa52331bd-a189-466b-b0f0-cae3062bbf74.csv&name=115%E5%B9%B4%E4%B8%AD%E8%8F%AF%E6%B0%91%E5%9C%8B%E6%94%BF%E5%BA%9C%E8%A1%8C%E6%94%BF%E6%A9%9F%E9%97%9C%E8%BE%A6%E5%85%AC%E6%97%A5%E6%9B%86%E8%A1%A8.csv&nfix=
2026-06-20,Sat,6,1,1,0,0,0,0,,1,2,3,0,0,97,1,0,0,0,0,0,1,HS-2026-06-19,2,3,0,0,0,0,0,0,,2026,https://www.dgpa.gov.tw/FileConversion?filename=dgpa%2Ffiles%2F202506%2Fa52331bd-a189-466b-b0f0-cae3062bbf74.csv&name=115%E5%B9%B4%E4%B8%AD%E8%8F%AF%E6%B0%91%E5%9C%8B%E6%94%BF%E5%BA%9C%E8%A1%8C%E6%94%BF%E6%A9%9F%E9%97%9C%E8%BE%A6%E5%85%AC%E6%97%A5%E6%9B%86%E8%A1%A8.csv&nfix=
2026-06-21,Sun,7,1,1,0,0,0,0,,1,3,3,0,0,96,2,0,0,0,0,0,0,HS-2026-06-19,3,3,0,1,0,1,0,0,,2026,https://www.dgpa.gov.tw/FileConversion?filename=dgpa%2Ffiles%2F202506%2Fa52331bd-a189-466b-b0f0-cae3062bbf74.csv&name=115%E5%B9%B4%E4%B8%AD%E8%8F%AF%E6%B0%91%E5%9C%8B%E6%94%BF%E5%BA%9C%E8%A1%8C%E6%94%BF%E6%A9%9F%E9%97%9C%E8%BE%A6%E5%85%AC%E6%97%A5%E6%9B%86%E8%A1%A8.csv&nfix=
2026-06-22,Mon,1,0,0,0,0,0,0,,0,0,0,0,1,95,3,0,0,0,0,0,0,,0,0,0,0,0,0,0,1,,2026,https://www.dgpa.gov.tw/FileConversion?filename=dgpa%2Ffiles%2F202506%2Fa52331bd-a189-466b-b0f0-cae3062bbf74.csv&name=115%E5%B9%B4%E4%B8%AD%E8%8F%AF%E6%B0%91%E5%9C%8B%E6%94%BF%E5%BA%9C%E8%A1%8C%E6%94%BF%E6%A9%9F%E9%97%9C%E8%BE%A6%E5%85%AC%E6%97%A5%E6%9B%86%E8%A1%A8.csv&nfix=
2026-06-23,Tue,2,0,0,0,0,0,0,,0,0,0,0,0,94,4,0,0,0,1,0,0,,0,0,0,0,0,0,0,0,,2026,https://www.dgpa.gov.tw/FileConversion?filename=dgpa%2Ffiles%2F202506%2Fa52331bd-a189-466b-b0f0-cae3062bbf74.csv&name=115%E5%B9%B4%E4%B8%AD%E8%8F%AF%E6%B0%91%E5%9C%8B%E6%94%BF%E5%BA%9C%E8%A1%8C%E6%94%BF%E6%A9%9F%E9%97%9C%E8%BE%A6%E5%85%AC%E6%97%A5%E6%9B%86%E8%A1%A8.csv&nfix=
2026-06-24,Wed,3,0,0,0,0,0,0,,0,0,0,0,0,93,5,0,0,0,1,0,0,,0,0,0,0,0,0,0,0,,2026,https://www.dgpa.gov.tw/FileConversion?filename=dgpa%2Ffiles%2F202506%2Fa52331bd-a189-466b-b0f0-cae3062bbf74.csv&name=115%E5%B9%B4%E4%B8%AD%E8%8F%AF%E6%B0%91%E5%9C%8B%E6%94%BF%E5%BA%9C%E8%A1%8C%E6%94%BF%E6%A9%9F%E9%97%9C%E8%BE%A6%E5%85%AC%E6%97%A5%E6%9B%86%E8%A1%A8.csv&nfix=
2026-06-25,Thu,4,0,0,0,0,0,0,,0,0,0,0,0,92,6,0,0,1,1,0,0,,0,0,0,0,0,0,0,0,,2026,https://www.dgpa.gov.tw/FileConversion?filename=dgpa%2Ffiles%2F202506%2Fa52331bd-a189-466b-b0f0-cae3062bbf74.csv&name=115%E5%B9%B4%E4%B8%AD%E8%8F%AF%E6%B0%91%E5%9C%8B%E6%94%BF%E5%BA%9C%E8%A1%8C%E6%94%BF%E6%A9%9F%E9%97%9C%E8%BE%A6%E5%85%AC%E6%97%A5%E6%9B%86%E8%A1%A8.csv&nfix=
2026-06-26,Fri,5,0,0,0,0,0,0,,0,0,0,0,0,91,7,0,0,0,1,0,0,,0,0,0,0,0,0,0,0,,2026,https://www.dgpa.gov.tw/FileConversion?filename=dgpa%2Ffiles%2F202506%2Fa52331bd-a189-466b-b0f0-cae3062bbf74.csv&name=115%E5%B9%B4%E4%B8%AD%E8%8F%AF%E6%B0%91%E5%9C%8B%E6%94%BF%E5%BA%9C%E8%A1%8C%E6%94%BF%E6%A9%9F%E9%97%9C%E8%BE%A6%E5%85%AC%E6%97%A5%E6%9B%86%E8%A1%A8.csv&nfix=
2026-06-27,Sat,6,1,1,0,0,0,0,,0,0,0,0,0,90,8,0,0,0,1,0,0,,0,0,0,0,0,0,0,0,,2026,https://www.dgpa.gov.tw/FileConversion?filename=dgpa%2Ffiles%2F202506%2Fa52331bd-a189-466b-b0f0-cae3062bbf74.csv&name=115%E5%B9%B4%E4%B8%AD%E8%8F%AF%E6%B0%91%E5%9C%8B%E6%94%BF%E5%BA%9C%E8%A1%8C%E6%94%BF%E6%A9%9F%E9%97%9C%E8%BE%A6%E5%85%AC%E6%97%A5%E6%9B%86%E8%A1%A8.csv&nfix=
2026-06-28,Sun,7,1,1,0,0,0,0,,0,0,0,0,0,89,9,0,0,0,0,0,0,,0,0,0,0,0,0,0,0,,2026,https://www.dgpa.gov.tw/FileConversion?filename=dgpa%2Ffiles%2F202506%2Fa52331bd-a189-466b-b0f0-cae3062bbf74.csv&name=115%E5%B9%B4%E4%B8%AD%E8%8F%AF%E6%B0%91%E5%9C%8B%E6%94%BF%E5%BA%9C%E8%A1%8C%E6%94%BF%E6%A9%9F%E9%97%9C%E8%BE%A6%E5%85%AC%E6%97%A5%E6%9B%86%E8%A1%A8.csv&nfix=
2026-06-29,Mon,1,0,0,0,0,0,0,,0,0,0,0,0,88,10,0,0,0,0,0,0,,0,0,0,0,0,0,0,0,,2026,https://www.dgpa.gov.tw/FileConversion?filename=dgpa%2Ffiles%2F202506%2Fa52331bd-a189-466b-b0f0-cae3062bbf74.csv&name=115%E5%B9%B4%E4%B8%AD%E8%8F%AF%E6%B0%91%E5%9C%8B%E6%94%BF%E5%BA%9C%E8%A1%8C%E6%94%BF%E6%A9%9F%E9%97%9C%E8%BE%A6%E5%85%AC%E6%97%A5%E6%9B%86%E8%A1%A8.csv&nfix=
2026-06-30,Tue,2,0,0,0,0,0,0,,0,0,0,0,0,87,11,0,1,0,0,0,0,,0,0,0,0,0,0,0,0,,2026,https://www.dgpa.gov.tw/FileConversion?filename=dgpa%2Ffiles%2F202506%2Fa52331bd-a189-466b-b0f0-cae3062bbf74.csv&name=115%E5%B9%B4%E4%B8%AD%E8%8F%AF%E6%B0%91%E5%9C%8B%E6%94%BF%E5%BA%9C%E8%A1%8C%E6%94%BF%E6%A9%9F%E9%97%9C%E8%BE%A6%E5%85%AC%E6%97%A5%E6%9B%86%E8%A1%A8.csv&nfix=
2026-07-01,Wed,3,0,0,0,0,0,0,,0,0,0,0,0,86,12,1,0,0,0,0,0,,0,0,0,0,0,0,0,0,,2026,https://www.dgpa.gov.tw/FileConversion?filename=dgpa%2Ffiles%2F202506%2Fa52331bd-a189-466b-b0f0-cae3062bbf74.csv&name=115%E5%B9%B4%E4%B8%AD%E8%8F%AF%E6%B0%91%E5%9C%8B%E6%94%BF%E5%BA%9C%E8%A1%8C%E6%94%BF%E6%A9%9F%E9%97%9C%E8%BE%A6%E5%85%AC%E6%97%A5%E6%9B%86%E8%A1%A8.csv&nfix=
2026-07-02,Thu,4,0,0,0,0,0,0,,0,0,0,0,0,85,13,0,0,0,0,0,0,,0,0,0,0,0,0,0,0,,2026,https://www.dgpa.gov.tw/FileConversion?filename=dgpa%2Ffiles%2F202506%2Fa52331bd-a189-466b-b0f0-cae3062bbf74.csv&name=115%E5%B9%B4%E4%B8%AD%E8%8F%AF%E6%B0%91%E5%9C%8B%E6%94%BF%E5%BA%9C%E8%A1%8C%E6%94%BF%E6%A9%9F%E9%97%9C%E8%BE%A6%E5%85%AC%E6%97%A5%E6%9B%86%E8%A1%A8.csv&nfix=
2026-07-03,Fri,5,0,0,0,0,0,0,,0,0,0,0,0,84,14,0,0,0,0,0,0,,0,0,0,0,0,0,0,0,,2026,https://www.dgpa.gov.tw/FileConversion?filename=dgpa%2Ffiles%2F202506%2Fa52331bd-a189-466b-b0f0-cae3062bbf74.csv&name=115%E5%B9%B4%E4%B8%AD%E8%8F%AF%E6%B0%91%E5%9C%8B%E6%94%BF%E5%BA%9C%E8%A1%8C%E6%94%BF%E6%A9%9F%E9%97%9C%E8%BE%A6%E5%85%AC%E6%97%A5%E6%9B%86%E8%A1%A8.csv&nfix=
2026-07-04,Sat,6,1,1,0,0,0,0,,0,0,0,0,0,83,15,0,0,0,0,0,0,,0,0,0,0,0,0,0,0,,2026,https://www.dgpa.gov.tw/FileConversion?filename=dgpa%2Ffiles%2F202506%2Fa52331bd-a189-466b-b0f0-cae3062bbf74.csv&name=115%E5%B9%B4%E4%B8%AD%E8%8F%AF%E6%B0%91%E5%9C%8B%E6%94%BF%E5%BA%9C%E8%A1%8C%E6%94%BF%E6%A9%9F%E9%97%9C%E8%BE%A6%E5%85%AC%E6%97%A5%E6%9B%86%E8%A1%A8.csv&nfix=
2026-07-05,Sun,7,1,1,0,0,0,0,,0,0,0,0,0,82,16,0,0,0,0,0,0,,0,0,0,0,0,0,0,0,,2026,https://www.dgpa.gov.tw/FileConversion?filename=dgpa%2Ffiles%2F202506%2Fa52331bd-a189-466b-b0f0-cae3062bbf74.csv&name=115%E5%B9%B4%E4%B8%AD%E8%8F%AF%E6%B0%91%E5%9C%8B%E6%94%BF%E5%BA%9C%E8%A1%8C%E6%94%BF%E6%A9%9F%E9%97%9C%E8%BE%A6%E5%85%AC%E6%97%A5%E6%9B%86%E8%A1%A8.csv&nfix=
2026-07-06,Mon,1,0,0,0,0,0,0,,0,0,0,0,0,81,17,0,0,0,0,0,0,,0,0,0,0,0,0,0,0,,2026,https://www.dgpa.gov.tw/FileConversion?filename=dgpa%2Ffiles%2F202506%2Fa52331bd-a189-466b-b0f0-cae3062bbf74.csv&name=115%E5%B9%B4%E4%B8%AD%E8%8F%AF%E6%B0%91%E5%9C%8B%E6%94%BF%E5%BA%9C%E8%A1%8C%E6%94%BF%E6%A9%9F%E9%97%9C%E8%BE%A6%E5%85%AC%E6%97%A5%E6%9B%86%E8%A1%A8.csv&nfix=
2026-07-07,Tue,2,0,0,0,0,0,0,,0,0,0,0,0,80,18,0,0,0,0,0,0,,0,0,0,0,0,0,0,0,,2026,https://www.dgpa.gov.tw/FileConversion?filename=dgpa%2Ffiles%2F202506%2Fa52331bd-a189-466b-b0f0-cae3062bbf74.csv&name=115%E5%B9%B4%E4%B8%AD%E8%8F%AF%E6%B0%91%E5%9C%8B%E6%94%BF%E5%BA%9C%E8%A1%8C%E6%94%BF%E6%A9%9F%E9%97%9C%E8%BE%A6%E5%85%AC%E6%97%A5%E6%9B%86%E8%A1%A8.csv&nfix=
2026-07-08,Wed,3,0,0,0,0,0,0,,0,0,0,0,0,79,19,0,0,0,0,0,0,,0,0,0,0,0,0,0,0,,2026,https://www.dgpa.gov.tw/FileConversion?filename=dgpa%2Ffiles%2F202506%2Fa52331bd-a189-466b-b0f0-cae3062bbf74.csv&name=115%E5%B9%B4%E4%B8%AD%E8%8F%AF%E6%B0%91%E5%9C%8B%E6%94%BF%E5%BA%9C%E8%A1%8C%E6%94%BF%E6%A9%9F%E9%97%9C%E8%BE%A6%E5%85%AC%E6%97%A5%E6%9B%86%E8%A1%A8.csv&nfix=
2026-07-09,Thu,4,0,0,0,0,0,0,,0,0,0,0,0,78,20,0,0,0,0,0,0,,0,0,0,0,0,0,0,0,,2026,https://www.dgpa.gov.tw/FileConversion?filename=dgpa%2Ffiles%2F202506%2Fa52331bd-a189-466b-b0f0-cae3062bbf74.csv&name=115%E5%B9%B4%E4%B8%AD%E8%8F%AF%E6%B0%91%E5%9C%8B%E6%94%BF%E5%BA%9C%E8%A1%8C%E6%94%BF%E6%A9%9F%E9%97%9C%E8%BE%A6%E5%85%AC%E6%97%A5%E6%9B%86%E8%A1%A8.csv&nfix=
2026-07-10,Fri,5,0,0,0,0,0,0,,0,0,0,0,0,77,21,0,0,0,0,0,0,,0,0,0,0,0,0,0,0,,2026,https://www.dgpa.gov.tw/FileConversion?filename=dgpa%2Ffiles%2F202506%2Fa52331bd-a189-466b-b0f0-cae3062bbf74.csv&name=115%E5%B9%B4%E4%B8%AD%E8%8F%AF%E6%B0%91%E5%9C%8B%E6%94%BF%E5%BA%9C%E8%A1%8C%E6%94%BF%E6%A9%9F%E9%97%9C%E8%BE%A6%E5%85%AC%E6%97%A5%E6%9B%86%E8%A1%A8.csv&nfix=
2026-07-11,Sat,6,1,1,0,0,0,0,,0,0,0,0,0,76,22,0,0,0,0,0,0,,0,0,0,0,0,0,0,0,,2026,https://www.dgpa.gov.tw/FileConversion?filename=dgpa%2Ffiles%2F202506%2Fa52331bd-a189-466b-b0f0-cae3062bbf74.csv&name=115%E5%B9%B4%E4%B8%AD%E8%8F%AF%E6%B0%91%E5%9C%8B%E6%94%BF%E5%BA%9C%E8%A1%8C%E6%94%BF%E6%A9%9F%E9%97%9C%E8%BE%A6%E5%85%AC%E6%97%A5%E6%9B%86%E8%A1%A8.csv&nfix=
2026-07-12,Sun,7,1,1,0,0,0,0,,0,0,0,0,0,75,23,0,0,0,0,0,0,,0,0,0,0,0,0,0,0,,2026,https://www.dgpa.gov.tw/FileConversion?filename=dgpa%2Ffiles%2F202506%2Fa52331bd-a189-466b-b0f0-cae3062bbf74.csv&name=115%E5%B9%B4%E4%B8%AD%E8%8F%AF%E6%B0%91%E5%9C%8B%E6%94%BF%E5%BA%9C%E8%A1%8C%E6%94%BF%E6%A9%9F%E9%97%9C%E8%BE%A6%E5%85%AC%E6%97%A5%E6%9B%86%E8%A1%A8.csv&nfix=
2026-07-13,Mon,1,0,0,0,0,0,0,,0,0,0,0,0,74,24,0,0,0,0,0,0,,0,0,0,0,0,0,0,0,,2026,https://www.dgpa.gov.tw/FileConversion?filename=dgpa%2Ffiles%2F202506%2Fa52331bd-a189-466b-b0f0-cae3062bbf74.csv&name=115%E5%B9%B4%E4%B8%AD%E8%8F%AF%E6%B0%91%E5%9C%8B%E6%94%BF%E5%BA%9C%E8%A1%8C%E6%94%BF%E6%A9%9F%E9%97%9C%E8%BE%A6%E5%85%AC%E6%97%A5%E6%9B%86%E8%A1%A8.csv&nfix=
2026-07-14,Tue,2,0,0,0,0,0,0,,0,0,0,0,0,73,25,0,0,0,0,0,0,,0,0,0,0,0,0,0,0,,2026,https://www.dgpa.gov.tw/FileConversion?filename=dgpa%2Ffiles%2F202506%2Fa52331bd-a189-466b-b0f0-cae3062bbf74.csv&name=115%E5%B9%B4%E4%B8%AD%E8%8F%AF%E6%B0%91%E5%9C%8B%E6%94%BF%E5%BA%9C%E8%A1%8C%E6%94%BF%E6%A9%9F%E9%97%9C%E8%BE%A6%E5%85%AC%E6%97%A5%E6%9B%86%E8%A1%A8.csv&nfix=
2026-07-15,Wed,3,0,0,0,0,0,0,,0,0,0,0,0,72,26,0,0,0,0,0,0,,0,0,0,0,0,0,0,0,,2026,https://www.dgpa.gov.tw/FileConversion?filename=dgpa%2Ffiles%2F202506%2Fa52331bd-a189-466b-b0f0-cae3062bbf74.csv&name=115%E5%B9%B4%E4%B8%AD%E8%8F%AF%E6%B0%91%E5%9C%8B%E6%94%BF%E5%BA%9C%E8%A1%8C%E6%94%BF%E6%A9%9F%E9%97%9C%E8%BE%A6%E5%85%AC%E6%97%A5%E6%9B%86%E8%A1%A8.csv&nfix=
2026-07-16,Thu,4,0,0,0,0,0,0,,0,0,0,0,0,71,27,0,0,0,0,0,0,,0,0,0,0,0,0,0,0,,2026,https://www.dgpa.gov.tw/FileConversion?filename=dgpa%2Ffiles%2F202506%2Fa52331bd-a189-466b-b0f0-cae3062bbf74.csv&name=115%E5%B9%B4%E4%B8%AD%E8%8F%AF%E6%B0%91%E5%9C%8B%E6%94%BF%E5%BA%9C%E8%A1%8C%E6%94%BF%E6%A9%9F%E9%97%9C%E8%BE%A6%E5%85%AC%E6%97%A5%E6%9B%86%E8%A1%A8.csv&nfix=
2026-07-17,Fri,5,0,0,0,0,0,0,,0,0,0,0,0,70,28,0,0,0,0,0,0,,0,0,0,0,0,0,0,0,,2026,https://www.dgpa.gov.tw/FileConversion?filename=dgpa%2Ffiles%2F202506%2Fa52331bd-a189-466b-b0f0-cae3062bbf74.csv&name=115%E5%B9%B4%E4%B8%AD%E8%8F%AF%E6%B0%91%E5%9C%8B%E6%94%BF%E5%BA%9C%E8%A1%8C%E6%94%BF%E6%A9%9F%E9%97%9C%E8%BE%A6%E5%85%AC%E6%97%A5%E6%9B%86%E8%A1%A8.csv&nfix=
2026-07-18,Sat,6,1,1,0,0,0,0,,0,0,0,0,0,69,29,0,0,0,0,0,0,,0,0,0,0,0,0,0,0,,2026,https://www.dgpa.gov.tw/FileConversion?filename=dgpa%2Ffiles%2F202506%2Fa52331bd-a189-466b-b0f0-cae3062bbf74.csv&name=115%E5%B9%B4%E4%B8%AD%E8%8F%AF%E6%B0%91%E5%9C%8B%E6%94%BF%E5%BA%9C%E8%A1%8C%E6%94%BF%E6%A9%9F%E9%97%9C%E8%BE%A6%E5%85%AC%E6%97%A5%E6%9B%86%E8%A1%A8.csv&nfix=
2026-07-19,Sun,7,1,1,0,0,0,0,,0,0,0,0,0,68,30,0,0,0,0,0,0,,0,0,0,0,0,0,0,0,,2026,https://www.dgpa.gov.tw/FileConversion?filename=dgpa%2Ffiles%2F202506%2Fa52331bd-a189-466b-b0f0-cae3062bbf74.csv&name=115%E5%B9%B4%E4%B8%AD%E8%8F%AF%E6%B0%91%E5%9C%8B%E6%94%BF%E5%BA%9C%E8%A1%8C%E6%94%BF%E6%A9%9F%E9%97%9C%E8%BE%A6%E5%85%AC%E6%97%A5%E6%9B%86%E8%A1%A8.csv&nfix=
2026-07-20,Mon,1,0,0,0,0,0,0,,0,0,0,0,0,67,31,0,0,0,0,0,0,,0,0,0,0,0,0,0,0,,2026,https://www.dgpa.gov.tw/FileConversion?filename=dgpa%2Ffiles%2F202506%2Fa52331bd-a189-466b-b0f0-cae3062bbf74.csv&name=115%E5%B9%B4%E4%B8%AD%E8%8F%AF%E6%B0%91%E5%9C%8B%E6%94%BF%E5%BA%9C%E8%A1%8C%E6%94%BF%E6%A9%9F%E9%97%9C%E8%BE%A6%E5%85%AC%E6%97%A5%E6%9B%86%E8%A1%A8.csv&nfix=
2026-07-21,Tue,2,0,0,0,0,0,0,,0,0,0,0,0,66,32,0,0,0,0,0,0,,0,0,0,0,0,0,0,0,,2026,https://www.dgpa.gov.tw/FileConversion?filename=dgpa%2Ffiles%2F202506%2Fa52331bd-a189-466b-b0f0-cae3062bbf74.csv&name=115%E5%B9%B4%E4%B8%AD%E8%8F%AF%E6%B0%91%E5%9C%8B%E6%94%BF%E5%BA%9C%E8%A1%8C%E6%94%BF%E6%A9%9F%E9%97%9C%E8%BE%A6%E5%85%AC%E6%97%A5%E6%9B%86%E8%A1%A8.csv&nfix=
2026-07-22,Wed,3,0,0,0,0,0,0,,0,0,0,0,0,65,33,0,0,0,0,0,0,,0,0,0,0,0,0,0,0,,2026,https://www.dgpa.gov.tw/FileConversion?filename=dgpa%2Ffiles%2F202506%2Fa52331bd-a189-466b-b0f0-cae3062bbf74.csv&name=115%E5%B9%B4%E4%B8%AD%E8%8F%AF%E6%B0%91%E5%9C%8B%E6%94%BF%E5%BA%9C%E8%A1%8C%E6%94%BF%E6%A9%9F%E9%97%9C%E8%BE%A6%E5%85%AC%E6%97%A5%E6%9B%86%E8%A1%A8.csv&nfix=
2026-07-23,Thu,4,0,0,0,0,0,0,,0,0,0,0,0,64,34,0,0,0,1,0,0,,0,0,0,0,0,0,0,0,,2026,https://www.dgpa.gov.tw/FileConversion?filename=dgpa%2Ffiles%2F202506%2Fa52331bd-a189-466b-b0f0-cae3062bbf74.csv&name=115%E5%B9%B4%E4%B8%AD%E8%8F%AF%E6%B0%91%E5%9C%8B%E6%94%BF%E5%BA%9C%E8%A1%8C%E6%94%BF%E6%A9%9F%E9%97%9C%E8%BE%A6%E5%85%AC%E6%97%A5%E6%9B%86%E8%A1%A8.csv&nfix=
2026-07-24,Fri,5,0,0,0,0,0,0,,0,0,0,0,0,63,35,0,0,0,1,0,0,,0,0,0,0,0,0,0,0,,2026,https://www.dgpa.gov.tw/FileConversion?filename=dgpa%2Ffiles%2F202506%2Fa52331bd-a189-466b-b0f0-cae3062bbf74.csv&name=115%E5%B9%B4%E4%B8%AD%E8%8F%AF%E6%B0%91%E5%9C%8B%E6%94%BF%E5%BA%9C%E8%A1%8C%E6%94%BF%E6%A9%9F%E9%97%9C%E8%BE%A6%E5%85%AC%E6%97%A5%E6%9B%86%E8%A1%A8.csv&nfix=
2026-07-25,Sat,6,1,1,0,0,0,0,,0,0,0,0,0,62,36,0,0,1,1,0,0,,0,0,0,0,0,0,0,0,,2026,https://www.dgpa.gov.tw/FileConversion?filename=dgpa%2Ffiles%2F202506%2Fa52331bd-a189-466b-b0f0-cae3062bbf74.csv&name=115%E5%B9%B4%E4%B8%AD%E8%8F%AF%E6%B0%91%E5%9C%8B%E6%94%BF%E5%BA%9C%E8%A1%8C%E6%94%BF%E6%A9%9F%E9%97%9C%E8%BE%A6%E5%85%AC%E6%97%A5%E6%9B%86%E8%A1%A8.csv&nfix=
2026-07-26,Sun,7,1,1,0,0,0,0,,0,0,0,0,0,61,37,0,0,0,1,0,0,,0,0,0,0,0,0,0,0,,2026,https://www.dgpa.gov.tw/FileConversion?filename=dgpa%2Ffiles%2F202506%2Fa52331bd-a189-466b-b0f0-cae3062bbf74.csv&name=115%E5%B9%B4%E4%B8%AD%E8%8F%AF%E6%B0%91%E5%9C%8B%E6%94%BF%E5%BA%9C%E8%A1%8C%E6%94%BF%E6%A9%9F%E9%97%9C%E8%BE%A6%E5%85%AC%E6%97%A5%E6%9B%86%E8%A1%A8.csv&nfix=
2026-07-27,Mon,1,0,0,0,0,0,0,,0,0,0,0,0,60,38,0,0,0,1,0,0,,0,0,0,0,0,0,0,0,,2026,https://www.dgpa.gov.tw/FileConversion?filename=dgpa%2Ffiles%2F202506%2Fa52331bd-a189-466b-b0f0-cae3062bbf74.csv&name=115%E5%B9%B4%E4%B8%AD%E8%8F%AF%E6%B0%91%E5%9C%8B%E6%94%BF%E5%BA%9C%E8%A1%8C%E6%94%BF%E6%A9%9F%E9%97%9C%E8%BE%A6%E5%85%AC%E6%97%A5%E6%9B%86%E8%A1%A8.csv&nfix=
2026-07-28,Tue,2,0,0,0,0,0,0,,0,0,0,0,0,59,39,0,0,0,0,0,0,,0,0,0,0,0,0,0,0,,2026,https://www.dgpa.gov.tw/FileConversion?filename=dgpa%2Ffiles%2F202506%2Fa52331bd-a189-466b-b0f0-cae3062bbf74.csv&name=115%E5%B9%B4%E4%B8%AD%E8%8F%AF%E6%B0%91%E5%9C%8B%E6%94%BF%E5%BA%9C%E8%A1%8C%E6%94%BF%E6%A9%9F%E9%97%9C%E8%BE%A6%E5%85%AC%E6%97%A5%E6%9B%86%E8%A1%A8.csv&nfix=
2026-07-29,Wed,3,0,0,0,0,0,0,,0,0,0,0,0,58,40,0,0,0,0,0,0,,0,0,0,0,0,0,0,0,,2026,https://www.dgpa.gov.tw/FileConversion?filename=dgpa%2Ffiles%2F202506%2Fa52331bd-a189-466b-b0f0-cae3062bbf74.csv&name=115%E5%B9%B4%E4%B8%AD%E8%8F%AF%E6%B0%91%E5%9C%8B%E6%94%BF%E5%BA%9C%E8%A1%8C%E6%94%BF%E6%A9%9F%E9%97%9C%E8%BE%A6%E5%85%AC%E6%97%A5%E6%9B%86%E8%A1%A8.csv&nfix=
2026-07-30,Thu,4,0,0,0,0,0,0,,0,0,0,0,0,57,41,0,0,0,0,0,0,,0,0,0,0,0,0,0,0,,2026,https://www.dgpa.gov.tw/FileConversion?filename=dgpa%2Ffiles%2F202506%2Fa52331bd-a189-466b-b0f0-cae3062bbf74.csv&name=115%E5%B9%B4%E4%B8%AD%E8%8F%AF%E6%B0%91%E5%9C%8B%E6%94%BF%E5%BA%9C%E8%A1%8C%E6%94%BF%E6%A9%9F%E9%97%9C%E8%BE%A6%E5%85%AC%E6%97%A5%E6%9B%86%E8%A1%A8.csv&nfix=
2026-07-31,Fri,5,0,0,0,0,0,0,,0,0,0,0,0,56,42,0,1,0,0,0,0,,0,0,0,0,0,0,0,0,,2026,https://www.dgpa.gov.tw/FileConversion?filename=dgpa%2Ffiles%2F202506%2Fa52331bd-a189-466b-b0f0-cae3062bbf74.csv&name=115%E5%B9%B4%E4%B8%AD%E8%8F%AF%E6%B0%91%E5%9C%8B%E6%94%BF%E5%BA%9C%E8%A1%8C%E6%94%BF%E6%A9%9F%E9%97%9C%E8%BE%A6%E5%85%AC%E6%97%A5%E6%9B%86%E8%A1%A8.csv&nfix=
2026-08-01,Sat,6,1,1,0,0,0,0,,0,0,0,0,0,55,43,1,0,0,0,0,0,,0,0,0,0,0,0,0,0,,2026,https://www.dgpa.gov.tw/FileConversion?filename=dgpa%2Ffiles%2F202506%2Fa52331bd-a189-466b-b0f0-cae3062bbf74.csv&name=115%E5%B9%B4%E4%B8%AD%E8%8F%AF%E6%B0%91%E5%9C%8B%E6%94%BF%E5%BA%9C%E8%A1%8C%E6%94%BF%E6%A9%9F%E9%97%9C%E8%BE%A6%E5%85%AC%E6%97%A5%E6%9B%86%E8%A1%A8.csv&nfix=
2026-08-02,Sun,7,1,1,0,0,0,0,,0,0,0,0,0,54,44,0,0,0,0,0,0,,0,0,0,0,0,0,0,0,,2026,https://www.dgpa.gov.tw/FileConversion?filename=dgpa%2Ffiles%2F202506%2Fa52331bd-a189-466b-b0f0-cae3062bbf74.csv&name=115%E5%B9%B4%E4%B8%AD%E8%8F%AF%E6%B0%91%E5%9C%8B%E6%94%BF%E5%BA%9C%E8%A1%8C%E6%94%BF%E6%A9%9F%E9%97%9C%E8%BE%A6%E5%85%AC%E6%97%A5%E6%9B%86%E8%A1%A8.csv&nfix=
2026-08-03,Mon,1,0,0,0,0,0,0,,0,0,0,0,0,53,45,0,0,0,0,0,0,,0,0,0,0,0,0,0,0,,2026,https://www.dgpa.gov.tw/FileConversion?filename=dgpa%2Ffiles%2F202506%2Fa52331bd-a189-466b-b0f0-cae3062bbf74.csv&name=115%E5%B9%B4%E4%B8%AD%E8%8F%AF%E6%B0%91%E5%9C%8B%E6%94%BF%E5%BA%9C%E8%A1%8C%E6%94%BF%E6%A9%9F%E9%97%9C%E8%BE%A6%E5%85%AC%E6%97%A5%E6%9B%86%E8%A1%A8.csv&nfix=
2026-08-04,Tue,2,0,0,0,0,0,0,,0,0,0,0,0,52,46,0,0,0,0,0,0,,0,0,0,0,0,0,0,0,,2026,https://www.dgpa.gov.tw/FileConversion?filename=dgpa%2Ffiles%2F202506%2Fa52331bd-a189-466b-b0f0-cae3062bbf74.csv&name=115%E5%B9%B4%E4%B8%AD%E8%8F%AF%E6%B0%91%E5%9C%8B%E6%94%BF%E5%BA%9C%E8%A1%8C%E6%94%BF%E6%A9%9F%E9%97%9C%E8%BE%A6%E5%85%AC%E6%97%A5%E6%9B%86%E8%A1%A8.csv&nfix=
2026-08-05,Wed,3,0,0,0,0,0,0,,0,0,0,0,0,51,47,0,0,0,0,0,0,,0,0,0,0,0,0,0,0,,2026,https://www.dgpa.gov.tw/FileConversion?filename=dgpa%2Ffiles%2F202506%2Fa52331bd-a189-466b-b0f0-cae3062bbf74.csv&name=115%E5%B9%B4%E4%B8%AD%E8%8F%AF%E6%B0%91%E5%9C%8B%E6%94%BF%E5%BA%9C%E8%A1%8C%E6%94%BF%E6%A9%9F%E9%97%9C%E8%BE%A6%E5%85%AC%E6%97%A5%E6%9B%86%E8%A1%A8.csv&nfix=
2026-08-06,Thu,4,0,0,0,0,0,0,,0,0,0,0,0,50,48,0,0,0,0,0,0,,0,0,0,0,0,0,0,0,,2026,https://www.dgpa.gov.tw/FileConversion?filename=dgpa%2Ffiles%2F202506%2Fa52331bd-a189-466b-b0f0-cae3062bbf74.csv&name=115%E5%B9%B4%E4%B8%AD%E8%8F%AF%E6%B0%91%E5%9C%8B%E6%94%BF%E5%BA%9C%E8%A1%8C%E6%94%BF%E6%A9%9F%E9%97%9C%E8%BE%A6%E5%85%AC%E6%97%A5%E6%9B%86%E8%A1%A8.csv&nfix=
2026-08-07,Fri,5,0,0,0,0,0,0,,0,0,0,0,0,49,49,0,0,0,0,0,0,,0,0,0,0,0,0,0,0,,2026,https://www.dgpa.gov.tw/FileConversion?filename=dgpa%2Ffiles%2F202506%2Fa52331bd-a189-466b-b0f0-cae3062bbf74.csv&name=115%E5%B9%B4%E4%B8%AD%E8%8F%AF%E6%B0%91%E5%9C%8B%E6%94%BF%E5%BA%9C%E8%A1%8C%E6%94%BF%E6%A9%9F%E9%97%9C%E8%BE%A6%E5%85%AC%E6%97%A5%E6%9B%86%E8%A1%A8.csv&nfix=
2026-08-08,Sat,6,1,1,0,0,0,0,,0,0,0,0,0,48,50,0,0,0,0,0,0,,0,0,0,0,0,0,0,0,,2026,https://www.dgpa.gov.tw/FileConversion?filename=dgpa%2Ffiles%2F202506%2Fa52331bd-a189-466b-b0f0-cae3062bbf74.csv&name=115%E5%B9%B4%E4%B8%AD%E8%8F%AF%E6%B0%91%E5%9C%8B%E6%94%BF%E5%BA%9C%E8%A1%8C%E6%94%BF%E6%A9%9F%E9%97%9C%E8%BE%A6%E5%85%AC%E6%97%A5%E6%9B%86%E8%A1%A8.csv&nfix=
2026-08-09,Sun,7,1,1,0,0,0,0,,0,0,0,0,0,47,51,0,0,0,0,0,0,,0,0,0,0,0,0,0,0,,2026,https://www.dgpa.gov.tw/FileConversion?filename=dgpa%2Ffiles%2F202506%2Fa52331bd-a189-466b-b0f0-cae3062bbf74.csv&name=115%E5%B9%B4%E4%B8%AD%E8%8F%AF%E6%B0%91%E5%9C%8B%E6%94%BF%E5%BA%9C%E8%A1%8C%E6%94%BF%E6%A9%9F%E9%97%9C%E8%BE%A6%E5%85%AC%E6%97%A5%E6%9B%86%E8%A1%A8.csv&nfix=
2026-08-10,Mon,1,0,0,0,0,0,0,,0,0,0,0,0,46,52,0,0,0,0,0,0,,0,0,0,0,0,0,0,0,,2026,https://www.dgpa.gov.tw/FileConversion?filename=dgpa%2Ffiles%2F202506%2Fa52331bd-a189-466b-b0f0-cae3062bbf74.csv&name=115%E5%B9%B4%E4%B8%AD%E8%8F%AF%E6%B0%91%E5%9C%8B%E6%94%BF%E5%BA%9C%E8%A1%8C%E6%94%BF%E6%A9%9F%E9%97%9C%E8%BE%A6%E5%85%AC%E6%97%A5%E6%9B%86%E8%A1%A8.csv&nfix=
2026-08-11,Tue,2,0,0,0,0,0,0,,0,0,0,0,0,45,53,0,0,0,0,0,0,,0,0,0,0,0,0,0,0,,2026,https://www.dgpa.gov.tw/FileConversion?filename=dgpa%2Ffiles%2F202506%2Fa52331bd-a189-466b-b0f0-cae3062bbf74.csv&name=115%E5%B9%B4%E4%B8%AD%E8%8F%AF%E6%B0%91%E5%9C%8B%E6%94%BF%E5%BA%9C%E8%A1%8C%E6%94%BF%E6%A9%9F%E9%97%9C%E8%BE%A6%E5%85%AC%E6%97%A5%E6%9B%86%E8%A1%A8.csv&nfix=
2026-08-12,Wed,3,0,0,0,0,0,0,,0,0,0,0,0,44,54,0,0,0,0,0,0,,0,0,0,0,0,0,0,0,,2026,https://www.dgpa.gov.tw/FileConversion?filename=dgpa%2Ffiles%2F202506%2Fa52331bd-a189-466b-b0f0-cae3062bbf74.csv&name=115%E5%B9%B4%E4%B8%AD%E8%8F%AF%E6%B0%91%E5%9C%8B%E6%94%BF%E5%BA%9C%E8%A1%8C%E6%94%BF%E6%A9%9F%E9%97%9C%E8%BE%A6%E5%85%AC%E6%97%A5%E6%9B%86%E8%A1%A8.csv&nfix=
2026-08-13,Thu,4,0,0,0,0,0,0,,0,0,0,0,0,43,55,0,0,0,0,0,0,,0,0,0,0,0,0,0,0,,2026,https://www.dgpa.gov.tw/FileConversion?filename=dgpa%2Ffiles%2F202506%2Fa52331bd-a189-466b-b0f0-cae3062bbf74.csv&name=115%E5%B9%B4%E4%B8%AD%E8%8F%AF%E6%B0%91%E5%9C%8B%E6%94%BF%E5%BA%9C%E8%A1%8C%E6%94%BF%E6%A9%9F%E9%97%9C%E8%BE%A6%E5%85%AC%E6%97%A5%E6%9B%86%E8%A1%A8.csv&nfix=
2026-08-14,Fri,5,0,0,0,0,0,0,,0,0,0,0,0,42,56,0,0,0,0,0,0,,0,0,0,0,0,0,0,0,,2026,https://www.dgpa.gov.tw/FileConversion?filename=dgpa%2Ffiles%2F202506%2Fa52331bd-a189-466b-b0f0-cae3062bbf74.csv&name=115%E5%B9%B4%E4%B8%AD%E8%8F%AF%E6%B0%91%E5%9C%8B%E6%94%BF%E5%BA%9C%E8%A1%8C%E6%94%BF%E6%A9%9F%E9%97%9C%E8%BE%A6%E5%85%AC%E6%97%A5%E6%9B%86%E8%A1%A8.csv&nfix=
2026-08-15,Sat,6,1,1,0,0,0,0,,0,0,0,0,0,41,57,0,0,0,0,0,0,,0,0,0,0,0,0,0,0,,2026,https://www.dgpa.gov.tw/FileConversion?filename=dgpa%2Ffiles%2F202506%2Fa52331bd-a189-466b-b0f0-cae3062bbf74.csv&name=115%E5%B9%B4%E4%B8%AD%E8%8F%AF%E6%B0%91%E5%9C%8B%E6%94%BF%E5%BA%9C%E8%A1%8C%E6%94%BF%E6%A9%9F%E9%97%9C%E8%BE%A6%E5%85%AC%E6%97%A5%E6%9B%86%E8%A1%A8.csv&nfix=
2026-08-16,Sun,7,1,1,0,0,0,0,,0,0,0,0,0,40,58,0,0,0,0,0,0,,0,0,0,0,0,0,0,0,,2026,https://www.dgpa.gov.tw/FileConversion?filename=dgpa%2Ffiles%2F202506%2Fa52331bd-a189-466b-b0f0-cae3062bbf74.csv&name=115%E5%B9%B4%E4%B8%AD%E8%8F%AF%E6%B0%91%E5%9C%8B%E6%94%BF%E5%BA%9C%E8%A1%8C%E6%94%BF%E6%A9%9F%E9%97%9C%E8%BE%A6%E5%85%AC%E6%97%A5%E6%9B%86%E8%A1%A8.csv&nfix=
2026-08-17,Mon,1,0,0,0,0,0,0,,0,0,0,0,0,39,59,0,0,0,0,0,0,,0,0,0,0,0,0,0,0,,2026,https://www.dgpa.gov.tw/FileConversion?filename=dgpa%2Ffiles%2F202506%2Fa52331bd-a189-466b-b0f0-cae3062bbf74.csv&name=115%E5%B9%B4%E4%B8%AD%E8%8F%AF%E6%B0%91%E5%9C%8B%E6%94%BF%E5%BA%9C%E8%A1%8C%E6%94%BF%E6%A9%9F%E9%97%9C%E8%BE%A6%E5%85%AC%E6%97%A5%E6%9B%86%E8%A1%A8.csv&nfix=
2026-08-18,Tue,2,0,0,0,0,0,0,,0,0,0,0,0,38,60,0,0,0,0,0,0,,0,0,0,0,0,0,0,0,,2026,https://www.dgpa.gov.tw/FileConversion?filename=dgpa%2Ffiles%2F202506%2Fa52331bd-a189-466b-b0f0-cae3062bbf74.csv&name=115%E5%B9%B4%E4%B8%AD%E8%8F%AF%E6%B0%91%E5%9C%8B%E6%94%BF%E5%BA%9C%E8%A1%8C%E6%94%BF%E6%A9%9F%E9%97%9C%E8%BE%A6%E5%85%AC%E6%97%A5%E6%9B%86%E8%A1%A8.csv&nfix=
2026-08-19,Wed,3,0,0,0,0,0,0,,0,0,0,0,0,37,61,0,0,0,0,0,0,,0,0,0,0,0,0,0,0,,2026,https://www.dgpa.gov.tw/FileConversion?filename=dgpa%2Ffiles%2F202506%2Fa52331bd-a189-466b-b0f0-cae3062bbf74.csv&name=115%E5%B9%B4%E4%B8%AD%E8%8F%AF%E6%B0%91%E5%9C%8B%E6%94%BF%E5%BA%9C%E8%A1%8C%E6%94%BF%E6%A9%9F%E9%97%9C%E8%BE%A6%E5%85%AC%E6%97%A5%E6%9B%86%E8%A1%A8.csv&nfix=
2026-08-20,Thu,4,0,0,0,0,0,0,,0,0,0,0,0,36,62,0,0,0,0,0,0,,0,0,0,0,0,0,0,0,,2026,https://www.dgpa.gov.tw/FileConversion?filename=dgpa%2Ffiles%2F202506%2Fa52331bd-a189-466b-b0f0-cae3062bbf74.csv&name=115%E5%B9%B4%E4%B8%AD%E8%8F%AF%E6%B0%91%E5%9C%8B%E6%94%BF%E5%BA%9C%E8%A1%8C%E6%94%BF%E6%A9%9F%E9%97%9C%E8%BE%A6%E5%85%AC%E6%97%A5%E6%9B%86%E8%A1%A8.csv&nfix=
2026-08-21,Fri,5,0,0,0,0,0,0,,0,0,0,0,0,35,63,0,0,0,0,0,0,,0,0,0,0,0,0,0,0,,2026,https://www.dgpa.gov.tw/FileConversion?filename=dgpa%2Ffiles%2F202506%2Fa52331bd-a189-466b-b0f0-cae3062bbf74.csv&name=115%E5%B9%B4%E4%B8%AD%E8%8F%AF%E6%B0%91%E5%9C%8B%E6%94%BF%E5%BA%9C%E8%A1%8C%E6%94%BF%E6%A9%9F%E9%97%9C%E8%BE%A6%E5%85%AC%E6%97%A5%E6%9B%86%E8%A1%A8.csv&nfix=
2026-08-22,Sat,6,1,1,0,0,0,0,,0,0,0,0,0,34,64,0,0,0,0,0,0,,0,0,0,0,0,0,0,0,,2026,https://www.dgpa.gov.tw/FileConversion?filename=dgpa%2Ffiles%2F202506%2Fa52331bd-a189-466b-b0f0-cae3062bbf74.csv&name=115%E5%B9%B4%E4%B8%AD%E8%8F%AF%E6%B0%91%E5%9C%8B%E6%94%BF%E5%BA%9C%E8%A1%8C%E6%94%BF%E6%A9%9F%E9%97%9C%E8%BE%A6%E5%85%AC%E6%97%A5%E6%9B%86%E8%A1%A8.csv&nfix=
2026-08-23,Sun,7,1,1,0,0,0,0,,0,0,0,0,0,33,65,0,0,0,1,0,0,,0,0,0,0,0,0,0,0,,2026,https://www.dgpa.gov.tw/FileConversion?filename=dgpa%2Ffiles%2F202506%2Fa52331bd-a189-466b-b0f0-cae3062bbf74.csv&name=115%E5%B9%B4%E4%B8%AD%E8%8F%AF%E6%B0%91%E5%9C%8B%E6%94%BF%E5%BA%9C%E8%A1%8C%E6%94%BF%E6%A9%9F%E9%97%9C%E8%BE%A6%E5%85%AC%E6%97%A5%E6%9B%86%E8%A1%A8.csv&nfix=
2026-08-24,Mon,1,0,0,0,0,0,0,,0,0,0,0,0,32,66,0,0,0,1,0,0,,0,0,0,0,0,0,0,0,,2026,https://www.dgpa.gov.tw/FileConversion?filename=dgpa%2Ffiles%2F202506%2Fa52331bd-a189-466b-b0f0-cae3062bbf74.csv&name=115%E5%B9%B4%E4%B8%AD%E8%8F%AF%E6%B0%91%E5%9C%8B%E6%94%BF%E5%BA%9C%E8%A1%8C%E6%94%BF%E6%A9%9F%E9%97%9C%E8%BE%A6%E5%85%AC%E6%97%A5%E6%9B%86%E8%A1%A8.csv&nfix=
2026-08-25,Tue,2,0,0,0,0,0,0,,0,0,0,0,0,31,67,0,0,1,1,0,0,,0,0,0,0,0,0,0,0,,2026,https://www.dgpa.gov.tw/FileConversion?filename=dgpa%2Ffiles%2F202506%2Fa52331bd-a189-466b-b0f0-cae3062bbf74.csv&name=115%E5%B9%B4%E4%B8%AD%E8%8F%AF%E6%B0%91%E5%9C%8B%E6%94%BF%E5%BA%9C%E8%A1%8C%E6%94%BF%E6%A9%9F%E9%97%9C%E8%BE%A6%E5%85%AC%E6%97%A5%E6%9B%86%E8%A1%A8.csv&nfix=
2026-08-26,Wed,3,0,0,0,0,0,0,,0,0,0,0,0,30,68,0,0,0,1,0,0,,0,0,0,0,0,0,0,0,,2026,https://www.dgpa.gov.tw/FileConversion?filename=dgpa%2Ffiles%2F202506%2Fa52331bd-a189-466b-b0f0-cae3062bbf74.csv&name=115%E5%B9%B4%E4%B8%AD%E8%8F%AF%E6%B0%91%E5%9C%8B%E6%94%BF%E5%BA%9C%E8%A1%8C%E6%94%BF%E6%A9%9F%E9%97%9C%E8%BE%A6%E5%85%AC%E6%97%A5%E6%9B%86%E8%A1%A8.csv&nfix=
2026-08-27,Thu,4,0,0,0,0,0,0,,0,0,0,0,0,29,69,0,0,0,1,0,0,,0,0,0,0,0,0,0,0,,2026,https://www.dgpa.gov.tw/FileConversion?filename=dgpa%2Ffiles%2F202506%2Fa52331bd-a189-466b-b0f0-cae3062bbf74.csv&name=115%E5%B9%B4%E4%B8%AD%E8%8F%AF%E6%B0%91%E5%9C%8B%E6%94%BF%E5%BA%9C%E8%A1%8C%E6%94%BF%E6%A9%9F%E9%97%9C%E8%BE%A6%E5%85%AC%E6%97%A5%E6%9B%86%E8%A1%A8.csv&nfix=
2026-08-28,Fri,5,0,0,0,0,0,0,,0,0,0,0,0,28,70,0,0,0,0,0,0,,0,0,0,0,0,0,0,0,,2026,https://www.dgpa.gov.tw/FileConversion?filename=dgpa%2Ffiles%2F202506%2Fa52331bd-a189-466b-b0f0-cae3062bbf74.csv&name=115%E5%B9%B4%E4%B8%AD%E8%8F%AF%E6%B0%91%E5%9C%8B%E6%94%BF%E5%BA%9C%E8%A1%8C%E6%94%BF%E6%A9%9F%E9%97%9C%E8%BE%A6%E5%85%AC%E6%97%A5%E6%9B%86%E8%A1%A8.csv&nfix=
2026-08-29,Sat,6,1,1,0,0,0,0,,0,0,0,0,0,27,71,0,0,0,0,0,0,,0,0,0,0,0,0,0,0,,2026,https://www.dgpa.gov.tw/FileConversion?filename=dgpa%2Ffiles%2F202506%2Fa52331bd-a189-466b-b0f0-cae3062bbf74.csv&name=115%E5%B9%B4%E4%B8%AD%E8%8F%AF%E6%B0%91%E5%9C%8B%E6%94%BF%E5%BA%9C%E8%A1%8C%E6%94%BF%E6%A9%9F%E9%97%9C%E8%BE%A6%E5%85%AC%E6%97%A5%E6%9B%86%E8%A1%A8.csv&nfix=
2026-08-30,Sun,7,1,1,0,0,0,0,,0,0,0,0,0,26,72,0,0,0,0,0,0,,0,0,0,0,0,0,0,0,,2026,https://www.dgpa.gov.tw/FileConversion?filename=dgpa%2Ffiles%2F202506%2Fa52331bd-a189-466b-b0f0-cae3062bbf74.csv&name=115%E5%B9%B4%E4%B8%AD%E8%8F%AF%E6%B0%91%E5%9C%8B%E6%94%BF%E5%BA%9C%E8%A1%8C%E6%94%BF%E6%A9%9F%E9%97%9C%E8%BE%A6%E5%85%AC%E6%97%A5%E6%9B%86%E8%A1%A8.csv&nfix=
2026-08-31,Mon,1,0,0,0,0,0,0,,0,0,0,0,0,25,73,0,1,0,0,0,0,,0,0,0,0,0,0,0,0,,2026,https://www.dgpa.gov.tw/FileConversion?filename=dgpa%2Ffiles%2F202506%2Fa52331bd-a189-466b-b0f0-cae3062bbf74.csv&name=115%E5%B9%B4%E4%B8%AD%E8%8F%AF%E6%B0%91%E5%9C%8B%E6%94%BF%E5%BA%9C%E8%A1%8C%E6%94%BF%E6%A9%9F%E9%97%9C%E8%BE%A6%E5%85%AC%E6%97%A5%E6%9B%86%E8%A1%A8.csv&nfix=
2026-09-01,Tue,2,0,0,0,0,0,0,,0,0,0,0,0,24,74,1,0,0,0,0,0,,0,0,0,0,0,0,0,0,,2026,https://www.dgpa.gov.tw/FileConversion?filename=dgpa%2Ffiles%2F202506%2Fa52331bd-a189-466b-b0f0-cae3062bbf74.csv&name=115%E5%B9%B4%E4%B8%AD%E8%8F%AF%E6%B0%91%E5%9C%8B%E6%94%BF%E5%BA%9C%E8%A1%8C%E6%94%BF%E6%A9%9F%E9%97%9C%E8%BE%A6%E5%85%AC%E6%97%A5%E6%9B%86%E8%A1%A8.csv&nfix=
2026-09-02,Wed,3,0,0,0,0,0,0,,0,0,0,0,0,23,75,0,0,0,0,0,0,,0,0,0,0,0,0,0,0,,2026,https://www.dgpa.gov.tw/FileConversion?filename=dgpa%2Ffiles%2F202506%2Fa52331bd-a189-466b-b0f0-cae3062bbf74.csv&name=115%E5%B9%B4%E4%B8%AD%E8%8F%AF%E6%B0%91%E5%9C%8B%E6%94%BF%E5%BA%9C%E8%A1%8C%E6%94%BF%E6%A9%9F%E9%97%9C%E8%BE%A6%E5%85%AC%E6%97%A5%E6%9B%86%E8%A1%A8.csv&nfix=
2026-09-03,Thu,4,0,0,0,0,0,0,,0,0,0,0,0,22,76,0,0,0,0,0,0,,0,0,0,0,0,0,0,0,,2026,https://www.dgpa.gov.tw/FileConversion?filename=dgpa%2Ffiles%2F202506%2Fa52331bd-a189-466b-b0f0-cae3062bbf74.csv&name=115%E5%B9%B4%E4%B8%AD%E8%8F%AF%E6%B0%91%E5%9C%8B%E6%94%BF%E5%BA%9C%E8%A1%8C%E6%94%BF%E6%A9%9F%E9%97%9C%E8%BE%A6%E5%85%AC%E6%97%A5%E6%9B%86%E8%A1%A8.csv&nfix=
2026-09-04,Fri,5,0,0,0,0,0,0,,0,0,0,0,0,21,77,0,0,0,0,0,0,,0,0,0,0,0,0,0,0,,2026,https://www.dgpa.gov.tw/FileConversion?filename=dgpa%2Ffiles%2F202506%2Fa52331bd-a189-466b-b0f0-cae3062bbf74.csv&name=115%E5%B9%B4%E4%B8%AD%E8%8F%AF%E6%B0%91%E5%9C%8B%E6%94%BF%E5%BA%9C%E8%A1%8C%E6%94%BF%E6%A9%9F%E9%97%9C%E8%BE%A6%E5%85%AC%E6%97%A5%E6%9B%86%E8%A1%A8.csv&nfix=
2026-09-05,Sat,6,1,1,0,0,0,0,,0,0,0,0,0,20,78,0,0,0,0,0,0,,0,0,0,0,0,0,0,0,,2026,https://www.dgpa.gov.tw/FileConversion?filename=dgpa%2Ffiles%2F202506%2Fa52331bd-a189-466b-b0f0-cae3062bbf74.csv&name=115%E5%B9%B4%E4%B8%AD%E8%8F%AF%E6%B0%91%E5%9C%8B%E6%94%BF%E5%BA%9C%E8%A1%8C%E6%94%BF%E6%A9%9F%E9%97%9C%E8%BE%A6%E5%85%AC%E6%97%A5%E6%9B%86%E8%A1%A8.csv&nfix=
2026-09-06,Sun,7,1,1,0,0,0,0,,0,0,0,0,0,19,79,0,0,0,0,0,0,,0,0,0,0,0,0,0,0,,2026,https://www.dgpa.gov.tw/FileConversion?filename=dgpa%2Ffiles%2F202506%2Fa52331bd-a189-466b-b0f0-cae3062bbf74.csv&name=115%E5%B9%B4%E4%B8%AD%E8%8F%AF%E6%B0%91%E5%9C%8B%E6%94%BF%E5%BA%9C%E8%A1%8C%E6%94%BF%E6%A9%9F%E9%97%9C%E8%BE%A6%E5%85%AC%E6%97%A5%E6%9B%86%E8%A1%A8.csv&nfix=
2026-09-07,Mon,1,0,0,0,0,0,0,,0,0,0,0,0,18,80,0,0,0,0,0,0,,0,0,0,0,0,0,0,0,,2026,https://www.dgpa.gov.tw/FileConversion?filename=dgpa%2Ffiles%2F202506%2Fa52331bd-a189-466b-b0f0-cae3062bbf74.csv&name=115%E5%B9%B4%E4%B8%AD%E8%8F%AF%E6%B0%91%E5%9C%8B%E6%94%BF%E5%BA%9C%E8%A1%8C%E6%94%BF%E6%A9%9F%E9%97%9C%E8%BE%A6%E5%85%AC%E6%97%A5%E6%9B%86%E8%A1%A8.csv&nfix=
2026-09-08,Tue,2,0,0,0,0,0,0,,0,0,0,0,0,17,81,0,0,0,0,0,0,,0,0,0,0,0,0,0,0,,2026,https://www.dgpa.gov.tw/FileConversion?filename=dgpa%2Ffiles%2F202506%2Fa52331bd-a189-466b-b0f0-cae3062bbf74.csv&name=115%E5%B9%B4%E4%B8%AD%E8%8F%AF%E6%B0%91%E5%9C%8B%E6%94%BF%E5%BA%9C%E8%A1%8C%E6%94%BF%E6%A9%9F%E9%97%9C%E8%BE%A6%E5%85%AC%E6%97%A5%E6%9B%86%E8%A1%A8.csv&nfix=
2026-09-09,Wed,3,0,0,0,0,0,0,,0,0,0,0,0,16,82,0,0,0,0,0,0,,0,0,0,0,0,0,0,0,,2026,https://www.dgpa.gov.tw/FileConversion?filename=dgpa%2Ffiles%2F202506%2Fa52331bd-a189-466b-b0f0-cae3062bbf74.csv&name=115%E5%B9%B4%E4%B8%AD%E8%8F%AF%E6%B0%91%E5%9C%8B%E6%94%BF%E5%BA%9C%E8%A1%8C%E6%94%BF%E6%A9%9F%E9%97%9C%E8%BE%A6%E5%85%AC%E6%97%A5%E6%9B%86%E8%A1%A8.csv&nfix=
2026-09-10,Thu,4,0,0,0,0,0,0,,0,0,0,0,0,15,83,0,0,0,0,0,0,,0,0,0,0,0,0,0,0,,2026,https://www.dgpa.gov.tw/FileConversion?filename=dgpa%2Ffiles%2F202506%2Fa52331bd-a189-466b-b0f0-cae3062bbf74.csv&name=115%E5%B9%B4%E4%B8%AD%E8%8F%AF%E6%B0%91%E5%9C%8B%E6%94%BF%E5%BA%9C%E8%A1%8C%E6%94%BF%E6%A9%9F%E9%97%9C%E8%BE%A6%E5%85%AC%E6%97%A5%E6%9B%86%E8%A1%A8.csv&nfix=
2026-09-11,Fri,5,0,0,0,0,0,0,,0,0,0,0,0,14,84,0,0,0,0,0,0,,0,0,0,0,0,0,0,0,,2026,https://www.dgpa.gov.tw/FileConversion?filename=dgpa%2Ffiles%2F202506%2Fa52331bd-a189-466b-b0f0-cae3062bbf74.csv&name=115%E5%B9%B4%E4%B8%AD%E8%8F%AF%E6%B0%91%E5%9C%8B%E6%94%BF%E5%BA%9C%E8%A1%8C%E6%94%BF%E6%A9%9F%E9%97%9C%E8%BE%A6%E5%85%AC%E6%97%A5%E6%9B%86%E8%A1%A8.csv&nfix=
2026-09-12,Sat,6,1,1,0,0,0,0,,0,0,0,0,0,13,85,0,0,0,0,0,0,,0,0,0,0,0,0,0,0,,2026,https://www.dgpa.gov.tw/FileConversion?filename=dgpa%2Ffiles%2F202506%2Fa52331bd-a189-466b-b0f0-cae3062bbf74.csv&name=115%E5%B9%B4%E4%B8%AD%E8%8F%AF%E6%B0%91%E5%9C%8B%E6%94%BF%E5%BA%9C%E8%A1%8C%E6%94%BF%E6%A9%9F%E9%97%9C%E8%BE%A6%E5%85%AC%E6%97%A5%E6%9B%86%E8%A1%A8.csv&nfix=
2026-09-13,Sun,7,1,1,0,0,0,0,,0,0,0,0,0,12,86,0,0,0,0,0,0,,0,0,0,0,0,0,0,0,,2026,https://www.dgpa.gov.tw/FileConversion?filename=dgpa%2Ffiles%2F202506%2Fa52331bd-a189-466b-b0f0-cae3062bbf74.csv&name=115%E5%B9%B4%E4%B8%AD%E8%8F%AF%E6%B0%91%E5%9C%8B%E6%94%BF%E5%BA%9C%E8%A1%8C%E6%94%BF%E6%A9%9F%E9%97%9C%E8%BE%A6%E5%85%AC%E6%97%A5%E6%9B%86%E8%A1%A8.csv&nfix=
2026-09-14,Mon,1,0,0,0,0,0,0,,0,0,0,0,0,11,87,0,0,0,0,0,0,,0,0,0,0,0,0,0,0,,2026,https://www.dgpa.gov.tw/FileConversion?filename=dgpa%2Ffiles%2F202506%2Fa52331bd-a189-466b-b0f0-cae3062bbf74.csv&name=115%E5%B9%B4%E4%B8%AD%E8%8F%AF%E6%B0%91%E5%9C%8B%E6%94%BF%E5%BA%9C%E8%A1%8C%E6%94%BF%E6%A9%9F%E9%97%9C%E8%BE%A6%E5%85%AC%E6%97%A5%E6%9B%86%E8%A1%A8.csv&nfix=
2026-09-15,Tue,2,0,0,0,0,0,0,,0,0,0,0,0,10,88,0,0,0,0,0,0,,0,0,0,0,0,0,0,0,,2026,https://www.dgpa.gov.tw/FileConversion?filename=dgpa%2Ffiles%2F202506%2Fa52331bd-a189-466b-b0f0-cae3062bbf74.csv&name=115%E5%B9%B4%E4%B8%AD%E8%8F%AF%E6%B0%91%E5%9C%8B%E6%94%BF%E5%BA%9C%E8%A1%8C%E6%94%BF%E6%A9%9F%E9%97%9C%E8%BE%A6%E5%85%AC%E6%97%A5%E6%9B%86%E8%A1%A8.csv&nfix=
2026-09-16,Wed,3,0,0,0,0,0,0,,0,0,0,0,0,9,89,0,0,0,0,0,0,,0,0,0,0,0,0,0,0,,2026,https://www.dgpa.gov.tw/FileConversion?filename=dgpa%2Ffiles%2F202506%2Fa52331bd-a189-466b-b0f0-cae3062bbf74.csv&name=115%E5%B9%B4%E4%B8%AD%E8%8F%AF%E6%B0%91%E5%9C%8B%E6%94%BF%E5%BA%9C%E8%A1%8C%E6%94%BF%E6%A9%9F%E9%97%9C%E8%BE%A6%E5%85%AC%E6%97%A5%E6%9B%86%E8%A1%A8.csv&nfix=
2026-09-17,Thu,4,0,0,0,0,0,0,,0,0,0,0,0,8,90,0,0,0,0,0,0,,0,0,0,0,0,0,0,0,,2026,https://www.dgpa.gov.tw/FileConversion?filename=dgpa%2Ffiles%2F202506%2Fa52331bd-a189-466b-b0f0-cae3062bbf74.csv&name=115%E5%B9%B4%E4%B8%AD%E8%8F%AF%E6%B0%91%E5%9C%8B%E6%94%BF%E5%BA%9C%E8%A1%8C%E6%94%BF%E6%A9%9F%E9%97%9C%E8%BE%A6%E5%85%AC%E6%97%A5%E6%9B%86%E8%A1%A8.csv&nfix=
2026-09-18,Fri,5,0,0,0,0,0,0,,0,0,0,0,0,7,91,0,0,0,0,0,0,,0,0,0,0,0,0,0,0,,2026,https://www.dgpa.gov.tw/FileConversion?filename=dgpa%2Ffiles%2F202506%2Fa52331bd-a189-466b-b0f0-cae3062bbf74.csv&name=115%E5%B9%B4%E4%B8%AD%E8%8F%AF%E6%B0%91%E5%9C%8B%E6%94%BF%E5%BA%9C%E8%A1%8C%E6%94%BF%E6%A9%9F%E9%97%9C%E8%BE%A6%E5%85%AC%E6%97%A5%E6%9B%86%E8%A1%A8.csv&nfix=
2026-09-19,Sat,6,1,1,0,0,0,0,,0,0,0,0,0,6,92,0,0,0,0,0,0,,0,0,0,0,0,0,0,0,,2026,https://www.dgpa.gov.tw/FileConversion?filename=dgpa%2Ffiles%2F202506%2Fa52331bd-a189-466b-b0f0-cae3062bbf74.csv&name=115%E5%B9%B4%E4%B8%AD%E8%8F%AF%E6%B0%91%E5%9C%8B%E6%94%BF%E5%BA%9C%E8%A1%8C%E6%94%BF%E6%A9%9F%E9%97%9C%E8%BE%A6%E5%85%AC%E6%97%A5%E6%9B%86%E8%A1%A8.csv&nfix=
2026-09-20,Sun,7,1,1,0,0,0,0,,0,0,0,0,0,5,93,0,0,0,0,0,0,,0,0,0,0,0,0,0,0,,2026,https://www.dgpa.gov.tw/FileConversion?filename=dgpa%2Ffiles%2F202506%2Fa52331bd-a189-466b-b0f0-cae3062bbf74.csv&name=115%E5%B9%B4%E4%B8%AD%E8%8F%AF%E6%B0%91%E5%9C%8B%E6%94%BF%E5%BA%9C%E8%A1%8C%E6%94%BF%E6%A9%9F%E9%97%9C%E8%BE%A6%E5%85%AC%E6%97%A5%E6%9B%86%E8%A1%A8.csv&nfix=
2026-09-21,Mon,1,0,0,0,0,0,0,,0,0,0,0,0,4,94,0,0,0,0,0,0,,0,0,0,0,0,0,0,0,,2026,https://www.dgpa.gov.tw/FileConversion?filename=dgpa%2Ffiles%2F202506%2Fa52331bd-a189-466b-b0f0-cae3062bbf74.csv&name=115%E5%B9%B4%E4%B8%AD%E8%8F%AF%E6%B0%91%E5%9C%8B%E6%94%BF%E5%BA%9C%E8%A1%8C%E6%94%BF%E6%A9%9F%E9%97%9C%E8%BE%A6%E5%85%AC%E6%97%A5%E6%9B%86%E8%A1%A8.csv&nfix=
2026-09-22,Tue,2,0,0,0,0,0,0,,0,0,0,0,0,3,95,0,0,0,0,0,0,,0,0,0,0,0,0,0,0,,2026,https://www.dgpa.gov.tw/FileConversion?filename=dgpa%2Ffiles%2F202506%2Fa52331bd-a189-466b-b0f0-cae3062bbf74.csv&name=115%E5%B9%B4%E4%B8%AD%E8%8F%AF%E6%B0%91%E5%9C%8B%E6%94%BF%E5%BA%9C%E8%A1%8C%E6%94%BF%E6%A9%9F%E9%97%9C%E8%BE%A6%E5%85%AC%E6%97%A5%E6%9B%86%E8%A1%A8.csv&nfix=
2026-09-23,Wed,3,0,0,0,0,0,0,,0,0,0,0,0,2,96,0,0,0,1,0,0,,0,0,0,0,0,0,0,0,,2026,https://www.dgpa.gov.tw/FileConversion?filename=dgpa%2Ffiles%2F202506%2Fa52331bd-a189-466b-b0f0-cae3062bbf74.csv&name=115%E5%B9%B4%E4%B8%AD%E8%8F%AF%E6%B0%91%E5%9C%8B%E6%94%BF%E5%BA%9C%E8%A1%8C%E6%94%BF%E6%A9%9F%E9%97%9C%E8%BE%A6%E5%85%AC%E6%97%A5%E6%9B%86%E8%A1%A8.csv&nfix=
2026-09-24,Thu,4,0,0,0,0,0,0,,0,0,0,1,0,1,97,0,0,0,1,1,0,,0,0,0,0,0,0,1,0,,2026,https://www.dgpa.gov.tw/FileConversion?filename=dgpa%2Ffiles%2F202506%2Fa52331bd-a189-466b-b0f0-cae3062bbf74.csv&name=115%E5%B9%B4%E4%B8%AD%E8%8F%AF%E6%B0%91%E5%9C%8B%E6%94%BF%E5%BA%9C%E8%A1%8C%E6%94%BF%E6%A9%9F%E9%97%9C%E8%BE%A6%E5%85%AC%E6%97%A5%E6%9B%86%E8%A1%A8.csv&nfix=
2026-09-25,Fri,5,0,1,0,1,1,0,Mid-Autumn Festival,1,1,4,0,0,0,0,0,0,1,1,0,0,HS-2026-09-25,1,4,1,0,1,0,0,0,中秋節,2026,https://www.dgpa.gov.tw/FileConversion?filename=dgpa%2Ffiles%2F202506%2Fa52331bd-a189-466b-b0f0-cae3062bbf74.csv&name=115%E5%B9%B4%E4%B8%AD%E8%8F%AF%E6%B0%91%E5%9C%8B%E6%94%BF%E5%BA%9C%E8%A1%8C%E6%94%BF%E6%A9%9F%E9%97%9C%E8%BE%A6%E5%85%AC%E6%97%A5%E6%9B%86%E8%A1%A8.csv&nfix=
2026-09-26,Sat,6,1,1,0,0,0,0,,1,2,4,0,0,2,1,0,0,0,1,0,1,HS-2026-09-25,2,4,0,0,0,0,0,0,,2026,https://www.dgpa.gov.tw/FileConversion?filename=dgpa%2Ffiles%2F202506%2Fa52331bd-a189-466b-b0f0-cae3062bbf74.csv&name=115%E5%B9%B4%E4%B8%AD%E8%8F%AF%E6%B0%91%E5%9C%8B%E6%94%BF%E5%BA%9C%E8%A1%8C%E6%94%BF%E6%A9%9F%E9%97%9C%E8%BE%A6%E5%85%AC%E6%97%A5%E6%9B%86%E8%A1%A8.csv&nfix=
2026-09-27,Sun,7,1,1,0,0,0,0,,1,3,4,0,0,1,2,0,0,0,1,1,0,HS-2026-09-25,3,4,0,0,0,0,0,0,,2026,https://www.dgpa.gov.tw/FileConversion?filename=dgpa%2Ffiles%2F202506%2Fa52331bd-a189-466b-b0f0-cae3062bbf74.csv&name=115%E5%B9%B4%E4%B8%AD%E8%8F%AF%E6%B0%91%E5%9C%8B%E6%94%BF%E5%BA%9C%E8%A1%8C%E6%94%BF%E6%A9%9F%E9%97%9C%E8%BE%A6%E5%85%AC%E6%97%A5%E6%9B%86%E8%A1%A8.csv&nfix=
2026-09-28,Mon,1,0,1,0,1,1,0,Confucius' Birthday / Teachers' Day,1,4,4,0,0,0,0,0,0,0,0,0,0,HS-2026-09-25,4,4,0,1,0,1,0,0,孔子誕辰紀念日/教師節,2026,https://www.dgpa.gov.tw/FileConversion?filename=dgpa%2Ffiles%2F202506%2Fa52331bd-a189-466b-b0f0-cae3062bbf74.csv&name=115%E5%B9%B4%E4%B8%AD%E8%8F%AF%E6%B0%91%E5%9C%8B%E6%94%BF%E5%BA%9C%E8%A1%8C%E6%94%BF%E6%A9%9F%E9%97%9C%E8%BE%A6%E5%85%AC%E6%97%A5%E6%9B%86%E8%A1%A8.csv&nfix=
2026-09-29,Tue,2,0,0,0,0,0,0,,0,0,0,0,1,10,1,0,0,0,0,0,1,,0,0,0,0,0,0,0,1,,2026,https://www.dgpa.gov.tw/FileConversion?filename=dgpa%2Ffiles%2F202506%2Fa52331bd-a189-466b-b0f0-cae3062bbf74.csv&name=115%E5%B9%B4%E4%B8%AD%E8%8F%AF%E6%B0%91%E5%9C%8B%E6%94%BF%E5%BA%9C%E8%A1%8C%E6%94%BF%E6%A9%9F%E9%97%9C%E8%BE%A6%E5%85%AC%E6%97%A5%E6%9B%86%E8%A1%A8.csv&nfix=
2026-09-30,Wed,3,0,0,0,0,0,0,,0,0,0,0,0,9,2,0,1,0,0,0,0,,0,0,0,0,0,0,0,0,,2026,https://www.dgpa.gov.tw/FileConversion?filename=dgpa%2Ffiles%2F202506%2Fa52331bd-a189-466b-b0f0-cae3062bbf74.csv&name=115%E5%B9%B4%E4%B8%AD%E8%8F%AF%E6%B0%91%E5%9C%8B%E6%94%BF%E5%BA%9C%E8%A1%8C%E6%94%BF%E6%A9%9F%E9%97%9C%E8%BE%A6%E5%85%AC%E6%97%A5%E6%9B%86%E8%A1%A8.csv&nfix=
2026-10-01,Thu,4,0,0,0,0,0,0,,0,0,0,0,0,8,3,1,0,0,0,0,0,,0,0,0,0,0,0,0,0,,2026,https://www.dgpa.gov.tw/FileConversion?filename=dgpa%2Ffiles%2F202506%2Fa52331bd-a189-466b-b0f0-cae3062bbf74.csv&name=115%E5%B9%B4%E4%B8%AD%E8%8F%AF%E6%B0%91%E5%9C%8B%E6%94%BF%E5%BA%9C%E8%A1%8C%E6%94%BF%E6%A9%9F%E9%97%9C%E8%BE%A6%E5%85%AC%E6%97%A5%E6%9B%86%E8%A1%A8.csv&nfix=
2026-10-02,Fri,5,0,0,0,0,0,0,,0,0,0,0,0,7,4,0,0,0,0,0,0,,0,0,0,0,0,0,0,0,,2026,https://www.dgpa.gov.tw/FileConversion?filename=dgpa%2Ffiles%2F202506%2Fa52331bd-a189-466b-b0f0-cae3062bbf74.csv&name=115%E5%B9%B4%E4%B8%AD%E8%8F%AF%E6%B0%91%E5%9C%8B%E6%94%BF%E5%BA%9C%E8%A1%8C%E6%94%BF%E6%A9%9F%E9%97%9C%E8%BE%A6%E5%85%AC%E6%97%A5%E6%9B%86%E8%A1%A8.csv&nfix=
2026-10-03,Sat,6,1,1,0,0,0,0,,0,0,0,0,0,6,5,0,0,0,0,0,0,,0,0,0,0,0,0,0,0,,2026,https://www.dgpa.gov.tw/FileConversion?filename=dgpa%2Ffiles%2F202506%2Fa52331bd-a189-466b-b0f0-cae3062bbf74.csv&name=115%E5%B9%B4%E4%B8%AD%E8%8F%AF%E6%B0%91%E5%9C%8B%E6%94%BF%E5%BA%9C%E8%A1%8C%E6%94%BF%E6%A9%9F%E9%97%9C%E8%BE%A6%E5%85%AC%E6%97%A5%E6%9B%86%E8%A1%A8.csv&nfix=
2026-10-04,Sun,7,1,1,0,0,0,0,,0,0,0,0,0,5,6,0,0,0,0,0,0,,0,0,0,0,0,0,0,0,,2026,https://www.dgpa.gov.tw/FileConversion?filename=dgpa%2Ffiles%2F202506%2Fa52331bd-a189-466b-b0f0-cae3062bbf74.csv&name=115%E5%B9%B4%E4%B8%AD%E8%8F%AF%E6%B0%91%E5%9C%8B%E6%94%BF%E5%BA%9C%E8%A1%8C%E6%94%BF%E6%A9%9F%E9%97%9C%E8%BE%A6%E5%85%AC%E6%97%A5%E6%9B%86%E8%A1%A8.csv&nfix=
2026-10-05,Mon,1,0,0,0,0,0,0,,0,0,0,0,0,4,7,0,0,0,0,0,0,,0,0,0,0,0,0,0,0,,2026,https://www.dgpa.gov.tw/FileConversion?filename=dgpa%2Ffiles%2F202506%2Fa52331bd-a189-466b-b0f0-cae3062bbf74.csv&name=115%E5%B9%B4%E4%B8%AD%E8%8F%AF%E6%B0%91%E5%9C%8B%E6%94%BF%E5%BA%9C%E8%A1%8C%E6%94%BF%E6%A9%9F%E9%97%9C%E8%BE%A6%E5%85%AC%E6%97%A5%E6%9B%86%E8%A1%A8.csv&nfix=
2026-10-06,Tue,2,0,0,0,0,0,0,,0,0,0,0,0,3,8,0,0,0,0,0,0,,0,0,0,0,0,0,0,0,,2026,https://www.dgpa.gov.tw/FileConversion?filename=dgpa%2Ffiles%2F202506%2Fa52331bd-a189-466b-b0f0-cae3062bbf74.csv&name=115%E5%B9%B4%E4%B8%AD%E8%8F%AF%E6%B0%91%E5%9C%8B%E6%94%BF%E5%BA%9C%E8%A1%8C%E6%94%BF%E6%A9%9F%E9%97%9C%E8%BE%A6%E5%85%AC%E6%97%A5%E6%9B%86%E8%A1%A8.csv&nfix=
2026-10-07,Wed,3,0,0,0,0,0,0,,0,0,0,0,0,2,9,0,0,0,0,0,0,,0,0,0,0,0,0,0,0,,2026,https://www.dgpa.gov.tw/FileConversion?filename=dgpa%2Ffiles%2F202506%2Fa52331bd-a189-466b-b0f0-cae3062bbf74.csv&name=115%E5%B9%B4%E4%B8%AD%E8%8F%AF%E6%B0%91%E5%9C%8B%E6%94%BF%E5%BA%9C%E8%A1%8C%E6%94%BF%E6%A9%9F%E9%97%9C%E8%BE%A6%E5%85%AC%E6%97%A5%E6%9B%86%E8%A1%A8.csv&nfix=
2026-10-08,Thu,4,0,0,0,0,0,0,,0,0,0,1,0,1,10,0,0,0,0,1,0,,0,0,0,0,0,0,1,0,,2026,https://www.dgpa.gov.tw/FileConversion?filename=dgpa%2Ffiles%2F202506%2Fa52331bd-a189-466b-b0f0-cae3062bbf74.csv&name=115%E5%B9%B4%E4%B8%AD%E8%8F%AF%E6%B0%91%E5%9C%8B%E6%94%BF%E5%BA%9C%E8%A1%8C%E6%94%BF%E6%A9%9F%E9%97%9C%E8%BE%A6%E5%85%AC%E6%97%A5%E6%9B%86%E8%A1%A8.csv&nfix=
2026-10-09,Fri,5,0,1,0,1,0,1,National Day (Observed),1,1,3,0,0,0,0,0,0,0,0,1,0,HS-2026-10-09,1,3,1,0,1,0,0,0,補假,2026,https://www.dgpa.gov.tw/FileConversion?filename=dgpa%2Ffiles%2F202506%2Fa52331bd-a189-466b-b0f0-cae3062bbf74.csv&name=115%E5%B9%B4%E4%B8%AD%E8%8F%AF%E6%B0%91%E5%9C%8B%E6%94%BF%E5%BA%9C%E8%A1%8C%E6%94%BF%E6%A9%9F%E9%97%9C%E8%BE%A6%E5%85%AC%E6%97%A5%E6%9B%86%E8%A1%A8.csv&nfix=
2026-10-10,Sat,6,1,1,0,1,1,0,National Day,1,2,3,0,0,0,0,0,0,0,0,0,1,HS-2026-10-09,2,3,0,0,0,0,0,0,國慶日,2026,https://www.dgpa.gov.tw/FileConversion?filename=dgpa%2Ffiles%2F202506%2Fa52331bd-a189-466b-b0f0-cae3062bbf74.csv&name=115%E5%B9%B4%E4%B8%AD%E8%8F%AF%E6%B0%91%E5%9C%8B%E6%94%BF%E5%BA%9C%E8%A1%8C%E6%94%BF%E6%A9%9F%E9%97%9C%E8%BE%A6%E5%85%AC%E6%97%A5%E6%9B%86%E8%A1%A8.csv&nfix=
2026-10-11,Sun,7,1,1,0,0,0,0,,1,3,3,0,0,14,1,0,0,0,0,0,1,HS-2026-10-09,3,3,0,1,0,1,0,0,,2026,https://www.dgpa.gov.tw/FileConversion?filename=dgpa%2Ffiles%2F202506%2Fa52331bd-a189-466b-b0f0-cae3062bbf74.csv&name=115%E5%B9%B4%E4%B8%AD%E8%8F%AF%E6%B0%91%E5%9C%8B%E6%94%BF%E5%BA%9C%E8%A1%8C%E6%94%BF%E6%A9%9F%E9%97%9C%E8%BE%A6%E5%85%AC%E6%97%A5%E6%9B%86%E8%A1%A8.csv&nfix=
2026-10-12,Mon,1,0,0,0,0,0,0,,0,0,0,0,1,13,2,0,0,0,0,0,0,,0,0,0,0,0,0,0,1,,2026,https://www.dgpa.gov.tw/FileConversion?filename=dgpa%2Ffiles%2F202506%2Fa52331bd-a189-466b-b0f0-cae3062bbf74.csv&name=115%E5%B9%B4%E4%B8%AD%E8%8F%AF%E6%B0%91%E5%9C%8B%E6%94%BF%E5%BA%9C%E8%A1%8C%E6%94%BF%E6%A9%9F%E9%97%9C%E8%BE%A6%E5%85%AC%E6%97%A5%E6%9B%86%E8%A1%A8.csv&nfix=
2026-10-13,Tue,2,0,0,0,0,0,0,,0,0,0,0,0,12,3,0,0,0,0,0,0,,0,0,0,0,0,0,0,0,,2026,https://www.dgpa.gov.tw/FileConversion?filename=dgpa%2Ffiles%2F202506%2Fa52331bd-a189-466b-b0f0-cae3062bbf74.csv&name=115%E5%B9%B4%E4%B8%AD%E8%8F%AF%E6%B0%91%E5%9C%8B%E6%94%BF%E5%BA%9C%E8%A1%8C%E6%94%BF%E6%A9%9F%E9%97%9C%E8%BE%A6%E5%85%AC%E6%97%A5%E6%9B%86%E8%A1%A8.csv&nfix=
2026-10-14,Wed,3,0,0,0,0,0,0,,0,0,0,0,0,11,4,0,0,0,0,0,0,,0,0,0,0,0,0,0,0,,2026,https://www.dgpa.gov.tw/FileConversion?filename=dgpa%2Ffiles%2F202506%2Fa52331bd-a189-466b-b0f0-cae3062bbf74.csv&name=115%E5%B9%B4%E4%B8%AD%E8%8F%AF%E6%B0%91%E5%9C%8B%E6%94%BF%E5%BA%9C%E8%A1%8C%E6%94%BF%E6%A9%9F%E9%97%9C%E8%BE%A6%E5%85%AC%E6%97%A5%E6%9B%86%E8%A1%A8.csv&nfix=
2026-10-15,Thu,4,0,0,0,0,0,0,,0,0,0,0,0,10,5,0,0,0,0,0,0,,0,0,0,0,0,0,0,0,,2026,https://www.dgpa.gov.tw/FileConversion?filename=dgpa%2Ffiles%2F202506%2Fa52331bd-a189-466b-b0f0-cae3062bbf74.csv&name=115%E5%B9%B4%E4%B8%AD%E8%8F%AF%E6%B0%91%E5%9C%8B%E6%94%BF%E5%BA%9C%E8%A1%8C%E6%94%BF%E6%A9%9F%E9%97%9C%E8%BE%A6%E5%85%AC%E6%97%A5%E6%9B%86%E8%A1%A8.csv&nfix=
2026-10-16,Fri,5,0,0,0,0,0,0,,0,0,0,0,0,9,6,0,0,0,0,0,0,,0,0,0,0,0,0,0,0,,2026,https://www.dgpa.gov.tw/FileConversion?filename=dgpa%2Ffiles%2F202506%2Fa52331bd-a189-466b-b0f0-cae3062bbf74.csv&name=115%E5%B9%B4%E4%B8%AD%E8%8F%AF%E6%B0%91%E5%9C%8B%E6%94%BF%E5%BA%9C%E8%A1%8C%E6%94%BF%E6%A9%9F%E9%97%9C%E8%BE%A6%E5%85%AC%E6%97%A5%E6%9B%86%E8%A1%A8.csv&nfix=
2026-10-17,Sat,6,1,1,0,0,0,0,,0,0,0,0,0,8,7,0,0,0,0,0,0,,0,0,0,0,0,0,0,0,,2026,https://www.dgpa.gov.tw/FileConversion?filename=dgpa%2Ffiles%2F202506%2Fa52331bd-a189-466b-b0f0-cae3062bbf74.csv&name=115%E5%B9%B4%E4%B8%AD%E8%8F%AF%E6%B0%91%E5%9C%8B%E6%94%BF%E5%BA%9C%E8%A1%8C%E6%94%BF%E6%A9%9F%E9%97%9C%E8%BE%A6%E5%85%AC%E6%97%A5%E6%9B%86%E8%A1%A8.csv&nfix=
2026-10-18,Sun,7,1,1,0,0,0,0,,0,0,0,0,0,7,8,0,0,0,0,0,0,,0,0,0,0,0,0,0,0,,2026,https://www.dgpa.gov.tw/FileConversion?filename=dgpa%2Ffiles%2F202506%2Fa52331bd-a189-466b-b0f0-cae3062bbf74.csv&name=115%E5%B9%B4%E4%B8%AD%E8%8F%AF%E6%B0%91%E5%9C%8B%E6%94%BF%E5%BA%9C%E8%A1%8C%E6%94%BF%E6%A9%9F%E9%97%9C%E8%BE%A6%E5%85%AC%E6%97%A5%E6%9B%86%E8%A1%A8.csv&nfix=
2026-10-19,Mon,1,0,0,0,0,0,0,,0,0,0,0,0,6,9,0,0,0,0,0,0,,0,0,0,0,0,0,0,0,,2026,https://www.dgpa.gov.tw/FileConversion?filename=dgpa%2Ffiles%2F202506%2Fa52331bd-a189-466b-b0f0-cae3062bbf74.csv&name=115%E5%B9%B4%E4%B8%AD%E8%8F%AF%E6%B0%91%E5%9C%8B%E6%94%BF%E5%BA%9C%E8%A1%8C%E6%94%BF%E6%A9%9F%E9%97%9C%E8%BE%A6%E5%85%AC%E6%97%A5%E6%9B%86%E8%A1%A8.csv&nfix=
2026-10-20,Tue,2,0,0,0,0,0,0,,0,0,0,0,0,5,10,0,0,0,0,0,0,,0,0,0,0,0,0,0,0,,2026,https://www.dgpa.gov.tw/FileConversion?filename=dgpa%2Ffiles%2F202506%2Fa52331bd-a189-466b-b0f0-cae3062bbf74.csv&name=115%E5%B9%B4%E4%B8%AD%E8%8F%AF%E6%B0%91%E5%9C%8B%E6%94%BF%E5%BA%9C%E8%A1%8C%E6%94%BF%E6%A9%9F%E9%97%9C%E8%BE%A6%E5%85%AC%E6%97%A5%E6%9B%86%E8%A1%A8.csv&nfix=
2026-10-21,Wed,3,0,0,0,0,0,0,,0,0,0,0,0,4,11,0,0,0,0,0,0,,0,0,0,0,0,0,0,0,,2026,https://www.dgpa.gov.tw/FileConversion?filename=dgpa%2Ffiles%2F202506%2Fa52331bd-a189-466b-b0f0-cae3062bbf74.csv&name=115%E5%B9%B4%E4%B8%AD%E8%8F%AF%E6%B0%91%E5%9C%8B%E6%94%BF%E5%BA%9C%E8%A1%8C%E6%94%BF%E6%A9%9F%E9%97%9C%E8%BE%A6%E5%85%AC%E6%97%A5%E6%9B%86%E8%A1%A8.csv&nfix=
2026-10-22,Thu,4,0,0,0,0,0,0,,0,0,0,0,0,3,12,0,0,0,0,0,0,,0,0,0,0,0,0,0,0,,2026,https://www.dgpa.gov.tw/FileConversion?filename=dgpa%2Ffiles%2F202506%2Fa52331bd-a189-466b-b0f0-cae3062bbf74.csv&name=115%E5%B9%B4%E4%B8%AD%E8%8F%AF%E6%B0%91%E5%9C%8B%E6%94%BF%E5%BA%9C%E8%A1%8C%E6%94%BF%E6%A9%9F%E9%97%9C%E8%BE%A6%E5%85%AC%E6%97%A5%E6%9B%86%E8%A1%A8.csv&nfix=
2026-10-23,Fri,5,0,0,0,0,0,0,,0,0,0,1,0,2,13,0,0,0,1,0,0,,0,0,0,0,0,0,1,0,,2026,https://www.dgpa.gov.tw/FileConversion?filename=dgpa%2Ffiles%2F202506%2Fa52331bd-a189-466b-b0f0-cae3062bbf74.csv&name=115%E5%B9%B4%E4%B8%AD%E8%8F%AF%E6%B0%91%E5%9C%8B%E6%94%BF%E5%BA%9C%E8%A1%8C%E6%94%BF%E6%A9%9F%E9%97%9C%E8%BE%A6%E5%85%AC%E6%97%A5%E6%9B%86%E8%A1%A8.csv&nfix=
2026-10-24,Sat,6,1,1,0,0,0,0,,1,1,3,0,0,1,14,0,0,0,1,1,0,HS-2026-10-24,1,3,1,0,1,0,0,0,,2026,https://www.dgpa.gov.tw/FileConversion?filename=dgpa%2Ffiles%2F202506%2Fa52331bd-a189-466b-b0f0-cae3062bbf74.csv&name=115%E5%B9%B4%E4%B8%AD%E8%8F%AF%E6%B0%91%E5%9C%8B%E6%94%BF%E5%BA%9C%E8%A1%8C%E6%94%BF%E6%A9%9F%E9%97%9C%E8%BE%A6%E5%85%AC%E6%97%A5%E6%9B%86%E8%A1%A8.csv&nfix=
2026-10-25,Sun,7,1,1,0,1,1,0,Taiwan Retrocession Day,1,2,3,0,0,0,0,0,0,1,1,1,0,HS-2026-10-24,2,3,0,0,0,0,0,0,臺灣光復暨金門古寧頭大捷紀念日,2026,https://www.dgpa.gov.tw/FileConversion?filename=dgpa%2Ffiles%2F202506%2Fa52331bd-a189-466b-b0f0-cae3062bbf74.csv&name=115%E5%B9%B4%E4%B8%AD%E8%8F%AF%E6%B0%91%E5%9C%8B%E6%94%BF%E5%BA%9C%E8%A1%8C%E6%94%BF%E6%A9%9F%E9%97%9C%E8%BE%A6%E5%85%AC%E6%97%A5%E6%9B%86%E8%A1%A8.csv&nfix=
2026-10-26,Mon,1,0,1,0,1,0,1,Taiwan Retrocession Day (Observed),1,3,3,0,0,0,0,0,0,0,1,0,1,HS-2026-10-24,3,3,0,1,0,1,0,0,補假,2026,https://www.dgpa.gov.tw/FileConversion?filename=dgpa%2Ffiles%2F202506%2Fa52331bd-a189-466b-b0f0-cae3062bbf74.csv&name=115%E5%B9%B4%E4%B8%AD%E8%8F%AF%E6%B0%91%E5%9C%8B%E6%94%BF%E5%BA%9C%E8%A1%8C%E6%94%BF%E6%A9%9F%E9%97%9C%E8%BE%A6%E5%85%AC%E6%97%A5%E6%9B%86%E8%A1%A8.csv&nfix=
2026-10-27,Tue,2,0,0,0,0,0,0,,0,0,0,0,1,59,1,0,0,0,1,0,1,,0,0,0,0,0,0,0,1,,2026,https://www.dgpa.gov.tw/FileConversion?filename=dgpa%2Ffiles%2F202506%2Fa52331bd-a189-466b-b0f0-cae3062bbf74.csv&name=115%E5%B9%B4%E4%B8%AD%E8%8F%AF%E6%B0%91%E5%9C%8B%E6%94%BF%E5%BA%9C%E8%A1%8C%E6%94%BF%E6%A9%9F%E9%97%9C%E8%BE%A6%E5%85%AC%E6%97%A5%E6%9B%86%E8%A1%A8.csv&nfix=
2026-10-28,Wed,3,0,0,0,0,0,0,,0,0,0,0,0,58,2,0,0,0,0,0,0,,0,0,0,0,0,0,0,0,,2026,https://www.dgpa.gov.tw/FileConversion?filename=dgpa%2Ffiles%2F202506%2Fa52331bd-a189-466b-b0f0-cae3062bbf74.csv&name=115%E5%B9%B4%E4%B8%AD%E8%8F%AF%E6%B0%91%E5%9C%8B%E6%94%BF%E5%BA%9C%E8%A1%8C%E6%94%BF%E6%A9%9F%E9%97%9C%E8%BE%A6%E5%85%AC%E6%97%A5%E6%9B%86%E8%A1%A8.csv&nfix=
2026-10-29,Thu,4,0,0,0,0,0,0,,0,0,0,0,0,57,3,0,0,0,0,0,0,,0,0,0,0,0,0,0,0,,2026,https://www.dgpa.gov.tw/FileConversion?filename=dgpa%2Ffiles%2F202506%2Fa52331bd-a189-466b-b0f0-cae3062bbf74.csv&name=115%E5%B9%B4%E4%B8%AD%E8%8F%AF%E6%B0%91%E5%9C%8B%E6%94%BF%E5%BA%9C%E8%A1%8C%E6%94%BF%E6%A9%9F%E9%97%9C%E8%BE%A6%E5%85%AC%E6%97%A5%E6%9B%86%E8%A1%A8.csv&nfix=
2026-10-30,Fri,5,0,0,0,0,0,0,,0,0,0,0,0,56,4,0,0,0,0,0,0,,0,0,0,0,0,0,0,0,,2026,https://www.dgpa.gov.tw/FileConversion?filename=dgpa%2Ffiles%2F202506%2Fa52331bd-a189-466b-b0f0-cae3062bbf74.csv&name=115%E5%B9%B4%E4%B8%AD%E8%8F%AF%E6%B0%91%E5%9C%8B%E6%94%BF%E5%BA%9C%E8%A1%8C%E6%94%BF%E6%A9%9F%E9%97%9C%E8%BE%A6%E5%85%AC%E6%97%A5%E6%9B%86%E8%A1%A8.csv&nfix=
2026-10-31,Sat,6,1,1,0,0,0,0,,0,0,0,0,0,55,5,0,1,0,0,0,0,,0,0,0,0,0,0,0,0,,2026,https://www.dgpa.gov.tw/FileConversion?filename=dgpa%2Ffiles%2F202506%2Fa52331bd-a189-466b-b0f0-cae3062bbf74.csv&name=115%E5%B9%B4%E4%B8%AD%E8%8F%AF%E6%B0%91%E5%9C%8B%E6%94%BF%E5%BA%9C%E8%A1%8C%E6%94%BF%E6%A9%9F%E9%97%9C%E8%BE%A6%E5%85%AC%E6%97%A5%E6%9B%86%E8%A1%A8.csv&nfix=
2026-11-01,Sun,7,1,1,0,0,0,0,,0,0,0,0,0,54,6,1,0,0,0,0,0,,0,0,0,0,0,0,0,0,,2026,https://www.dgpa.gov.tw/FileConversion?filename=dgpa%2Ffiles%2F202506%2Fa52331bd-a189-466b-b0f0-cae3062bbf74.csv&name=115%E5%B9%B4%E4%B8%AD%E8%8F%AF%E6%B0%91%E5%9C%8B%E6%94%BF%E5%BA%9C%E8%A1%8C%E6%94%BF%E6%A9%9F%E9%97%9C%E8%BE%A6%E5%85%AC%E6%97%A5%E6%9B%86%E8%A1%A8.csv&nfix=
2026-11-02,Mon,1,0,0,0,0,0,0,,0,0,0,0,0,53,7,0,0,0,0,0,0,,0,0,0,0,0,0,0,0,,2026,https://www.dgpa.gov.tw/FileConversion?filename=dgpa%2Ffiles%2F202506%2Fa52331bd-a189-466b-b0f0-cae3062bbf74.csv&name=115%E5%B9%B4%E4%B8%AD%E8%8F%AF%E6%B0%91%E5%9C%8B%E6%94%BF%E5%BA%9C%E8%A1%8C%E6%94%BF%E6%A9%9F%E9%97%9C%E8%BE%A6%E5%85%AC%E6%97%A5%E6%9B%86%E8%A1%A8.csv&nfix=
2026-11-03,Tue,2,0,0,0,0,0,0,,0,0,0,0,0,52,8,0,0,0,0,0,0,,0,0,0,0,0,0,0,0,,2026,https://www.dgpa.gov.tw/FileConversion?filename=dgpa%2Ffiles%2F202506%2Fa52331bd-a189-466b-b0f0-cae3062bbf74.csv&name=115%E5%B9%B4%E4%B8%AD%E8%8F%AF%E6%B0%91%E5%9C%8B%E6%94%BF%E5%BA%9C%E8%A1%8C%E6%94%BF%E6%A9%9F%E9%97%9C%E8%BE%A6%E5%85%AC%E6%97%A5%E6%9B%86%E8%A1%A8.csv&nfix=
2026-11-04,Wed,3,0,0,0,0,0,0,,0,0,0,0,0,51,9,0,0,0,0,0,0,,0,0,0,0,0,0,0,0,,2026,https://www.dgpa.gov.tw/FileConversion?filename=dgpa%2Ffiles%2F202506%2Fa52331bd-a189-466b-b0f0-cae3062bbf74.csv&name=115%E5%B9%B4%E4%B8%AD%E8%8F%AF%E6%B0%91%E5%9C%8B%E6%94%BF%E5%BA%9C%E8%A1%8C%E6%94%BF%E6%A9%9F%E9%97%9C%E8%BE%A6%E5%85%AC%E6%97%A5%E6%9B%86%E8%A1%A8.csv&nfix=
2026-11-05,Thu,4,0,0,0,0,0,0,,0,0,0,0,0,50,10,0,0,0,0,0,0,,0,0,0,0,0,0,0,0,,2026,https://www.dgpa.gov.tw/FileConversion?filename=dgpa%2Ffiles%2F202506%2Fa52331bd-a189-466b-b0f0-cae3062bbf74.csv&name=115%E5%B9%B4%E4%B8%AD%E8%8F%AF%E6%B0%91%E5%9C%8B%E6%94%BF%E5%BA%9C%E8%A1%8C%E6%94%BF%E6%A9%9F%E9%97%9C%E8%BE%A6%E5%85%AC%E6%97%A5%E6%9B%86%E8%A1%A8.csv&nfix=
2026-11-06,Fri,5,0,0,0,0,0,0,,0,0,0,0,0,49,11,0,0,0,0,0,0,,0,0,0,0,0,0,0,0,,2026,https://www.dgpa.gov.tw/FileConversion?filename=dgpa%2Ffiles%2F202506%2Fa52331bd-a189-466b-b0f0-cae3062bbf74.csv&name=115%E5%B9%B4%E4%B8%AD%E8%8F%AF%E6%B0%91%E5%9C%8B%E6%94%BF%E5%BA%9C%E8%A1%8C%E6%94%BF%E6%A9%9F%E9%97%9C%E8%BE%A6%E5%85%AC%E6%97%A5%E6%9B%86%E8%A1%A8.csv&nfix=
2026-11-07,Sat,6,1,1,0,0,0,0,,0,0,0,0,0,48,12,0,0,0,0,0,0,,0,0,0,0,0,0,0,0,,2026,https://www.dgpa.gov.tw/FileConversion?filename=dgpa%2Ffiles%2F202506%2Fa52331bd-a189-466b-b0f0-cae3062bbf74.csv&name=115%E5%B9%B4%E4%B8%AD%E8%8F%AF%E6%B0%91%E5%9C%8B%E6%94%BF%E5%BA%9C%E8%A1%8C%E6%94%BF%E6%A9%9F%E9%97%9C%E8%BE%A6%E5%85%AC%E6%97%A5%E6%9B%86%E8%A1%A8.csv&nfix=
2026-11-08,Sun,7,1,1,0,0,0,0,,0,0,0,0,0,47,13,0,0,0,0,0,0,,0,0,0,0,0,0,0,0,,2026,https://www.dgpa.gov.tw/FileConversion?filename=dgpa%2Ffiles%2F202506%2Fa52331bd-a189-466b-b0f0-cae3062bbf74.csv&name=115%E5%B9%B4%E4%B8%AD%E8%8F%AF%E6%B0%91%E5%9C%8B%E6%94%BF%E5%BA%9C%E8%A1%8C%E6%94%BF%E6%A9%9F%E9%97%9C%E8%BE%A6%E5%85%AC%E6%97%A5%E6%9B%86%E8%A1%A8.csv&nfix=
2026-11-09,Mon,1,0,0,0,0,0,0,,0,0,0,0,0,46,14,0,0,0,0,0,0,,0,0,0,0,0,0,0,0,,2026,https://www.dgpa.gov.tw/FileConversion?filename=dgpa%2Ffiles%2F202506%2Fa52331bd-a189-466b-b0f0-cae3062bbf74.csv&name=115%E5%B9%B4%E4%B8%AD%E8%8F%AF%E6%B0%91%E5%9C%8B%E6%94%BF%E5%BA%9C%E8%A1%8C%E6%94%BF%E6%A9%9F%E9%97%9C%E8%BE%A6%E5%85%AC%E6%97%A5%E6%9B%86%E8%A1%A8.csv&nfix=
2026-11-10,Tue,2,0,0,0,0,0,0,,0,0,0,0,0,45,15,0,0,0,0,0,0,,0,0,0,0,0,0,0,0,,2026,https://www.dgpa.gov.tw/FileConversion?filename=dgpa%2Ffiles%2F202506%2Fa52331bd-a189-466b-b0f0-cae3062bbf74.csv&name=115%E5%B9%B4%E4%B8%AD%E8%8F%AF%E6%B0%91%E5%9C%8B%E6%94%BF%E5%BA%9C%E8%A1%8C%E6%94%BF%E6%A9%9F%E9%97%9C%E8%BE%A6%E5%85%AC%E6%97%A5%E6%9B%86%E8%A1%A8.csv&nfix=
2026-11-11,Wed,3,0,0,0,0,0,0,,0,0,0,0,0,44,16,0,0,0,0,0,0,,0,0,0,0,0,0,0,0,,2026,https://www.dgpa.gov.tw/FileConversion?filename=dgpa%2Ffiles%2F202506%2Fa52331bd-a189-466b-b0f0-cae3062bbf74.csv&name=115%E5%B9%B4%E4%B8%AD%E8%8F%AF%E6%B0%91%E5%9C%8B%E6%94%BF%E5%BA%9C%E8%A1%8C%E6%94%BF%E6%A9%9F%E9%97%9C%E8%BE%A6%E5%85%AC%E6%97%A5%E6%9B%86%E8%A1%A8.csv&nfix=
2026-11-12,Thu,4,0,0,0,0,0,0,,0,0,0,0,0,43,17,0,0,0,0,0,0,,0,0,0,0,0,0,0,0,,2026,https://www.dgpa.gov.tw/FileConversion?filename=dgpa%2Ffiles%2F202506%2Fa52331bd-a189-466b-b0f0-cae3062bbf74.csv&name=115%E5%B9%B4%E4%B8%AD%E8%8F%AF%E6%B0%91%E5%9C%8B%E6%94%BF%E5%BA%9C%E8%A1%8C%E6%94%BF%E6%A9%9F%E9%97%9C%E8%BE%A6%E5%85%AC%E6%97%A5%E6%9B%86%E8%A1%A8.csv&nfix=
2026-11-13,Fri,5,0,0,0,0,0,0,,0,0,0,0,0,42,18,0,0,0,0,0,0,,0,0,0,0,0,0,0,0,,2026,https://www.dgpa.gov.tw/FileConversion?filename=dgpa%2Ffiles%2F202506%2Fa52331bd-a189-466b-b0f0-cae3062bbf74.csv&name=115%E5%B9%B4%E4%B8%AD%E8%8F%AF%E6%B0%91%E5%9C%8B%E6%94%BF%E5%BA%9C%E8%A1%8C%E6%94%BF%E6%A9%9F%E9%97%9C%E8%BE%A6%E5%85%AC%E6%97%A5%E6%9B%86%E8%A1%A8.csv&nfix=
2026-11-14,Sat,6,1,1,0,0,0,0,,0,0,0,0,0,41,19,0,0,0,0,0,0,,0,0,0,0,0,0,0,0,,2026,https://www.dgpa.gov.tw/FileConversion?filename=dgpa%2Ffiles%2F202506%2Fa52331bd-a189-466b-b0f0-cae3062bbf74.csv&name=115%E5%B9%B4%E4%B8%AD%E8%8F%AF%E6%B0%91%E5%9C%8B%E6%94%BF%E5%BA%9C%E8%A1%8C%E6%94%BF%E6%A9%9F%E9%97%9C%E8%BE%A6%E5%85%AC%E6%97%A5%E6%9B%86%E8%A1%A8.csv&nfix=
2026-11-15,Sun,7,1,1,0,0,0,0,,0,0,0,0,0,40,20,0,0,0,0,0,0,,0,0,0,0,0,0,0,0,,2026,https://www.dgpa.gov.tw/FileConversion?filename=dgpa%2Ffiles%2F202506%2Fa52331bd-a189-466b-b0f0-cae3062bbf74.csv&name=115%E5%B9%B4%E4%B8%AD%E8%8F%AF%E6%B0%91%E5%9C%8B%E6%94%BF%E5%BA%9C%E8%A1%8C%E6%94%BF%E6%A9%9F%E9%97%9C%E8%BE%A6%E5%85%AC%E6%97%A5%E6%9B%86%E8%A1%A8.csv&nfix=
2026-11-16,Mon,1,0,0,0,0,0,0,,0,0,0,0,0,39,21,0,0,0,0,0,0,,0,0,0,0,0,0,0,0,,2026,https://www.dgpa.gov.tw/FileConversion?filename=dgpa%2Ffiles%2F202506%2Fa52331bd-a189-466b-b0f0-cae3062bbf74.csv&name=115%E5%B9%B4%E4%B8%AD%E8%8F%AF%E6%B0%91%E5%9C%8B%E6%94%BF%E5%BA%9C%E8%A1%8C%E6%94%BF%E6%A9%9F%E9%97%9C%E8%BE%A6%E5%85%AC%E6%97%A5%E6%9B%86%E8%A1%A8.csv&nfix=
2026-11-17,Tue,2,0,0,0,0,0,0,,0,0,0,0,0,38,22,0,0,0,0,0,0,,0,0,0,0,0,0,0,0,,2026,https://www.dgpa.gov.tw/FileConversion?filename=dgpa%2Ffiles%2F202506%2Fa52331bd-a189-466b-b0f0-cae3062bbf74.csv&name=115%E5%B9%B4%E4%B8%AD%E8%8F%AF%E6%B0%91%E5%9C%8B%E6%94%BF%E5%BA%9C%E8%A1%8C%E6%94%BF%E6%A9%9F%E9%97%9C%E8%BE%A6%E5%85%AC%E6%97%A5%E6%9B%86%E8%A1%A8.csv&nfix=
2026-11-18,Wed,3,0,0,0,0,0,0,,0,0,0,0,0,37,23,0,0,0,0,0,0,,0,0,0,0,0,0,0,0,,2026,https://www.dgpa.gov.tw/FileConversion?filename=dgpa%2Ffiles%2F202506%2Fa52331bd-a189-466b-b0f0-cae3062bbf74.csv&name=115%E5%B9%B4%E4%B8%AD%E8%8F%AF%E6%B0%91%E5%9C%8B%E6%94%BF%E5%BA%9C%E8%A1%8C%E6%94%BF%E6%A9%9F%E9%97%9C%E8%BE%A6%E5%85%AC%E6%97%A5%E6%9B%86%E8%A1%A8.csv&nfix=
2026-11-19,Thu,4,0,0,0,0,0,0,,0,0,0,0,0,36,24,0,0,0,0,0,0,,0,0,0,0,0,0,0,0,,2026,https://www.dgpa.gov.tw/FileConversion?filename=dgpa%2Ffiles%2F202506%2Fa52331bd-a189-466b-b0f0-cae3062bbf74.csv&name=115%E5%B9%B4%E4%B8%AD%E8%8F%AF%E6%B0%91%E5%9C%8B%E6%94%BF%E5%BA%9C%E8%A1%8C%E6%94%BF%E6%A9%9F%E9%97%9C%E8%BE%A6%E5%85%AC%E6%97%A5%E6%9B%86%E8%A1%A8.csv&nfix=
2026-11-20,Fri,5,0,0,0,0,0,0,,0,0,0,0,0,35,25,0,0,0,0,0,0,,0,0,0,0,0,0,0,0,,2026,https://www.dgpa.gov.tw/FileConversion?filename=dgpa%2Ffiles%2F202506%2Fa52331bd-a189-466b-b0f0-cae3062bbf74.csv&name=115%E5%B9%B4%E4%B8%AD%E8%8F%AF%E6%B0%91%E5%9C%8B%E6%94%BF%E5%BA%9C%E8%A1%8C%E6%94%BF%E6%A9%9F%E9%97%9C%E8%BE%A6%E5%85%AC%E6%97%A5%E6%9B%86%E8%A1%A8.csv&nfix=
2026-11-21,Sat,6,1,1,0,0,0,0,,0,0,0,0,0,34,26,0,0,0,0,0,0,,0,0,0,0,0,0,0,0,,2026,https://www.dgpa.gov.tw/FileConversion?filename=dgpa%2Ffiles%2F202506%2Fa52331bd-a189-466b-b0f0-cae3062bbf74.csv&name=115%E5%B9%B4%E4%B8%AD%E8%8F%AF%E6%B0%91%E5%9C%8B%E6%94%BF%E5%BA%9C%E8%A1%8C%E6%94%BF%E6%A9%9F%E9%97%9C%E8%BE%A6%E5%85%AC%E6%97%A5%E6%9B%86%E8%A1%A8.csv&nfix=
2026-11-22,Sun,7,1,1,0,0,0,0,,0,0,0,0,0,33,27,0,0,0,0,0,0,,0,0,0,0,0,0,0,0,,2026,https://www.dgpa.gov.tw/FileConversion?filename=dgpa%2Ffiles%2F202506%2Fa52331bd-a189-466b-b0f0-cae3062bbf74.csv&name=115%E5%B9%B4%E4%B8%AD%E8%8F%AF%E6%B0%91%E5%9C%8B%E6%94%BF%E5%BA%9C%E8%A1%8C%E6%94%BF%E6%A9%9F%E9%97%9C%E8%BE%A6%E5%85%AC%E6%97%A5%E6%9B%86%E8%A1%A8.csv&nfix=
2026-11-23,Mon,1,0,0,0,0,0,0,,0,0,0,0,0,32,28,0,0,0,1,0,0,,0,0,0,0,0,0,0,0,,2026,https://www.dgpa.gov.tw/FileConversion?filename=dgpa%2Ffiles%2F202506%2Fa52331bd-a189-466b-b0f0-cae3062bbf74.csv&name=115%E5%B9%B4%E4%B8%AD%E8%8F%AF%E6%B0%91%E5%9C%8B%E6%94%BF%E5%BA%9C%E8%A1%8C%E6%94%BF%E6%A9%9F%E9%97%9C%E8%BE%A6%E5%85%AC%E6%97%A5%E6%9B%86%E8%A1%A8.csv&nfix=
2026-11-24,Tue,2,0,0,0,0,0,0,,0,0,0,0,0,31,29,0,0,0,1,0,0,,0,0,0,0,0,0,0,0,,2026,https://www.dgpa.gov.tw/FileConversion?filename=dgpa%2Ffiles%2F202506%2Fa52331bd-a189-466b-b0f0-cae3062bbf74.csv&name=115%E5%B9%B4%E4%B8%AD%E8%8F%AF%E6%B0%91%E5%9C%8B%E6%94%BF%E5%BA%9C%E8%A1%8C%E6%94%BF%E6%A9%9F%E9%97%9C%E8%BE%A6%E5%85%AC%E6%97%A5%E6%9B%86%E8%A1%A8.csv&nfix=
2026-11-25,Wed,3,0,0,0,0,0,0,,0,0,0,0,0,30,30,0,0,1,1,0,0,,0,0,0,0,0,0,0,0,,2026,https://www.dgpa.gov.tw/FileConversion?filename=dgpa%2Ffiles%2F202506%2Fa52331bd-a189-466b-b0f0-cae3062bbf74.csv&name=115%E5%B9%B4%E4%B8%AD%E8%8F%AF%E6%B0%91%E5%9C%8B%E6%94%BF%E5%BA%9C%E8%A1%8C%E6%94%BF%E6%A9%9F%E9%97%9C%E8%BE%A6%E5%85%AC%E6%97%A5%E6%9B%86%E8%A1%A8.csv&nfix=
2026-11-26,Thu,4,0,0,0,0,0,0,,0,0,0,0,0,29,31,0,0,0,1,0,0,,0,0,0,0,0,0,0,0,,2026,https://www.dgpa.gov.tw/FileConversion?filename=dgpa%2Ffiles%2F202506%2Fa52331bd-a189-466b-b0f0-cae3062bbf74.csv&name=115%E5%B9%B4%E4%B8%AD%E8%8F%AF%E6%B0%91%E5%9C%8B%E6%94%BF%E5%BA%9C%E8%A1%8C%E6%94%BF%E6%A9%9F%E9%97%9C%E8%BE%A6%E5%85%AC%E6%97%A5%E6%9B%86%E8%A1%A8.csv&nfix=
2026-11-27,Fri,5,0,0,0,0,0,0,,0,0,0,0,0,28,32,0,0,0,1,0,0,,0,0,0,0,0,0,0,0,,2026,https://www.dgpa.gov.tw/FileConversion?filename=dgpa%2Ffiles%2F202506%2Fa52331bd-a189-466b-b0f0-cae3062bbf74.csv&name=115%E5%B9%B4%E4%B8%AD%E8%8F%AF%E6%B0%91%E5%9C%8B%E6%94%BF%E5%BA%9C%E8%A1%8C%E6%94%BF%E6%A9%9F%E9%97%9C%E8%BE%A6%E5%85%AC%E6%97%A5%E6%9B%86%E8%A1%A8.csv&nfix=
2026-11-28,Sat,6,1,1,0,0,0,0,,0,0,0,0,0,27,33,0,0,0,0,0,0,,0,0,0,0,0,0,0,0,,2026,https://www.dgpa.gov.tw/FileConversion?filename=dgpa%2Ffiles%2F202506%2Fa52331bd-a189-466b-b0f0-cae3062bbf74.csv&name=115%E5%B9%B4%E4%B8%AD%E8%8F%AF%E6%B0%91%E5%9C%8B%E6%94%BF%E5%BA%9C%E8%A1%8C%E6%94%BF%E6%A9%9F%E9%97%9C%E8%BE%A6%E5%85%AC%E6%97%A5%E6%9B%86%E8%A1%A8.csv&nfix=
2026-11-29,Sun,7,1,1,0,0,0,0,,0,0,0,0,0,26,34,0,0,0,0,0,0,,0,0,0,0,0,0,0,0,,2026,https://www.dgpa.gov.tw/FileConversion?filename=dgpa%2Ffiles%2F202506%2Fa52331bd-a189-466b-b0f0-cae3062bbf74.csv&name=115%E5%B9%B4%E4%B8%AD%E8%8F%AF%E6%B0%91%E5%9C%8B%E6%94%BF%E5%BA%9C%E8%A1%8C%E6%94%BF%E6%A9%9F%E9%97%9C%E8%BE%A6%E5%85%AC%E6%97%A5%E6%9B%86%E8%A1%A8.csv&nfix=
2026-11-30,Mon,1,0,0,0,0,0,0,,0,0,0,0,0,25,35,0,1,0,0,0,0,,0,0,0,0,0,0,0,0,,2026,https://www.dgpa.gov.tw/FileConversion?filename=dgpa%2Ffiles%2F202506%2Fa52331bd-a189-466b-b0f0-cae3062bbf74.csv&name=115%E5%B9%B4%E4%B8%AD%E8%8F%AF%E6%B0%91%E5%9C%8B%E6%94%BF%E5%BA%9C%E8%A1%8C%E6%94%BF%E6%A9%9F%E9%97%9C%E8%BE%A6%E5%85%AC%E6%97%A5%E6%9B%86%E8%A1%A8.csv&nfix=
2026-12-01,Tue,2,0,0,0,0,0,0,,0,0,0,0,0,24,36,1,0,0,0,0,0,,0,0,0,0,0,0,0,0,,2026,https://www.dgpa.gov.tw/FileConversion?filename=dgpa%2Ffiles%2F202506%2Fa52331bd-a189-466b-b0f0-cae3062bbf74.csv&name=115%E5%B9%B4%E4%B8%AD%E8%8F%AF%E6%B0%91%E5%9C%8B%E6%94%BF%E5%BA%9C%E8%A1%8C%E6%94%BF%E6%A9%9F%E9%97%9C%E8%BE%A6%E5%85%AC%E6%97%A5%E6%9B%86%E8%A1%A8.csv&nfix=
2026-12-02,Wed,3,0,0,0,0,0,0,,0,0,0,0,0,23,37,0,0,0,0,0,0,,0,0,0,0,0,0,0,0,,2026,https://www.dgpa.gov.tw/FileConversion?filename=dgpa%2Ffiles%2F202506%2Fa52331bd-a189-466b-b0f0-cae3062bbf74.csv&name=115%E5%B9%B4%E4%B8%AD%E8%8F%AF%E6%B0%91%E5%9C%8B%E6%94%BF%E5%BA%9C%E8%A1%8C%E6%94%BF%E6%A9%9F%E9%97%9C%E8%BE%A6%E5%85%AC%E6%97%A5%E6%9B%86%E8%A1%A8.csv&nfix=
2026-12-03,Thu,4,0,0,0,0,0,0,,0,0,0,0,0,22,38,0,0,0,0,0,0,,0,0,0,0,0,0,0,0,,2026,https://www.dgpa.gov.tw/FileConversion?filename=dgpa%2Ffiles%2F202506%2Fa52331bd-a189-466b-b0f0-cae3062bbf74.csv&name=115%E5%B9%B4%E4%B8%AD%E8%8F%AF%E6%B0%91%E5%9C%8B%E6%94%BF%E5%BA%9C%E8%A1%8C%E6%94%BF%E6%A9%9F%E9%97%9C%E8%BE%A6%E5%85%AC%E6%97%A5%E6%9B%86%E8%A1%A8.csv&nfix=
2026-12-04,Fri,5,0,0,0,0,0,0,,0,0,0,0,0,21,39,0,0,0,0,0,0,,0,0,0,0,0,0,0,0,,2026,https://www.dgpa.gov.tw/FileConversion?filename=dgpa%2Ffiles%2F202506%2Fa52331bd-a189-466b-b0f0-cae3062bbf74.csv&name=115%E5%B9%B4%E4%B8%AD%E8%8F%AF%E6%B0%91%E5%9C%8B%E6%94%BF%E5%BA%9C%E8%A1%8C%E6%94%BF%E6%A9%9F%E9%97%9C%E8%BE%A6%E5%85%AC%E6%97%A5%E6%9B%86%E8%A1%A8.csv&nfix=
2026-12-05,Sat,6,1,1,0,0,0,0,,0,0,0,0,0,20,40,0,0,0,0,0,0,,0,0,0,0,0,0,0,0,,2026,https://www.dgpa.gov.tw/FileConversion?filename=dgpa%2Ffiles%2F202506%2Fa52331bd-a189-466b-b0f0-cae3062bbf74.csv&name=115%E5%B9%B4%E4%B8%AD%E8%8F%AF%E6%B0%91%E5%9C%8B%E6%94%BF%E5%BA%9C%E8%A1%8C%E6%94%BF%E6%A9%9F%E9%97%9C%E8%BE%A6%E5%85%AC%E6%97%A5%E6%9B%86%E8%A1%A8.csv&nfix=
2026-12-06,Sun,7,1,1,0,0,0,0,,0,0,0,0,0,19,41,0,0,0,0,0,0,,0,0,0,0,0,0,0,0,,2026,https://www.dgpa.gov.tw/FileConversion?filename=dgpa%2Ffiles%2F202506%2Fa52331bd-a189-466b-b0f0-cae3062bbf74.csv&name=115%E5%B9%B4%E4%B8%AD%E8%8F%AF%E6%B0%91%E5%9C%8B%E6%94%BF%E5%BA%9C%E8%A1%8C%E6%94%BF%E6%A9%9F%E9%97%9C%E8%BE%A6%E5%85%AC%E6%97%A5%E6%9B%86%E8%A1%A8.csv&nfix=
2026-12-07,Mon,1,0,0,0,0,0,0,,0,0,0,0,0,18,42,0,0,0,0,0,0,,0,0,0,0,0,0,0,0,,2026,https://www.dgpa.gov.tw/FileConversion?filename=dgpa%2Ffiles%2F202506%2Fa52331bd-a189-466b-b0f0-cae3062bbf74.csv&name=115%E5%B9%B4%E4%B8%AD%E8%8F%AF%E6%B0%91%E5%9C%8B%E6%94%BF%E5%BA%9C%E8%A1%8C%E6%94%BF%E6%A9%9F%E9%97%9C%E8%BE%A6%E5%85%AC%E6%97%A5%E6%9B%86%E8%A1%A8.csv&nfix=
2026-12-08,Tue,2,0,0,0,0,0,0,,0,0,0,0,0,17,43,0,0,0,0,0,0,,0,0,0,0,0,0,0,0,,2026,https://www.dgpa.gov.tw/FileConversion?filename=dgpa%2Ffiles%2F202506%2Fa52331bd-a189-466b-b0f0-cae3062bbf74.csv&name=115%E5%B9%B4%E4%B8%AD%E8%8F%AF%E6%B0%91%E5%9C%8B%E6%94%BF%E5%BA%9C%E8%A1%8C%E6%94%BF%E6%A9%9F%E9%97%9C%E8%BE%A6%E5%85%AC%E6%97%A5%E6%9B%86%E8%A1%A8.csv&nfix=
2026-12-09,Wed,3,0,0,0,0,0,0,,0,0,0,0,0,16,44,0,0,0,0,0,0,,0,0,0,0,0,0,0,0,,2026,https://www.dgpa.gov.tw/FileConversion?filename=dgpa%2Ffiles%2F202506%2Fa52331bd-a189-466b-b0f0-cae3062bbf74.csv&name=115%E5%B9%B4%E4%B8%AD%E8%8F%AF%E6%B0%91%E5%9C%8B%E6%94%BF%E5%BA%9C%E8%A1%8C%E6%94%BF%E6%A9%9F%E9%97%9C%E8%BE%A6%E5%85%AC%E6%97%A5%E6%9B%86%E8%A1%A8.csv&nfix=
2026-12-10,Thu,4,0,0,0,0,0,0,,0,0,0,0,0,15,45,0,0,0,0,0,0,,0,0,0,0,0,0,0,0,,2026,https://www.dgpa.gov.tw/FileConversion?filename=dgpa%2Ffiles%2F202506%2Fa52331bd-a189-466b-b0f0-cae3062bbf74.csv&name=115%E5%B9%B4%E4%B8%AD%E8%8F%AF%E6%B0%91%E5%9C%8B%E6%94%BF%E5%BA%9C%E8%A1%8C%E6%94%BF%E6%A9%9F%E9%97%9C%E8%BE%A6%E5%85%AC%E6%97%A5%E6%9B%86%E8%A1%A8.csv&nfix=
2026-12-11,Fri,5,0,0,0,0,0,0,,0,0,0,0,0,14,46,0,0,0,0,0,0,,0,0,0,0,0,0,0,0,,2026,https://www.dgpa.gov.tw/FileConversion?filename=dgpa%2Ffiles%2F202506%2Fa52331bd-a189-466b-b0f0-cae3062bbf74.csv&name=115%E5%B9%B4%E4%B8%AD%E8%8F%AF%E6%B0%91%E5%9C%8B%E6%94%BF%E5%BA%9C%E8%A1%8C%E6%94%BF%E6%A9%9F%E9%97%9C%E8%BE%A6%E5%85%AC%E6%97%A5%E6%9B%86%E8%A1%A8.csv&nfix=
2026-12-12,Sat,6,1,1,0,0,0,0,,0,0,0,0,0,13,47,0,0,0,0,0,0,,0,0,0,0,0,0,0,0,,2026,https://www.dgpa.gov.tw/FileConversion?filename=dgpa%2Ffiles%2F202506%2Fa52331bd-a189-466b-b0f0-cae3062bbf74.csv&name=115%E5%B9%B4%E4%B8%AD%E8%8F%AF%E6%B0%91%E5%9C%8B%E6%94%BF%E5%BA%9C%E8%A1%8C%E6%94%BF%E6%A9%9F%E9%97%9C%E8%BE%A6%E5%85%AC%E6%97%A5%E6%9B%86%E8%A1%A8.csv&nfix=
2026-12-13,Sun,7,1,1,0,0,0,0,,0,0,0,0,0,12,48,0,0,0,0,0,0,,0,0,0,0,0,0,0,0,,2026,https://www.dgpa.gov.tw/FileConversion?filename=dgpa%2Ffiles%2F202506%2Fa52331bd-a189-466b-b0f0-cae3062bbf74.csv&name=115%E5%B9%B4%E4%B8%AD%E8%8F%AF%E6%B0%91%E5%9C%8B%E6%94%BF%E5%BA%9C%E8%A1%8C%E6%94%BF%E6%A9%9F%E9%97%9C%E8%BE%A6%E5%85%AC%E6%97%A5%E6%9B%86%E8%A1%A8.csv&nfix=
2026-12-14,Mon,1,0,0,0,0,0,0,,0,0,0,0,0,11,49,0,0,0,0,0,0,,0,0,0,0,0,0,0,0,,2026,https://www.dgpa.gov.tw/FileConversion?filename=dgpa%2Ffiles%2F202506%2Fa52331bd-a189-466b-b0f0-cae3062bbf74.csv&name=115%E5%B9%B4%E4%B8%AD%E8%8F%AF%E6%B0%91%E5%9C%8B%E6%94%BF%E5%BA%9C%E8%A1%8C%E6%94%BF%E6%A9%9F%E9%97%9C%E8%BE%A6%E5%85%AC%E6%97%A5%E6%9B%86%E8%A1%A8.csv&nfix=
2026-12-15,Tue,2,0,0,0,0,0,0,,0,0,0,0,0,10,50,0,0,0,0,0,0,,0,0,0,0,0,0,0,0,,2026,https://www.dgpa.gov.tw/FileConversion?filename=dgpa%2Ffiles%2F202506%2Fa52331bd-a189-466b-b0f0-cae3062bbf74.csv&name=115%E5%B9%B4%E4%B8%AD%E8%8F%AF%E6%B0%91%E5%9C%8B%E6%94%BF%E5%BA%9C%E8%A1%8C%E6%94%BF%E6%A9%9F%E9%97%9C%E8%BE%A6%E5%85%AC%E6%97%A5%E6%9B%86%E8%A1%A8.csv&nfix=
2026-12-16,Wed,3,0,0,0,0,0,0,,0,0,0,0,0,9,51,0,0,0,0,0,0,,0,0,0,0,0,0,0,0,,2026,https://www.dgpa.gov.tw/FileConversion?filename=dgpa%2Ffiles%2F202506%2Fa52331bd-a189-466b-b0f0-cae3062bbf74.csv&name=115%E5%B9%B4%E4%B8%AD%E8%8F%AF%E6%B0%91%E5%9C%8B%E6%94%BF%E5%BA%9C%E8%A1%8C%E6%94%BF%E6%A9%9F%E9%97%9C%E8%BE%A6%E5%85%AC%E6%97%A5%E6%9B%86%E8%A1%A8.csv&nfix=
2026-12-17,Thu,4,0,0,0,0,0,0,,0,0,0,0,0,8,52,0,0,0,0,0,0,,0,0,0,0,0,0,0,0,,2026,https://www.dgpa.gov.tw/FileConversion?filename=dgpa%2Ffiles%2F202506%2Fa52331bd-a189-466b-b0f0-cae3062bbf74.csv&name=115%E5%B9%B4%E4%B8%AD%E8%8F%AF%E6%B0%91%E5%9C%8B%E6%94%BF%E5%BA%9C%E8%A1%8C%E6%94%BF%E6%A9%9F%E9%97%9C%E8%BE%A6%E5%85%AC%E6%97%A5%E6%9B%86%E8%A1%A8.csv&nfix=
2026-12-18,Fri,5,0,0,0,0,0,0,,0,0,0,0,0,7,53,0,0,0,0,0,0,,0,0,0,0,0,0,0,0,,2026,https://www.dgpa.gov.tw/FileConversion?filename=dgpa%2Ffiles%2F202506%2Fa52331bd-a189-466b-b0f0-cae3062bbf74.csv&name=115%E5%B9%B4%E4%B8%AD%E8%8F%AF%E6%B0%91%E5%9C%8B%E6%94%BF%E5%BA%9C%E8%A1%8C%E6%94%BF%E6%A9%9F%E9%97%9C%E8%BE%A6%E5%85%AC%E6%97%A5%E6%9B%86%E8%A1%A8.csv&nfix=
2026-12-19,Sat,6,1,1,0,0,0,0,,0,0,0,0,0,6,54,0,0,0,0,0,0,,0,0,0,0,0,0,0,0,,2026,https://www.dgpa.gov.tw/FileConversion?filename=dgpa%2Ffiles%2F202506%2Fa52331bd-a189-466b-b0f0-cae3062bbf74.csv&name=115%E5%B9%B4%E4%B8%AD%E8%8F%AF%E6%B0%91%E5%9C%8B%E6%94%BF%E5%BA%9C%E8%A1%8C%E6%94%BF%E6%A9%9F%E9%97%9C%E8%BE%A6%E5%85%AC%E6%97%A5%E6%9B%86%E8%A1%A8.csv&nfix=
2026-12-20,Sun,7,1,1,0,0,0,0,,0,0,0,0,0,5,55,0,0,0,0,0,0,,0,0,0,0,0,0,0,0,,2026,https://www.dgpa.gov.tw/FileConversion?filename=dgpa%2Ffiles%2F202506%2Fa52331bd-a189-466b-b0f0-cae3062bbf74.csv&name=115%E5%B9%B4%E4%B8%AD%E8%8F%AF%E6%B0%91%E5%9C%8B%E6%94%BF%E5%BA%9C%E8%A1%8C%E6%94%BF%E6%A9%9F%E9%97%9C%E8%BE%A6%E5%85%AC%E6%97%A5%E6%9B%86%E8%A1%A8.csv&nfix=
2026-12-21,Mon,1,0,0,0,0,0,0,,0,0,0,0,0,4,56,0,0,0,0,0,0,,0,0,0,0,0,0,0,0,,2026,https://www.dgpa.gov.tw/FileConversion?filename=dgpa%2Ffiles%2F202506%2Fa52331bd-a189-466b-b0f0-cae3062bbf74.csv&name=115%E5%B9%B4%E4%B8%AD%E8%8F%AF%E6%B0%91%E5%9C%8B%E6%94%BF%E5%BA%9C%E8%A1%8C%E6%94%BF%E6%A9%9F%E9%97%9C%E8%BE%A6%E5%85%AC%E6%97%A5%E6%9B%86%E8%A1%A8.csv&nfix=
2026-12-22,Tue,2,0,0,0,0,0,0,,0,0,0,0,0,3,57,0,0,0,0,0,0,,0,0,0,0,0,0,0,0,,2026,https://www.dgpa.gov.tw/FileConversion?filename=dgpa%2Ffiles%2F202506%2Fa52331bd-a189-466b-b0f0-cae3062bbf74.csv&name=115%E5%B9%B4%E4%B8%AD%E8%8F%AF%E6%B0%91%E5%9C%8B%E6%94%BF%E5%BA%9C%E8%A1%8C%E6%94%BF%E6%A9%9F%E9%97%9C%E8%BE%A6%E5%85%AC%E6%97%A5%E6%9B%86%E8%A1%A8.csv&nfix=
2026-12-23,Wed,3,0,0,0,0,0,0,,0,0,0,0,0,2,58,0,0,0,1,0,0,,0,0,0,0,0,0,0,0,,2026,https://www.dgpa.gov.tw/FileConversion?filename=dgpa%2Ffiles%2F202506%2Fa52331bd-a189-466b-b0f0-cae3062bbf74.csv&name=115%E5%B9%B4%E4%B8%AD%E8%8F%AF%E6%B0%91%E5%9C%8B%E6%94%BF%E5%BA%9C%E8%A1%8C%E6%94%BF%E6%A9%9F%E9%97%9C%E8%BE%A6%E5%85%AC%E6%97%A5%E6%9B%86%E8%A1%A8.csv&nfix=
2026-12-24,Thu,4,0,0,0,0,0,0,,0,0,0,1,0,1,59,0,0,0,1,1,0,,0,0,0,0,0,0,1,0,,2026,https://www.dgpa.gov.tw/FileConversion?filename=dgpa%2Ffiles%2F202506%2Fa52331bd-a189-466b-b0f0-cae3062bbf74.csv&name=115%E5%B9%B4%E4%B8%AD%E8%8F%AF%E6%B0%91%E5%9C%8B%E6%94%BF%E5%BA%9C%E8%A1%8C%E6%94%BF%E6%A9%9F%E9%97%9C%E8%BE%A6%E5%85%AC%E6%97%A5%E6%9B%86%E8%A1%A8.csv&nfix=
2026-12-25,Fri,5,0,1,0,1,1,0,Constitution Day,1,1,3,0,0,0,0,0,0,1,1,0,0,HS-2026-12-25,1,3,1,0,1,0,0,0,行憲紀念日,2026,https://www.dgpa.gov.tw/FileConversion?filename=dgpa%2Ffiles%2F202506%2Fa52331bd-a189-466b-b0f0-cae3062bbf74.csv&name=115%E5%B9%B4%E4%B8%AD%E8%8F%AF%E6%B0%91%E5%9C%8B%E6%94%BF%E5%BA%9C%E8%A1%8C%E6%94%BF%E6%A9%9F%E9%97%9C%E8%BE%A6%E5%85%AC%E6%97%A5%E6%9B%86%E8%A1%A8.csv&nfix=
2026-12-26,Sat,6,1,1,0,0,0,0,,1,2,3,0,0,,1,0,0,0,1,0,1,HS-2026-12-25,2,3,0,0,0,0,0,0,,2026,https://www.dgpa.gov.tw/FileConversion?filename=dgpa%2Ffiles%2F202506%2Fa52331bd-a189-466b-b0f0-cae3062bbf74.csv&name=115%E5%B9%B4%E4%B8%AD%E8%8F%AF%E6%B0%91%E5%9C%8B%E6%94%BF%E5%BA%9C%E8%A1%8C%E6%94%BF%E6%A9%9F%E9%97%9C%E8%BE%A6%E5%85%AC%E6%97%A5%E6%9B%86%E8%A1%A8.csv&nfix=
2026-12-27,Sun,7,1,1,0,0,0,0,,1,3,3,0,0,,2,0,0,0,1,0,0,HS-2026-12-25,3,3,0,1,0,1,0,0,,2026,https://www.dgpa.gov.tw/FileConversion?filename=dgpa%2Ffiles%2F202506%2Fa52331bd-a189-466b-b0f0-cae3062bbf74.csv&name=115%E5%B9%B4%E4%B8%AD%E8%8F%AF%E6%B0%91%E5%9C%8B%E6%94%BF%E5%BA%9C%E8%A1%8C%E6%94%BF%E6%A9%9F%E9%97%9C%E8%BE%A6%E5%85%AC%E6%97%A5%E6%9B%86%E8%A1%A8.csv&nfix=
2026-12-28,Mon,1,0,0,0,0,0,0,,0,0,0,0,1,,3,0,0,0,0,0,0,,0,0,0,0,0,0,0,1,,2026,https://www.dgpa.gov.tw/FileConversion?filename=dgpa%2Ffiles%2F202506%2Fa52331bd-a189-466b-b0f0-cae3062bbf74.csv&name=115%E5%B9%B4%E4%B8%AD%E8%8F%AF%E6%B0%91%E5%9C%8B%E6%94%BF%E5%BA%9C%E8%A1%8C%E6%94%BF%E6%A9%9F%E9%97%9C%E8%BE%A6%E5%85%AC%E6%97%A5%E6%9B%86%E8%A1%A8.csv&nfix=
2026-12-29,Tue,2,0,0,0,0,0,0,,0,0,0,0,0,,4,0,0,0,0,0,0,,0,0,0,0,0,0,0,0,,2026,https://www.dgpa.gov.tw/FileConversion?filename=dgpa%2Ffiles%2F202506%2Fa52331bd-a189-466b-b0f0-cae3062bbf74.csv&name=115%E5%B9%B4%E4%B8%AD%E8%8F%AF%E6%B0%91%E5%9C%8B%E6%94%BF%E5%BA%9C%E8%A1%8C%E6%94%BF%E6%A9%9F%E9%97%9C%E8%BE%A6%E5%85%AC%E6%97%A5%E6%9B%86%E8%A1%A8.csv&nfix=
2026-12-30,Wed,3,0,0,0,0,0,0,,0,0,0,0,0,,5,0,0,0,0,0,0,,0,0,0,0,0,0,0,0,,2026,https://www.dgpa.gov.tw/FileConversion?filename=dgpa%2Ffiles%2F202506%2Fa52331bd-a189-466b-b0f0-cae3062bbf74.csv&name=115%E5%B9%B4%E4%B8%AD%E8%8F%AF%E6%B0%91%E5%9C%8B%E6%94%BF%E5%BA%9C%E8%A1%8C%E6%94%BF%E6%A9%9F%E9%97%9C%E8%BE%A6%E5%85%AC%E6%97%A5%E6%9B%86%E8%A1%A8.csv&nfix=
2026-12-31,Thu,4,0,0,0,0,0,0,,0,0,0,0,0,,6,0,1,0,0,0,0,,0,0,0,0,0,0,0,0,,2026,https://www.dgpa.gov.tw/FileConversion?filename=dgpa%2Ffiles%2F202506%2Fa52331bd-a189-466b-b0f0-cae3062bbf74.csv&name=115%E5%B9%B4%E4%B8%AD%E8%8F%AF%E6%B0%91%E5%9C%8B%E6%94%BF%E5%BA%9C%E8%A1%8C%E6%94%BF%E6%A9%9F%E9%97%9C%E8%BE%A6%E5%85%AC%E6%97%A5%E6%9B%86%E8%A1%A8.csv&nfix=
