date,city,event_count,major_event_count,event_pressure_score,event_pressure_level,top_event_name,top_event_category,top_event_address,top_event_start_date,top_event_end_date,top_event_url,source_snapshot_date
2025-01-01,台北,0,0,0,None,,,,,,,2026-08-31
2025-01-01,新北,0,0,0,None,,,,,,,2026-08-31
2025-01-01,桃園,0,0,0,None,,,,,,,2026-08-31
2025-01-01,台中,0,0,0,None,,,,,,,2026-08-31
2025-01-01,高雄,0,0,0,None,,,,,,,2026-08-31
2025-01-02,台北,0,0,0,None,,,,,,,2026-08-31
2025-01-02,新北,0,0,0,None,,,,,,,2026-08-31
2025-01-02,桃園,0,0,0,None,,,,,,,2026-08-31
2025-01-02,台中,0,0,0,None,,,,,,,2026-08-31
2025-01-02,高雄,0,0,0,None,,,,,,,2026-08-31
2025-01-03,台北,0,0,0,None,,,,,,,2026-08-31
2025-01-03,新北,0,0,0,None,,,,,,,2026-08-31
2025-01-03,桃園,0,0,0,None,,,,,,,2026-08-31
2025-01-03,台中,0,0,0,None,,,,,,,2026-08-31
2025-01-03,高雄,0,0,0,None,,,,,,,2026-08-31
2025-01-04,台北,0,0,0,None,,,,,,,2026-08-31
2025-01-04,新北,0,0,0,None,,,,,,,2026-08-31
2025-01-04,桃園,0,0,0,None,,,,,,,2026-08-31
2025-01-04,台中,0,0,0,None,,,,,,,2026-08-31
2025-01-04,高雄,0,0,0,None,,,,,,,2026-08-31
2025-01-05,台北,0,0,0,None,,,,,,,2026-08-31
2025-01-05,新北,0,0,0,None,,,,,,,2026-08-31
2025-01-05,桃園,0,0,0,None,,,,,,,2026-08-31
2025-01-05,台中,0,0,0,None,,,,,,,2026-08-31
2025-01-05,高雄,0,0,0,None,,,,,,,2026-08-31
2025-01-06,台北,0,0,0,None,,,,,,,2026-08-31
2025-01-06,新北,0,0,0,None,,,,,,,2026-08-31
2025-01-06,桃園,0,0,0,None,,,,,,,2026-08-31
2025-01-06,台中,0,0,0,None,,,,,,,2026-08-31
2025-01-06,高雄,0,0,0,None,,,,,,,2026-08-31
2025-01-07,台北,0,0,0,None,,,,,,,2026-08-31
2025-01-07,新北,0,0,0,None,,,,,,,2026-08-31
2025-01-07,桃園,0,0,0,None,,,,,,,2026-08-31
2025-01-07,台中,0,0,0,None,,,,,,,2026-08-31
2025-01-07,高雄,0,0,0,None,,,,,,,2026-08-31
2025-01-08,台北,0,0,0,None,,,,,,,2026-08-31
2025-01-08,新北,0,0,0,None,,,,,,,2026-08-31
2025-01-08,桃園,0,0,0,None,,,,,,,2026-08-31
2025-01-08,台中,0,0,0,None,,,,,,,2026-08-31
2025-01-08,高雄,0,0,0,None,,,,,,,2026-08-31
2025-01-09,台北,0,0,0,None,,,,,,,2026-08-31
2025-01-09,新北,0,0,0,None,,,,,,,2026-08-31
2025-01-09,桃園,0,0,0,None,,,,,,,2026-08-31
2025-01-09,台中,0,0,0,None,,,,,,,2026-08-31
2025-01-09,高雄,0,0,0,None,,,,,,,2026-08-31
2025-01-10,台北,0,0,0,None,,,,,,,2026-08-31
2025-01-10,新北,0,0,0,None,,,,,,,2026-08-31
2025-01-10,桃園,0,0,0,None,,,,,,,2026-08-31
2025-01-10,台中,0,0,0,None,,,,,,,2026-08-31
2025-01-10,高雄,0,0,0,None,,,,,,,2026-08-31
2025-01-11,台北,0,0,0,None,,,,,,,2026-08-31
2025-01-11,新北,0,0,0,None,,,,,,,2026-08-31
2025-01-11,桃園,0,0,0,None,,,,,,,2026-08-31
2025-01-11,台中,0,0,0,None,,,,,,,2026-08-31
2025-01-11,高雄,0,0,0,None,,,,,,,2026-08-31
2025-01-12,台北,0,0,0,None,,,,,,,2026-08-31
2025-01-12,新北,0,0,0,None,,,,,,,2026-08-31
2025-01-12,桃園,0,0,0,None,,,,,,,2026-08-31
2025-01-12,台中,0,0,0,None,,,,,,,2026-08-31
2025-01-12,高雄,0,0,0,None,,,,,,,2026-08-31
2025-01-13,台北,0,0,0,None,,,,,,,2026-08-31
2025-01-13,新北,0,0,0,None,,,,,,,2026-08-31
2025-01-13,桃園,0,0,0,None,,,,,,,2026-08-31
2025-01-13,台中,0,0,0,None,,,,,,,2026-08-31
2025-01-13,高雄,0,0,0,None,,,,,,,2026-08-31
2025-01-14,台北,0,0,0,None,,,,,,,2026-08-31
2025-01-14,新北,0,0,0,None,,,,,,,2026-08-31
2025-01-14,桃園,0,0,0,None,,,,,,,2026-08-31
2025-01-14,台中,0,0,0,None,,,,,,,2026-08-31
2025-01-14,高雄,0,0,0,None,,,,,,,2026-08-31
2025-01-15,台北,0,0,0,None,,,,,,,2026-08-31
2025-01-15,新北,0,0,0,None,,,,,,,2026-08-31
2025-01-15,桃園,0,0,0,None,,,,,,,2026-08-31
2025-01-15,台中,0,0,0,None,,,,,,,2026-08-31
2025-01-15,高雄,0,0,0,None,,,,,,,2026-08-31
2025-01-16,台北,0,0,0,None,,,,,,,2026-08-31
2025-01-16,新北,0,0,0,None,,,,,,,2026-08-31
2025-01-16,桃園,0,0,0,None,,,,,,,2026-08-31
2025-01-16,台中,0,0,0,None,,,,,,,2026-08-31
2025-01-16,高雄,0,0,0,None,,,,,,,2026-08-31
2025-01-17,台北,0,0,0,None,,,,,,,2026-08-31
2025-01-17,新北,0,0,0,None,,,,,,,2026-08-31
2025-01-17,桃園,0,0,0,None,,,,,,,2026-08-31
2025-01-17,台中,0,0,0,None,,,,,,,2026-08-31
2025-01-17,高雄,0,0,0,None,,,,,,,2026-08-31
2025-01-18,台北,0,0,0,None,,,,,,,2026-08-31
2025-01-18,新北,0,0,0,None,,,,,,,2026-08-31
2025-01-18,桃園,0,0,0,None,,,,,,,2026-08-31
2025-01-18,台中,0,0,0,None,,,,,,,2026-08-31
2025-01-18,高雄,0,0,0,None,,,,,,,2026-08-31
2025-01-19,台北,0,0,0,None,,,,,,,2026-08-31
2025-01-19,新北,0,0,0,None,,,,,,,2026-08-31
2025-01-19,桃園,0,0,0,None,,,,,,,2026-08-31
2025-01-19,台中,0,0,0,None,,,,,,,2026-08-31
2025-01-19,高雄,0,0,0,None,,,,,,,2026-08-31
2025-01-20,台北,0,0,0,None,,,,,,,2026-08-31
2025-01-20,新北,0,0,0,None,,,,,,,2026-08-31
2025-01-20,桃園,0,0,0,None,,,,,,,2026-08-31
2025-01-20,台中,0,0,0,None,,,,,,,2026-08-31
2025-01-20,高雄,0,0,0,None,,,,,,,2026-08-31
2025-01-21,台北,0,0,0,None,,,,,,,2026-08-31
2025-01-21,新北,0,0,0,None,,,,,,,2026-08-31
2025-01-21,桃園,0,0,0,None,,,,,,,2026-08-31
2025-01-21,台中,0,0,0,None,,,,,,,2026-08-31
2025-01-21,高雄,0,0,0,None,,,,,,,2026-08-31
2025-01-22,台北,0,0,0,None,,,,,,,2026-08-31
2025-01-22,新北,0,0,0,None,,,,,,,2026-08-31
2025-01-22,桃園,0,0,0,None,,,,,,,2026-08-31
2025-01-22,台中,0,0,0,None,,,,,,,2026-08-31
2025-01-22,高雄,0,0,0,None,,,,,,,2026-08-31
2025-01-23,台北,0,0,0,None,,,,,,,2026-08-31
2025-01-23,新北,0,0,0,None,,,,,,,2026-08-31
2025-01-23,桃園,0,0,0,None,,,,,,,2026-08-31
2025-01-23,台中,0,0,0,None,,,,,,,2026-08-31
2025-01-23,高雄,0,0,0,None,,,,,,,2026-08-31
2025-01-24,台北,0,0,0,None,,,,,,,2026-08-31
2025-01-24,新北,0,0,0,None,,,,,,,2026-08-31
2025-01-24,桃園,0,0,0,None,,,,,,,2026-08-31
2025-01-24,台中,0,0,0,None,,,,,,,2026-08-31
2025-01-24,高雄,0,0,0,None,,,,,,,2026-08-31
2025-01-25,台北,0,0,0,None,,,,,,,2026-08-31
2025-01-25,新北,0,0,0,None,,,,,,,2026-08-31
2025-01-25,桃園,0,0,0,None,,,,,,,2026-08-31
2025-01-25,台中,0,0,0,None,,,,,,,2026-08-31
2025-01-25,高雄,0,0,0,None,,,,,,,2026-08-31
2025-01-26,台北,0,0,0,None,,,,,,,2026-08-31
2025-01-26,新北,0,0,0,None,,,,,,,2026-08-31
2025-01-26,桃園,0,0,0,None,,,,,,,2026-08-31
2025-01-26,台中,0,0,0,None,,,,,,,2026-08-31
2025-01-26,高雄,0,0,0,None,,,,,,,2026-08-31
2025-01-27,台北,0,0,0,None,,,,,,,2026-08-31
2025-01-27,新北,0,0,0,None,,,,,,,2026-08-31
2025-01-27,桃園,0,0,0,None,,,,,,,2026-08-31
2025-01-27,台中,0,0,0,None,,,,,,,2026-08-31
2025-01-27,高雄,0,0,0,None,,,,,,,2026-08-31
2025-01-28,台北,0,0,0,None,,,,,,,2026-08-31
2025-01-28,新北,0,0,0,None,,,,,,,2026-08-31
2025-01-28,桃園,0,0,0,None,,,,,,,2026-08-31
2025-01-28,台中,0,0,0,None,,,,,,,2026-08-31
2025-01-28,高雄,0,0,0,None,,,,,,,2026-08-31
2025-01-29,台北,0,0,0,None,,,,,,,2026-08-31
2025-01-29,新北,0,0,0,None,,,,,,,2026-08-31
2025-01-29,桃園,0,0,0,None,,,,,,,2026-08-31
2025-01-29,台中,0,0,0,None,,,,,,,2026-08-31
2025-01-29,高雄,0,0,0,None,,,,,,,2026-08-31
2025-01-30,台北,0,0,0,None,,,,,,,2026-08-31
2025-01-30,新北,0,0,0,None,,,,,,,2026-08-31
2025-01-30,桃園,0,0,0,None,,,,,,,2026-08-31
2025-01-30,台中,0,0,0,None,,,,,,,2026-08-31
2025-01-30,高雄,0,0,0,None,,,,,,,2026-08-31
2025-01-31,台北,0,0,0,None,,,,,,,2026-08-31
2025-01-31,新北,0,0,0,None,,,,,,,2026-08-31
2025-01-31,桃園,0,0,0,None,,,,,,,2026-08-31
2025-01-31,台中,0,0,0,None,,,,,,,2026-08-31
2025-01-31,高雄,0,0,0,None,,,,,,,2026-08-31
2025-02-01,台北,0,0,0,None,,,,,,,2026-08-31
2025-02-01,新北,0,0,0,None,,,,,,,2026-08-31
2025-02-01,桃園,0,0,0,None,,,,,,,2026-08-31
2025-02-01,台中,0,0,0,None,,,,,,,2026-08-31
2025-02-01,高雄,0,0,0,None,,,,,,,2026-08-31
2025-02-02,台北,0,0,0,None,,,,,,,2026-08-31
2025-02-02,新北,0,0,0,None,,,,,,,2026-08-31
2025-02-02,桃園,0,0,0,None,,,,,,,2026-08-31
2025-02-02,台中,0,0,0,None,,,,,,,2026-08-31
2025-02-02,高雄,0,0,0,None,,,,,,,2026-08-31
2025-02-03,台北,0,0,0,None,,,,,,,2026-08-31
2025-02-03,新北,0,0,0,None,,,,,,,2026-08-31
2025-02-03,桃園,0,0,0,None,,,,,,,2026-08-31
2025-02-03,台中,0,0,0,None,,,,,,,2026-08-31
2025-02-03,高雄,0,0,0,None,,,,,,,2026-08-31
2025-02-04,台北,0,0,0,None,,,,,,,2026-08-31
2025-02-04,新北,0,0,0,None,,,,,,,2026-08-31
2025-02-04,桃園,0,0,0,None,,,,,,,2026-08-31
2025-02-04,台中,0,0,0,None,,,,,,,2026-08-31
2025-02-04,高雄,0,0,0,None,,,,,,,2026-08-31
2025-02-05,台北,0,0,0,None,,,,,,,2026-08-31
2025-02-05,新北,0,0,0,None,,,,,,,2026-08-31
2025-02-05,桃園,0,0,0,None,,,,,,,2026-08-31
2025-02-05,台中,0,0,0,None,,,,,,,2026-08-31
2025-02-05,高雄,0,0,0,None,,,,,,,2026-08-31
2025-02-06,台北,0,0,0,None,,,,,,,2026-08-31
2025-02-06,新北,0,0,0,None,,,,,,,2026-08-31
2025-02-06,桃園,0,0,0,None,,,,,,,2026-08-31
2025-02-06,台中,0,0,0,None,,,,,,,2026-08-31
2025-02-06,高雄,0,0,0,None,,,,,,,2026-08-31
2025-02-07,台北,0,0,0,None,,,,,,,2026-08-31
2025-02-07,新北,0,0,0,None,,,,,,,2026-08-31
2025-02-07,桃園,0,0,0,None,,,,,,,2026-08-31
2025-02-07,台中,0,0,0,None,,,,,,,2026-08-31
2025-02-07,高雄,0,0,0,None,,,,,,,2026-08-31
2025-02-08,台北,0,0,0,None,,,,,,,2026-08-31
2025-02-08,新北,0,0,0,None,,,,,,,2026-08-31
2025-02-08,桃園,0,0,0,None,,,,,,,2026-08-31
2025-02-08,台中,0,0,0,None,,,,,,,2026-08-31
2025-02-08,高雄,0,0,0,None,,,,,,,2026-08-31
2025-02-09,台北,0,0,0,None,,,,,,,2026-08-31
2025-02-09,新北,0,0,0,None,,,,,,,2026-08-31
2025-02-09,桃園,0,0,0,None,,,,,,,2026-08-31
2025-02-09,台中,0,0,0,None,,,,,,,2026-08-31
2025-02-09,高雄,0,0,0,None,,,,,,,2026-08-31
2025-02-10,台北,0,0,0,None,,,,,,,2026-08-31
2025-02-10,新北,0,0,0,None,,,,,,,2026-08-31
2025-02-10,桃園,0,0,0,None,,,,,,,2026-08-31
2025-02-10,台中,0,0,0,None,,,,,,,2026-08-31
2025-02-10,高雄,0,0,0,None,,,,,,,2026-08-31
2025-02-11,台北,0,0,0,None,,,,,,,2026-08-31
2025-02-11,新北,0,0,0,None,,,,,,,2026-08-31
2025-02-11,桃園,0,0,0,None,,,,,,,2026-08-31
2025-02-11,台中,0,0,0,None,,,,,,,2026-08-31
2025-02-11,高雄,0,0,0,None,,,,,,,2026-08-31
2025-02-12,台北,0,0,0,None,,,,,,,2026-08-31
2025-02-12,新北,0,0,0,None,,,,,,,2026-08-31
2025-02-12,桃園,0,0,0,None,,,,,,,2026-08-31
2025-02-12,台中,0,0,0,None,,,,,,,2026-08-31
2025-02-12,高雄,0,0,0,None,,,,,,,2026-08-31
2025-02-13,台北,0,0,0,None,,,,,,,2026-08-31
2025-02-13,新北,0,0,0,None,,,,,,,2026-08-31
2025-02-13,桃園,0,0,0,None,,,,,,,2026-08-31
2025-02-13,台中,0,0,0,None,,,,,,,2026-08-31
2025-02-13,高雄,0,0,0,None,,,,,,,2026-08-31
2025-02-14,台北,0,0,0,None,,,,,,,2026-08-31
2025-02-14,新北,0,0,0,None,,,,,,,2026-08-31
2025-02-14,桃園,0,0,0,None,,,,,,,2026-08-31
2025-02-14,台中,0,0,0,None,,,,,,,2026-08-31
2025-02-14,高雄,0,0,0,None,,,,,,,2026-08-31
2025-02-15,台北,0,0,0,None,,,,,,,2026-08-31
2025-02-15,新北,0,0,0,None,,,,,,,2026-08-31
2025-02-15,桃園,0,0,0,None,,,,,,,2026-08-31
2025-02-15,台中,0,0,0,None,,,,,,,2026-08-31
2025-02-15,高雄,0,0,0,None,,,,,,,2026-08-31
2025-02-16,台北,0,0,0,None,,,,,,,2026-08-31
2025-02-16,新北,0,0,0,None,,,,,,,2026-08-31
2025-02-16,桃園,0,0,0,None,,,,,,,2026-08-31
2025-02-16,台中,0,0,0,None,,,,,,,2026-08-31
2025-02-16,高雄,0,0,0,None,,,,,,,2026-08-31
2025-02-17,台北,0,0,0,None,,,,,,,2026-08-31
2025-02-17,新北,0,0,0,None,,,,,,,2026-08-31
2025-02-17,桃園,0,0,0,None,,,,,,,2026-08-31
2025-02-17,台中,0,0,0,None,,,,,,,2026-08-31
2025-02-17,高雄,0,0,0,None,,,,,,,2026-08-31
2025-02-18,台北,0,0,0,None,,,,,,,2026-08-31
2025-02-18,新北,0,0,0,None,,,,,,,2026-08-31
2025-02-18,桃園,0,0,0,None,,,,,,,2026-08-31
2025-02-18,台中,0,0,0,None,,,,,,,2026-08-31
2025-02-18,高雄,0,0,0,None,,,,,,,2026-08-31
2025-02-19,台北,0,0,0,None,,,,,,,2026-08-31
2025-02-19,新北,0,0,0,None,,,,,,,2026-08-31
2025-02-19,桃園,0,0,0,None,,,,,,,2026-08-31
2025-02-19,台中,0,0,0,None,,,,,,,2026-08-31
2025-02-19,高雄,0,0,0,None,,,,,,,2026-08-31
2025-02-20,台北,0,0,0,None,,,,,,,2026-08-31
2025-02-20,新北,0,0,0,None,,,,,,,2026-08-31
2025-02-20,桃園,0,0,0,None,,,,,,,2026-08-31
2025-02-20,台中,0,0,0,None,,,,,,,2026-08-31
2025-02-20,高雄,0,0,0,None,,,,,,,2026-08-31
2025-02-21,台北,0,0,0,None,,,,,,,2026-08-31
2025-02-21,新北,0,0,0,None,,,,,,,2026-08-31
2025-02-21,桃園,0,0,0,None,,,,,,,2026-08-31
2025-02-21,台中,0,0,0,None,,,,,,,2026-08-31
2025-02-21,高雄,0,0,0,None,,,,,,,2026-08-31
2025-02-22,台北,0,0,0,None,,,,,,,2026-08-31
2025-02-22,新北,0,0,0,None,,,,,,,2026-08-31
2025-02-22,桃園,0,0,0,None,,,,,,,2026-08-31
2025-02-22,台中,0,0,0,None,,,,,,,2026-08-31
2025-02-22,高雄,0,0,0,None,,,,,,,2026-08-31
2025-02-23,台北,0,0,0,None,,,,,,,2026-08-31
2025-02-23,新北,0,0,0,None,,,,,,,2026-08-31
2025-02-23,桃園,0,0,0,None,,,,,,,2026-08-31
2025-02-23,台中,0,0,0,None,,,,,,,2026-08-31
2025-02-23,高雄,0,0,0,None,,,,,,,2026-08-31
2025-02-24,台北,0,0,0,None,,,,,,,2026-08-31
2025-02-24,新北,0,0,0,None,,,,,,,2026-08-31
2025-02-24,桃園,0,0,0,None,,,,,,,2026-08-31
2025-02-24,台中,0,0,0,None,,,,,,,2026-08-31
2025-02-24,高雄,0,0,0,None,,,,,,,2026-08-31
2025-02-25,台北,0,0,0,None,,,,,,,2026-08-31
2025-02-25,新北,0,0,0,None,,,,,,,2026-08-31
2025-02-25,桃園,0,0,0,None,,,,,,,2026-08-31
2025-02-25,台中,0,0,0,None,,,,,,,2026-08-31
2025-02-25,高雄,0,0,0,None,,,,,,,2026-08-31
2025-02-26,台北,0,0,0,None,,,,,,,2026-08-31
2025-02-26,新北,0,0,0,None,,,,,,,2026-08-31
2025-02-26,桃園,0,0,0,None,,,,,,,2026-08-31
2025-02-26,台中,0,0,0,None,,,,,,,2026-08-31
2025-02-26,高雄,0,0,0,None,,,,,,,2026-08-31
2025-02-27,台北,0,0,0,None,,,,,,,2026-08-31
2025-02-27,新北,0,0,0,None,,,,,,,2026-08-31
2025-02-27,桃園,0,0,0,None,,,,,,,2026-08-31
2025-02-27,台中,0,0,0,None,,,,,,,2026-08-31
2025-02-27,高雄,0,0,0,None,,,,,,,2026-08-31
2025-02-28,台北,0,0,0,None,,,,,,,2026-08-31
2025-02-28,新北,0,0,0,None,,,,,,,2026-08-31
2025-02-28,桃園,0,0,0,None,,,,,,,2026-08-31
2025-02-28,台中,0,0,0,None,,,,,,,2026-08-31
2025-02-28,高雄,0,0,0,None,,,,,,,2026-08-31
2025-03-01,台北,0,0,0,None,,,,,,,2026-08-31
2025-03-01,新北,0,0,0,None,,,,,,,2026-08-31
2025-03-01,桃園,0,0,0,None,,,,,,,2026-08-31
2025-03-01,台中,0,0,0,None,,,,,,,2026-08-31
2025-03-01,高雄,0,0,0,None,,,,,,,2026-08-31
2025-03-02,台北,0,0,0,None,,,,,,,2026-08-31
2025-03-02,新北,0,0,0,None,,,,,,,2026-08-31
2025-03-02,桃園,0,0,0,None,,,,,,,2026-08-31
2025-03-02,台中,0,0,0,None,,,,,,,2026-08-31
2025-03-02,高雄,0,0,0,None,,,,,,,2026-08-31
2025-03-03,台北,0,0,0,None,,,,,,,2026-08-31
2025-03-03,新北,0,0,0,None,,,,,,,2026-08-31
2025-03-03,桃園,0,0,0,None,,,,,,,2026-08-31
2025-03-03,台中,0,0,0,None,,,,,,,2026-08-31
2025-03-03,高雄,0,0,0,None,,,,,,,2026-08-31
2025-03-04,台北,0,0,0,None,,,,,,,2026-08-31
2025-03-04,新北,0,0,0,None,,,,,,,2026-08-31
2025-03-04,桃園,0,0,0,None,,,,,,,2026-08-31
2025-03-04,台中,0,0,0,None,,,,,,,2026-08-31
2025-03-04,高雄,0,0,0,None,,,,,,,2026-08-31
2025-03-05,台北,0,0,0,None,,,,,,,2026-08-31
2025-03-05,新北,0,0,0,None,,,,,,,2026-08-31
2025-03-05,桃園,0,0,0,None,,,,,,,2026-08-31
2025-03-05,台中,0,0,0,None,,,,,,,2026-08-31
2025-03-05,高雄,0,0,0,None,,,,,,,2026-08-31
2025-03-06,台北,0,0,0,None,,,,,,,2026-08-31
2025-03-06,新北,0,0,0,None,,,,,,,2026-08-31
2025-03-06,桃園,0,0,0,None,,,,,,,2026-08-31
2025-03-06,台中,0,0,0,None,,,,,,,2026-08-31
2025-03-06,高雄,0,0,0,None,,,,,,,2026-08-31
2025-03-07,台北,0,0,0,None,,,,,,,2026-08-31
2025-03-07,新北,0,0,0,None,,,,,,,2026-08-31
2025-03-07,桃園,0,0,0,None,,,,,,,2026-08-31
2025-03-07,台中,0,0,0,None,,,,,,,2026-08-31
2025-03-07,高雄,0,0,0,None,,,,,,,2026-08-31
2025-03-08,台北,0,0,0,None,,,,,,,2026-08-31
2025-03-08,新北,0,0,0,None,,,,,,,2026-08-31
2025-03-08,桃園,0,0,0,None,,,,,,,2026-08-31
2025-03-08,台中,0,0,0,None,,,,,,,2026-08-31
2025-03-08,高雄,0,0,0,None,,,,,,,2026-08-31
2025-03-09,台北,0,0,0,None,,,,,,,2026-08-31
2025-03-09,新北,0,0,0,None,,,,,,,2026-08-31
2025-03-09,桃園,0,0,0,None,,,,,,,2026-08-31
2025-03-09,台中,0,0,0,None,,,,,,,2026-08-31
2025-03-09,高雄,0,0,0,None,,,,,,,2026-08-31
2025-03-10,台北,0,0,0,None,,,,,,,2026-08-31
2025-03-10,新北,0,0,0,None,,,,,,,2026-08-31
2025-03-10,桃園,0,0,0,None,,,,,,,2026-08-31
2025-03-10,台中,0,0,0,None,,,,,,,2026-08-31
2025-03-10,高雄,0,0,0,None,,,,,,,2026-08-31
2025-03-11,台北,0,0,0,None,,,,,,,2026-08-31
2025-03-11,新北,0,0,0,None,,,,,,,2026-08-31
2025-03-11,桃園,0,0,0,None,,,,,,,2026-08-31
2025-03-11,台中,0,0,0,None,,,,,,,2026-08-31
2025-03-11,高雄,0,0,0,None,,,,,,,2026-08-31
2025-03-12,台北,0,0,0,None,,,,,,,2026-08-31
2025-03-12,新北,0,0,0,None,,,,,,,2026-08-31
2025-03-12,桃園,0,0,0,None,,,,,,,2026-08-31
2025-03-12,台中,0,0,0,None,,,,,,,2026-08-31
2025-03-12,高雄,0,0,0,None,,,,,,,2026-08-31
2025-03-13,台北,0,0,0,None,,,,,,,2026-08-31
2025-03-13,新北,0,0,0,None,,,,,,,2026-08-31
2025-03-13,桃園,0,0,0,None,,,,,,,2026-08-31
2025-03-13,台中,0,0,0,None,,,,,,,2026-08-31
2025-03-13,高雄,0,0,0,None,,,,,,,2026-08-31
2025-03-14,台北,0,0,0,None,,,,,,,2026-08-31
2025-03-14,新北,1,0,0.5,Low,2025文資新生活｜新店十四張歷史建築園區,Expo / Exhibition,央北二路206巷6號(新店十四張歷史建築園區),2025-03-14,2025-12-31,https://data.gov.tw/dataset/7778,2026-08-31
2025-03-14,桃園,0,0,0,None,,,,,,,2026-08-31
2025-03-14,台中,0,0,0,None,,,,,,,2026-08-31
2025-03-14,高雄,0,0,0,None,,,,,,,2026-08-31
2025-03-15,台北,0,0,0,None,,,,,,,2026-08-31
2025-03-15,新北,1,0,0.5,Low,2025文資新生活｜新店十四張歷史建築園區,Expo / Exhibition,央北二路206巷6號(新店十四張歷史建築園區),2025-03-14,2025-12-31,https://data.gov.tw/dataset/7778,2026-08-31
2025-03-15,桃園,0,0,0,None,,,,,,,2026-08-31
2025-03-15,台中,0,0,0,None,,,,,,,2026-08-31
2025-03-15,高雄,0,0,0,None,,,,,,,2026-08-31
2025-03-16,台北,0,0,0,None,,,,,,,2026-08-31
2025-03-16,新北,1,0,0.5,Low,2025文資新生活｜新店十四張歷史建築園區,Expo / Exhibition,央北二路206巷6號(新店十四張歷史建築園區),2025-03-14,2025-12-31,https://data.gov.tw/dataset/7778,2026-08-31
2025-03-16,桃園,0,0,0,None,,,,,,,2026-08-31
2025-03-16,台中,0,0,0,None,,,,,,,2026-08-31
2025-03-16,高雄,0,0,0,None,,,,,,,2026-08-31
2025-03-17,台北,0,0,0,None,,,,,,,2026-08-31
2025-03-17,新北,1,0,0.5,Low,2025文資新生活｜新店十四張歷史建築園區,Expo / Exhibition,央北二路206巷6號(新店十四張歷史建築園區),2025-03-14,2025-12-31,https://data.gov.tw/dataset/7778,2026-08-31
2025-03-17,桃園,0,0,0,None,,,,,,,2026-08-31
2025-03-17,台中,0,0,0,None,,,,,,,2026-08-31
2025-03-17,高雄,0,0,0,None,,,,,,,2026-08-31
2025-03-18,台北,0,0,0,None,,,,,,,2026-08-31
2025-03-18,新北,1,0,0.5,Low,2025文資新生活｜新店十四張歷史建築園區,Expo / Exhibition,央北二路206巷6號(新店十四張歷史建築園區),2025-03-14,2025-12-31,https://data.gov.tw/dataset/7778,2026-08-31
2025-03-18,桃園,0,0,0,None,,,,,,,2026-08-31
2025-03-18,台中,0,0,0,None,,,,,,,2026-08-31
2025-03-18,高雄,0,0,0,None,,,,,,,2026-08-31
2025-03-19,台北,0,0,0,None,,,,,,,2026-08-31
2025-03-19,新北,1,0,0.5,Low,2025文資新生活｜新店十四張歷史建築園區,Expo / Exhibition,央北二路206巷6號(新店十四張歷史建築園區),2025-03-14,2025-12-31,https://data.gov.tw/dataset/7778,2026-08-31
2025-03-19,桃園,0,0,0,None,,,,,,,2026-08-31
2025-03-19,台中,0,0,0,None,,,,,,,2026-08-31
2025-03-19,高雄,0,0,0,None,,,,,,,2026-08-31
2025-03-20,台北,0,0,0,None,,,,,,,2026-08-31
2025-03-20,新北,1,0,0.5,Low,2025文資新生活｜新店十四張歷史建築園區,Expo / Exhibition,央北二路206巷6號(新店十四張歷史建築園區),2025-03-14,2025-12-31,https://data.gov.tw/dataset/7778,2026-08-31
2025-03-20,桃園,0,0,0,None,,,,,,,2026-08-31
2025-03-20,台中,0,0,0,None,,,,,,,2026-08-31
2025-03-20,高雄,0,0,0,None,,,,,,,2026-08-31
2025-03-21,台北,0,0,0,None,,,,,,,2026-08-31
2025-03-21,新北,1,0,0.5,Low,2025文資新生活｜新店十四張歷史建築園區,Expo / Exhibition,央北二路206巷6號(新店十四張歷史建築園區),2025-03-14,2025-12-31,https://data.gov.tw/dataset/7778,2026-08-31
2025-03-21,桃園,0,0,0,None,,,,,,,2026-08-31
2025-03-21,台中,0,0,0,None,,,,,,,2026-08-31
2025-03-21,高雄,0,0,0,None,,,,,,,2026-08-31
2025-03-22,台北,0,0,0,None,,,,,,,2026-08-31
2025-03-22,新北,1,0,0.5,Low,2025文資新生活｜新店十四張歷史建築園區,Expo / Exhibition,央北二路206巷6號(新店十四張歷史建築園區),2025-03-14,2025-12-31,https://data.gov.tw/dataset/7778,2026-08-31
2025-03-22,桃園,0,0,0,None,,,,,,,2026-08-31
2025-03-22,台中,0,0,0,None,,,,,,,2026-08-31
2025-03-22,高雄,0,0,0,None,,,,,,,2026-08-31
2025-03-23,台北,0,0,0,None,,,,,,,2026-08-31
2025-03-23,新北,1,0,0.5,Low,2025文資新生活｜新店十四張歷史建築園區,Expo / Exhibition,央北二路206巷6號(新店十四張歷史建築園區),2025-03-14,2025-12-31,https://data.gov.tw/dataset/7778,2026-08-31
2025-03-23,桃園,0,0,0,None,,,,,,,2026-08-31
2025-03-23,台中,0,0,0,None,,,,,,,2026-08-31
2025-03-23,高雄,0,0,0,None,,,,,,,2026-08-31
2025-03-24,台北,0,0,0,None,,,,,,,2026-08-31
2025-03-24,新北,1,0,0.5,Low,2025文資新生活｜新店十四張歷史建築園區,Expo / Exhibition,央北二路206巷6號(新店十四張歷史建築園區),2025-03-14,2025-12-31,https://data.gov.tw/dataset/7778,2026-08-31
2025-03-24,桃園,0,0,0,None,,,,,,,2026-08-31
2025-03-24,台中,0,0,0,None,,,,,,,2026-08-31
2025-03-24,高雄,0,0,0,None,,,,,,,2026-08-31
2025-03-25,台北,0,0,0,None,,,,,,,2026-08-31
2025-03-25,新北,1,0,0.5,Low,2025文資新生活｜新店十四張歷史建築園區,Expo / Exhibition,央北二路206巷6號(新店十四張歷史建築園區),2025-03-14,2025-12-31,https://data.gov.tw/dataset/7778,2026-08-31
2025-03-25,桃園,0,0,0,None,,,,,,,2026-08-31
2025-03-25,台中,0,0,0,None,,,,,,,2026-08-31
2025-03-25,高雄,0,0,0,None,,,,,,,2026-08-31
2025-03-26,台北,0,0,0,None,,,,,,,2026-08-31
2025-03-26,新北,1,0,0.5,Low,2025文資新生活｜新店十四張歷史建築園區,Expo / Exhibition,央北二路206巷6號(新店十四張歷史建築園區),2025-03-14,2025-12-31,https://data.gov.tw/dataset/7778,2026-08-31
2025-03-26,桃園,0,0,0,None,,,,,,,2026-08-31
2025-03-26,台中,0,0,0,None,,,,,,,2026-08-31
2025-03-26,高雄,0,0,0,None,,,,,,,2026-08-31
2025-03-27,台北,0,0,0,None,,,,,,,2026-08-31
2025-03-27,新北,1,0,0.5,Low,2025文資新生活｜新店十四張歷史建築園區,Expo / Exhibition,央北二路206巷6號(新店十四張歷史建築園區),2025-03-14,2025-12-31,https://data.gov.tw/dataset/7778,2026-08-31
2025-03-27,桃園,0,0,0,None,,,,,,,2026-08-31
2025-03-27,台中,0,0,0,None,,,,,,,2026-08-31
2025-03-27,高雄,0,0,0,None,,,,,,,2026-08-31
2025-03-28,台北,0,0,0,None,,,,,,,2026-08-31
2025-03-28,新北,1,0,0.5,Low,2025文資新生活｜新店十四張歷史建築園區,Expo / Exhibition,央北二路206巷6號(新店十四張歷史建築園區),2025-03-14,2025-12-31,https://data.gov.tw/dataset/7778,2026-08-31
2025-03-28,桃園,0,0,0,None,,,,,,,2026-08-31
2025-03-28,台中,0,0,0,None,,,,,,,2026-08-31
2025-03-28,高雄,0,0,0,None,,,,,,,2026-08-31
2025-03-29,台北,0,0,0,None,,,,,,,2026-08-31
2025-03-29,新北,1,0,0.5,Low,2025文資新生活｜新店十四張歷史建築園區,Expo / Exhibition,央北二路206巷6號(新店十四張歷史建築園區),2025-03-14,2025-12-31,https://data.gov.tw/dataset/7778,2026-08-31
2025-03-29,桃園,0,0,0,None,,,,,,,2026-08-31
2025-03-29,台中,0,0,0,None,,,,,,,2026-08-31
2025-03-29,高雄,0,0,0,None,,,,,,,2026-08-31
2025-03-30,台北,0,0,0,None,,,,,,,2026-08-31
2025-03-30,新北,1,0,0.5,Low,2025文資新生活｜新店十四張歷史建築園區,Expo / Exhibition,央北二路206巷6號(新店十四張歷史建築園區),2025-03-14,2025-12-31,https://data.gov.tw/dataset/7778,2026-08-31
2025-03-30,桃園,0,0,0,None,,,,,,,2026-08-31
2025-03-30,台中,0,0,0,None,,,,,,,2026-08-31
2025-03-30,高雄,0,0,0,None,,,,,,,2026-08-31
2025-03-31,台北,0,0,0,None,,,,,,,2026-08-31
2025-03-31,新北,1,0,0.5,Low,2025文資新生活｜新店十四張歷史建築園區,Expo / Exhibition,央北二路206巷6號(新店十四張歷史建築園區),2025-03-14,2025-12-31,https://data.gov.tw/dataset/7778,2026-08-31
2025-03-31,桃園,0,0,0,None,,,,,,,2026-08-31
2025-03-31,台中,0,0,0,None,,,,,,,2026-08-31
2025-03-31,高雄,0,0,0,None,,,,,,,2026-08-31
2025-04-01,台北,0,0,0,None,,,,,,,2026-08-31
2025-04-01,新北,1,0,0.5,Low,2025文資新生活｜新店十四張歷史建築園區,Expo / Exhibition,央北二路206巷6號(新店十四張歷史建築園區),2025-03-14,2025-12-31,https://data.gov.tw/dataset/7778,2026-08-31
2025-04-01,桃園,0,0,0,None,,,,,,,2026-08-31
2025-04-01,台中,0,0,0,None,,,,,,,2026-08-31
2025-04-01,高雄,0,0,0,None,,,,,,,2026-08-31
2025-04-02,台北,0,0,0,None,,,,,,,2026-08-31
2025-04-02,新北,1,0,0.5,Low,2025文資新生活｜新店十四張歷史建築園區,Expo / Exhibition,央北二路206巷6號(新店十四張歷史建築園區),2025-03-14,2025-12-31,https://data.gov.tw/dataset/7778,2026-08-31
2025-04-02,桃園,0,0,0,None,,,,,,,2026-08-31
2025-04-02,台中,0,0,0,None,,,,,,,2026-08-31
2025-04-02,高雄,0,0,0,None,,,,,,,2026-08-31
2025-04-03,台北,0,0,0,None,,,,,,,2026-08-31
2025-04-03,新北,1,0,0.5,Low,2025文資新生活｜新店十四張歷史建築園區,Expo / Exhibition,央北二路206巷6號(新店十四張歷史建築園區),2025-03-14,2025-12-31,https://data.gov.tw/dataset/7778,2026-08-31
2025-04-03,桃園,0,0,0,None,,,,,,,2026-08-31
2025-04-03,台中,0,0,0,None,,,,,,,2026-08-31
2025-04-03,高雄,0,0,0,None,,,,,,,2026-08-31
2025-04-04,台北,0,0,0,None,,,,,,,2026-08-31
2025-04-04,新北,1,0,0.5,Low,2025文資新生活｜新店十四張歷史建築園區,Expo / Exhibition,央北二路206巷6號(新店十四張歷史建築園區),2025-03-14,2025-12-31,https://data.gov.tw/dataset/7778,2026-08-31
2025-04-04,桃園,0,0,0,None,,,,,,,2026-08-31
2025-04-04,台中,0,0,0,None,,,,,,,2026-08-31
2025-04-04,高雄,0,0,0,None,,,,,,,2026-08-31
2025-04-05,台北,0,0,0,None,,,,,,,2026-08-31
2025-04-05,新北,1,0,0.5,Low,2025文資新生活｜新店十四張歷史建築園區,Expo / Exhibition,央北二路206巷6號(新店十四張歷史建築園區),2025-03-14,2025-12-31,https://data.gov.tw/dataset/7778,2026-08-31
2025-04-05,桃園,0,0,0,None,,,,,,,2026-08-31
2025-04-05,台中,0,0,0,None,,,,,,,2026-08-31
2025-04-05,高雄,0,0,0,None,,,,,,,2026-08-31
2025-04-06,台北,0,0,0,None,,,,,,,2026-08-31
2025-04-06,新北,1,0,0.5,Low,2025文資新生活｜新店十四張歷史建築園區,Expo / Exhibition,央北二路206巷6號(新店十四張歷史建築園區),2025-03-14,2025-12-31,https://data.gov.tw/dataset/7778,2026-08-31
2025-04-06,桃園,0,0,0,None,,,,,,,2026-08-31
2025-04-06,台中,0,0,0,None,,,,,,,2026-08-31
2025-04-06,高雄,0,0,0,None,,,,,,,2026-08-31
2025-04-07,台北,0,0,0,None,,,,,,,2026-08-31
2025-04-07,新北,1,0,0.5,Low,2025文資新生活｜新店十四張歷史建築園區,Expo / Exhibition,央北二路206巷6號(新店十四張歷史建築園區),2025-03-14,2025-12-31,https://data.gov.tw/dataset/7778,2026-08-31
2025-04-07,桃園,0,0,0,None,,,,,,,2026-08-31
2025-04-07,台中,0,0,0,None,,,,,,,2026-08-31
2025-04-07,高雄,0,0,0,None,,,,,,,2026-08-31
2025-04-08,台北,0,0,0,None,,,,,,,2026-08-31
2025-04-08,新北,1,0,0.5,Low,2025文資新生活｜新店十四張歷史建築園區,Expo / Exhibition,央北二路206巷6號(新店十四張歷史建築園區),2025-03-14,2025-12-31,https://data.gov.tw/dataset/7778,2026-08-31
2025-04-08,桃園,0,0,0,None,,,,,,,2026-08-31
2025-04-08,台中,0,0,0,None,,,,,,,2026-08-31
2025-04-08,高雄,0,0,0,None,,,,,,,2026-08-31
2025-04-09,台北,0,0,0,None,,,,,,,2026-08-31
2025-04-09,新北,1,0,0.5,Low,2025文資新生活｜新店十四張歷史建築園區,Expo / Exhibition,央北二路206巷6號(新店十四張歷史建築園區),2025-03-14,2025-12-31,https://data.gov.tw/dataset/7778,2026-08-31
2025-04-09,桃園,0,0,0,None,,,,,,,2026-08-31
2025-04-09,台中,0,0,0,None,,,,,,,2026-08-31
2025-04-09,高雄,0,0,0,None,,,,,,,2026-08-31
2025-04-10,台北,0,0,0,None,,,,,,,2026-08-31
2025-04-10,新北,1,0,0.5,Low,2025文資新生活｜新店十四張歷史建築園區,Expo / Exhibition,央北二路206巷6號(新店十四張歷史建築園區),2025-03-14,2025-12-31,https://data.gov.tw/dataset/7778,2026-08-31
2025-04-10,桃園,0,0,0,None,,,,,,,2026-08-31
2025-04-10,台中,0,0,0,None,,,,,,,2026-08-31
2025-04-10,高雄,0,0,0,None,,,,,,,2026-08-31
2025-04-11,台北,0,0,0,None,,,,,,,2026-08-31
2025-04-11,新北,1,0,0.5,Low,2025文資新生活｜新店十四張歷史建築園區,Expo / Exhibition,央北二路206巷6號(新店十四張歷史建築園區),2025-03-14,2025-12-31,https://data.gov.tw/dataset/7778,2026-08-31
2025-04-11,桃園,0,0,0,None,,,,,,,2026-08-31
2025-04-11,台中,0,0,0,None,,,,,,,2026-08-31
2025-04-11,高雄,0,0,0,None,,,,,,,2026-08-31
2025-04-12,台北,0,0,0,None,,,,,,,2026-08-31
2025-04-12,新北,1,0,0.5,Low,2025文資新生活｜新店十四張歷史建築園區,Expo / Exhibition,央北二路206巷6號(新店十四張歷史建築園區),2025-03-14,2025-12-31,https://data.gov.tw/dataset/7778,2026-08-31
2025-04-12,桃園,0,0,0,None,,,,,,,2026-08-31
2025-04-12,台中,0,0,0,None,,,,,,,2026-08-31
2025-04-12,高雄,0,0,0,None,,,,,,,2026-08-31
2025-04-13,台北,0,0,0,None,,,,,,,2026-08-31
2025-04-13,新北,2,0,1,Low,2025文資新生活｜新店十四張歷史建築園區,Expo / Exhibition,央北二路206巷6號(新店十四張歷史建築園區),2025-03-14,2025-12-31,https://data.gov.tw/dataset/7778,2026-08-31
2025-04-13,桃園,0,0,0,None,,,,,,,2026-08-31
2025-04-13,台中,0,0,0,None,,,,,,,2026-08-31
2025-04-13,高雄,0,0,0,None,,,,,,,2026-08-31
2025-04-14,台北,0,0,0,None,,,,,,,2026-08-31
2025-04-14,新北,2,0,1,Low,2025文資新生活｜新店十四張歷史建築園區,Expo / Exhibition,央北二路206巷6號(新店十四張歷史建築園區),2025-03-14,2025-12-31,https://data.gov.tw/dataset/7778,2026-08-31
2025-04-14,桃園,0,0,0,None,,,,,,,2026-08-31
2025-04-14,台中,0,0,0,None,,,,,,,2026-08-31
2025-04-14,高雄,0,0,0,None,,,,,,,2026-08-31
2025-04-15,台北,0,0,0,None,,,,,,,2026-08-31
2025-04-15,新北,2,0,1,Low,2025文資新生活｜新店十四張歷史建築園區,Expo / Exhibition,央北二路206巷6號(新店十四張歷史建築園區),2025-03-14,2025-12-31,https://data.gov.tw/dataset/7778,2026-08-31
2025-04-15,桃園,0,0,0,None,,,,,,,2026-08-31
2025-04-15,台中,0,0,0,None,,,,,,,2026-08-31
2025-04-15,高雄,0,0,0,None,,,,,,,2026-08-31
2025-04-16,台北,0,0,0,None,,,,,,,2026-08-31
2025-04-16,新北,2,0,1,Low,2025文資新生活｜新店十四張歷史建築園區,Expo / Exhibition,央北二路206巷6號(新店十四張歷史建築園區),2025-03-14,2025-12-31,https://data.gov.tw/dataset/7778,2026-08-31
2025-04-16,桃園,0,0,0,None,,,,,,,2026-08-31
2025-04-16,台中,0,0,0,None,,,,,,,2026-08-31
2025-04-16,高雄,0,0,0,None,,,,,,,2026-08-31
2025-04-17,台北,0,0,0,None,,,,,,,2026-08-31
2025-04-17,新北,2,0,1,Low,2025文資新生活｜新店十四張歷史建築園區,Expo / Exhibition,央北二路206巷6號(新店十四張歷史建築園區),2025-03-14,2025-12-31,https://data.gov.tw/dataset/7778,2026-08-31
2025-04-17,桃園,0,0,0,None,,,,,,,2026-08-31
2025-04-17,台中,0,0,0,None,,,,,,,2026-08-31
2025-04-17,高雄,0,0,0,None,,,,,,,2026-08-31
2025-04-18,台北,0,0,0,None,,,,,,,2026-08-31
2025-04-18,新北,2,0,1,Low,2025文資新生活｜新店十四張歷史建築園區,Expo / Exhibition,央北二路206巷6號(新店十四張歷史建築園區),2025-03-14,2025-12-31,https://data.gov.tw/dataset/7778,2026-08-31
2025-04-18,桃園,0,0,0,None,,,,,,,2026-08-31
2025-04-18,台中,0,0,0,None,,,,,,,2026-08-31
2025-04-18,高雄,0,0,0,None,,,,,,,2026-08-31
2025-04-19,台北,0,0,0,None,,,,,,,2026-08-31
2025-04-19,新北,2,0,1,Low,2025文資新生活｜新店十四張歷史建築園區,Expo / Exhibition,央北二路206巷6號(新店十四張歷史建築園區),2025-03-14,2025-12-31,https://data.gov.tw/dataset/7778,2026-08-31
2025-04-19,桃園,0,0,0,None,,,,,,,2026-08-31
2025-04-19,台中,0,0,0,None,,,,,,,2026-08-31
2025-04-19,高雄,0,0,0,None,,,,,,,2026-08-31
2025-04-20,台北,0,0,0,None,,,,,,,2026-08-31
2025-04-20,新北,2,0,1,Low,2025文資新生活｜新店十四張歷史建築園區,Expo / Exhibition,央北二路206巷6號(新店十四張歷史建築園區),2025-03-14,2025-12-31,https://data.gov.tw/dataset/7778,2026-08-31
2025-04-20,桃園,0,0,0,None,,,,,,,2026-08-31
2025-04-20,台中,0,0,0,None,,,,,,,2026-08-31
2025-04-20,高雄,0,0,0,None,,,,,,,2026-08-31
2025-04-21,台北,0,0,0,None,,,,,,,2026-08-31
2025-04-21,新北,2,0,1,Low,2025文資新生活｜新店十四張歷史建築園區,Expo / Exhibition,央北二路206巷6號(新店十四張歷史建築園區),2025-03-14,2025-12-31,https://data.gov.tw/dataset/7778,2026-08-31
2025-04-21,桃園,0,0,0,None,,,,,,,2026-08-31
2025-04-21,台中,0,0,0,None,,,,,,,2026-08-31
2025-04-21,高雄,0,0,0,None,,,,,,,2026-08-31
2025-04-22,台北,0,0,0,None,,,,,,,2026-08-31
2025-04-22,新北,2,0,1,Low,2025文資新生活｜新店十四張歷史建築園區,Expo / Exhibition,央北二路206巷6號(新店十四張歷史建築園區),2025-03-14,2025-12-31,https://data.gov.tw/dataset/7778,2026-08-31
2025-04-22,桃園,0,0,0,None,,,,,,,2026-08-31
2025-04-22,台中,0,0,0,None,,,,,,,2026-08-31
2025-04-22,高雄,0,0,0,None,,,,,,,2026-08-31
2025-04-23,台北,0,0,0,None,,,,,,,2026-08-31
2025-04-23,新北,2,0,1,Low,2025文資新生活｜新店十四張歷史建築園區,Expo / Exhibition,央北二路206巷6號(新店十四張歷史建築園區),2025-03-14,2025-12-31,https://data.gov.tw/dataset/7778,2026-08-31
2025-04-23,桃園,0,0,0,None,,,,,,,2026-08-31
2025-04-23,台中,0,0,0,None,,,,,,,2026-08-31
2025-04-23,高雄,0,0,0,None,,,,,,,2026-08-31
2025-04-24,台北,0,0,0,None,,,,,,,2026-08-31
2025-04-24,新北,2,0,1,Low,2025文資新生活｜新店十四張歷史建築園區,Expo / Exhibition,央北二路206巷6號(新店十四張歷史建築園區),2025-03-14,2025-12-31,https://data.gov.tw/dataset/7778,2026-08-31
2025-04-24,桃園,0,0,0,None,,,,,,,2026-08-31
2025-04-24,台中,0,0,0,None,,,,,,,2026-08-31
2025-04-24,高雄,0,0,0,None,,,,,,,2026-08-31
2025-04-25,台北,0,0,0,None,,,,,,,2026-08-31
2025-04-25,新北,2,0,1,Low,2025文資新生活｜新店十四張歷史建築園區,Expo / Exhibition,央北二路206巷6號(新店十四張歷史建築園區),2025-03-14,2025-12-31,https://data.gov.tw/dataset/7778,2026-08-31
2025-04-25,桃園,0,0,0,None,,,,,,,2026-08-31
2025-04-25,台中,0,0,0,None,,,,,,,2026-08-31
2025-04-25,高雄,0,0,0,None,,,,,,,2026-08-31
2025-04-26,台北,0,0,0,None,,,,,,,2026-08-31
2025-04-26,新北,2,0,1,Low,2025文資新生活｜新店十四張歷史建築園區,Expo / Exhibition,央北二路206巷6號(新店十四張歷史建築園區),2025-03-14,2025-12-31,https://data.gov.tw/dataset/7778,2026-08-31
2025-04-26,桃園,0,0,0,None,,,,,,,2026-08-31
2025-04-26,台中,0,0,0,None,,,,,,,2026-08-31
2025-04-26,高雄,0,0,0,None,,,,,,,2026-08-31
2025-04-27,台北,0,0,0,None,,,,,,,2026-08-31
2025-04-27,新北,2,0,1,Low,2025文資新生活｜新店十四張歷史建築園區,Expo / Exhibition,央北二路206巷6號(新店十四張歷史建築園區),2025-03-14,2025-12-31,https://data.gov.tw/dataset/7778,2026-08-31
2025-04-27,桃園,0,0,0,None,,,,,,,2026-08-31
2025-04-27,台中,0,0,0,None,,,,,,,2026-08-31
2025-04-27,高雄,0,0,0,None,,,,,,,2026-08-31
2025-04-28,台北,0,0,0,None,,,,,,,2026-08-31
2025-04-28,新北,2,0,1,Low,2025文資新生活｜新店十四張歷史建築園區,Expo / Exhibition,央北二路206巷6號(新店十四張歷史建築園區),2025-03-14,2025-12-31,https://data.gov.tw/dataset/7778,2026-08-31
2025-04-28,桃園,0,0,0,None,,,,,,,2026-08-31
2025-04-28,台中,0,0,0,None,,,,,,,2026-08-31
2025-04-28,高雄,0,0,0,None,,,,,,,2026-08-31
2025-04-29,台北,0,0,0,None,,,,,,,2026-08-31
2025-04-29,新北,2,0,1,Low,2025文資新生活｜新店十四張歷史建築園區,Expo / Exhibition,央北二路206巷6號(新店十四張歷史建築園區),2025-03-14,2025-12-31,https://data.gov.tw/dataset/7778,2026-08-31
2025-04-29,桃園,0,0,0,None,,,,,,,2026-08-31
2025-04-29,台中,0,0,0,None,,,,,,,2026-08-31
2025-04-29,高雄,0,0,0,None,,,,,,,2026-08-31
2025-04-30,台北,0,0,0,None,,,,,,,2026-08-31
2025-04-30,新北,2,0,1,Low,2025文資新生活｜新店十四張歷史建築園區,Expo / Exhibition,央北二路206巷6號(新店十四張歷史建築園區),2025-03-14,2025-12-31,https://data.gov.tw/dataset/7778,2026-08-31
2025-04-30,桃園,0,0,0,None,,,,,,,2026-08-31
2025-04-30,台中,0,0,0,None,,,,,,,2026-08-31
2025-04-30,高雄,0,0,0,None,,,,,,,2026-08-31
2025-05-01,台北,0,0,0,None,,,,,,,2026-08-31
2025-05-01,新北,2,0,1,Low,2025文資新生活｜新店十四張歷史建築園區,Expo / Exhibition,央北二路206巷6號(新店十四張歷史建築園區),2025-03-14,2025-12-31,https://data.gov.tw/dataset/7778,2026-08-31
2025-05-01,桃園,0,0,0,None,,,,,,,2026-08-31
2025-05-01,台中,1,1,1,Medium,探索臺中之美 引客獎勵方案,Major celebration,,2025-05-01,2026-03-03,https://data.gov.tw/dataset/7778,2026-08-31
2025-05-01,高雄,0,0,0,None,,,,,,,2026-08-31
2025-05-02,台北,0,0,0,None,,,,,,,2026-08-31
2025-05-02,新北,2,0,1,Low,2025文資新生活｜新店十四張歷史建築園區,Expo / Exhibition,央北二路206巷6號(新店十四張歷史建築園區),2025-03-14,2025-12-31,https://data.gov.tw/dataset/7778,2026-08-31
2025-05-02,桃園,0,0,0,None,,,,,,,2026-08-31
2025-05-02,台中,1,1,1,Medium,探索臺中之美 引客獎勵方案,Major celebration,,2025-05-01,2026-03-03,https://data.gov.tw/dataset/7778,2026-08-31
2025-05-02,高雄,0,0,0,None,,,,,,,2026-08-31
2025-05-03,台北,0,0,0,None,,,,,,,2026-08-31
2025-05-03,新北,2,0,1,Low,2025文資新生活｜新店十四張歷史建築園區,Expo / Exhibition,央北二路206巷6號(新店十四張歷史建築園區),2025-03-14,2025-12-31,https://data.gov.tw/dataset/7778,2026-08-31
2025-05-03,桃園,0,0,0,None,,,,,,,2026-08-31
2025-05-03,台中,1,1,1,Medium,探索臺中之美 引客獎勵方案,Major celebration,,2025-05-01,2026-03-03,https://data.gov.tw/dataset/7778,2026-08-31
2025-05-03,高雄,0,0,0,None,,,,,,,2026-08-31
2025-05-04,台北,0,0,0,None,,,,,,,2026-08-31
2025-05-04,新北,2,0,1,Low,2025文資新生活｜新店十四張歷史建築園區,Expo / Exhibition,央北二路206巷6號(新店十四張歷史建築園區),2025-03-14,2025-12-31,https://data.gov.tw/dataset/7778,2026-08-31
2025-05-04,桃園,0,0,0,None,,,,,,,2026-08-31
2025-05-04,台中,1,1,1,Medium,探索臺中之美 引客獎勵方案,Major celebration,,2025-05-01,2026-03-03,https://data.gov.tw/dataset/7778,2026-08-31
2025-05-04,高雄,0,0,0,None,,,,,,,2026-08-31
2025-05-05,台北,0,0,0,None,,,,,,,2026-08-31
2025-05-05,新北,2,0,1,Low,2025文資新生活｜新店十四張歷史建築園區,Expo / Exhibition,央北二路206巷6號(新店十四張歷史建築園區),2025-03-14,2025-12-31,https://data.gov.tw/dataset/7778,2026-08-31
2025-05-05,桃園,0,0,0,None,,,,,,,2026-08-31
2025-05-05,台中,1,1,1,Medium,探索臺中之美 引客獎勵方案,Major celebration,,2025-05-01,2026-03-03,https://data.gov.tw/dataset/7778,2026-08-31
2025-05-05,高雄,0,0,0,None,,,,,,,2026-08-31
2025-05-06,台北,0,0,0,None,,,,,,,2026-08-31
2025-05-06,新北,2,0,1,Low,2025文資新生活｜新店十四張歷史建築園區,Expo / Exhibition,央北二路206巷6號(新店十四張歷史建築園區),2025-03-14,2025-12-31,https://data.gov.tw/dataset/7778,2026-08-31
2025-05-06,桃園,0,0,0,None,,,,,,,2026-08-31
2025-05-06,台中,1,1,1,Medium,探索臺中之美 引客獎勵方案,Major celebration,,2025-05-01,2026-03-03,https://data.gov.tw/dataset/7778,2026-08-31
2025-05-06,高雄,0,0,0,None,,,,,,,2026-08-31
2025-05-07,台北,0,0,0,None,,,,,,,2026-08-31
2025-05-07,新北,2,0,1,Low,2025文資新生活｜新店十四張歷史建築園區,Expo / Exhibition,央北二路206巷6號(新店十四張歷史建築園區),2025-03-14,2025-12-31,https://data.gov.tw/dataset/7778,2026-08-31
2025-05-07,桃園,0,0,0,None,,,,,,,2026-08-31
2025-05-07,台中,1,1,1,Medium,探索臺中之美 引客獎勵方案,Major celebration,,2025-05-01,2026-03-03,https://data.gov.tw/dataset/7778,2026-08-31
2025-05-07,高雄,0,0,0,None,,,,,,,2026-08-31
2025-05-08,台北,0,0,0,None,,,,,,,2026-08-31
2025-05-08,新北,2,0,1,Low,2025文資新生活｜新店十四張歷史建築園區,Expo / Exhibition,央北二路206巷6號(新店十四張歷史建築園區),2025-03-14,2025-12-31,https://data.gov.tw/dataset/7778,2026-08-31
2025-05-08,桃園,0,0,0,None,,,,,,,2026-08-31
2025-05-08,台中,1,1,1,Medium,探索臺中之美 引客獎勵方案,Major celebration,,2025-05-01,2026-03-03,https://data.gov.tw/dataset/7778,2026-08-31
2025-05-08,高雄,0,0,0,None,,,,,,,2026-08-31
2025-05-09,台北,0,0,0,None,,,,,,,2026-08-31
2025-05-09,新北,2,0,1,Low,2025文資新生活｜新店十四張歷史建築園區,Expo / Exhibition,央北二路206巷6號(新店十四張歷史建築園區),2025-03-14,2025-12-31,https://data.gov.tw/dataset/7778,2026-08-31
2025-05-09,桃園,0,0,0,None,,,,,,,2026-08-31
2025-05-09,台中,1,1,1,Medium,探索臺中之美 引客獎勵方案,Major celebration,,2025-05-01,2026-03-03,https://data.gov.tw/dataset/7778,2026-08-31
2025-05-09,高雄,0,0,0,None,,,,,,,2026-08-31
2025-05-10,台北,0,0,0,None,,,,,,,2026-08-31
2025-05-10,新北,2,0,1,Low,2025文資新生活｜新店十四張歷史建築園區,Expo / Exhibition,央北二路206巷6號(新店十四張歷史建築園區),2025-03-14,2025-12-31,https://data.gov.tw/dataset/7778,2026-08-31
2025-05-10,桃園,0,0,0,None,,,,,,,2026-08-31
2025-05-10,台中,1,1,1,Medium,探索臺中之美 引客獎勵方案,Major celebration,,2025-05-01,2026-03-03,https://data.gov.tw/dataset/7778,2026-08-31
2025-05-10,高雄,0,0,0,None,,,,,,,2026-08-31
2025-05-11,台北,0,0,0,None,,,,,,,2026-08-31
2025-05-11,新北,2,0,1,Low,2025文資新生活｜新店十四張歷史建築園區,Expo / Exhibition,央北二路206巷6號(新店十四張歷史建築園區),2025-03-14,2025-12-31,https://data.gov.tw/dataset/7778,2026-08-31
2025-05-11,桃園,0,0,0,None,,,,,,,2026-08-31
2025-05-11,台中,1,1,1,Medium,探索臺中之美 引客獎勵方案,Major celebration,,2025-05-01,2026-03-03,https://data.gov.tw/dataset/7778,2026-08-31
2025-05-11,高雄,0,0,0,None,,,,,,,2026-08-31
2025-05-12,台北,0,0,0,None,,,,,,,2026-08-31
2025-05-12,新北,2,0,1,Low,2025文資新生活｜新店十四張歷史建築園區,Expo / Exhibition,央北二路206巷6號(新店十四張歷史建築園區),2025-03-14,2025-12-31,https://data.gov.tw/dataset/7778,2026-08-31
2025-05-12,桃園,0,0,0,None,,,,,,,2026-08-31
2025-05-12,台中,1,1,1,Medium,探索臺中之美 引客獎勵方案,Major celebration,,2025-05-01,2026-03-03,https://data.gov.tw/dataset/7778,2026-08-31
2025-05-12,高雄,0,0,0,None,,,,,,,2026-08-31
2025-05-13,台北,0,0,0,None,,,,,,,2026-08-31
2025-05-13,新北,2,0,1,Low,2025文資新生活｜新店十四張歷史建築園區,Expo / Exhibition,央北二路206巷6號(新店十四張歷史建築園區),2025-03-14,2025-12-31,https://data.gov.tw/dataset/7778,2026-08-31
2025-05-13,桃園,0,0,0,None,,,,,,,2026-08-31
2025-05-13,台中,1,1,1,Medium,探索臺中之美 引客獎勵方案,Major celebration,,2025-05-01,2026-03-03,https://data.gov.tw/dataset/7778,2026-08-31
2025-05-13,高雄,0,0,0,None,,,,,,,2026-08-31
2025-05-14,台北,0,0,0,None,,,,,,,2026-08-31
2025-05-14,新北,2,0,1,Low,2025文資新生活｜新店十四張歷史建築園區,Expo / Exhibition,央北二路206巷6號(新店十四張歷史建築園區),2025-03-14,2025-12-31,https://data.gov.tw/dataset/7778,2026-08-31
2025-05-14,桃園,0,0,0,None,,,,,,,2026-08-31
2025-05-14,台中,1,1,1,Medium,探索臺中之美 引客獎勵方案,Major celebration,,2025-05-01,2026-03-03,https://data.gov.tw/dataset/7778,2026-08-31
2025-05-14,高雄,0,0,0,None,,,,,,,2026-08-31
2025-05-15,台北,0,0,0,None,,,,,,,2026-08-31
2025-05-15,新北,3,0,1.5,Low,2025文資新生活｜新店十四張歷史建築園區,Expo / Exhibition,央北二路206巷6號(新店十四張歷史建築園區),2025-03-14,2025-12-31,https://data.gov.tw/dataset/7778,2026-08-31
2025-05-15,桃園,0,0,0,None,,,,,,,2026-08-31
2025-05-15,台中,2,1,1.25,Medium,探索臺中之美 引客獎勵方案,Major celebration,,2025-05-01,2026-03-03,https://data.gov.tw/dataset/7778,2026-08-31
2025-05-15,高雄,0,0,0,None,,,,,,,2026-08-31
2025-05-16,台北,0,0,0,None,,,,,,,2026-08-31
2025-05-16,新北,3,0,1.5,Low,2025文資新生活｜新店十四張歷史建築園區,Expo / Exhibition,央北二路206巷6號(新店十四張歷史建築園區),2025-03-14,2025-12-31,https://data.gov.tw/dataset/7778,2026-08-31
2025-05-16,桃園,0,0,0,None,,,,,,,2026-08-31
2025-05-16,台中,2,1,1.25,Medium,探索臺中之美 引客獎勵方案,Major celebration,,2025-05-01,2026-03-03,https://data.gov.tw/dataset/7778,2026-08-31
2025-05-16,高雄,0,0,0,None,,,,,,,2026-08-31
2025-05-17,台北,0,0,0,None,,,,,,,2026-08-31
2025-05-17,新北,3,0,1.5,Low,2025文資新生活｜新店十四張歷史建築園區,Expo / Exhibition,央北二路206巷6號(新店十四張歷史建築園區),2025-03-14,2025-12-31,https://data.gov.tw/dataset/7778,2026-08-31
2025-05-17,桃園,0,0,0,None,,,,,,,2026-08-31
2025-05-17,台中,2,1,1.25,Medium,探索臺中之美 引客獎勵方案,Major celebration,,2025-05-01,2026-03-03,https://data.gov.tw/dataset/7778,2026-08-31
2025-05-17,高雄,0,0,0,None,,,,,,,2026-08-31
2025-05-18,台北,0,0,0,None,,,,,,,2026-08-31
2025-05-18,新北,3,0,1.5,Low,2025文資新生活｜新店十四張歷史建築園區,Expo / Exhibition,央北二路206巷6號(新店十四張歷史建築園區),2025-03-14,2025-12-31,https://data.gov.tw/dataset/7778,2026-08-31
2025-05-18,桃園,0,0,0,None,,,,,,,2026-08-31
2025-05-18,台中,2,1,1.25,Medium,探索臺中之美 引客獎勵方案,Major celebration,,2025-05-01,2026-03-03,https://data.gov.tw/dataset/7778,2026-08-31
2025-05-18,高雄,0,0,0,None,,,,,,,2026-08-31
2025-05-19,台北,0,0,0,None,,,,,,,2026-08-31
2025-05-19,新北,3,0,1.5,Low,2025文資新生活｜新店十四張歷史建築園區,Expo / Exhibition,央北二路206巷6號(新店十四張歷史建築園區),2025-03-14,2025-12-31,https://data.gov.tw/dataset/7778,2026-08-31
2025-05-19,桃園,0,0,0,None,,,,,,,2026-08-31
2025-05-19,台中,2,1,1.25,Medium,探索臺中之美 引客獎勵方案,Major celebration,,2025-05-01,2026-03-03,https://data.gov.tw/dataset/7778,2026-08-31
2025-05-19,高雄,0,0,0,None,,,,,,,2026-08-31
2025-05-20,台北,0,0,0,None,,,,,,,2026-08-31
2025-05-20,新北,3,0,1.5,Low,2025文資新生活｜新店十四張歷史建築園區,Expo / Exhibition,央北二路206巷6號(新店十四張歷史建築園區),2025-03-14,2025-12-31,https://data.gov.tw/dataset/7778,2026-08-31
2025-05-20,桃園,0,0,0,None,,,,,,,2026-08-31
2025-05-20,台中,2,1,1.25,Medium,探索臺中之美 引客獎勵方案,Major celebration,,2025-05-01,2026-03-03,https://data.gov.tw/dataset/7778,2026-08-31
2025-05-20,高雄,0,0,0,None,,,,,,,2026-08-31
2025-05-21,台北,0,0,0,None,,,,,,,2026-08-31
2025-05-21,新北,3,0,1.5,Low,2025文資新生活｜新店十四張歷史建築園區,Expo / Exhibition,央北二路206巷6號(新店十四張歷史建築園區),2025-03-14,2025-12-31,https://data.gov.tw/dataset/7778,2026-08-31
2025-05-21,桃園,0,0,0,None,,,,,,,2026-08-31
2025-05-21,台中,2,1,1.25,Medium,探索臺中之美 引客獎勵方案,Major celebration,,2025-05-01,2026-03-03,https://data.gov.tw/dataset/7778,2026-08-31
2025-05-21,高雄,0,0,0,None,,,,,,,2026-08-31
2025-05-22,台北,0,0,0,None,,,,,,,2026-08-31
2025-05-22,新北,3,0,1.5,Low,2025文資新生活｜新店十四張歷史建築園區,Expo / Exhibition,央北二路206巷6號(新店十四張歷史建築園區),2025-03-14,2025-12-31,https://data.gov.tw/dataset/7778,2026-08-31
2025-05-22,桃園,0,0,0,None,,,,,,,2026-08-31
2025-05-22,台中,2,1,1.25,Medium,探索臺中之美 引客獎勵方案,Major celebration,,2025-05-01,2026-03-03,https://data.gov.tw/dataset/7778,2026-08-31
2025-05-22,高雄,0,0,0,None,,,,,,,2026-08-31
2025-05-23,台北,0,0,0,None,,,,,,,2026-08-31
2025-05-23,新北,3,0,1.5,Low,2025文資新生活｜新店十四張歷史建築園區,Expo / Exhibition,央北二路206巷6號(新店十四張歷史建築園區),2025-03-14,2025-12-31,https://data.gov.tw/dataset/7778,2026-08-31
2025-05-23,桃園,0,0,0,None,,,,,,,2026-08-31
2025-05-23,台中,2,1,1.25,Medium,探索臺中之美 引客獎勵方案,Major celebration,,2025-05-01,2026-03-03,https://data.gov.tw/dataset/7778,2026-08-31
2025-05-23,高雄,0,0,0,None,,,,,,,2026-08-31
2025-05-24,台北,0,0,0,None,,,,,,,2026-08-31
2025-05-24,新北,3,0,1.5,Low,2025文資新生活｜新店十四張歷史建築園區,Expo / Exhibition,央北二路206巷6號(新店十四張歷史建築園區),2025-03-14,2025-12-31,https://data.gov.tw/dataset/7778,2026-08-31
2025-05-24,桃園,0,0,0,None,,,,,,,2026-08-31
2025-05-24,台中,2,1,1.25,Medium,探索臺中之美 引客獎勵方案,Major celebration,,2025-05-01,2026-03-03,https://data.gov.tw/dataset/7778,2026-08-31
2025-05-24,高雄,0,0,0,None,,,,,,,2026-08-31
2025-05-25,台北,0,0,0,None,,,,,,,2026-08-31
2025-05-25,新北,3,0,1.5,Low,2025文資新生活｜新店十四張歷史建築園區,Expo / Exhibition,央北二路206巷6號(新店十四張歷史建築園區),2025-03-14,2025-12-31,https://data.gov.tw/dataset/7778,2026-08-31
2025-05-25,桃園,0,0,0,None,,,,,,,2026-08-31
2025-05-25,台中,2,1,1.25,Medium,探索臺中之美 引客獎勵方案,Major celebration,,2025-05-01,2026-03-03,https://data.gov.tw/dataset/7778,2026-08-31
2025-05-25,高雄,0,0,0,None,,,,,,,2026-08-31
2025-05-26,台北,0,0,0,None,,,,,,,2026-08-31
2025-05-26,新北,3,0,1.5,Low,2025文資新生活｜新店十四張歷史建築園區,Expo / Exhibition,央北二路206巷6號(新店十四張歷史建築園區),2025-03-14,2025-12-31,https://data.gov.tw/dataset/7778,2026-08-31
2025-05-26,桃園,0,0,0,None,,,,,,,2026-08-31
2025-05-26,台中,2,1,1.25,Medium,探索臺中之美 引客獎勵方案,Major celebration,,2025-05-01,2026-03-03,https://data.gov.tw/dataset/7778,2026-08-31
2025-05-26,高雄,0,0,0,None,,,,,,,2026-08-31
2025-05-27,台北,0,0,0,None,,,,,,,2026-08-31
2025-05-27,新北,3,0,1.5,Low,2025文資新生活｜新店十四張歷史建築園區,Expo / Exhibition,央北二路206巷6號(新店十四張歷史建築園區),2025-03-14,2025-12-31,https://data.gov.tw/dataset/7778,2026-08-31
2025-05-27,桃園,0,0,0,None,,,,,,,2026-08-31
2025-05-27,台中,2,1,1.25,Medium,探索臺中之美 引客獎勵方案,Major celebration,,2025-05-01,2026-03-03,https://data.gov.tw/dataset/7778,2026-08-31
2025-05-27,高雄,0,0,0,None,,,,,,,2026-08-31
2025-05-28,台北,0,0,0,None,,,,,,,2026-08-31
2025-05-28,新北,3,0,1.5,Low,2025文資新生活｜新店十四張歷史建築園區,Expo / Exhibition,央北二路206巷6號(新店十四張歷史建築園區),2025-03-14,2025-12-31,https://data.gov.tw/dataset/7778,2026-08-31
2025-05-28,桃園,0,0,0,None,,,,,,,2026-08-31
2025-05-28,台中,2,1,1.25,Medium,探索臺中之美 引客獎勵方案,Major celebration,,2025-05-01,2026-03-03,https://data.gov.tw/dataset/7778,2026-08-31
2025-05-28,高雄,0,0,0,None,,,,,,,2026-08-31
2025-05-29,台北,0,0,0,None,,,,,,,2026-08-31
2025-05-29,新北,3,0,1.5,Low,2025文資新生活｜新店十四張歷史建築園區,Expo / Exhibition,央北二路206巷6號(新店十四張歷史建築園區),2025-03-14,2025-12-31,https://data.gov.tw/dataset/7778,2026-08-31
2025-05-29,桃園,0,0,0,None,,,,,,,2026-08-31
2025-05-29,台中,2,1,1.25,Medium,探索臺中之美 引客獎勵方案,Major celebration,,2025-05-01,2026-03-03,https://data.gov.tw/dataset/7778,2026-08-31
2025-05-29,高雄,0,0,0,None,,,,,,,2026-08-31
2025-05-30,台北,0,0,0,None,,,,,,,2026-08-31
2025-05-30,新北,3,0,1.5,Low,2025文資新生活｜新店十四張歷史建築園區,Expo / Exhibition,央北二路206巷6號(新店十四張歷史建築園區),2025-03-14,2025-12-31,https://data.gov.tw/dataset/7778,2026-08-31
2025-05-30,桃園,0,0,0,None,,,,,,,2026-08-31
2025-05-30,台中,2,1,1.25,Medium,探索臺中之美 引客獎勵方案,Major celebration,,2025-05-01,2026-03-03,https://data.gov.tw/dataset/7778,2026-08-31
2025-05-30,高雄,0,0,0,None,,,,,,,2026-08-31
2025-05-31,台北,0,0,0,None,,,,,,,2026-08-31
2025-05-31,新北,3,0,1.5,Low,2025文資新生活｜新店十四張歷史建築園區,Expo / Exhibition,央北二路206巷6號(新店十四張歷史建築園區),2025-03-14,2025-12-31,https://data.gov.tw/dataset/7778,2026-08-31
2025-05-31,桃園,0,0,0,None,,,,,,,2026-08-31
2025-05-31,台中,2,1,1.25,Medium,探索臺中之美 引客獎勵方案,Major celebration,,2025-05-01,2026-03-03,https://data.gov.tw/dataset/7778,2026-08-31
2025-05-31,高雄,0,0,0,None,,,,,,,2026-08-31
2025-06-01,台北,0,0,0,None,,,,,,,2026-08-31
2025-06-01,新北,3,0,1.5,Low,2025文資新生活｜新店十四張歷史建築園區,Expo / Exhibition,央北二路206巷6號(新店十四張歷史建築園區),2025-03-14,2025-12-31,https://data.gov.tw/dataset/7778,2026-08-31
2025-06-01,桃園,0,0,0,None,,,,,,,2026-08-31
2025-06-01,台中,2,1,1.25,Medium,探索臺中之美 引客獎勵方案,Major celebration,,2025-05-01,2026-03-03,https://data.gov.tw/dataset/7778,2026-08-31
2025-06-01,高雄,0,0,0,None,,,,,,,2026-08-31
2025-06-02,台北,0,0,0,None,,,,,,,2026-08-31
2025-06-02,新北,3,0,1.5,Low,2025文資新生活｜新店十四張歷史建築園區,Expo / Exhibition,央北二路206巷6號(新店十四張歷史建築園區),2025-03-14,2025-12-31,https://data.gov.tw/dataset/7778,2026-08-31
2025-06-02,桃園,0,0,0,None,,,,,,,2026-08-31
2025-06-02,台中,2,1,1.25,Medium,探索臺中之美 引客獎勵方案,Major celebration,,2025-05-01,2026-03-03,https://data.gov.tw/dataset/7778,2026-08-31
2025-06-02,高雄,0,0,0,None,,,,,,,2026-08-31
2025-06-03,台北,0,0,0,None,,,,,,,2026-08-31
2025-06-03,新北,3,0,1.5,Low,2025文資新生活｜新店十四張歷史建築園區,Expo / Exhibition,央北二路206巷6號(新店十四張歷史建築園區),2025-03-14,2025-12-31,https://data.gov.tw/dataset/7778,2026-08-31
2025-06-03,桃園,0,0,0,None,,,,,,,2026-08-31
2025-06-03,台中,2,1,1.25,Medium,探索臺中之美 引客獎勵方案,Major celebration,,2025-05-01,2026-03-03,https://data.gov.tw/dataset/7778,2026-08-31
2025-06-03,高雄,0,0,0,None,,,,,,,2026-08-31
2025-06-04,台北,0,0,0,None,,,,,,,2026-08-31
2025-06-04,新北,3,0,1.5,Low,2025文資新生活｜新店十四張歷史建築園區,Expo / Exhibition,央北二路206巷6號(新店十四張歷史建築園區),2025-03-14,2025-12-31,https://data.gov.tw/dataset/7778,2026-08-31
2025-06-04,桃園,0,0,0,None,,,,,,,2026-08-31
2025-06-04,台中,2,1,1.25,Medium,探索臺中之美 引客獎勵方案,Major celebration,,2025-05-01,2026-03-03,https://data.gov.tw/dataset/7778,2026-08-31
2025-06-04,高雄,0,0,0,None,,,,,,,2026-08-31
2025-06-05,台北,0,0,0,None,,,,,,,2026-08-31
2025-06-05,新北,3,0,1.5,Low,2025文資新生活｜新店十四張歷史建築園區,Expo / Exhibition,央北二路206巷6號(新店十四張歷史建築園區),2025-03-14,2025-12-31,https://data.gov.tw/dataset/7778,2026-08-31
2025-06-05,桃園,0,0,0,None,,,,,,,2026-08-31
2025-06-05,台中,2,1,1.25,Medium,探索臺中之美 引客獎勵方案,Major celebration,,2025-05-01,2026-03-03,https://data.gov.tw/dataset/7778,2026-08-31
2025-06-05,高雄,0,0,0,None,,,,,,,2026-08-31
2025-06-06,台北,0,0,0,None,,,,,,,2026-08-31
2025-06-06,新北,3,0,1.5,Low,2025文資新生活｜新店十四張歷史建築園區,Expo / Exhibition,央北二路206巷6號(新店十四張歷史建築園區),2025-03-14,2025-12-31,https://data.gov.tw/dataset/7778,2026-08-31
2025-06-06,桃園,0,0,0,None,,,,,,,2026-08-31
2025-06-06,台中,2,1,1.25,Medium,探索臺中之美 引客獎勵方案,Major celebration,,2025-05-01,2026-03-03,https://data.gov.tw/dataset/7778,2026-08-31
2025-06-06,高雄,0,0,0,None,,,,,,,2026-08-31
2025-06-07,台北,0,0,0,None,,,,,,,2026-08-31
2025-06-07,新北,3,0,1.5,Low,2025文資新生活｜新店十四張歷史建築園區,Expo / Exhibition,央北二路206巷6號(新店十四張歷史建築園區),2025-03-14,2025-12-31,https://data.gov.tw/dataset/7778,2026-08-31
2025-06-07,桃園,0,0,0,None,,,,,,,2026-08-31
2025-06-07,台中,2,1,1.25,Medium,探索臺中之美 引客獎勵方案,Major celebration,,2025-05-01,2026-03-03,https://data.gov.tw/dataset/7778,2026-08-31
2025-06-07,高雄,0,0,0,None,,,,,,,2026-08-31
2025-06-08,台北,0,0,0,None,,,,,,,2026-08-31
2025-06-08,新北,3,0,1.5,Low,2025文資新生活｜新店十四張歷史建築園區,Expo / Exhibition,央北二路206巷6號(新店十四張歷史建築園區),2025-03-14,2025-12-31,https://data.gov.tw/dataset/7778,2026-08-31
2025-06-08,桃園,0,0,0,None,,,,,,,2026-08-31
2025-06-08,台中,2,1,1.25,Medium,探索臺中之美 引客獎勵方案,Major celebration,,2025-05-01,2026-03-03,https://data.gov.tw/dataset/7778,2026-08-31
2025-06-08,高雄,0,0,0,None,,,,,,,2026-08-31
2025-06-09,台北,0,0,0,None,,,,,,,2026-08-31
2025-06-09,新北,3,0,1.5,Low,2025文資新生活｜新店十四張歷史建築園區,Expo / Exhibition,央北二路206巷6號(新店十四張歷史建築園區),2025-03-14,2025-12-31,https://data.gov.tw/dataset/7778,2026-08-31
2025-06-09,桃園,0,0,0,None,,,,,,,2026-08-31
2025-06-09,台中,2,1,1.25,Medium,探索臺中之美 引客獎勵方案,Major celebration,,2025-05-01,2026-03-03,https://data.gov.tw/dataset/7778,2026-08-31
2025-06-09,高雄,0,0,0,None,,,,,,,2026-08-31
2025-06-10,台北,0,0,0,None,,,,,,,2026-08-31
2025-06-10,新北,3,0,1.5,Low,2025文資新生活｜新店十四張歷史建築園區,Expo / Exhibition,央北二路206巷6號(新店十四張歷史建築園區),2025-03-14,2025-12-31,https://data.gov.tw/dataset/7778,2026-08-31
2025-06-10,桃園,0,0,0,None,,,,,,,2026-08-31
2025-06-10,台中,2,1,1.25,Medium,探索臺中之美 引客獎勵方案,Major celebration,,2025-05-01,2026-03-03,https://data.gov.tw/dataset/7778,2026-08-31
2025-06-10,高雄,0,0,0,None,,,,,,,2026-08-31
2025-06-11,台北,0,0,0,None,,,,,,,2026-08-31
2025-06-11,新北,3,0,1.5,Low,2025文資新生活｜新店十四張歷史建築園區,Expo / Exhibition,央北二路206巷6號(新店十四張歷史建築園區),2025-03-14,2025-12-31,https://data.gov.tw/dataset/7778,2026-08-31
2025-06-11,桃園,0,0,0,None,,,,,,,2026-08-31
2025-06-11,台中,2,1,1.25,Medium,探索臺中之美 引客獎勵方案,Major celebration,,2025-05-01,2026-03-03,https://data.gov.tw/dataset/7778,2026-08-31
2025-06-11,高雄,0,0,0,None,,,,,,,2026-08-31
2025-06-12,台北,0,0,0,None,,,,,,,2026-08-31
2025-06-12,新北,3,0,1.5,Low,2025文資新生活｜新店十四張歷史建築園區,Expo / Exhibition,央北二路206巷6號(新店十四張歷史建築園區),2025-03-14,2025-12-31,https://data.gov.tw/dataset/7778,2026-08-31
2025-06-12,桃園,0,0,0,None,,,,,,,2026-08-31
2025-06-12,台中,2,1,1.25,Medium,探索臺中之美 引客獎勵方案,Major celebration,,2025-05-01,2026-03-03,https://data.gov.tw/dataset/7778,2026-08-31
2025-06-12,高雄,0,0,0,None,,,,,,,2026-08-31
2025-06-13,台北,0,0,0,None,,,,,,,2026-08-31
2025-06-13,新北,3,0,1.5,Low,2025文資新生活｜新店十四張歷史建築園區,Expo / Exhibition,央北二路206巷6號(新店十四張歷史建築園區),2025-03-14,2025-12-31,https://data.gov.tw/dataset/7778,2026-08-31
2025-06-13,桃園,0,0,0,None,,,,,,,2026-08-31
2025-06-13,台中,2,1,1.25,Medium,探索臺中之美 引客獎勵方案,Major celebration,,2025-05-01,2026-03-03,https://data.gov.tw/dataset/7778,2026-08-31
2025-06-13,高雄,0,0,0,None,,,,,,,2026-08-31
2025-06-14,台北,0,0,0,None,,,,,,,2026-08-31
2025-06-14,新北,3,0,1.5,Low,2025文資新生活｜新店十四張歷史建築園區,Expo / Exhibition,央北二路206巷6號(新店十四張歷史建築園區),2025-03-14,2025-12-31,https://data.gov.tw/dataset/7778,2026-08-31
2025-06-14,桃園,0,0,0,None,,,,,,,2026-08-31
2025-06-14,台中,2,1,1.25,Medium,探索臺中之美 引客獎勵方案,Major celebration,,2025-05-01,2026-03-03,https://data.gov.tw/dataset/7778,2026-08-31
2025-06-14,高雄,0,0,0,None,,,,,,,2026-08-31
2025-06-15,台北,0,0,0,None,,,,,,,2026-08-31
2025-06-15,新北,3,0,1.5,Low,2025文資新生活｜新店十四張歷史建築園區,Expo / Exhibition,央北二路206巷6號(新店十四張歷史建築園區),2025-03-14,2025-12-31,https://data.gov.tw/dataset/7778,2026-08-31
2025-06-15,桃園,0,0,0,None,,,,,,,2026-08-31
2025-06-15,台中,2,1,1.25,Medium,探索臺中之美 引客獎勵方案,Major celebration,,2025-05-01,2026-03-03,https://data.gov.tw/dataset/7778,2026-08-31
2025-06-15,高雄,0,0,0,None,,,,,,,2026-08-31
2025-06-16,台北,0,0,0,None,,,,,,,2026-08-31
2025-06-16,新北,3,0,1.5,Low,2025文資新生活｜新店十四張歷史建築園區,Expo / Exhibition,央北二路206巷6號(新店十四張歷史建築園區),2025-03-14,2025-12-31,https://data.gov.tw/dataset/7778,2026-08-31
2025-06-16,桃園,0,0,0,None,,,,,,,2026-08-31
2025-06-16,台中,2,1,1.25,Medium,探索臺中之美 引客獎勵方案,Major celebration,,2025-05-01,2026-03-03,https://data.gov.tw/dataset/7778,2026-08-31
2025-06-16,高雄,0,0,0,None,,,,,,,2026-08-31
2025-06-17,台北,0,0,0,None,,,,,,,2026-08-31
2025-06-17,新北,3,0,1.5,Low,2025文資新生活｜新店十四張歷史建築園區,Expo / Exhibition,央北二路206巷6號(新店十四張歷史建築園區),2025-03-14,2025-12-31,https://data.gov.tw/dataset/7778,2026-08-31
2025-06-17,桃園,0,0,0,None,,,,,,,2026-08-31
2025-06-17,台中,2,1,1.25,Medium,探索臺中之美 引客獎勵方案,Major celebration,,2025-05-01,2026-03-03,https://data.gov.tw/dataset/7778,2026-08-31
2025-06-17,高雄,0,0,0,None,,,,,,,2026-08-31
2025-06-18,台北,0,0,0,None,,,,,,,2026-08-31
2025-06-18,新北,3,0,1.5,Low,2025文資新生活｜新店十四張歷史建築園區,Expo / Exhibition,央北二路206巷6號(新店十四張歷史建築園區),2025-03-14,2025-12-31,https://data.gov.tw/dataset/7778,2026-08-31
2025-06-18,桃園,0,0,0,None,,,,,,,2026-08-31
2025-06-18,台中,2,1,1.25,Medium,探索臺中之美 引客獎勵方案,Major celebration,,2025-05-01,2026-03-03,https://data.gov.tw/dataset/7778,2026-08-31
2025-06-18,高雄,0,0,0,None,,,,,,,2026-08-31
2025-06-19,台北,0,0,0,None,,,,,,,2026-08-31
2025-06-19,新北,3,0,1.5,Low,2025文資新生活｜新店十四張歷史建築園區,Expo / Exhibition,央北二路206巷6號(新店十四張歷史建築園區),2025-03-14,2025-12-31,https://data.gov.tw/dataset/7778,2026-08-31
2025-06-19,桃園,0,0,0,None,,,,,,,2026-08-31
2025-06-19,台中,2,1,1.25,Medium,探索臺中之美 引客獎勵方案,Major celebration,,2025-05-01,2026-03-03,https://data.gov.tw/dataset/7778,2026-08-31
2025-06-19,高雄,0,0,0,None,,,,,,,2026-08-31
2025-06-20,台北,0,0,0,None,,,,,,,2026-08-31
2025-06-20,新北,3,0,1.5,Low,2025文資新生活｜新店十四張歷史建築園區,Expo / Exhibition,央北二路206巷6號(新店十四張歷史建築園區),2025-03-14,2025-12-31,https://data.gov.tw/dataset/7778,2026-08-31
2025-06-20,桃園,0,0,0,None,,,,,,,2026-08-31
2025-06-20,台中,2,1,1.25,Medium,探索臺中之美 引客獎勵方案,Major celebration,,2025-05-01,2026-03-03,https://data.gov.tw/dataset/7778,2026-08-31
2025-06-20,高雄,0,0,0,None,,,,,,,2026-08-31
2025-06-21,台北,0,0,0,None,,,,,,,2026-08-31
2025-06-21,新北,3,0,1.5,Low,2025文資新生活｜新店十四張歷史建築園區,Expo / Exhibition,央北二路206巷6號(新店十四張歷史建築園區),2025-03-14,2025-12-31,https://data.gov.tw/dataset/7778,2026-08-31
2025-06-21,桃園,0,0,0,None,,,,,,,2026-08-31
2025-06-21,台中,2,1,1.25,Medium,探索臺中之美 引客獎勵方案,Major celebration,,2025-05-01,2026-03-03,https://data.gov.tw/dataset/7778,2026-08-31
2025-06-21,高雄,0,0,0,None,,,,,,,2026-08-31
2025-06-22,台北,0,0,0,None,,,,,,,2026-08-31
2025-06-22,新北,3,0,1.5,Low,2025文資新生活｜新店十四張歷史建築園區,Expo / Exhibition,央北二路206巷6號(新店十四張歷史建築園區),2025-03-14,2025-12-31,https://data.gov.tw/dataset/7778,2026-08-31
2025-06-22,桃園,0,0,0,None,,,,,,,2026-08-31
2025-06-22,台中,2,1,1.25,Medium,探索臺中之美 引客獎勵方案,Major celebration,,2025-05-01,2026-03-03,https://data.gov.tw/dataset/7778,2026-08-31
2025-06-22,高雄,0,0,0,None,,,,,,,2026-08-31
2025-06-23,台北,0,0,0,None,,,,,,,2026-08-31
2025-06-23,新北,3,0,1.5,Low,2025文資新生活｜新店十四張歷史建築園區,Expo / Exhibition,央北二路206巷6號(新店十四張歷史建築園區),2025-03-14,2025-12-31,https://data.gov.tw/dataset/7778,2026-08-31
2025-06-23,桃園,0,0,0,None,,,,,,,2026-08-31
2025-06-23,台中,2,1,1.25,Medium,探索臺中之美 引客獎勵方案,Major celebration,,2025-05-01,2026-03-03,https://data.gov.tw/dataset/7778,2026-08-31
2025-06-23,高雄,0,0,0,None,,,,,,,2026-08-31
2025-06-24,台北,0,0,0,None,,,,,,,2026-08-31
2025-06-24,新北,3,0,1.5,Low,2025文資新生活｜新店十四張歷史建築園區,Expo / Exhibition,央北二路206巷6號(新店十四張歷史建築園區),2025-03-14,2025-12-31,https://data.gov.tw/dataset/7778,2026-08-31
2025-06-24,桃園,0,0,0,None,,,,,,,2026-08-31
2025-06-24,台中,2,1,1.25,Medium,探索臺中之美 引客獎勵方案,Major celebration,,2025-05-01,2026-03-03,https://data.gov.tw/dataset/7778,2026-08-31
2025-06-24,高雄,0,0,0,None,,,,,,,2026-08-31
2025-06-25,台北,0,0,0,None,,,,,,,2026-08-31
2025-06-25,新北,3,0,1.5,Low,2025文資新生活｜新店十四張歷史建築園區,Expo / Exhibition,央北二路206巷6號(新店十四張歷史建築園區),2025-03-14,2025-12-31,https://data.gov.tw/dataset/7778,2026-08-31
2025-06-25,桃園,0,0,0,None,,,,,,,2026-08-31
2025-06-25,台中,2,1,1.25,Medium,探索臺中之美 引客獎勵方案,Major celebration,,2025-05-01,2026-03-03,https://data.gov.tw/dataset/7778,2026-08-31
2025-06-25,高雄,0,0,0,None,,,,,,,2026-08-31
2025-06-26,台北,0,0,0,None,,,,,,,2026-08-31
2025-06-26,新北,3,0,1.5,Low,2025文資新生活｜新店十四張歷史建築園區,Expo / Exhibition,央北二路206巷6號(新店十四張歷史建築園區),2025-03-14,2025-12-31,https://data.gov.tw/dataset/7778,2026-08-31
2025-06-26,桃園,0,0,0,None,,,,,,,2026-08-31
2025-06-26,台中,2,1,1.25,Medium,探索臺中之美 引客獎勵方案,Major celebration,,2025-05-01,2026-03-03,https://data.gov.tw/dataset/7778,2026-08-31
2025-06-26,高雄,0,0,0,None,,,,,,,2026-08-31
2025-06-27,台北,0,0,0,None,,,,,,,2026-08-31
2025-06-27,新北,3,0,1.5,Low,2025文資新生活｜新店十四張歷史建築園區,Expo / Exhibition,央北二路206巷6號(新店十四張歷史建築園區),2025-03-14,2025-12-31,https://data.gov.tw/dataset/7778,2026-08-31
2025-06-27,桃園,0,0,0,None,,,,,,,2026-08-31
2025-06-27,台中,2,1,1.25,Medium,探索臺中之美 引客獎勵方案,Major celebration,,2025-05-01,2026-03-03,https://data.gov.tw/dataset/7778,2026-08-31
2025-06-27,高雄,0,0,0,None,,,,,,,2026-08-31
2025-06-28,台北,0,0,0,None,,,,,,,2026-08-31
2025-06-28,新北,3,0,1.5,Low,2025文資新生活｜新店十四張歷史建築園區,Expo / Exhibition,央北二路206巷6號(新店十四張歷史建築園區),2025-03-14,2025-12-31,https://data.gov.tw/dataset/7778,2026-08-31
2025-06-28,桃園,0,0,0,None,,,,,,,2026-08-31
2025-06-28,台中,2,1,1.25,Medium,探索臺中之美 引客獎勵方案,Major celebration,,2025-05-01,2026-03-03,https://data.gov.tw/dataset/7778,2026-08-31
2025-06-28,高雄,0,0,0,None,,,,,,,2026-08-31
2025-06-29,台北,0,0,0,None,,,,,,,2026-08-31
2025-06-29,新北,3,0,1.5,Low,2025文資新生活｜新店十四張歷史建築園區,Expo / Exhibition,央北二路206巷6號(新店十四張歷史建築園區),2025-03-14,2025-12-31,https://data.gov.tw/dataset/7778,2026-08-31
2025-06-29,桃園,0,0,0,None,,,,,,,2026-08-31
2025-06-29,台中,2,1,1.25,Medium,探索臺中之美 引客獎勵方案,Major celebration,,2025-05-01,2026-03-03,https://data.gov.tw/dataset/7778,2026-08-31
2025-06-29,高雄,0,0,0,None,,,,,,,2026-08-31
2025-06-30,台北,0,0,0,None,,,,,,,2026-08-31
2025-06-30,新北,3,0,1.5,Low,2025文資新生活｜新店十四張歷史建築園區,Expo / Exhibition,央北二路206巷6號(新店十四張歷史建築園區),2025-03-14,2025-12-31,https://data.gov.tw/dataset/7778,2026-08-31
2025-06-30,桃園,0,0,0,None,,,,,,,2026-08-31
2025-06-30,台中,2,1,1.25,Medium,探索臺中之美 引客獎勵方案,Major celebration,,2025-05-01,2026-03-03,https://data.gov.tw/dataset/7778,2026-08-31
2025-06-30,高雄,0,0,0,None,,,,,,,2026-08-31
2025-07-01,台北,0,0,0,None,,,,,,,2026-08-31
2025-07-01,新北,3,0,1.5,Low,2025文資新生活｜新店十四張歷史建築園區,Expo / Exhibition,央北二路206巷6號(新店十四張歷史建築園區),2025-03-14,2025-12-31,https://data.gov.tw/dataset/7778,2026-08-31
2025-07-01,桃園,0,0,0,None,,,,,,,2026-08-31
2025-07-01,台中,2,1,1.25,Medium,探索臺中之美 引客獎勵方案,Major celebration,,2025-05-01,2026-03-03,https://data.gov.tw/dataset/7778,2026-08-31
2025-07-01,高雄,0,0,0,None,,,,,,,2026-08-31
2025-07-02,台北,0,0,0,None,,,,,,,2026-08-31
2025-07-02,新北,3,0,1.5,Low,2025文資新生活｜新店十四張歷史建築園區,Expo / Exhibition,央北二路206巷6號(新店十四張歷史建築園區),2025-03-14,2025-12-31,https://data.gov.tw/dataset/7778,2026-08-31
2025-07-02,桃園,0,0,0,None,,,,,,,2026-08-31
2025-07-02,台中,2,1,1.25,Medium,探索臺中之美 引客獎勵方案,Major celebration,,2025-05-01,2026-03-03,https://data.gov.tw/dataset/7778,2026-08-31
2025-07-02,高雄,0,0,0,None,,,,,,,2026-08-31
2025-07-03,台北,0,0,0,None,,,,,,,2026-08-31
2025-07-03,新北,3,0,1.5,Low,2025文資新生活｜新店十四張歷史建築園區,Expo / Exhibition,央北二路206巷6號(新店十四張歷史建築園區),2025-03-14,2025-12-31,https://data.gov.tw/dataset/7778,2026-08-31
2025-07-03,桃園,0,0,0,None,,,,,,,2026-08-31
2025-07-03,台中,2,1,1.25,Medium,探索臺中之美 引客獎勵方案,Major celebration,,2025-05-01,2026-03-03,https://data.gov.tw/dataset/7778,2026-08-31
2025-07-03,高雄,0,0,0,None,,,,,,,2026-08-31
2025-07-04,台北,0,0,0,None,,,,,,,2026-08-31
2025-07-04,新北,3,0,1.5,Low,2025文資新生活｜新店十四張歷史建築園區,Expo / Exhibition,央北二路206巷6號(新店十四張歷史建築園區),2025-03-14,2025-12-31,https://data.gov.tw/dataset/7778,2026-08-31
2025-07-04,桃園,0,0,0,None,,,,,,,2026-08-31
2025-07-04,台中,2,1,1.25,Medium,探索臺中之美 引客獎勵方案,Major celebration,,2025-05-01,2026-03-03,https://data.gov.tw/dataset/7778,2026-08-31
2025-07-04,高雄,0,0,0,None,,,,,,,2026-08-31
2025-07-05,台北,0,0,0,None,,,,,,,2026-08-31
2025-07-05,新北,3,0,1.5,Low,2025文資新生活｜新店十四張歷史建築園區,Expo / Exhibition,央北二路206巷6號(新店十四張歷史建築園區),2025-03-14,2025-12-31,https://data.gov.tw/dataset/7778,2026-08-31
2025-07-05,桃園,0,0,0,None,,,,,,,2026-08-31
2025-07-05,台中,2,1,1.25,Medium,探索臺中之美 引客獎勵方案,Major celebration,,2025-05-01,2026-03-03,https://data.gov.tw/dataset/7778,2026-08-31
2025-07-05,高雄,0,0,0,None,,,,,,,2026-08-31
2025-07-06,台北,0,0,0,None,,,,,,,2026-08-31
2025-07-06,新北,3,0,1.5,Low,2025文資新生活｜新店十四張歷史建築園區,Expo / Exhibition,央北二路206巷6號(新店十四張歷史建築園區),2025-03-14,2025-12-31,https://data.gov.tw/dataset/7778,2026-08-31
2025-07-06,桃園,0,0,0,None,,,,,,,2026-08-31
2025-07-06,台中,2,1,1.25,Medium,探索臺中之美 引客獎勵方案,Major celebration,,2025-05-01,2026-03-03,https://data.gov.tw/dataset/7778,2026-08-31
2025-07-06,高雄,0,0,0,None,,,,,,,2026-08-31
2025-07-07,台北,0,0,0,None,,,,,,,2026-08-31
2025-07-07,新北,3,0,1.5,Low,2025文資新生活｜新店十四張歷史建築園區,Expo / Exhibition,央北二路206巷6號(新店十四張歷史建築園區),2025-03-14,2025-12-31,https://data.gov.tw/dataset/7778,2026-08-31
2025-07-07,桃園,0,0,0,None,,,,,,,2026-08-31
2025-07-07,台中,2,1,1.25,Medium,探索臺中之美 引客獎勵方案,Major celebration,,2025-05-01,2026-03-03,https://data.gov.tw/dataset/7778,2026-08-31
2025-07-07,高雄,0,0,0,None,,,,,,,2026-08-31
2025-07-08,台北,0,0,0,None,,,,,,,2026-08-31
2025-07-08,新北,3,0,1.5,Low,2025文資新生活｜新店十四張歷史建築園區,Expo / Exhibition,央北二路206巷6號(新店十四張歷史建築園區),2025-03-14,2025-12-31,https://data.gov.tw/dataset/7778,2026-08-31
2025-07-08,桃園,0,0,0,None,,,,,,,2026-08-31
2025-07-08,台中,2,1,1.25,Medium,探索臺中之美 引客獎勵方案,Major celebration,,2025-05-01,2026-03-03,https://data.gov.tw/dataset/7778,2026-08-31
2025-07-08,高雄,0,0,0,None,,,,,,,2026-08-31
2025-07-09,台北,0,0,0,None,,,,,,,2026-08-31
2025-07-09,新北,3,0,1.5,Low,2025文資新生活｜新店十四張歷史建築園區,Expo / Exhibition,央北二路206巷6號(新店十四張歷史建築園區),2025-03-14,2025-12-31,https://data.gov.tw/dataset/7778,2026-08-31
2025-07-09,桃園,0,0,0,None,,,,,,,2026-08-31
2025-07-09,台中,2,1,1.25,Medium,探索臺中之美 引客獎勵方案,Major celebration,,2025-05-01,2026-03-03,https://data.gov.tw/dataset/7778,2026-08-31
2025-07-09,高雄,0,0,0,None,,,,,,,2026-08-31
2025-07-10,台北,0,0,0,None,,,,,,,2026-08-31
2025-07-10,新北,3,0,1.5,Low,2025文資新生活｜新店十四張歷史建築園區,Expo / Exhibition,央北二路206巷6號(新店十四張歷史建築園區),2025-03-14,2025-12-31,https://data.gov.tw/dataset/7778,2026-08-31
2025-07-10,桃園,0,0,0,None,,,,,,,2026-08-31
2025-07-10,台中,2,1,1.25,Medium,探索臺中之美 引客獎勵方案,Major celebration,,2025-05-01,2026-03-03,https://data.gov.tw/dataset/7778,2026-08-31
2025-07-10,高雄,0,0,0,None,,,,,,,2026-08-31
2025-07-11,台北,0,0,0,None,,,,,,,2026-08-31
2025-07-11,新北,3,0,1.5,Low,2025文資新生活｜新店十四張歷史建築園區,Expo / Exhibition,央北二路206巷6號(新店十四張歷史建築園區),2025-03-14,2025-12-31,https://data.gov.tw/dataset/7778,2026-08-31
2025-07-11,桃園,0,0,0,None,,,,,,,2026-08-31
2025-07-11,台中,2,1,1.25,Medium,探索臺中之美 引客獎勵方案,Major celebration,,2025-05-01,2026-03-03,https://data.gov.tw/dataset/7778,2026-08-31
2025-07-11,高雄,0,0,0,None,,,,,,,2026-08-31
2025-07-12,台北,0,0,0,None,,,,,,,2026-08-31
2025-07-12,新北,3,0,1.5,Low,2025文資新生活｜新店十四張歷史建築園區,Expo / Exhibition,央北二路206巷6號(新店十四張歷史建築園區),2025-03-14,2025-12-31,https://data.gov.tw/dataset/7778,2026-08-31
2025-07-12,桃園,0,0,0,None,,,,,,,2026-08-31
2025-07-12,台中,2,1,1.25,Medium,探索臺中之美 引客獎勵方案,Major celebration,,2025-05-01,2026-03-03,https://data.gov.tw/dataset/7778,2026-08-31
2025-07-12,高雄,0,0,0,None,,,,,,,2026-08-31
2025-07-13,台北,0,0,0,None,,,,,,,2026-08-31
2025-07-13,新北,3,0,1.5,Low,2025文資新生活｜新店十四張歷史建築園區,Expo / Exhibition,央北二路206巷6號(新店十四張歷史建築園區),2025-03-14,2025-12-31,https://data.gov.tw/dataset/7778,2026-08-31
2025-07-13,桃園,0,0,0,None,,,,,,,2026-08-31
2025-07-13,台中,2,1,1.25,Medium,探索臺中之美 引客獎勵方案,Major celebration,,2025-05-01,2026-03-03,https://data.gov.tw/dataset/7778,2026-08-31
2025-07-13,高雄,0,0,0,None,,,,,,,2026-08-31
2025-07-14,台北,0,0,0,None,,,,,,,2026-08-31
2025-07-14,新北,3,0,1.5,Low,2025文資新生活｜新店十四張歷史建築園區,Expo / Exhibition,央北二路206巷6號(新店十四張歷史建築園區),2025-03-14,2025-12-31,https://data.gov.tw/dataset/7778,2026-08-31
2025-07-14,桃園,0,0,0,None,,,,,,,2026-08-31
2025-07-14,台中,2,1,1.25,Medium,探索臺中之美 引客獎勵方案,Major celebration,,2025-05-01,2026-03-03,https://data.gov.tw/dataset/7778,2026-08-31
2025-07-14,高雄,0,0,0,None,,,,,,,2026-08-31
2025-07-15,台北,0,0,0,None,,,,,,,2026-08-31
2025-07-15,新北,3,0,1.5,Low,2025文資新生活｜新店十四張歷史建築園區,Expo / Exhibition,央北二路206巷6號(新店十四張歷史建築園區),2025-03-14,2025-12-31,https://data.gov.tw/dataset/7778,2026-08-31
2025-07-15,桃園,0,0,0,None,,,,,,,2026-08-31
2025-07-15,台中,2,1,1.25,Medium,探索臺中之美 引客獎勵方案,Major celebration,,2025-05-01,2026-03-03,https://data.gov.tw/dataset/7778,2026-08-31
2025-07-15,高雄,0,0,0,None,,,,,,,2026-08-31
2025-07-16,台北,0,0,0,None,,,,,,,2026-08-31
2025-07-16,新北,3,0,1.5,Low,2025文資新生活｜新店十四張歷史建築園區,Expo / Exhibition,央北二路206巷6號(新店十四張歷史建築園區),2025-03-14,2025-12-31,https://data.gov.tw/dataset/7778,2026-08-31
2025-07-16,桃園,0,0,0,None,,,,,,,2026-08-31
2025-07-16,台中,2,1,1.25,Medium,探索臺中之美 引客獎勵方案,Major celebration,,2025-05-01,2026-03-03,https://data.gov.tw/dataset/7778,2026-08-31
2025-07-16,高雄,0,0,0,None,,,,,,,2026-08-31
2025-07-17,台北,0,0,0,None,,,,,,,2026-08-31
2025-07-17,新北,3,0,1.5,Low,2025文資新生活｜新店十四張歷史建築園區,Expo / Exhibition,央北二路206巷6號(新店十四張歷史建築園區),2025-03-14,2025-12-31,https://data.gov.tw/dataset/7778,2026-08-31
2025-07-17,桃園,0,0,0,None,,,,,,,2026-08-31
2025-07-17,台中,2,1,1.25,Medium,探索臺中之美 引客獎勵方案,Major celebration,,2025-05-01,2026-03-03,https://data.gov.tw/dataset/7778,2026-08-31
2025-07-17,高雄,0,0,0,None,,,,,,,2026-08-31
2025-07-18,台北,0,0,0,None,,,,,,,2026-08-31
2025-07-18,新北,3,0,1.5,Low,2025文資新生活｜新店十四張歷史建築園區,Expo / Exhibition,央北二路206巷6號(新店十四張歷史建築園區),2025-03-14,2025-12-31,https://data.gov.tw/dataset/7778,2026-08-31
2025-07-18,桃園,0,0,0,None,,,,,,,2026-08-31
2025-07-18,台中,2,1,1.25,Medium,探索臺中之美 引客獎勵方案,Major celebration,,2025-05-01,2026-03-03,https://data.gov.tw/dataset/7778,2026-08-31
2025-07-18,高雄,0,0,0,None,,,,,,,2026-08-31
2025-07-19,台北,0,0,0,None,,,,,,,2026-08-31
2025-07-19,新北,3,0,1.5,Low,2025文資新生活｜新店十四張歷史建築園區,Expo / Exhibition,央北二路206巷6號(新店十四張歷史建築園區),2025-03-14,2025-12-31,https://data.gov.tw/dataset/7778,2026-08-31
2025-07-19,桃園,0,0,0,None,,,,,,,2026-08-31
2025-07-19,台中,2,1,1.25,Medium,探索臺中之美 引客獎勵方案,Major celebration,,2025-05-01,2026-03-03,https://data.gov.tw/dataset/7778,2026-08-31
2025-07-19,高雄,0,0,0,None,,,,,,,2026-08-31
2025-07-20,台北,0,0,0,None,,,,,,,2026-08-31
2025-07-20,新北,3,0,1.5,Low,2025文資新生活｜新店十四張歷史建築園區,Expo / Exhibition,央北二路206巷6號(新店十四張歷史建築園區),2025-03-14,2025-12-31,https://data.gov.tw/dataset/7778,2026-08-31
2025-07-20,桃園,0,0,0,None,,,,,,,2026-08-31
2025-07-20,台中,2,1,1.25,Medium,探索臺中之美 引客獎勵方案,Major celebration,,2025-05-01,2026-03-03,https://data.gov.tw/dataset/7778,2026-08-31
2025-07-20,高雄,0,0,0,None,,,,,,,2026-08-31
2025-07-21,台北,0,0,0,None,,,,,,,2026-08-31
2025-07-21,新北,3,0,1.5,Low,2025文資新生活｜新店十四張歷史建築園區,Expo / Exhibition,央北二路206巷6號(新店十四張歷史建築園區),2025-03-14,2025-12-31,https://data.gov.tw/dataset/7778,2026-08-31
2025-07-21,桃園,0,0,0,None,,,,,,,2026-08-31
2025-07-21,台中,2,1,1.25,Medium,探索臺中之美 引客獎勵方案,Major celebration,,2025-05-01,2026-03-03,https://data.gov.tw/dataset/7778,2026-08-31
2025-07-21,高雄,0,0,0,None,,,,,,,2026-08-31
2025-07-22,台北,0,0,0,None,,,,,,,2026-08-31
2025-07-22,新北,3,0,1.5,Low,2025文資新生活｜新店十四張歷史建築園區,Expo / Exhibition,央北二路206巷6號(新店十四張歷史建築園區),2025-03-14,2025-12-31,https://data.gov.tw/dataset/7778,2026-08-31
2025-07-22,桃園,0,0,0,None,,,,,,,2026-08-31
2025-07-22,台中,2,1,1.25,Medium,探索臺中之美 引客獎勵方案,Major celebration,,2025-05-01,2026-03-03,https://data.gov.tw/dataset/7778,2026-08-31
2025-07-22,高雄,0,0,0,None,,,,,,,2026-08-31
2025-07-23,台北,0,0,0,None,,,,,,,2026-08-31
2025-07-23,新北,3,0,1.5,Low,2025文資新生活｜新店十四張歷史建築園區,Expo / Exhibition,央北二路206巷6號(新店十四張歷史建築園區),2025-03-14,2025-12-31,https://data.gov.tw/dataset/7778,2026-08-31
2025-07-23,桃園,0,0,0,None,,,,,,,2026-08-31
2025-07-23,台中,2,1,1.25,Medium,探索臺中之美 引客獎勵方案,Major celebration,,2025-05-01,2026-03-03,https://data.gov.tw/dataset/7778,2026-08-31
2025-07-23,高雄,0,0,0,None,,,,,,,2026-08-31
2025-07-24,台北,0,0,0,None,,,,,,,2026-08-31
2025-07-24,新北,3,0,1.5,Low,2025文資新生活｜新店十四張歷史建築園區,Expo / Exhibition,央北二路206巷6號(新店十四張歷史建築園區),2025-03-14,2025-12-31,https://data.gov.tw/dataset/7778,2026-08-31
2025-07-24,桃園,0,0,0,None,,,,,,,2026-08-31
2025-07-24,台中,2,1,1.25,Medium,探索臺中之美 引客獎勵方案,Major celebration,,2025-05-01,2026-03-03,https://data.gov.tw/dataset/7778,2026-08-31
2025-07-24,高雄,0,0,0,None,,,,,,,2026-08-31
2025-07-25,台北,0,0,0,None,,,,,,,2026-08-31
2025-07-25,新北,3,0,1.5,Low,2025文資新生活｜新店十四張歷史建築園區,Expo / Exhibition,央北二路206巷6號(新店十四張歷史建築園區),2025-03-14,2025-12-31,https://data.gov.tw/dataset/7778,2026-08-31
2025-07-25,桃園,0,0,0,None,,,,,,,2026-08-31
2025-07-25,台中,2,1,1.25,Medium,探索臺中之美 引客獎勵方案,Major celebration,,2025-05-01,2026-03-03,https://data.gov.tw/dataset/7778,2026-08-31
2025-07-25,高雄,0,0,0,None,,,,,,,2026-08-31
2025-07-26,台北,0,0,0,None,,,,,,,2026-08-31
2025-07-26,新北,3,0,1.5,Low,2025文資新生活｜新店十四張歷史建築園區,Expo / Exhibition,央北二路206巷6號(新店十四張歷史建築園區),2025-03-14,2025-12-31,https://data.gov.tw/dataset/7778,2026-08-31
2025-07-26,桃園,0,0,0,None,,,,,,,2026-08-31
2025-07-26,台中,2,1,1.25,Medium,探索臺中之美 引客獎勵方案,Major celebration,,2025-05-01,2026-03-03,https://data.gov.tw/dataset/7778,2026-08-31
2025-07-26,高雄,0,0,0,None,,,,,,,2026-08-31
2025-07-27,台北,0,0,0,None,,,,,,,2026-08-31
2025-07-27,新北,3,0,1.5,Low,2025文資新生活｜新店十四張歷史建築園區,Expo / Exhibition,央北二路206巷6號(新店十四張歷史建築園區),2025-03-14,2025-12-31,https://data.gov.tw/dataset/7778,2026-08-31
2025-07-27,桃園,0,0,0,None,,,,,,,2026-08-31
2025-07-27,台中,2,1,1.25,Medium,探索臺中之美 引客獎勵方案,Major celebration,,2025-05-01,2026-03-03,https://data.gov.tw/dataset/7778,2026-08-31
2025-07-27,高雄,0,0,0,None,,,,,,,2026-08-31
2025-07-28,台北,0,0,0,None,,,,,,,2026-08-31
2025-07-28,新北,3,0,1.5,Low,2025文資新生活｜新店十四張歷史建築園區,Expo / Exhibition,央北二路206巷6號(新店十四張歷史建築園區),2025-03-14,2025-12-31,https://data.gov.tw/dataset/7778,2026-08-31
2025-07-28,桃園,0,0,0,None,,,,,,,2026-08-31
2025-07-28,台中,2,1,1.25,Medium,探索臺中之美 引客獎勵方案,Major celebration,,2025-05-01,2026-03-03,https://data.gov.tw/dataset/7778,2026-08-31
2025-07-28,高雄,0,0,0,None,,,,,,,2026-08-31
2025-07-29,台北,0,0,0,None,,,,,,,2026-08-31
2025-07-29,新北,3,0,1.5,Low,2025文資新生活｜新店十四張歷史建築園區,Expo / Exhibition,央北二路206巷6號(新店十四張歷史建築園區),2025-03-14,2025-12-31,https://data.gov.tw/dataset/7778,2026-08-31
2025-07-29,桃園,0,0,0,None,,,,,,,2026-08-31
2025-07-29,台中,2,1,1.25,Medium,探索臺中之美 引客獎勵方案,Major celebration,,2025-05-01,2026-03-03,https://data.gov.tw/dataset/7778,2026-08-31
2025-07-29,高雄,0,0,0,None,,,,,,,2026-08-31
2025-07-30,台北,0,0,0,None,,,,,,,2026-08-31
2025-07-30,新北,3,0,1.5,Low,2025文資新生活｜新店十四張歷史建築園區,Expo / Exhibition,央北二路206巷6號(新店十四張歷史建築園區),2025-03-14,2025-12-31,https://data.gov.tw/dataset/7778,2026-08-31
2025-07-30,桃園,0,0,0,None,,,,,,,2026-08-31
2025-07-30,台中,2,1,1.25,Medium,探索臺中之美 引客獎勵方案,Major celebration,,2025-05-01,2026-03-03,https://data.gov.tw/dataset/7778,2026-08-31
2025-07-30,高雄,0,0,0,None,,,,,,,2026-08-31
2025-07-31,台北,0,0,0,None,,,,,,,2026-08-31
2025-07-31,新北,3,0,1.5,Low,2025文資新生活｜新店十四張歷史建築園區,Expo / Exhibition,央北二路206巷6號(新店十四張歷史建築園區),2025-03-14,2025-12-31,https://data.gov.tw/dataset/7778,2026-08-31
2025-07-31,桃園,0,0,0,None,,,,,,,2026-08-31
2025-07-31,台中,2,1,1.25,Medium,探索臺中之美 引客獎勵方案,Major celebration,,2025-05-01,2026-03-03,https://data.gov.tw/dataset/7778,2026-08-31
2025-07-31,高雄,0,0,0,None,,,,,,,2026-08-31
2025-08-01,台北,0,0,0,None,,,,,,,2026-08-31
2025-08-01,新北,3,0,1.5,Low,2025文資新生活｜新店十四張歷史建築園區,Expo / Exhibition,央北二路206巷6號(新店十四張歷史建築園區),2025-03-14,2025-12-31,https://data.gov.tw/dataset/7778,2026-08-31
2025-08-01,桃園,0,0,0,None,,,,,,,2026-08-31
2025-08-01,台中,2,1,1.25,Medium,探索臺中之美 引客獎勵方案,Major celebration,,2025-05-01,2026-03-03,https://data.gov.tw/dataset/7778,2026-08-31
2025-08-01,高雄,0,0,0,None,,,,,,,2026-08-31
2025-08-02,台北,0,0,0,None,,,,,,,2026-08-31
2025-08-02,新北,3,0,1.5,Low,2025文資新生活｜新店十四張歷史建築園區,Expo / Exhibition,央北二路206巷6號(新店十四張歷史建築園區),2025-03-14,2025-12-31,https://data.gov.tw/dataset/7778,2026-08-31
2025-08-02,桃園,0,0,0,None,,,,,,,2026-08-31
2025-08-02,台中,2,1,1.25,Medium,探索臺中之美 引客獎勵方案,Major celebration,,2025-05-01,2026-03-03,https://data.gov.tw/dataset/7778,2026-08-31
2025-08-02,高雄,0,0,0,None,,,,,,,2026-08-31
2025-08-03,台北,0,0,0,None,,,,,,,2026-08-31
2025-08-03,新北,3,0,1.5,Low,2025文資新生活｜新店十四張歷史建築園區,Expo / Exhibition,央北二路206巷6號(新店十四張歷史建築園區),2025-03-14,2025-12-31,https://data.gov.tw/dataset/7778,2026-08-31
2025-08-03,桃園,0,0,0,None,,,,,,,2026-08-31
2025-08-03,台中,2,1,1.25,Medium,探索臺中之美 引客獎勵方案,Major celebration,,2025-05-01,2026-03-03,https://data.gov.tw/dataset/7778,2026-08-31
2025-08-03,高雄,0,0,0,None,,,,,,,2026-08-31
2025-08-04,台北,0,0,0,None,,,,,,,2026-08-31
2025-08-04,新北,3,0,1.5,Low,2025文資新生活｜新店十四張歷史建築園區,Expo / Exhibition,央北二路206巷6號(新店十四張歷史建築園區),2025-03-14,2025-12-31,https://data.gov.tw/dataset/7778,2026-08-31
2025-08-04,桃園,0,0,0,None,,,,,,,2026-08-31
2025-08-04,台中,2,1,1.25,Medium,探索臺中之美 引客獎勵方案,Major celebration,,2025-05-01,2026-03-03,https://data.gov.tw/dataset/7778,2026-08-31
2025-08-04,高雄,0,0,0,None,,,,,,,2026-08-31
2025-08-05,台北,0,0,0,None,,,,,,,2026-08-31
2025-08-05,新北,3,0,1.5,Low,2025文資新生活｜新店十四張歷史建築園區,Expo / Exhibition,央北二路206巷6號(新店十四張歷史建築園區),2025-03-14,2025-12-31,https://data.gov.tw/dataset/7778,2026-08-31
2025-08-05,桃園,0,0,0,None,,,,,,,2026-08-31
2025-08-05,台中,2,1,1.25,Medium,探索臺中之美 引客獎勵方案,Major celebration,,2025-05-01,2026-03-03,https://data.gov.tw/dataset/7778,2026-08-31
2025-08-05,高雄,0,0,0,None,,,,,,,2026-08-31
2025-08-06,台北,0,0,0,None,,,,,,,2026-08-31
2025-08-06,新北,3,0,1.5,Low,2025文資新生活｜新店十四張歷史建築園區,Expo / Exhibition,央北二路206巷6號(新店十四張歷史建築園區),2025-03-14,2025-12-31,https://data.gov.tw/dataset/7778,2026-08-31
2025-08-06,桃園,0,0,0,None,,,,,,,2026-08-31
2025-08-06,台中,2,1,1.25,Medium,探索臺中之美 引客獎勵方案,Major celebration,,2025-05-01,2026-03-03,https://data.gov.tw/dataset/7778,2026-08-31
2025-08-06,高雄,0,0,0,None,,,,,,,2026-08-31
2025-08-07,台北,0,0,0,None,,,,,,,2026-08-31
2025-08-07,新北,3,0,1.5,Low,2025文資新生活｜新店十四張歷史建築園區,Expo / Exhibition,央北二路206巷6號(新店十四張歷史建築園區),2025-03-14,2025-12-31,https://data.gov.tw/dataset/7778,2026-08-31
2025-08-07,桃園,0,0,0,None,,,,,,,2026-08-31
2025-08-07,台中,2,1,1.25,Medium,探索臺中之美 引客獎勵方案,Major celebration,,2025-05-01,2026-03-03,https://data.gov.tw/dataset/7778,2026-08-31
2025-08-07,高雄,0,0,0,None,,,,,,,2026-08-31
2025-08-08,台北,0,0,0,None,,,,,,,2026-08-31
2025-08-08,新北,3,0,1.5,Low,2025文資新生活｜新店十四張歷史建築園區,Expo / Exhibition,央北二路206巷6號(新店十四張歷史建築園區),2025-03-14,2025-12-31,https://data.gov.tw/dataset/7778,2026-08-31
2025-08-08,桃園,0,0,0,None,,,,,,,2026-08-31
2025-08-08,台中,2,1,1.25,Medium,探索臺中之美 引客獎勵方案,Major celebration,,2025-05-01,2026-03-03,https://data.gov.tw/dataset/7778,2026-08-31
2025-08-08,高雄,0,0,0,None,,,,,,,2026-08-31
2025-08-09,台北,0,0,0,None,,,,,,,2026-08-31
2025-08-09,新北,3,0,1.5,Low,2025文資新生活｜新店十四張歷史建築園區,Expo / Exhibition,央北二路206巷6號(新店十四張歷史建築園區),2025-03-14,2025-12-31,https://data.gov.tw/dataset/7778,2026-08-31
2025-08-09,桃園,0,0,0,None,,,,,,,2026-08-31
2025-08-09,台中,2,1,1.25,Medium,探索臺中之美 引客獎勵方案,Major celebration,,2025-05-01,2026-03-03,https://data.gov.tw/dataset/7778,2026-08-31
2025-08-09,高雄,0,0,0,None,,,,,,,2026-08-31
2025-08-10,台北,0,0,0,None,,,,,,,2026-08-31
2025-08-10,新北,3,0,1.5,Low,2025文資新生活｜新店十四張歷史建築園區,Expo / Exhibition,央北二路206巷6號(新店十四張歷史建築園區),2025-03-14,2025-12-31,https://data.gov.tw/dataset/7778,2026-08-31
2025-08-10,桃園,0,0,0,None,,,,,,,2026-08-31
2025-08-10,台中,2,1,1.25,Medium,探索臺中之美 引客獎勵方案,Major celebration,,2025-05-01,2026-03-03,https://data.gov.tw/dataset/7778,2026-08-31
2025-08-10,高雄,0,0,0,None,,,,,,,2026-08-31
2025-08-11,台北,0,0,0,None,,,,,,,2026-08-31
2025-08-11,新北,3,0,1.5,Low,2025文資新生活｜新店十四張歷史建築園區,Expo / Exhibition,央北二路206巷6號(新店十四張歷史建築園區),2025-03-14,2025-12-31,https://data.gov.tw/dataset/7778,2026-08-31
2025-08-11,桃園,0,0,0,None,,,,,,,2026-08-31
2025-08-11,台中,2,1,1.25,Medium,探索臺中之美 引客獎勵方案,Major celebration,,2025-05-01,2026-03-03,https://data.gov.tw/dataset/7778,2026-08-31
2025-08-11,高雄,0,0,0,None,,,,,,,2026-08-31
2025-08-12,台北,0,0,0,None,,,,,,,2026-08-31
2025-08-12,新北,3,0,1.5,Low,2025文資新生活｜新店十四張歷史建築園區,Expo / Exhibition,央北二路206巷6號(新店十四張歷史建築園區),2025-03-14,2025-12-31,https://data.gov.tw/dataset/7778,2026-08-31
2025-08-12,桃園,0,0,0,None,,,,,,,2026-08-31
2025-08-12,台中,2,1,1.25,Medium,探索臺中之美 引客獎勵方案,Major celebration,,2025-05-01,2026-03-03,https://data.gov.tw/dataset/7778,2026-08-31
2025-08-12,高雄,0,0,0,None,,,,,,,2026-08-31
2025-08-13,台北,0,0,0,None,,,,,,,2026-08-31
2025-08-13,新北,3,0,1.5,Low,2025文資新生活｜新店十四張歷史建築園區,Expo / Exhibition,央北二路206巷6號(新店十四張歷史建築園區),2025-03-14,2025-12-31,https://data.gov.tw/dataset/7778,2026-08-31
2025-08-13,桃園,0,0,0,None,,,,,,,2026-08-31
2025-08-13,台中,2,1,1.25,Medium,探索臺中之美 引客獎勵方案,Major celebration,,2025-05-01,2026-03-03,https://data.gov.tw/dataset/7778,2026-08-31
2025-08-13,高雄,0,0,0,None,,,,,,,2026-08-31
2025-08-14,台北,0,0,0,None,,,,,,,2026-08-31
2025-08-14,新北,3,0,1.5,Low,2025文資新生活｜新店十四張歷史建築園區,Expo / Exhibition,央北二路206巷6號(新店十四張歷史建築園區),2025-03-14,2025-12-31,https://data.gov.tw/dataset/7778,2026-08-31
2025-08-14,桃園,0,0,0,None,,,,,,,2026-08-31
2025-08-14,台中,2,1,1.25,Medium,探索臺中之美 引客獎勵方案,Major celebration,,2025-05-01,2026-03-03,https://data.gov.tw/dataset/7778,2026-08-31
2025-08-14,高雄,0,0,0,None,,,,,,,2026-08-31
2025-08-15,台北,0,0,0,None,,,,,,,2026-08-31
2025-08-15,新北,3,0,1.5,Low,2025文資新生活｜新店十四張歷史建築園區,Expo / Exhibition,央北二路206巷6號(新店十四張歷史建築園區),2025-03-14,2025-12-31,https://data.gov.tw/dataset/7778,2026-08-31
2025-08-15,桃園,0,0,0,None,,,,,,,2026-08-31
2025-08-15,台中,2,1,1.25,Medium,探索臺中之美 引客獎勵方案,Major celebration,,2025-05-01,2026-03-03,https://data.gov.tw/dataset/7778,2026-08-31
2025-08-15,高雄,0,0,0,None,,,,,,,2026-08-31
2025-08-16,台北,0,0,0,None,,,,,,,2026-08-31
2025-08-16,新北,3,0,1.5,Low,2025文資新生活｜新店十四張歷史建築園區,Expo / Exhibition,央北二路206巷6號(新店十四張歷史建築園區),2025-03-14,2025-12-31,https://data.gov.tw/dataset/7778,2026-08-31
2025-08-16,桃園,0,0,0,None,,,,,,,2026-08-31
2025-08-16,台中,2,1,1.25,Medium,探索臺中之美 引客獎勵方案,Major celebration,,2025-05-01,2026-03-03,https://data.gov.tw/dataset/7778,2026-08-31
2025-08-16,高雄,0,0,0,None,,,,,,,2026-08-31
2025-08-17,台北,0,0,0,None,,,,,,,2026-08-31
2025-08-17,新北,3,0,1.5,Low,2025文資新生活｜新店十四張歷史建築園區,Expo / Exhibition,央北二路206巷6號(新店十四張歷史建築園區),2025-03-14,2025-12-31,https://data.gov.tw/dataset/7778,2026-08-31
2025-08-17,桃園,0,0,0,None,,,,,,,2026-08-31
2025-08-17,台中,2,1,1.25,Medium,探索臺中之美 引客獎勵方案,Major celebration,,2025-05-01,2026-03-03,https://data.gov.tw/dataset/7778,2026-08-31
2025-08-17,高雄,0,0,0,None,,,,,,,2026-08-31
2025-08-18,台北,0,0,0,None,,,,,,,2026-08-31
2025-08-18,新北,3,0,1.5,Low,2025文資新生活｜新店十四張歷史建築園區,Expo / Exhibition,央北二路206巷6號(新店十四張歷史建築園區),2025-03-14,2025-12-31,https://data.gov.tw/dataset/7778,2026-08-31
2025-08-18,桃園,0,0,0,None,,,,,,,2026-08-31
2025-08-18,台中,2,1,1.25,Medium,探索臺中之美 引客獎勵方案,Major celebration,,2025-05-01,2026-03-03,https://data.gov.tw/dataset/7778,2026-08-31
2025-08-18,高雄,0,0,0,None,,,,,,,2026-08-31
2025-08-19,台北,0,0,0,None,,,,,,,2026-08-31
2025-08-19,新北,3,0,1.5,Low,2025文資新生活｜新店十四張歷史建築園區,Expo / Exhibition,央北二路206巷6號(新店十四張歷史建築園區),2025-03-14,2025-12-31,https://data.gov.tw/dataset/7778,2026-08-31
2025-08-19,桃園,0,0,0,None,,,,,,,2026-08-31
2025-08-19,台中,2,1,1.25,Medium,探索臺中之美 引客獎勵方案,Major celebration,,2025-05-01,2026-03-03,https://data.gov.tw/dataset/7778,2026-08-31
2025-08-19,高雄,0,0,0,None,,,,,,,2026-08-31
2025-08-20,台北,0,0,0,None,,,,,,,2026-08-31
2025-08-20,新北,3,0,1.5,Low,2025文資新生活｜新店十四張歷史建築園區,Expo / Exhibition,央北二路206巷6號(新店十四張歷史建築園區),2025-03-14,2025-12-31,https://data.gov.tw/dataset/7778,2026-08-31
2025-08-20,桃園,0,0,0,None,,,,,,,2026-08-31
2025-08-20,台中,2,1,1.25,Medium,探索臺中之美 引客獎勵方案,Major celebration,,2025-05-01,2026-03-03,https://data.gov.tw/dataset/7778,2026-08-31
2025-08-20,高雄,0,0,0,None,,,,,,,2026-08-31
2025-08-21,台北,0,0,0,None,,,,,,,2026-08-31
2025-08-21,新北,3,0,1.5,Low,2025文資新生活｜新店十四張歷史建築園區,Expo / Exhibition,央北二路206巷6號(新店十四張歷史建築園區),2025-03-14,2025-12-31,https://data.gov.tw/dataset/7778,2026-08-31
2025-08-21,桃園,0,0,0,None,,,,,,,2026-08-31
2025-08-21,台中,2,1,1.25,Medium,探索臺中之美 引客獎勵方案,Major celebration,,2025-05-01,2026-03-03,https://data.gov.tw/dataset/7778,2026-08-31
2025-08-21,高雄,0,0,0,None,,,,,,,2026-08-31
2025-08-22,台北,0,0,0,None,,,,,,,2026-08-31
2025-08-22,新北,3,0,1.5,Low,2025文資新生活｜新店十四張歷史建築園區,Expo / Exhibition,央北二路206巷6號(新店十四張歷史建築園區),2025-03-14,2025-12-31,https://data.gov.tw/dataset/7778,2026-08-31
2025-08-22,桃園,0,0,0,None,,,,,,,2026-08-31
2025-08-22,台中,2,1,1.25,Medium,探索臺中之美 引客獎勵方案,Major celebration,,2025-05-01,2026-03-03,https://data.gov.tw/dataset/7778,2026-08-31
2025-08-22,高雄,0,0,0,None,,,,,,,2026-08-31
2025-08-23,台北,0,0,0,None,,,,,,,2026-08-31
2025-08-23,新北,3,0,1.5,Low,2025文資新生活｜新店十四張歷史建築園區,Expo / Exhibition,央北二路206巷6號(新店十四張歷史建築園區),2025-03-14,2025-12-31,https://data.gov.tw/dataset/7778,2026-08-31
2025-08-23,桃園,0,0,0,None,,,,,,,2026-08-31
2025-08-23,台中,2,1,1.25,Medium,探索臺中之美 引客獎勵方案,Major celebration,,2025-05-01,2026-03-03,https://data.gov.tw/dataset/7778,2026-08-31
2025-08-23,高雄,0,0,0,None,,,,,,,2026-08-31
2025-08-24,台北,0,0,0,None,,,,,,,2026-08-31
2025-08-24,新北,4,0,2,Low,2025文資新生活｜新店十四張歷史建築園區,Expo / Exhibition,央北二路206巷6號(新店十四張歷史建築園區),2025-03-14,2025-12-31,https://data.gov.tw/dataset/7778,2026-08-31
2025-08-24,桃園,0,0,0,None,,,,,,,2026-08-31
2025-08-24,台中,2,1,1.25,Medium,探索臺中之美 引客獎勵方案,Major celebration,,2025-05-01,2026-03-03,https://data.gov.tw/dataset/7778,2026-08-31
2025-08-24,高雄,0,0,0,None,,,,,,,2026-08-31
2025-08-25,台北,0,0,0,None,,,,,,,2026-08-31
2025-08-25,新北,4,0,2,Low,2025文資新生活｜新店十四張歷史建築園區,Expo / Exhibition,央北二路206巷6號(新店十四張歷史建築園區),2025-03-14,2025-12-31,https://data.gov.tw/dataset/7778,2026-08-31
2025-08-25,桃園,0,0,0,None,,,,,,,2026-08-31
2025-08-25,台中,2,1,1.25,Medium,探索臺中之美 引客獎勵方案,Major celebration,,2025-05-01,2026-03-03,https://data.gov.tw/dataset/7778,2026-08-31
2025-08-25,高雄,0,0,0,None,,,,,,,2026-08-31
2025-08-26,台北,0,0,0,None,,,,,,,2026-08-31
2025-08-26,新北,4,0,2,Low,2025文資新生活｜新店十四張歷史建築園區,Expo / Exhibition,央北二路206巷6號(新店十四張歷史建築園區),2025-03-14,2025-12-31,https://data.gov.tw/dataset/7778,2026-08-31
2025-08-26,桃園,0,0,0,None,,,,,,,2026-08-31
2025-08-26,台中,2,1,1.25,Medium,探索臺中之美 引客獎勵方案,Major celebration,,2025-05-01,2026-03-03,https://data.gov.tw/dataset/7778,2026-08-31
2025-08-26,高雄,0,0,0,None,,,,,,,2026-08-31
2025-08-27,台北,0,0,0,None,,,,,,,2026-08-31
2025-08-27,新北,4,0,2,Low,2025文資新生活｜新店十四張歷史建築園區,Expo / Exhibition,央北二路206巷6號(新店十四張歷史建築園區),2025-03-14,2025-12-31,https://data.gov.tw/dataset/7778,2026-08-31
2025-08-27,桃園,0,0,0,None,,,,,,,2026-08-31
2025-08-27,台中,2,1,1.25,Medium,探索臺中之美 引客獎勵方案,Major celebration,,2025-05-01,2026-03-03,https://data.gov.tw/dataset/7778,2026-08-31
2025-08-27,高雄,0,0,0,None,,,,,,,2026-08-31
2025-08-28,台北,0,0,0,None,,,,,,,2026-08-31
2025-08-28,新北,4,0,2,Low,2025文資新生活｜新店十四張歷史建築園區,Expo / Exhibition,央北二路206巷6號(新店十四張歷史建築園區),2025-03-14,2025-12-31,https://data.gov.tw/dataset/7778,2026-08-31
2025-08-28,桃園,0,0,0,None,,,,,,,2026-08-31
2025-08-28,台中,2,1,1.25,Medium,探索臺中之美 引客獎勵方案,Major celebration,,2025-05-01,2026-03-03,https://data.gov.tw/dataset/7778,2026-08-31
2025-08-28,高雄,0,0,0,None,,,,,,,2026-08-31
2025-08-29,台北,0,0,0,None,,,,,,,2026-08-31
2025-08-29,新北,4,0,2,Low,2025文資新生活｜新店十四張歷史建築園區,Expo / Exhibition,央北二路206巷6號(新店十四張歷史建築園區),2025-03-14,2025-12-31,https://data.gov.tw/dataset/7778,2026-08-31
2025-08-29,桃園,0,0,0,None,,,,,,,2026-08-31
2025-08-29,台中,2,1,1.25,Medium,探索臺中之美 引客獎勵方案,Major celebration,,2025-05-01,2026-03-03,https://data.gov.tw/dataset/7778,2026-08-31
2025-08-29,高雄,0,0,0,None,,,,,,,2026-08-31
2025-08-30,台北,0,0,0,None,,,,,,,2026-08-31
2025-08-30,新北,4,0,2,Low,2025文資新生活｜新店十四張歷史建築園區,Expo / Exhibition,央北二路206巷6號(新店十四張歷史建築園區),2025-03-14,2025-12-31,https://data.gov.tw/dataset/7778,2026-08-31
2025-08-30,桃園,0,0,0,None,,,,,,,2026-08-31
2025-08-30,台中,2,1,1.25,Medium,探索臺中之美 引客獎勵方案,Major celebration,,2025-05-01,2026-03-03,https://data.gov.tw/dataset/7778,2026-08-31
2025-08-30,高雄,0,0,0,None,,,,,,,2026-08-31
2025-08-31,台北,0,0,0,None,,,,,,,2026-08-31
2025-08-31,新北,4,0,2,Low,2025文資新生活｜新店十四張歷史建築園區,Expo / Exhibition,央北二路206巷6號(新店十四張歷史建築園區),2025-03-14,2025-12-31,https://data.gov.tw/dataset/7778,2026-08-31
2025-08-31,桃園,0,0,0,None,,,,,,,2026-08-31
2025-08-31,台中,2,1,1.25,Medium,探索臺中之美 引客獎勵方案,Major celebration,,2025-05-01,2026-03-03,https://data.gov.tw/dataset/7778,2026-08-31
2025-08-31,高雄,0,0,0,None,,,,,,,2026-08-31
2025-09-01,台北,0,0,0,None,,,,,,,2026-08-31
2025-09-01,新北,4,0,2,Low,2025文資新生活｜新店十四張歷史建築園區,Expo / Exhibition,央北二路206巷6號(新店十四張歷史建築園區),2025-03-14,2025-12-31,https://data.gov.tw/dataset/7778,2026-08-31
2025-09-01,桃園,0,0,0,None,,,,,,,2026-08-31
2025-09-01,台中,2,1,1.25,Medium,探索臺中之美 引客獎勵方案,Major celebration,,2025-05-01,2026-03-03,https://data.gov.tw/dataset/7778,2026-08-31
2025-09-01,高雄,0,0,0,None,,,,,,,2026-08-31
2025-09-02,台北,0,0,0,None,,,,,,,2026-08-31
2025-09-02,新北,4,0,2,Low,2025文資新生活｜新店十四張歷史建築園區,Expo / Exhibition,央北二路206巷6號(新店十四張歷史建築園區),2025-03-14,2025-12-31,https://data.gov.tw/dataset/7778,2026-08-31
2025-09-02,桃園,0,0,0,None,,,,,,,2026-08-31
2025-09-02,台中,2,1,1.25,Medium,探索臺中之美 引客獎勵方案,Major celebration,,2025-05-01,2026-03-03,https://data.gov.tw/dataset/7778,2026-08-31
2025-09-02,高雄,0,0,0,None,,,,,,,2026-08-31
2025-09-03,台北,0,0,0,None,,,,,,,2026-08-31
2025-09-03,新北,4,0,2,Low,2025文資新生活｜新店十四張歷史建築園區,Expo / Exhibition,央北二路206巷6號(新店十四張歷史建築園區),2025-03-14,2025-12-31,https://data.gov.tw/dataset/7778,2026-08-31
2025-09-03,桃園,0,0,0,None,,,,,,,2026-08-31
2025-09-03,台中,2,1,1.25,Medium,探索臺中之美 引客獎勵方案,Major celebration,,2025-05-01,2026-03-03,https://data.gov.tw/dataset/7778,2026-08-31
2025-09-03,高雄,0,0,0,None,,,,,,,2026-08-31
2025-09-04,台北,0,0,0,None,,,,,,,2026-08-31
2025-09-04,新北,4,0,2,Low,2025文資新生活｜新店十四張歷史建築園區,Expo / Exhibition,央北二路206巷6號(新店十四張歷史建築園區),2025-03-14,2025-12-31,https://data.gov.tw/dataset/7778,2026-08-31
2025-09-04,桃園,0,0,0,None,,,,,,,2026-08-31
2025-09-04,台中,2,1,1.25,Medium,探索臺中之美 引客獎勵方案,Major celebration,,2025-05-01,2026-03-03,https://data.gov.tw/dataset/7778,2026-08-31
2025-09-04,高雄,0,0,0,None,,,,,,,2026-08-31
2025-09-05,台北,0,0,0,None,,,,,,,2026-08-31
2025-09-05,新北,4,0,2,Low,2025文資新生活｜新店十四張歷史建築園區,Expo / Exhibition,央北二路206巷6號(新店十四張歷史建築園區),2025-03-14,2025-12-31,https://data.gov.tw/dataset/7778,2026-08-31
2025-09-05,桃園,0,0,0,None,,,,,,,2026-08-31
2025-09-05,台中,2,1,1.25,Medium,探索臺中之美 引客獎勵方案,Major celebration,,2025-05-01,2026-03-03,https://data.gov.tw/dataset/7778,2026-08-31
2025-09-05,高雄,0,0,0,None,,,,,,,2026-08-31
2025-09-06,台北,0,0,0,None,,,,,,,2026-08-31
2025-09-06,新北,4,0,2,Low,2025文資新生活｜新店十四張歷史建築園區,Expo / Exhibition,央北二路206巷6號(新店十四張歷史建築園區),2025-03-14,2025-12-31,https://data.gov.tw/dataset/7778,2026-08-31
2025-09-06,桃園,0,0,0,None,,,,,,,2026-08-31
2025-09-06,台中,2,1,1.25,Medium,探索臺中之美 引客獎勵方案,Major celebration,,2025-05-01,2026-03-03,https://data.gov.tw/dataset/7778,2026-08-31
2025-09-06,高雄,0,0,0,None,,,,,,,2026-08-31
2025-09-07,台北,0,0,0,None,,,,,,,2026-08-31
2025-09-07,新北,4,0,2,Low,2025文資新生活｜新店十四張歷史建築園區,Expo / Exhibition,央北二路206巷6號(新店十四張歷史建築園區),2025-03-14,2025-12-31,https://data.gov.tw/dataset/7778,2026-08-31
2025-09-07,桃園,0,0,0,None,,,,,,,2026-08-31
2025-09-07,台中,2,1,1.25,Medium,探索臺中之美 引客獎勵方案,Major celebration,,2025-05-01,2026-03-03,https://data.gov.tw/dataset/7778,2026-08-31
2025-09-07,高雄,0,0,0,None,,,,,,,2026-08-31
2025-09-08,台北,0,0,0,None,,,,,,,2026-08-31
2025-09-08,新北,4,0,2,Low,2025文資新生活｜新店十四張歷史建築園區,Expo / Exhibition,央北二路206巷6號(新店十四張歷史建築園區),2025-03-14,2025-12-31,https://data.gov.tw/dataset/7778,2026-08-31
2025-09-08,桃園,0,0,0,None,,,,,,,2026-08-31
2025-09-08,台中,2,1,1.25,Medium,探索臺中之美 引客獎勵方案,Major celebration,,2025-05-01,2026-03-03,https://data.gov.tw/dataset/7778,2026-08-31
2025-09-08,高雄,0,0,0,None,,,,,,,2026-08-31
2025-09-09,台北,0,0,0,None,,,,,,,2026-08-31
2025-09-09,新北,4,0,2,Low,2025文資新生活｜新店十四張歷史建築園區,Expo / Exhibition,央北二路206巷6號(新店十四張歷史建築園區),2025-03-14,2025-12-31,https://data.gov.tw/dataset/7778,2026-08-31
2025-09-09,桃園,0,0,0,None,,,,,,,2026-08-31
2025-09-09,台中,2,1,1.25,Medium,探索臺中之美 引客獎勵方案,Major celebration,,2025-05-01,2026-03-03,https://data.gov.tw/dataset/7778,2026-08-31
2025-09-09,高雄,0,0,0,None,,,,,,,2026-08-31
2025-09-10,台北,0,0,0,None,,,,,,,2026-08-31
2025-09-10,新北,4,0,2,Low,2025文資新生活｜新店十四張歷史建築園區,Expo / Exhibition,央北二路206巷6號(新店十四張歷史建築園區),2025-03-14,2025-12-31,https://data.gov.tw/dataset/7778,2026-08-31
2025-09-10,桃園,0,0,0,None,,,,,,,2026-08-31
2025-09-10,台中,2,1,1.25,Medium,探索臺中之美 引客獎勵方案,Major celebration,,2025-05-01,2026-03-03,https://data.gov.tw/dataset/7778,2026-08-31
2025-09-10,高雄,0,0,0,None,,,,,,,2026-08-31
2025-09-11,台北,0,0,0,None,,,,,,,2026-08-31
2025-09-11,新北,4,0,2,Low,2025文資新生活｜新店十四張歷史建築園區,Expo / Exhibition,央北二路206巷6號(新店十四張歷史建築園區),2025-03-14,2025-12-31,https://data.gov.tw/dataset/7778,2026-08-31
2025-09-11,桃園,0,0,0,None,,,,,,,2026-08-31
2025-09-11,台中,2,1,1.25,Medium,探索臺中之美 引客獎勵方案,Major celebration,,2025-05-01,2026-03-03,https://data.gov.tw/dataset/7778,2026-08-31
2025-09-11,高雄,0,0,0,None,,,,,,,2026-08-31
2025-09-12,台北,0,0,0,None,,,,,,,2026-08-31
2025-09-12,新北,4,0,2,Low,2025文資新生活｜新店十四張歷史建築園區,Expo / Exhibition,央北二路206巷6號(新店十四張歷史建築園區),2025-03-14,2025-12-31,https://data.gov.tw/dataset/7778,2026-08-31
2025-09-12,桃園,0,0,0,None,,,,,,,2026-08-31
2025-09-12,台中,2,1,1.25,Medium,探索臺中之美 引客獎勵方案,Major celebration,,2025-05-01,2026-03-03,https://data.gov.tw/dataset/7778,2026-08-31
2025-09-12,高雄,0,0,0,None,,,,,,,2026-08-31
2025-09-13,台北,0,0,0,None,,,,,,,2026-08-31
2025-09-13,新北,4,0,2,Low,2025文資新生活｜新店十四張歷史建築園區,Expo / Exhibition,央北二路206巷6號(新店十四張歷史建築園區),2025-03-14,2025-12-31,https://data.gov.tw/dataset/7778,2026-08-31
2025-09-13,桃園,0,0,0,None,,,,,,,2026-08-31
2025-09-13,台中,2,1,1.25,Medium,探索臺中之美 引客獎勵方案,Major celebration,,2025-05-01,2026-03-03,https://data.gov.tw/dataset/7778,2026-08-31
2025-09-13,高雄,0,0,0,None,,,,,,,2026-08-31
2025-09-14,台北,0,0,0,None,,,,,,,2026-08-31
2025-09-14,新北,4,0,2,Low,2025文資新生活｜新店十四張歷史建築園區,Expo / Exhibition,央北二路206巷6號(新店十四張歷史建築園區),2025-03-14,2025-12-31,https://data.gov.tw/dataset/7778,2026-08-31
2025-09-14,桃園,0,0,0,None,,,,,,,2026-08-31
2025-09-14,台中,2,1,1.25,Medium,探索臺中之美 引客獎勵方案,Major celebration,,2025-05-01,2026-03-03,https://data.gov.tw/dataset/7778,2026-08-31
2025-09-14,高雄,0,0,0,None,,,,,,,2026-08-31
2025-09-15,台北,0,0,0,None,,,,,,,2026-08-31
2025-09-15,新北,4,0,2,Low,2025文資新生活｜新店十四張歷史建築園區,Expo / Exhibition,央北二路206巷6號(新店十四張歷史建築園區),2025-03-14,2025-12-31,https://data.gov.tw/dataset/7778,2026-08-31
2025-09-15,桃園,0,0,0,None,,,,,,,2026-08-31
2025-09-15,台中,2,1,1.25,Medium,探索臺中之美 引客獎勵方案,Major celebration,,2025-05-01,2026-03-03,https://data.gov.tw/dataset/7778,2026-08-31
2025-09-15,高雄,0,0,0,None,,,,,,,2026-08-31
2025-09-16,台北,0,0,0,None,,,,,,,2026-08-31
2025-09-16,新北,4,0,2,Low,2025文資新生活｜新店十四張歷史建築園區,Expo / Exhibition,央北二路206巷6號(新店十四張歷史建築園區),2025-03-14,2025-12-31,https://data.gov.tw/dataset/7778,2026-08-31
2025-09-16,桃園,0,0,0,None,,,,,,,2026-08-31
2025-09-16,台中,2,1,1.25,Medium,探索臺中之美 引客獎勵方案,Major celebration,,2025-05-01,2026-03-03,https://data.gov.tw/dataset/7778,2026-08-31
2025-09-16,高雄,0,0,0,None,,,,,,,2026-08-31
2025-09-17,台北,0,0,0,None,,,,,,,2026-08-31
2025-09-17,新北,4,0,2,Low,2025文資新生活｜新店十四張歷史建築園區,Expo / Exhibition,央北二路206巷6號(新店十四張歷史建築園區),2025-03-14,2025-12-31,https://data.gov.tw/dataset/7778,2026-08-31
2025-09-17,桃園,0,0,0,None,,,,,,,2026-08-31
2025-09-17,台中,2,1,1.25,Medium,探索臺中之美 引客獎勵方案,Major celebration,,2025-05-01,2026-03-03,https://data.gov.tw/dataset/7778,2026-08-31
2025-09-17,高雄,0,0,0,None,,,,,,,2026-08-31
2025-09-18,台北,0,0,0,None,,,,,,,2026-08-31
2025-09-18,新北,4,0,2,Low,2025文資新生活｜新店十四張歷史建築園區,Expo / Exhibition,央北二路206巷6號(新店十四張歷史建築園區),2025-03-14,2025-12-31,https://data.gov.tw/dataset/7778,2026-08-31
2025-09-18,桃園,0,0,0,None,,,,,,,2026-08-31
2025-09-18,台中,2,1,1.25,Medium,探索臺中之美 引客獎勵方案,Major celebration,,2025-05-01,2026-03-03,https://data.gov.tw/dataset/7778,2026-08-31
2025-09-18,高雄,0,0,0,None,,,,,,,2026-08-31
2025-09-19,台北,0,0,0,None,,,,,,,2026-08-31
2025-09-19,新北,5,0,2.5,Low,《新北水巡 20有成》特展,Expo / Exhibition,中正路435號(濕地故事館2樓),2025-09-19,2026-02-28,https://data.gov.tw/dataset/7778,2026-08-31
2025-09-19,桃園,0,0,0,None,,,,,,,2026-08-31
2025-09-19,台中,2,1,1.25,Medium,探索臺中之美 引客獎勵方案,Major celebration,,2025-05-01,2026-03-03,https://data.gov.tw/dataset/7778,2026-08-31
2025-09-19,高雄,0,0,0,None,,,,,,,2026-08-31
2025-09-20,台北,0,0,0,None,,,,,,,2026-08-31
2025-09-20,新北,5,0,2.5,Low,《新北水巡 20有成》特展,Expo / Exhibition,中正路435號(濕地故事館2樓),2025-09-19,2026-02-28,https://data.gov.tw/dataset/7778,2026-08-31
2025-09-20,桃園,0,0,0,None,,,,,,,2026-08-31
2025-09-20,台中,2,1,1.25,Medium,探索臺中之美 引客獎勵方案,Major celebration,,2025-05-01,2026-03-03,https://data.gov.tw/dataset/7778,2026-08-31
2025-09-20,高雄,0,0,0,None,,,,,,,2026-08-31
2025-09-21,台北,0,0,0,None,,,,,,,2026-08-31
2025-09-21,新北,5,0,2.5,Low,《新北水巡 20有成》特展,Expo / Exhibition,中正路435號(濕地故事館2樓),2025-09-19,2026-02-28,https://data.gov.tw/dataset/7778,2026-08-31
2025-09-21,桃園,0,0,0,None,,,,,,,2026-08-31
2025-09-21,台中,2,1,1.25,Medium,探索臺中之美 引客獎勵方案,Major celebration,,2025-05-01,2026-03-03,https://data.gov.tw/dataset/7778,2026-08-31
2025-09-21,高雄,0,0,0,None,,,,,,,2026-08-31
2025-09-22,台北,0,0,0,None,,,,,,,2026-08-31
2025-09-22,新北,5,0,2.5,Low,《新北水巡 20有成》特展,Expo / Exhibition,中正路435號(濕地故事館2樓),2025-09-19,2026-02-28,https://data.gov.tw/dataset/7778,2026-08-31
2025-09-22,桃園,0,0,0,None,,,,,,,2026-08-31
2025-09-22,台中,2,1,1.25,Medium,探索臺中之美 引客獎勵方案,Major celebration,,2025-05-01,2026-03-03,https://data.gov.tw/dataset/7778,2026-08-31
2025-09-22,高雄,0,0,0,None,,,,,,,2026-08-31
2025-09-23,台北,0,0,0,None,,,,,,,2026-08-31
2025-09-23,新北,5,0,2.5,Low,《新北水巡 20有成》特展,Expo / Exhibition,中正路435號(濕地故事館2樓),2025-09-19,2026-02-28,https://data.gov.tw/dataset/7778,2026-08-31
2025-09-23,桃園,0,0,0,None,,,,,,,2026-08-31
2025-09-23,台中,2,1,1.25,Medium,探索臺中之美 引客獎勵方案,Major celebration,,2025-05-01,2026-03-03,https://data.gov.tw/dataset/7778,2026-08-31
2025-09-23,高雄,0,0,0,None,,,,,,,2026-08-31
2025-09-24,台北,0,0,0,None,,,,,,,2026-08-31
2025-09-24,新北,5,0,2.5,Low,《新北水巡 20有成》特展,Expo / Exhibition,中正路435號(濕地故事館2樓),2025-09-19,2026-02-28,https://data.gov.tw/dataset/7778,2026-08-31
2025-09-24,桃園,0,0,0,None,,,,,,,2026-08-31
2025-09-24,台中,2,1,1.25,Medium,探索臺中之美 引客獎勵方案,Major celebration,,2025-05-01,2026-03-03,https://data.gov.tw/dataset/7778,2026-08-31
2025-09-24,高雄,0,0,0,None,,,,,,,2026-08-31
2025-09-25,台北,0,0,0,None,,,,,,,2026-08-31
2025-09-25,新北,5,0,2.5,Low,《新北水巡 20有成》特展,Expo / Exhibition,中正路435號(濕地故事館2樓),2025-09-19,2026-02-28,https://data.gov.tw/dataset/7778,2026-08-31
2025-09-25,桃園,0,0,0,None,,,,,,,2026-08-31
2025-09-25,台中,2,1,1.25,Medium,探索臺中之美 引客獎勵方案,Major celebration,,2025-05-01,2026-03-03,https://data.gov.tw/dataset/7778,2026-08-31
2025-09-25,高雄,0,0,0,None,,,,,,,2026-08-31
2025-09-26,台北,0,0,0,None,,,,,,,2026-08-31
2025-09-26,新北,5,0,2.5,Low,《新北水巡 20有成》特展,Expo / Exhibition,中正路435號(濕地故事館2樓),2025-09-19,2026-02-28,https://data.gov.tw/dataset/7778,2026-08-31
2025-09-26,桃園,0,0,0,None,,,,,,,2026-08-31
2025-09-26,台中,2,1,1.25,Medium,探索臺中之美 引客獎勵方案,Major celebration,,2025-05-01,2026-03-03,https://data.gov.tw/dataset/7778,2026-08-31
2025-09-26,高雄,0,0,0,None,,,,,,,2026-08-31
2025-09-27,台北,0,0,0,None,,,,,,,2026-08-31
2025-09-27,新北,5,0,2.5,Low,《新北水巡 20有成》特展,Expo / Exhibition,中正路435號(濕地故事館2樓),2025-09-19,2026-02-28,https://data.gov.tw/dataset/7778,2026-08-31
2025-09-27,桃園,0,0,0,None,,,,,,,2026-08-31
2025-09-27,台中,2,1,1.25,Medium,探索臺中之美 引客獎勵方案,Major celebration,,2025-05-01,2026-03-03,https://data.gov.tw/dataset/7778,2026-08-31
2025-09-27,高雄,0,0,0,None,,,,,,,2026-08-31
2025-09-28,台北,0,0,0,None,,,,,,,2026-08-31
2025-09-28,新北,5,0,2.5,Low,《新北水巡 20有成》特展,Expo / Exhibition,中正路435號(濕地故事館2樓),2025-09-19,2026-02-28,https://data.gov.tw/dataset/7778,2026-08-31
2025-09-28,桃園,0,0,0,None,,,,,,,2026-08-31
2025-09-28,台中,2,1,1.25,Medium,探索臺中之美 引客獎勵方案,Major celebration,,2025-05-01,2026-03-03,https://data.gov.tw/dataset/7778,2026-08-31
2025-09-28,高雄,0,0,0,None,,,,,,,2026-08-31
2025-09-29,台北,0,0,0,None,,,,,,,2026-08-31
2025-09-29,新北,6,0,3,Medium,《新北水巡 20有成》特展,Expo / Exhibition,中正路435號(濕地故事館2樓),2025-09-19,2026-02-28,https://data.gov.tw/dataset/7778,2026-08-31
2025-09-29,桃園,0,0,0,None,,,,,,,2026-08-31
2025-09-29,台中,2,1,1.25,Medium,探索臺中之美 引客獎勵方案,Major celebration,,2025-05-01,2026-03-03,https://data.gov.tw/dataset/7778,2026-08-31
2025-09-29,高雄,0,0,0,None,,,,,,,2026-08-31
2025-09-30,台北,0,0,0,None,,,,,,,2026-08-31
2025-09-30,新北,6,0,3,Medium,《新北水巡 20有成》特展,Expo / Exhibition,中正路435號(濕地故事館2樓),2025-09-19,2026-02-28,https://data.gov.tw/dataset/7778,2026-08-31
2025-09-30,桃園,0,0,0,None,,,,,,,2026-08-31
2025-09-30,台中,2,1,1.25,Medium,探索臺中之美 引客獎勵方案,Major celebration,,2025-05-01,2026-03-03,https://data.gov.tw/dataset/7778,2026-08-31
2025-09-30,高雄,0,0,0,None,,,,,,,2026-08-31
2025-10-01,台北,0,0,0,None,,,,,,,2026-08-31
2025-10-01,新北,6,0,3,Medium,《新北水巡 20有成》特展,Expo / Exhibition,中正路435號(濕地故事館2樓),2025-09-19,2026-02-28,https://data.gov.tw/dataset/7778,2026-08-31
2025-10-01,桃園,0,0,0,None,,,,,,,2026-08-31
2025-10-01,台中,3,1,1.5,Medium,探索臺中之美 引客獎勵方案,Major celebration,,2025-05-01,2026-03-03,https://data.gov.tw/dataset/7778,2026-08-31
2025-10-01,高雄,1,0,0.25,Low,微醺大飯店 The Great Tipsy,Other,臨海三路5號(哈瑪星貿易商大樓),2025-10-01,2026-12-31,https://data.gov.tw/dataset/7778,2026-08-31
2025-10-02,台北,0,0,0,None,,,,,,,2026-08-31
2025-10-02,新北,7,0,3.5,Medium,《新北水巡 20有成》特展,Expo / Exhibition,中正路435號(濕地故事館2樓),2025-09-19,2026-02-28,https://data.gov.tw/dataset/7778,2026-08-31
2025-10-02,桃園,0,0,0,None,,,,,,,2026-08-31
2025-10-02,台中,3,1,1.5,Medium,探索臺中之美 引客獎勵方案,Major celebration,,2025-05-01,2026-03-03,https://data.gov.tw/dataset/7778,2026-08-31
2025-10-02,高雄,1,0,0.25,Low,微醺大飯店 The Great Tipsy,Other,臨海三路5號(哈瑪星貿易商大樓),2025-10-01,2026-12-31,https://data.gov.tw/dataset/7778,2026-08-31
2025-10-03,台北,0,0,0,None,,,,,,,2026-08-31
2025-10-03,新北,9,0,4.5,Medium,《新北水巡 20有成》特展,Expo / Exhibition,中正路435號(濕地故事館2樓),2025-09-19,2026-02-28,https://data.gov.tw/dataset/7778,2026-08-31
2025-10-03,桃園,0,0,0,None,,,,,,,2026-08-31
2025-10-03,台中,3,1,1.5,Medium,探索臺中之美 引客獎勵方案,Major celebration,,2025-05-01,2026-03-03,https://data.gov.tw/dataset/7778,2026-08-31
2025-10-03,高雄,1,0,0.25,Low,微醺大飯店 The Great Tipsy,Other,臨海三路5號(哈瑪星貿易商大樓),2025-10-01,2026-12-31,https://data.gov.tw/dataset/7778,2026-08-31
2025-10-04,台北,0,0,0,None,,,,,,,2026-08-31
2025-10-04,新北,9,0,4.5,Medium,《新北水巡 20有成》特展,Expo / Exhibition,中正路435號(濕地故事館2樓),2025-09-19,2026-02-28,https://data.gov.tw/dataset/7778,2026-08-31
2025-10-04,桃園,0,0,0,None,,,,,,,2026-08-31
2025-10-04,台中,3,1,1.5,Medium,探索臺中之美 引客獎勵方案,Major celebration,,2025-05-01,2026-03-03,https://data.gov.tw/dataset/7778,2026-08-31
2025-10-04,高雄,1,0,0.25,Low,微醺大飯店 The Great Tipsy,Other,臨海三路5號(哈瑪星貿易商大樓),2025-10-01,2026-12-31,https://data.gov.tw/dataset/7778,2026-08-31
2025-10-05,台北,0,0,0,None,,,,,,,2026-08-31
2025-10-05,新北,9,0,4.5,Medium,《新北水巡 20有成》特展,Expo / Exhibition,中正路435號(濕地故事館2樓),2025-09-19,2026-02-28,https://data.gov.tw/dataset/7778,2026-08-31
2025-10-05,桃園,0,0,0,None,,,,,,,2026-08-31
2025-10-05,台中,3,1,1.5,Medium,探索臺中之美 引客獎勵方案,Major celebration,,2025-05-01,2026-03-03,https://data.gov.tw/dataset/7778,2026-08-31
2025-10-05,高雄,1,0,0.25,Low,微醺大飯店 The Great Tipsy,Other,臨海三路5號(哈瑪星貿易商大樓),2025-10-01,2026-12-31,https://data.gov.tw/dataset/7778,2026-08-31
2025-10-06,台北,0,0,0,None,,,,,,,2026-08-31
2025-10-06,新北,9,0,4.5,Medium,《新北水巡 20有成》特展,Expo / Exhibition,中正路435號(濕地故事館2樓),2025-09-19,2026-02-28,https://data.gov.tw/dataset/7778,2026-08-31
2025-10-06,桃園,0,0,0,None,,,,,,,2026-08-31
2025-10-06,台中,3,1,1.5,Medium,探索臺中之美 引客獎勵方案,Major celebration,,2025-05-01,2026-03-03,https://data.gov.tw/dataset/7778,2026-08-31
2025-10-06,高雄,1,0,0.25,Low,微醺大飯店 The Great Tipsy,Other,臨海三路5號(哈瑪星貿易商大樓),2025-10-01,2026-12-31,https://data.gov.tw/dataset/7778,2026-08-31
2025-10-07,台北,0,0,0,None,,,,,,,2026-08-31
2025-10-07,新北,9,0,4.5,Medium,《新北水巡 20有成》特展,Expo / Exhibition,中正路435號(濕地故事館2樓),2025-09-19,2026-02-28,https://data.gov.tw/dataset/7778,2026-08-31
2025-10-07,桃園,0,0,0,None,,,,,,,2026-08-31
2025-10-07,台中,3,1,1.5,Medium,探索臺中之美 引客獎勵方案,Major celebration,,2025-05-01,2026-03-03,https://data.gov.tw/dataset/7778,2026-08-31
2025-10-07,高雄,1,0,0.25,Low,微醺大飯店 The Great Tipsy,Other,臨海三路5號(哈瑪星貿易商大樓),2025-10-01,2026-12-31,https://data.gov.tw/dataset/7778,2026-08-31
2025-10-08,台北,0,0,0,None,,,,,,,2026-08-31
2025-10-08,新北,9,0,4.5,Medium,《新北水巡 20有成》特展,Expo / Exhibition,中正路435號(濕地故事館2樓),2025-09-19,2026-02-28,https://data.gov.tw/dataset/7778,2026-08-31
2025-10-08,桃園,0,0,0,None,,,,,,,2026-08-31
2025-10-08,台中,3,1,1.5,Medium,探索臺中之美 引客獎勵方案,Major celebration,,2025-05-01,2026-03-03,https://data.gov.tw/dataset/7778,2026-08-31
2025-10-08,高雄,1,0,0.25,Low,微醺大飯店 The Great Tipsy,Other,臨海三路5號(哈瑪星貿易商大樓),2025-10-01,2026-12-31,https://data.gov.tw/dataset/7778,2026-08-31
2025-10-09,台北,0,0,0,None,,,,,,,2026-08-31
2025-10-09,新北,9,0,4.5,Medium,《新北水巡 20有成》特展,Expo / Exhibition,中正路435號(濕地故事館2樓),2025-09-19,2026-02-28,https://data.gov.tw/dataset/7778,2026-08-31
2025-10-09,桃園,0,0,0,None,,,,,,,2026-08-31
2025-10-09,台中,3,1,1.5,Medium,探索臺中之美 引客獎勵方案,Major celebration,,2025-05-01,2026-03-03,https://data.gov.tw/dataset/7778,2026-08-31
2025-10-09,高雄,1,0,0.25,Low,微醺大飯店 The Great Tipsy,Other,臨海三路5號(哈瑪星貿易商大樓),2025-10-01,2026-12-31,https://data.gov.tw/dataset/7778,2026-08-31
2025-10-10,台北,0,0,0,None,,,,,,,2026-08-31
2025-10-10,新北,9,0,4.5,Medium,《新北水巡 20有成》特展,Expo / Exhibition,中正路435號(濕地故事館2樓),2025-09-19,2026-02-28,https://data.gov.tw/dataset/7778,2026-08-31
2025-10-10,桃園,0,0,0,None,,,,,,,2026-08-31
2025-10-10,台中,3,1,1.5,Medium,探索臺中之美 引客獎勵方案,Major celebration,,2025-05-01,2026-03-03,https://data.gov.tw/dataset/7778,2026-08-31
2025-10-10,高雄,1,0,0.25,Low,微醺大飯店 The Great Tipsy,Other,臨海三路5號(哈瑪星貿易商大樓),2025-10-01,2026-12-31,https://data.gov.tw/dataset/7778,2026-08-31
2025-10-11,台北,0,0,0,None,,,,,,,2026-08-31
2025-10-11,新北,9,0,4.5,Medium,《新北水巡 20有成》特展,Expo / Exhibition,中正路435號(濕地故事館2樓),2025-09-19,2026-02-28,https://data.gov.tw/dataset/7778,2026-08-31
2025-10-11,桃園,0,0,0,None,,,,,,,2026-08-31
2025-10-11,台中,3,1,1.5,Medium,探索臺中之美 引客獎勵方案,Major celebration,,2025-05-01,2026-03-03,https://data.gov.tw/dataset/7778,2026-08-31
2025-10-11,高雄,1,0,0.25,Low,微醺大飯店 The Great Tipsy,Other,臨海三路5號(哈瑪星貿易商大樓),2025-10-01,2026-12-31,https://data.gov.tw/dataset/7778,2026-08-31
2025-10-12,台北,0,0,0,None,,,,,,,2026-08-31
2025-10-12,新北,9,0,4.5,Medium,《新北水巡 20有成》特展,Expo / Exhibition,中正路435號(濕地故事館2樓),2025-09-19,2026-02-28,https://data.gov.tw/dataset/7778,2026-08-31
2025-10-12,桃園,0,0,0,None,,,,,,,2026-08-31
2025-10-12,台中,3,1,1.5,Medium,探索臺中之美 引客獎勵方案,Major celebration,,2025-05-01,2026-03-03,https://data.gov.tw/dataset/7778,2026-08-31
2025-10-12,高雄,1,0,0.25,Low,微醺大飯店 The Great Tipsy,Other,臨海三路5號(哈瑪星貿易商大樓),2025-10-01,2026-12-31,https://data.gov.tw/dataset/7778,2026-08-31
2025-10-13,台北,0,0,0,None,,,,,,,2026-08-31
2025-10-13,新北,9,0,4.5,Medium,《新北水巡 20有成》特展,Expo / Exhibition,中正路435號(濕地故事館2樓),2025-09-19,2026-02-28,https://data.gov.tw/dataset/7778,2026-08-31
2025-10-13,桃園,0,0,0,None,,,,,,,2026-08-31
2025-10-13,台中,3,1,1.5,Medium,探索臺中之美 引客獎勵方案,Major celebration,,2025-05-01,2026-03-03,https://data.gov.tw/dataset/7778,2026-08-31
2025-10-13,高雄,1,0,0.25,Low,微醺大飯店 The Great Tipsy,Other,臨海三路5號(哈瑪星貿易商大樓),2025-10-01,2026-12-31,https://data.gov.tw/dataset/7778,2026-08-31
2025-10-14,台北,0,0,0,None,,,,,,,2026-08-31
2025-10-14,新北,9,0,4.5,Medium,《新北水巡 20有成》特展,Expo / Exhibition,中正路435號(濕地故事館2樓),2025-09-19,2026-02-28,https://data.gov.tw/dataset/7778,2026-08-31
2025-10-14,桃園,0,0,0,None,,,,,,,2026-08-31
2025-10-14,台中,3,1,1.5,Medium,探索臺中之美 引客獎勵方案,Major celebration,,2025-05-01,2026-03-03,https://data.gov.tw/dataset/7778,2026-08-31
2025-10-14,高雄,1,0,0.25,Low,微醺大飯店 The Great Tipsy,Other,臨海三路5號(哈瑪星貿易商大樓),2025-10-01,2026-12-31,https://data.gov.tw/dataset/7778,2026-08-31
2025-10-15,台北,0,0,0,None,,,,,,,2026-08-31
2025-10-15,新北,9,0,4.5,Medium,《新北水巡 20有成》特展,Expo / Exhibition,中正路435號(濕地故事館2樓),2025-09-19,2026-02-28,https://data.gov.tw/dataset/7778,2026-08-31
2025-10-15,桃園,0,0,0,None,,,,,,,2026-08-31
2025-10-15,台中,3,1,1.5,Medium,探索臺中之美 引客獎勵方案,Major celebration,,2025-05-01,2026-03-03,https://data.gov.tw/dataset/7778,2026-08-31
2025-10-15,高雄,1,0,0.25,Low,微醺大飯店 The Great Tipsy,Other,臨海三路5號(哈瑪星貿易商大樓),2025-10-01,2026-12-31,https://data.gov.tw/dataset/7778,2026-08-31
2025-10-16,台北,0,0,0,None,,,,,,,2026-08-31
2025-10-16,新北,9,0,4.5,Medium,《新北水巡 20有成》特展,Expo / Exhibition,中正路435號(濕地故事館2樓),2025-09-19,2026-02-28,https://data.gov.tw/dataset/7778,2026-08-31
2025-10-16,桃園,0,0,0,None,,,,,,,2026-08-31
2025-10-16,台中,3,1,1.5,Medium,探索臺中之美 引客獎勵方案,Major celebration,,2025-05-01,2026-03-03,https://data.gov.tw/dataset/7778,2026-08-31
2025-10-16,高雄,1,0,0.25,Low,微醺大飯店 The Great Tipsy,Other,臨海三路5號(哈瑪星貿易商大樓),2025-10-01,2026-12-31,https://data.gov.tw/dataset/7778,2026-08-31
2025-10-17,台北,0,0,0,None,,,,,,,2026-08-31
2025-10-17,新北,9,0,4.5,Medium,《新北水巡 20有成》特展,Expo / Exhibition,中正路435號(濕地故事館2樓),2025-09-19,2026-02-28,https://data.gov.tw/dataset/7778,2026-08-31
2025-10-17,桃園,0,0,0,None,,,,,,,2026-08-31
2025-10-17,台中,3,1,1.5,Medium,探索臺中之美 引客獎勵方案,Major celebration,,2025-05-01,2026-03-03,https://data.gov.tw/dataset/7778,2026-08-31
2025-10-17,高雄,1,0,0.25,Low,微醺大飯店 The Great Tipsy,Other,臨海三路5號(哈瑪星貿易商大樓),2025-10-01,2026-12-31,https://data.gov.tw/dataset/7778,2026-08-31
2025-10-18,台北,0,0,0,None,,,,,,,2026-08-31
2025-10-18,新北,9,0,4.5,Medium,《新北水巡 20有成》特展,Expo / Exhibition,中正路435號(濕地故事館2樓),2025-09-19,2026-02-28,https://data.gov.tw/dataset/7778,2026-08-31
2025-10-18,桃園,0,0,0,None,,,,,,,2026-08-31
2025-10-18,台中,3,1,1.5,Medium,探索臺中之美 引客獎勵方案,Major celebration,,2025-05-01,2026-03-03,https://data.gov.tw/dataset/7778,2026-08-31
2025-10-18,高雄,1,0,0.25,Low,微醺大飯店 The Great Tipsy,Other,臨海三路5號(哈瑪星貿易商大樓),2025-10-01,2026-12-31,https://data.gov.tw/dataset/7778,2026-08-31
2025-10-19,台北,0,0,0,None,,,,,,,2026-08-31
2025-10-19,新北,10,0,5,Medium,《新北水巡 20有成》特展,Expo / Exhibition,中正路435號(濕地故事館2樓),2025-09-19,2026-02-28,https://data.gov.tw/dataset/7778,2026-08-31
2025-10-19,桃園,0,0,0,None,,,,,,,2026-08-31
2025-10-19,台中,3,1,1.5,Medium,探索臺中之美 引客獎勵方案,Major celebration,,2025-05-01,2026-03-03,https://data.gov.tw/dataset/7778,2026-08-31
2025-10-19,高雄,1,0,0.25,Low,微醺大飯店 The Great Tipsy,Other,臨海三路5號(哈瑪星貿易商大樓),2025-10-01,2026-12-31,https://data.gov.tw/dataset/7778,2026-08-31
2025-10-20,台北,0,0,0,None,,,,,,,2026-08-31
2025-10-20,新北,10,0,5,Medium,《新北水巡 20有成》特展,Expo / Exhibition,中正路435號(濕地故事館2樓),2025-09-19,2026-02-28,https://data.gov.tw/dataset/7778,2026-08-31
2025-10-20,桃園,0,0,0,None,,,,,,,2026-08-31
2025-10-20,台中,3,1,1.5,Medium,探索臺中之美 引客獎勵方案,Major celebration,,2025-05-01,2026-03-03,https://data.gov.tw/dataset/7778,2026-08-31
2025-10-20,高雄,1,0,0.25,Low,微醺大飯店 The Great Tipsy,Other,臨海三路5號(哈瑪星貿易商大樓),2025-10-01,2026-12-31,https://data.gov.tw/dataset/7778,2026-08-31
2025-10-21,台北,0,0,0,None,,,,,,,2026-08-31
2025-10-21,新北,10,0,5,Medium,《新北水巡 20有成》特展,Expo / Exhibition,中正路435號(濕地故事館2樓),2025-09-19,2026-02-28,https://data.gov.tw/dataset/7778,2026-08-31
2025-10-21,桃園,0,0,0,None,,,,,,,2026-08-31
2025-10-21,台中,3,1,1.5,Medium,探索臺中之美 引客獎勵方案,Major celebration,,2025-05-01,2026-03-03,https://data.gov.tw/dataset/7778,2026-08-31
2025-10-21,高雄,1,0,0.25,Low,微醺大飯店 The Great Tipsy,Other,臨海三路5號(哈瑪星貿易商大樓),2025-10-01,2026-12-31,https://data.gov.tw/dataset/7778,2026-08-31
2025-10-22,台北,0,0,0,None,,,,,,,2026-08-31
2025-10-22,新北,10,0,5,Medium,《新北水巡 20有成》特展,Expo / Exhibition,中正路435號(濕地故事館2樓),2025-09-19,2026-02-28,https://data.gov.tw/dataset/7778,2026-08-31
2025-10-22,桃園,0,0,0,None,,,,,,,2026-08-31
2025-10-22,台中,3,1,1.5,Medium,探索臺中之美 引客獎勵方案,Major celebration,,2025-05-01,2026-03-03,https://data.gov.tw/dataset/7778,2026-08-31
2025-10-22,高雄,1,0,0.25,Low,微醺大飯店 The Great Tipsy,Other,臨海三路5號(哈瑪星貿易商大樓),2025-10-01,2026-12-31,https://data.gov.tw/dataset/7778,2026-08-31
2025-10-23,台北,0,0,0,None,,,,,,,2026-08-31
2025-10-23,新北,10,0,5,Medium,《新北水巡 20有成》特展,Expo / Exhibition,中正路435號(濕地故事館2樓),2025-09-19,2026-02-28,https://data.gov.tw/dataset/7778,2026-08-31
2025-10-23,桃園,0,0,0,None,,,,,,,2026-08-31
2025-10-23,台中,3,1,1.5,Medium,探索臺中之美 引客獎勵方案,Major celebration,,2025-05-01,2026-03-03,https://data.gov.tw/dataset/7778,2026-08-31
2025-10-23,高雄,1,0,0.25,Low,微醺大飯店 The Great Tipsy,Other,臨海三路5號(哈瑪星貿易商大樓),2025-10-01,2026-12-31,https://data.gov.tw/dataset/7778,2026-08-31
2025-10-24,台北,0,0,0,None,,,,,,,2026-08-31
2025-10-24,新北,10,0,5,Medium,《新北水巡 20有成》特展,Expo / Exhibition,中正路435號(濕地故事館2樓),2025-09-19,2026-02-28,https://data.gov.tw/dataset/7778,2026-08-31
2025-10-24,桃園,0,0,0,None,,,,,,,2026-08-31
2025-10-24,台中,3,1,1.5,Medium,探索臺中之美 引客獎勵方案,Major celebration,,2025-05-01,2026-03-03,https://data.gov.tw/dataset/7778,2026-08-31
2025-10-24,高雄,1,0,0.25,Low,微醺大飯店 The Great Tipsy,Other,臨海三路5號(哈瑪星貿易商大樓),2025-10-01,2026-12-31,https://data.gov.tw/dataset/7778,2026-08-31
2025-10-25,台北,0,0,0,None,,,,,,,2026-08-31
2025-10-25,新北,10,0,5,Medium,《新北水巡 20有成》特展,Expo / Exhibition,中正路435號(濕地故事館2樓),2025-09-19,2026-02-28,https://data.gov.tw/dataset/7778,2026-08-31
2025-10-25,桃園,0,0,0,None,,,,,,,2026-08-31
2025-10-25,台中,3,1,1.5,Medium,探索臺中之美 引客獎勵方案,Major celebration,,2025-05-01,2026-03-03,https://data.gov.tw/dataset/7778,2026-08-31
2025-10-25,高雄,1,0,0.25,Low,微醺大飯店 The Great Tipsy,Other,臨海三路5號(哈瑪星貿易商大樓),2025-10-01,2026-12-31,https://data.gov.tw/dataset/7778,2026-08-31
2025-10-26,台北,0,0,0,None,,,,,,,2026-08-31
2025-10-26,新北,10,0,5,Medium,《新北水巡 20有成》特展,Expo / Exhibition,中正路435號(濕地故事館2樓),2025-09-19,2026-02-28,https://data.gov.tw/dataset/7778,2026-08-31
2025-10-26,桃園,0,0,0,None,,,,,,,2026-08-31
2025-10-26,台中,3,1,1.5,Medium,探索臺中之美 引客獎勵方案,Major celebration,,2025-05-01,2026-03-03,https://data.gov.tw/dataset/7778,2026-08-31
2025-10-26,高雄,1,0,0.25,Low,微醺大飯店 The Great Tipsy,Other,臨海三路5號(哈瑪星貿易商大樓),2025-10-01,2026-12-31,https://data.gov.tw/dataset/7778,2026-08-31
2025-10-27,台北,0,0,0,None,,,,,,,2026-08-31
2025-10-27,新北,10,0,5,Medium,《新北水巡 20有成》特展,Expo / Exhibition,中正路435號(濕地故事館2樓),2025-09-19,2026-02-28,https://data.gov.tw/dataset/7778,2026-08-31
2025-10-27,桃園,0,0,0,None,,,,,,,2026-08-31
2025-10-27,台中,3,1,1.5,Medium,探索臺中之美 引客獎勵方案,Major celebration,,2025-05-01,2026-03-03,https://data.gov.tw/dataset/7778,2026-08-31
2025-10-27,高雄,1,0,0.25,Low,微醺大飯店 The Great Tipsy,Other,臨海三路5號(哈瑪星貿易商大樓),2025-10-01,2026-12-31,https://data.gov.tw/dataset/7778,2026-08-31
2025-10-28,台北,0,0,0,None,,,,,,,2026-08-31
2025-10-28,新北,10,0,5,Medium,《新北水巡 20有成》特展,Expo / Exhibition,中正路435號(濕地故事館2樓),2025-09-19,2026-02-28,https://data.gov.tw/dataset/7778,2026-08-31
2025-10-28,桃園,0,0,0,None,,,,,,,2026-08-31
2025-10-28,台中,3,1,1.5,Medium,探索臺中之美 引客獎勵方案,Major celebration,,2025-05-01,2026-03-03,https://data.gov.tw/dataset/7778,2026-08-31
2025-10-28,高雄,1,0,0.25,Low,微醺大飯店 The Great Tipsy,Other,臨海三路5號(哈瑪星貿易商大樓),2025-10-01,2026-12-31,https://data.gov.tw/dataset/7778,2026-08-31
2025-10-29,台北,0,0,0,None,,,,,,,2026-08-31
2025-10-29,新北,10,0,5,Medium,《新北水巡 20有成》特展,Expo / Exhibition,中正路435號(濕地故事館2樓),2025-09-19,2026-02-28,https://data.gov.tw/dataset/7778,2026-08-31
2025-10-29,桃園,0,0,0,None,,,,,,,2026-08-31
2025-10-29,台中,3,1,1.5,Medium,探索臺中之美 引客獎勵方案,Major celebration,,2025-05-01,2026-03-03,https://data.gov.tw/dataset/7778,2026-08-31
2025-10-29,高雄,1,0,0.25,Low,微醺大飯店 The Great Tipsy,Other,臨海三路5號(哈瑪星貿易商大樓),2025-10-01,2026-12-31,https://data.gov.tw/dataset/7778,2026-08-31
2025-10-30,台北,0,0,0,None,,,,,,,2026-08-31
2025-10-30,新北,10,0,5,Medium,《新北水巡 20有成》特展,Expo / Exhibition,中正路435號(濕地故事館2樓),2025-09-19,2026-02-28,https://data.gov.tw/dataset/7778,2026-08-31
2025-10-30,桃園,0,0,0,None,,,,,,,2026-08-31
2025-10-30,台中,3,1,1.5,Medium,探索臺中之美 引客獎勵方案,Major celebration,,2025-05-01,2026-03-03,https://data.gov.tw/dataset/7778,2026-08-31
2025-10-30,高雄,1,0,0.25,Low,微醺大飯店 The Great Tipsy,Other,臨海三路5號(哈瑪星貿易商大樓),2025-10-01,2026-12-31,https://data.gov.tw/dataset/7778,2026-08-31
2025-10-31,台北,0,0,0,None,,,,,,,2026-08-31
2025-10-31,新北,10,0,5,Medium,《新北水巡 20有成》特展,Expo / Exhibition,中正路435號(濕地故事館2樓),2025-09-19,2026-02-28,https://data.gov.tw/dataset/7778,2026-08-31
2025-10-31,桃園,0,0,0,None,,,,,,,2026-08-31
2025-10-31,台中,3,1,1.5,Medium,探索臺中之美 引客獎勵方案,Major celebration,,2025-05-01,2026-03-03,https://data.gov.tw/dataset/7778,2026-08-31
2025-10-31,高雄,1,0,0.25,Low,微醺大飯店 The Great Tipsy,Other,臨海三路5號(哈瑪星貿易商大樓),2025-10-01,2026-12-31,https://data.gov.tw/dataset/7778,2026-08-31
2025-11-01,台北,0,0,0,None,,,,,,,2026-08-31
2025-11-01,新北,10,0,5,Medium,《新北水巡 20有成》特展,Expo / Exhibition,中正路435號(濕地故事館2樓),2025-09-19,2026-02-28,https://data.gov.tw/dataset/7778,2026-08-31
2025-11-01,桃園,0,0,0,None,,,,,,,2026-08-31
2025-11-01,台中,3,1,1.5,Medium,探索臺中之美 引客獎勵方案,Major celebration,,2025-05-01,2026-03-03,https://data.gov.tw/dataset/7778,2026-08-31
2025-11-01,高雄,1,0,0.25,Low,微醺大飯店 The Great Tipsy,Other,臨海三路5號(哈瑪星貿易商大樓),2025-10-01,2026-12-31,https://data.gov.tw/dataset/7778,2026-08-31
2025-11-02,台北,0,0,0,None,,,,,,,2026-08-31
2025-11-02,新北,10,0,5,Medium,《新北水巡 20有成》特展,Expo / Exhibition,中正路435號(濕地故事館2樓),2025-09-19,2026-02-28,https://data.gov.tw/dataset/7778,2026-08-31
2025-11-02,桃園,0,0,0,None,,,,,,,2026-08-31
2025-11-02,台中,3,1,1.5,Medium,探索臺中之美 引客獎勵方案,Major celebration,,2025-05-01,2026-03-03,https://data.gov.tw/dataset/7778,2026-08-31
2025-11-02,高雄,1,0,0.25,Low,微醺大飯店 The Great Tipsy,Other,臨海三路5號(哈瑪星貿易商大樓),2025-10-01,2026-12-31,https://data.gov.tw/dataset/7778,2026-08-31
2025-11-03,台北,0,0,0,None,,,,,,,2026-08-31
2025-11-03,新北,10,0,5,Medium,《新北水巡 20有成》特展,Expo / Exhibition,中正路435號(濕地故事館2樓),2025-09-19,2026-02-28,https://data.gov.tw/dataset/7778,2026-08-31
2025-11-03,桃園,0,0,0,None,,,,,,,2026-08-31
2025-11-03,台中,3,1,1.5,Medium,探索臺中之美 引客獎勵方案,Major celebration,,2025-05-01,2026-03-03,https://data.gov.tw/dataset/7778,2026-08-31
2025-11-03,高雄,1,0,0.25,Low,微醺大飯店 The Great Tipsy,Other,臨海三路5號(哈瑪星貿易商大樓),2025-10-01,2026-12-31,https://data.gov.tw/dataset/7778,2026-08-31
2025-11-04,台北,0,0,0,None,,,,,,,2026-08-31
2025-11-04,新北,10,0,5,Medium,《新北水巡 20有成》特展,Expo / Exhibition,中正路435號(濕地故事館2樓),2025-09-19,2026-02-28,https://data.gov.tw/dataset/7778,2026-08-31
2025-11-04,桃園,0,0,0,None,,,,,,,2026-08-31
2025-11-04,台中,3,1,1.5,Medium,探索臺中之美 引客獎勵方案,Major celebration,,2025-05-01,2026-03-03,https://data.gov.tw/dataset/7778,2026-08-31
2025-11-04,高雄,1,0,0.25,Low,微醺大飯店 The Great Tipsy,Other,臨海三路5號(哈瑪星貿易商大樓),2025-10-01,2026-12-31,https://data.gov.tw/dataset/7778,2026-08-31
2025-11-05,台北,0,0,0,None,,,,,,,2026-08-31
2025-11-05,新北,10,0,5,Medium,《新北水巡 20有成》特展,Expo / Exhibition,中正路435號(濕地故事館2樓),2025-09-19,2026-02-28,https://data.gov.tw/dataset/7778,2026-08-31
2025-11-05,桃園,0,0,0,None,,,,,,,2026-08-31
2025-11-05,台中,3,1,1.5,Medium,探索臺中之美 引客獎勵方案,Major celebration,,2025-05-01,2026-03-03,https://data.gov.tw/dataset/7778,2026-08-31
2025-11-05,高雄,1,0,0.25,Low,微醺大飯店 The Great Tipsy,Other,臨海三路5號(哈瑪星貿易商大樓),2025-10-01,2026-12-31,https://data.gov.tw/dataset/7778,2026-08-31
2025-11-06,台北,0,0,0,None,,,,,,,2026-08-31
2025-11-06,新北,10,0,5,Medium,《新北水巡 20有成》特展,Expo / Exhibition,中正路435號(濕地故事館2樓),2025-09-19,2026-02-28,https://data.gov.tw/dataset/7778,2026-08-31
2025-11-06,桃園,0,0,0,None,,,,,,,2026-08-31
2025-11-06,台中,3,1,1.5,Medium,探索臺中之美 引客獎勵方案,Major celebration,,2025-05-01,2026-03-03,https://data.gov.tw/dataset/7778,2026-08-31
2025-11-06,高雄,1,0,0.25,Low,微醺大飯店 The Great Tipsy,Other,臨海三路5號(哈瑪星貿易商大樓),2025-10-01,2026-12-31,https://data.gov.tw/dataset/7778,2026-08-31
2025-11-07,台北,0,0,0,None,,,,,,,2026-08-31
2025-11-07,新北,11,0,5.5,Medium,《新北水巡 20有成》特展,Expo / Exhibition,中正路435號(濕地故事館2樓),2025-09-19,2026-02-28,https://data.gov.tw/dataset/7778,2026-08-31
2025-11-07,桃園,0,0,0,None,,,,,,,2026-08-31
2025-11-07,台中,3,1,1.5,Medium,探索臺中之美 引客獎勵方案,Major celebration,,2025-05-01,2026-03-03,https://data.gov.tw/dataset/7778,2026-08-31
2025-11-07,高雄,1,0,0.25,Low,微醺大飯店 The Great Tipsy,Other,臨海三路5號(哈瑪星貿易商大樓),2025-10-01,2026-12-31,https://data.gov.tw/dataset/7778,2026-08-31
2025-11-08,台北,0,0,0,None,,,,,,,2026-08-31
2025-11-08,新北,11,0,5.5,Medium,《新北水巡 20有成》特展,Expo / Exhibition,中正路435號(濕地故事館2樓),2025-09-19,2026-02-28,https://data.gov.tw/dataset/7778,2026-08-31
2025-11-08,桃園,0,0,0,None,,,,,,,2026-08-31
2025-11-08,台中,3,1,1.5,Medium,探索臺中之美 引客獎勵方案,Major celebration,,2025-05-01,2026-03-03,https://data.gov.tw/dataset/7778,2026-08-31
2025-11-08,高雄,1,0,0.25,Low,微醺大飯店 The Great Tipsy,Other,臨海三路5號(哈瑪星貿易商大樓),2025-10-01,2026-12-31,https://data.gov.tw/dataset/7778,2026-08-31
2025-11-09,台北,0,0,0,None,,,,,,,2026-08-31
2025-11-09,新北,11,0,5.5,Medium,《新北水巡 20有成》特展,Expo / Exhibition,中正路435號(濕地故事館2樓),2025-09-19,2026-02-28,https://data.gov.tw/dataset/7778,2026-08-31
2025-11-09,桃園,0,0,0,None,,,,,,,2026-08-31
2025-11-09,台中,3,1,1.5,Medium,探索臺中之美 引客獎勵方案,Major celebration,,2025-05-01,2026-03-03,https://data.gov.tw/dataset/7778,2026-08-31
2025-11-09,高雄,1,0,0.25,Low,微醺大飯店 The Great Tipsy,Other,臨海三路5號(哈瑪星貿易商大樓),2025-10-01,2026-12-31,https://data.gov.tw/dataset/7778,2026-08-31
2025-11-10,台北,0,0,0,None,,,,,,,2026-08-31
2025-11-10,新北,11,0,5.5,Medium,《新北水巡 20有成》特展,Expo / Exhibition,中正路435號(濕地故事館2樓),2025-09-19,2026-02-28,https://data.gov.tw/dataset/7778,2026-08-31
2025-11-10,桃園,0,0,0,None,,,,,,,2026-08-31
2025-11-10,台中,3,1,1.5,Medium,探索臺中之美 引客獎勵方案,Major celebration,,2025-05-01,2026-03-03,https://data.gov.tw/dataset/7778,2026-08-31
2025-11-10,高雄,1,0,0.25,Low,微醺大飯店 The Great Tipsy,Other,臨海三路5號(哈瑪星貿易商大樓),2025-10-01,2026-12-31,https://data.gov.tw/dataset/7778,2026-08-31
2025-11-11,台北,0,0,0,None,,,,,,,2026-08-31
2025-11-11,新北,11,0,5.5,Medium,《新北水巡 20有成》特展,Expo / Exhibition,中正路435號(濕地故事館2樓),2025-09-19,2026-02-28,https://data.gov.tw/dataset/7778,2026-08-31
2025-11-11,桃園,0,0,0,None,,,,,,,2026-08-31
2025-11-11,台中,3,1,1.5,Medium,探索臺中之美 引客獎勵方案,Major celebration,,2025-05-01,2026-03-03,https://data.gov.tw/dataset/7778,2026-08-31
2025-11-11,高雄,1,0,0.25,Low,微醺大飯店 The Great Tipsy,Other,臨海三路5號(哈瑪星貿易商大樓),2025-10-01,2026-12-31,https://data.gov.tw/dataset/7778,2026-08-31
2025-11-12,台北,0,0,0,None,,,,,,,2026-08-31
2025-11-12,新北,11,0,5.5,Medium,《新北水巡 20有成》特展,Expo / Exhibition,中正路435號(濕地故事館2樓),2025-09-19,2026-02-28,https://data.gov.tw/dataset/7778,2026-08-31
2025-11-12,桃園,0,0,0,None,,,,,,,2026-08-31
2025-11-12,台中,3,1,1.5,Medium,探索臺中之美 引客獎勵方案,Major celebration,,2025-05-01,2026-03-03,https://data.gov.tw/dataset/7778,2026-08-31
2025-11-12,高雄,1,0,0.25,Low,微醺大飯店 The Great Tipsy,Other,臨海三路5號(哈瑪星貿易商大樓),2025-10-01,2026-12-31,https://data.gov.tw/dataset/7778,2026-08-31
2025-11-13,台北,0,0,0,None,,,,,,,2026-08-31
2025-11-13,新北,11,0,5.5,Medium,《新北水巡 20有成》特展,Expo / Exhibition,中正路435號(濕地故事館2樓),2025-09-19,2026-02-28,https://data.gov.tw/dataset/7778,2026-08-31
2025-11-13,桃園,0,0,0,None,,,,,,,2026-08-31
2025-11-13,台中,3,1,1.5,Medium,探索臺中之美 引客獎勵方案,Major celebration,,2025-05-01,2026-03-03,https://data.gov.tw/dataset/7778,2026-08-31
2025-11-13,高雄,1,0,0.25,Low,微醺大飯店 The Great Tipsy,Other,臨海三路5號(哈瑪星貿易商大樓),2025-10-01,2026-12-31,https://data.gov.tw/dataset/7778,2026-08-31
2025-11-14,台北,0,0,0,None,,,,,,,2026-08-31
2025-11-14,新北,11,0,5.5,Medium,《新北水巡 20有成》特展,Expo / Exhibition,中正路435號(濕地故事館2樓),2025-09-19,2026-02-28,https://data.gov.tw/dataset/7778,2026-08-31
2025-11-14,桃園,0,0,0,None,,,,,,,2026-08-31
2025-11-14,台中,3,1,1.5,Medium,探索臺中之美 引客獎勵方案,Major celebration,,2025-05-01,2026-03-03,https://data.gov.tw/dataset/7778,2026-08-31
2025-11-14,高雄,2,0,0.75,Low,100%哆啦A夢&friends 巡迴特展-高雄站,Expo / Exhibition,國立科學工藝博物館 二樓特展廳,2025-11-14,2026-02-22,https://data.gov.tw/dataset/7778,2026-08-31
2025-11-15,台北,0,0,0,None,,,,,,,2026-08-31
2025-11-15,新北,11,0,5.5,Medium,《新北水巡 20有成》特展,Expo / Exhibition,中正路435號(濕地故事館2樓),2025-09-19,2026-02-28,https://data.gov.tw/dataset/7778,2026-08-31
2025-11-15,桃園,0,0,0,None,,,,,,,2026-08-31
2025-11-15,台中,3,1,1.5,Medium,探索臺中之美 引客獎勵方案,Major celebration,,2025-05-01,2026-03-03,https://data.gov.tw/dataset/7778,2026-08-31
2025-11-15,高雄,4,0,1.63,Low,100%哆啦A夢&friends 巡迴特展-高雄站,Expo / Exhibition,國立科學工藝博物館 二樓特展廳,2025-11-14,2026-02-22,https://data.gov.tw/dataset/7778,2026-08-31
2025-11-16,台北,0,0,0,None,,,,,,,2026-08-31
2025-11-16,新北,11,0,5.5,Medium,《新北水巡 20有成》特展,Expo / Exhibition,中正路435號(濕地故事館2樓),2025-09-19,2026-02-28,https://data.gov.tw/dataset/7778,2026-08-31
2025-11-16,桃園,0,0,0,None,,,,,,,2026-08-31
2025-11-16,台中,3,1,1.5,Medium,探索臺中之美 引客獎勵方案,Major celebration,,2025-05-01,2026-03-03,https://data.gov.tw/dataset/7778,2026-08-31
2025-11-16,高雄,4,0,1.63,Low,100%哆啦A夢&friends 巡迴特展-高雄站,Expo / Exhibition,國立科學工藝博物館 二樓特展廳,2025-11-14,2026-02-22,https://data.gov.tw/dataset/7778,2026-08-31
2025-11-17,台北,0,0,0,None,,,,,,,2026-08-31
2025-11-17,新北,11,0,5.5,Medium,《新北水巡 20有成》特展,Expo / Exhibition,中正路435號(濕地故事館2樓),2025-09-19,2026-02-28,https://data.gov.tw/dataset/7778,2026-08-31
2025-11-17,桃園,0,0,0,None,,,,,,,2026-08-31
2025-11-17,台中,3,1,1.5,Medium,探索臺中之美 引客獎勵方案,Major celebration,,2025-05-01,2026-03-03,https://data.gov.tw/dataset/7778,2026-08-31
2025-11-17,高雄,4,0,1.63,Low,100%哆啦A夢&friends 巡迴特展-高雄站,Expo / Exhibition,國立科學工藝博物館 二樓特展廳,2025-11-14,2026-02-22,https://data.gov.tw/dataset/7778,2026-08-31
2025-11-18,台北,0,0,0,None,,,,,,,2026-08-31
2025-11-18,新北,11,0,5.5,Medium,《新北水巡 20有成》特展,Expo / Exhibition,中正路435號(濕地故事館2樓),2025-09-19,2026-02-28,https://data.gov.tw/dataset/7778,2026-08-31
2025-11-18,桃園,0,0,0,None,,,,,,,2026-08-31
2025-11-18,台中,3,1,1.5,Medium,探索臺中之美 引客獎勵方案,Major celebration,,2025-05-01,2026-03-03,https://data.gov.tw/dataset/7778,2026-08-31
2025-11-18,高雄,4,0,1.63,Low,100%哆啦A夢&friends 巡迴特展-高雄站,Expo / Exhibition,國立科學工藝博物館 二樓特展廳,2025-11-14,2026-02-22,https://data.gov.tw/dataset/7778,2026-08-31
2025-11-19,台北,0,0,0,None,,,,,,,2026-08-31
2025-11-19,新北,11,0,5.5,Medium,《新北水巡 20有成》特展,Expo / Exhibition,中正路435號(濕地故事館2樓),2025-09-19,2026-02-28,https://data.gov.tw/dataset/7778,2026-08-31
2025-11-19,桃園,0,0,0,None,,,,,,,2026-08-31
2025-11-19,台中,3,1,1.5,Medium,探索臺中之美 引客獎勵方案,Major celebration,,2025-05-01,2026-03-03,https://data.gov.tw/dataset/7778,2026-08-31
2025-11-19,高雄,4,0,1.63,Low,100%哆啦A夢&friends 巡迴特展-高雄站,Expo / Exhibition,國立科學工藝博物館 二樓特展廳,2025-11-14,2026-02-22,https://data.gov.tw/dataset/7778,2026-08-31
2025-11-20,台北,0,0,0,None,,,,,,,2026-08-31
2025-11-20,新北,11,0,5.5,Medium,《新北水巡 20有成》特展,Expo / Exhibition,中正路435號(濕地故事館2樓),2025-09-19,2026-02-28,https://data.gov.tw/dataset/7778,2026-08-31
2025-11-20,桃園,0,0,0,None,,,,,,,2026-08-31
2025-11-20,台中,3,1,1.5,Medium,探索臺中之美 引客獎勵方案,Major celebration,,2025-05-01,2026-03-03,https://data.gov.tw/dataset/7778,2026-08-31
2025-11-20,高雄,4,0,1.63,Low,100%哆啦A夢&friends 巡迴特展-高雄站,Expo / Exhibition,國立科學工藝博物館 二樓特展廳,2025-11-14,2026-02-22,https://data.gov.tw/dataset/7778,2026-08-31
2025-11-21,台北,0,0,0,None,,,,,,,2026-08-31
2025-11-21,新北,11,0,5.5,Medium,《新北水巡 20有成》特展,Expo / Exhibition,中正路435號(濕地故事館2樓),2025-09-19,2026-02-28,https://data.gov.tw/dataset/7778,2026-08-31
2025-11-21,桃園,0,0,0,None,,,,,,,2026-08-31
2025-11-21,台中,3,1,1.5,Medium,探索臺中之美 引客獎勵方案,Major celebration,,2025-05-01,2026-03-03,https://data.gov.tw/dataset/7778,2026-08-31
2025-11-21,高雄,4,0,1.63,Low,100%哆啦A夢&friends 巡迴特展-高雄站,Expo / Exhibition,國立科學工藝博物館 二樓特展廳,2025-11-14,2026-02-22,https://data.gov.tw/dataset/7778,2026-08-31
2025-11-22,台北,0,0,0,None,,,,,,,2026-08-31
2025-11-22,新北,11,0,5.5,Medium,《新北水巡 20有成》特展,Expo / Exhibition,中正路435號(濕地故事館2樓),2025-09-19,2026-02-28,https://data.gov.tw/dataset/7778,2026-08-31
2025-11-22,桃園,0,0,0,None,,,,,,,2026-08-31
2025-11-22,台中,3,1,1.5,Medium,探索臺中之美 引客獎勵方案,Major celebration,,2025-05-01,2026-03-03,https://data.gov.tw/dataset/7778,2026-08-31
2025-11-22,高雄,4,0,1.63,Low,100%哆啦A夢&friends 巡迴特展-高雄站,Expo / Exhibition,國立科學工藝博物館 二樓特展廳,2025-11-14,2026-02-22,https://data.gov.tw/dataset/7778,2026-08-31
2025-11-23,台北,0,0,0,None,,,,,,,2026-08-31
2025-11-23,新北,11,0,5.5,Medium,《新北水巡 20有成》特展,Expo / Exhibition,中正路435號(濕地故事館2樓),2025-09-19,2026-02-28,https://data.gov.tw/dataset/7778,2026-08-31
2025-11-23,桃園,0,0,0,None,,,,,,,2026-08-31
2025-11-23,台中,3,1,1.5,Medium,探索臺中之美 引客獎勵方案,Major celebration,,2025-05-01,2026-03-03,https://data.gov.tw/dataset/7778,2026-08-31
2025-11-23,高雄,4,0,1.63,Low,100%哆啦A夢&friends 巡迴特展-高雄站,Expo / Exhibition,國立科學工藝博物館 二樓特展廳,2025-11-14,2026-02-22,https://data.gov.tw/dataset/7778,2026-08-31
2025-11-24,台北,0,0,0,None,,,,,,,2026-08-31
2025-11-24,新北,11,0,5.5,Medium,《新北水巡 20有成》特展,Expo / Exhibition,中正路435號(濕地故事館2樓),2025-09-19,2026-02-28,https://data.gov.tw/dataset/7778,2026-08-31
2025-11-24,桃園,0,0,0,None,,,,,,,2026-08-31
2025-11-24,台中,3,1,1.5,Medium,探索臺中之美 引客獎勵方案,Major celebration,,2025-05-01,2026-03-03,https://data.gov.tw/dataset/7778,2026-08-31
2025-11-24,高雄,4,0,1.63,Low,100%哆啦A夢&friends 巡迴特展-高雄站,Expo / Exhibition,國立科學工藝博物館 二樓特展廳,2025-11-14,2026-02-22,https://data.gov.tw/dataset/7778,2026-08-31
2025-11-25,台北,0,0,0,None,,,,,,,2026-08-31
2025-11-25,新北,11,0,5.5,Medium,《新北水巡 20有成》特展,Expo / Exhibition,中正路435號(濕地故事館2樓),2025-09-19,2026-02-28,https://data.gov.tw/dataset/7778,2026-08-31
2025-11-25,桃園,0,0,0,None,,,,,,,2026-08-31
2025-11-25,台中,3,1,1.5,Medium,探索臺中之美 引客獎勵方案,Major celebration,,2025-05-01,2026-03-03,https://data.gov.tw/dataset/7778,2026-08-31
2025-11-25,高雄,4,0,1.63,Low,100%哆啦A夢&friends 巡迴特展-高雄站,Expo / Exhibition,國立科學工藝博物館 二樓特展廳,2025-11-14,2026-02-22,https://data.gov.tw/dataset/7778,2026-08-31
2025-11-26,台北,0,0,0,None,,,,,,,2026-08-31
2025-11-26,新北,11,0,5.5,Medium,《新北水巡 20有成》特展,Expo / Exhibition,中正路435號(濕地故事館2樓),2025-09-19,2026-02-28,https://data.gov.tw/dataset/7778,2026-08-31
2025-11-26,桃園,1,0,0.25,Low,《全方位職場療癒班》 IP 插畫展,Other,中原文創園區 1倉、2倉,2025-11-26,2026-03-01,https://data.gov.tw/dataset/7778,2026-08-31
2025-11-26,台中,3,1,1.5,Medium,探索臺中之美 引客獎勵方案,Major celebration,,2025-05-01,2026-03-03,https://data.gov.tw/dataset/7778,2026-08-31
2025-11-26,高雄,4,0,1.63,Low,100%哆啦A夢&friends 巡迴特展-高雄站,Expo / Exhibition,國立科學工藝博物館 二樓特展廳,2025-11-14,2026-02-22,https://data.gov.tw/dataset/7778,2026-08-31
2025-11-27,台北,0,0,0,None,,,,,,,2026-08-31
2025-11-27,新北,13,0,6,Medium,《新北水巡 20有成》特展,Expo / Exhibition,中正路435號(濕地故事館2樓),2025-09-19,2026-02-28,https://data.gov.tw/dataset/7778,2026-08-31
2025-11-27,桃園,1,0,0.25,Low,《全方位職場療癒班》 IP 插畫展,Other,中原文創園區 1倉、2倉,2025-11-26,2026-03-01,https://data.gov.tw/dataset/7778,2026-08-31
2025-11-27,台中,3,1,1.5,Medium,探索臺中之美 引客獎勵方案,Major celebration,,2025-05-01,2026-03-03,https://data.gov.tw/dataset/7778,2026-08-31
2025-11-27,高雄,4,0,1.63,Low,100%哆啦A夢&friends 巡迴特展-高雄站,Expo / Exhibition,國立科學工藝博物館 二樓特展廳,2025-11-14,2026-02-22,https://data.gov.tw/dataset/7778,2026-08-31
2025-11-28,台北,0,0,0,None,,,,,,,2026-08-31
2025-11-28,新北,13,0,6,Medium,《新北水巡 20有成》特展,Expo / Exhibition,中正路435號(濕地故事館2樓),2025-09-19,2026-02-28,https://data.gov.tw/dataset/7778,2026-08-31
2025-11-28,桃園,1,0,0.25,Low,《全方位職場療癒班》 IP 插畫展,Other,中原文創園區 1倉、2倉,2025-11-26,2026-03-01,https://data.gov.tw/dataset/7778,2026-08-31
2025-11-28,台中,3,1,1.5,Medium,探索臺中之美 引客獎勵方案,Major celebration,,2025-05-01,2026-03-03,https://data.gov.tw/dataset/7778,2026-08-31
2025-11-28,高雄,5,1,2.63,Medium,2025高雄聖誕生活節,Major celebration,中央公園,2025-11-28,2026-01-04,https://data.gov.tw/dataset/7778,2026-08-31
2025-11-29,台北,0,0,0,None,,,,,,,2026-08-31
2025-11-29,新北,13,0,6,Medium,《新北水巡 20有成》特展,Expo / Exhibition,中正路435號(濕地故事館2樓),2025-09-19,2026-02-28,https://data.gov.tw/dataset/7778,2026-08-31
2025-11-29,桃園,1,0,0.25,Low,《全方位職場療癒班》 IP 插畫展,Other,中原文創園區 1倉、2倉,2025-11-26,2026-03-01,https://data.gov.tw/dataset/7778,2026-08-31
2025-11-29,台中,3,1,1.5,Medium,探索臺中之美 引客獎勵方案,Major celebration,,2025-05-01,2026-03-03,https://data.gov.tw/dataset/7778,2026-08-31
2025-11-29,高雄,5,1,2.63,Medium,2025高雄聖誕生活節,Major celebration,中央公園,2025-11-28,2026-01-04,https://data.gov.tw/dataset/7778,2026-08-31
2025-11-30,台北,0,0,0,None,,,,,,,2026-08-31
2025-11-30,新北,14,1,7,Medium,府中15-14週年館慶 One 4 All — 為所有人精彩,Major celebration,府中路15號,2025-11-30,2025-12-31,https://data.gov.tw/dataset/7778,2026-08-31
2025-11-30,桃園,1,0,0.25,Low,《全方位職場療癒班》 IP 插畫展,Other,中原文創園區 1倉、2倉,2025-11-26,2026-03-01,https://data.gov.tw/dataset/7778,2026-08-31
2025-11-30,台中,3,1,1.5,Medium,探索臺中之美 引客獎勵方案,Major celebration,,2025-05-01,2026-03-03,https://data.gov.tw/dataset/7778,2026-08-31
2025-11-30,高雄,5,1,2.63,Medium,2025高雄聖誕生活節,Major celebration,中央公園,2025-11-28,2026-01-04,https://data.gov.tw/dataset/7778,2026-08-31
2025-12-01,台北,0,0,0,None,,,,,,,2026-08-31
2025-12-01,新北,14,1,7,Medium,府中15-14週年館慶 One 4 All — 為所有人精彩,Major celebration,府中路15號,2025-11-30,2025-12-31,https://data.gov.tw/dataset/7778,2026-08-31
2025-12-01,桃園,1,0,0.25,Low,《全方位職場療癒班》 IP 插畫展,Other,中原文創園區 1倉、2倉,2025-11-26,2026-03-01,https://data.gov.tw/dataset/7778,2026-08-31
2025-12-01,台中,3,1,1.5,Medium,探索臺中之美 引客獎勵方案,Major celebration,,2025-05-01,2026-03-03,https://data.gov.tw/dataset/7778,2026-08-31
2025-12-01,高雄,5,1,2.63,Medium,2025高雄聖誕生活節,Major celebration,中央公園,2025-11-28,2026-01-04,https://data.gov.tw/dataset/7778,2026-08-31
2025-12-02,台北,0,0,0,None,,,,,,,2026-08-31
2025-12-02,新北,14,1,7,Medium,府中15-14週年館慶 One 4 All — 為所有人精彩,Major celebration,府中路15號,2025-11-30,2025-12-31,https://data.gov.tw/dataset/7778,2026-08-31
2025-12-02,桃園,1,0,0.25,Low,《全方位職場療癒班》 IP 插畫展,Other,中原文創園區 1倉、2倉,2025-11-26,2026-03-01,https://data.gov.tw/dataset/7778,2026-08-31
2025-12-02,台中,3,1,1.5,Medium,探索臺中之美 引客獎勵方案,Major celebration,,2025-05-01,2026-03-03,https://data.gov.tw/dataset/7778,2026-08-31
2025-12-02,高雄,5,1,2.63,Medium,2025高雄聖誕生活節,Major celebration,中央公園,2025-11-28,2026-01-04,https://data.gov.tw/dataset/7778,2026-08-31
2025-12-03,台北,0,0,0,None,,,,,,,2026-08-31
2025-12-03,新北,14,1,7,Medium,府中15-14週年館慶 One 4 All — 為所有人精彩,Major celebration,府中路15號,2025-11-30,2025-12-31,https://data.gov.tw/dataset/7778,2026-08-31
2025-12-03,桃園,1,0,0.25,Low,《全方位職場療癒班》 IP 插畫展,Other,中原文創園區 1倉、2倉,2025-11-26,2026-03-01,https://data.gov.tw/dataset/7778,2026-08-31
2025-12-03,台中,3,1,1.5,Medium,探索臺中之美 引客獎勵方案,Major celebration,,2025-05-01,2026-03-03,https://data.gov.tw/dataset/7778,2026-08-31
2025-12-03,高雄,5,1,2.63,Medium,2025高雄聖誕生活節,Major celebration,中央公園,2025-11-28,2026-01-04,https://data.gov.tw/dataset/7778,2026-08-31
2025-12-04,台北,0,0,0,None,,,,,,,2026-08-31
2025-12-04,新北,15,1,7.25,Medium,府中15-14週年館慶 One 4 All — 為所有人精彩,Major celebration,府中路15號,2025-11-30,2025-12-31,https://data.gov.tw/dataset/7778,2026-08-31
2025-12-04,桃園,1,0,0.25,Low,《全方位職場療癒班》 IP 插畫展,Other,中原文創園區 1倉、2倉,2025-11-26,2026-03-01,https://data.gov.tw/dataset/7778,2026-08-31
2025-12-04,台中,3,1,1.5,Medium,探索臺中之美 引客獎勵方案,Major celebration,,2025-05-01,2026-03-03,https://data.gov.tw/dataset/7778,2026-08-31
2025-12-04,高雄,5,1,2.63,Medium,2025高雄聖誕生活節,Major celebration,中央公園,2025-11-28,2026-01-04,https://data.gov.tw/dataset/7778,2026-08-31
2025-12-05,台北,0,0,0,None,,,,,,,2026-08-31
2025-12-05,新北,15,1,7.25,Medium,府中15-14週年館慶 One 4 All — 為所有人精彩,Major celebration,府中路15號,2025-11-30,2025-12-31,https://data.gov.tw/dataset/7778,2026-08-31
2025-12-05,桃園,1,0,0.25,Low,《全方位職場療癒班》 IP 插畫展,Other,中原文創園區 1倉、2倉,2025-11-26,2026-03-01,https://data.gov.tw/dataset/7778,2026-08-31
2025-12-05,台中,3,1,1.5,Medium,探索臺中之美 引客獎勵方案,Major celebration,,2025-05-01,2026-03-03,https://data.gov.tw/dataset/7778,2026-08-31
2025-12-05,高雄,6,2,3.63,High,2025高流聖誕趴,Major celebration,高雄流行音樂中心 珊瑚礁群 • 鯨魚堤岸,2025-12-05,2026-01-04,https://data.gov.tw/dataset/7778,2026-08-31
2025-12-06,台北,0,0,0,None,,,,,,,2026-08-31
2025-12-06,新北,16,1,7.5,Medium,府中15-14週年館慶 One 4 All — 為所有人精彩,Major celebration,府中路15號,2025-11-30,2025-12-31,https://data.gov.tw/dataset/7778,2026-08-31
2025-12-06,桃園,1,0,0.25,Low,《全方位職場療癒班》 IP 插畫展,Other,中原文創園區 1倉、2倉,2025-11-26,2026-03-01,https://data.gov.tw/dataset/7778,2026-08-31
2025-12-06,台中,3,1,1.5,Medium,探索臺中之美 引客獎勵方案,Major celebration,,2025-05-01,2026-03-03,https://data.gov.tw/dataset/7778,2026-08-31
2025-12-06,高雄,6,2,3.63,High,2025高流聖誕趴,Major celebration,高雄流行音樂中心 珊瑚礁群 • 鯨魚堤岸,2025-12-05,2026-01-04,https://data.gov.tw/dataset/7778,2026-08-31
2025-12-07,台北,0,0,0,None,,,,,,,2026-08-31
2025-12-07,新北,16,1,7.5,Medium,府中15-14週年館慶 One 4 All — 為所有人精彩,Major celebration,府中路15號,2025-11-30,2025-12-31,https://data.gov.tw/dataset/7778,2026-08-31
2025-12-07,桃園,1,0,0.25,Low,《全方位職場療癒班》 IP 插畫展,Other,中原文創園區 1倉、2倉,2025-11-26,2026-03-01,https://data.gov.tw/dataset/7778,2026-08-31
2025-12-07,台中,3,1,1.5,Medium,探索臺中之美 引客獎勵方案,Major celebration,,2025-05-01,2026-03-03,https://data.gov.tw/dataset/7778,2026-08-31
2025-12-07,高雄,6,2,3.63,High,2025高流聖誕趴,Major celebration,高雄流行音樂中心 珊瑚礁群 • 鯨魚堤岸,2025-12-05,2026-01-04,https://data.gov.tw/dataset/7778,2026-08-31
2025-12-08,台北,0,0,0,None,,,,,,,2026-08-31
2025-12-08,新北,16,1,7.5,Medium,府中15-14週年館慶 One 4 All — 為所有人精彩,Major celebration,府中路15號,2025-11-30,2025-12-31,https://data.gov.tw/dataset/7778,2026-08-31
2025-12-08,桃園,1,0,0.25,Low,《全方位職場療癒班》 IP 插畫展,Other,中原文創園區 1倉、2倉,2025-11-26,2026-03-01,https://data.gov.tw/dataset/7778,2026-08-31
2025-12-08,台中,3,1,1.5,Medium,探索臺中之美 引客獎勵方案,Major celebration,,2025-05-01,2026-03-03,https://data.gov.tw/dataset/7778,2026-08-31
2025-12-08,高雄,6,2,3.63,High,2025高流聖誕趴,Major celebration,高雄流行音樂中心 珊瑚礁群 • 鯨魚堤岸,2025-12-05,2026-01-04,https://data.gov.tw/dataset/7778,2026-08-31
2025-12-09,台北,0,0,0,None,,,,,,,2026-08-31
2025-12-09,新北,16,1,7.5,Medium,府中15-14週年館慶 One 4 All — 為所有人精彩,Major celebration,府中路15號,2025-11-30,2025-12-31,https://data.gov.tw/dataset/7778,2026-08-31
2025-12-09,桃園,1,0,0.25,Low,《全方位職場療癒班》 IP 插畫展,Other,中原文創園區 1倉、2倉,2025-11-26,2026-03-01,https://data.gov.tw/dataset/7778,2026-08-31
2025-12-09,台中,3,1,1.5,Medium,探索臺中之美 引客獎勵方案,Major celebration,,2025-05-01,2026-03-03,https://data.gov.tw/dataset/7778,2026-08-31
2025-12-09,高雄,6,2,3.63,High,2025高流聖誕趴,Major celebration,高雄流行音樂中心 珊瑚礁群 • 鯨魚堤岸,2025-12-05,2026-01-04,https://data.gov.tw/dataset/7778,2026-08-31
2025-12-10,台北,0,0,0,None,,,,,,,2026-08-31
2025-12-10,新北,16,1,7.5,Medium,府中15-14週年館慶 One 4 All — 為所有人精彩,Major celebration,府中路15號,2025-11-30,2025-12-31,https://data.gov.tw/dataset/7778,2026-08-31
2025-12-10,桃園,1,0,0.25,Low,《全方位職場療癒班》 IP 插畫展,Other,中原文創園區 1倉、2倉,2025-11-26,2026-03-01,https://data.gov.tw/dataset/7778,2026-08-31
2025-12-10,台中,3,1,1.5,Medium,探索臺中之美 引客獎勵方案,Major celebration,,2025-05-01,2026-03-03,https://data.gov.tw/dataset/7778,2026-08-31
2025-12-10,高雄,6,2,3.63,High,2025高流聖誕趴,Major celebration,高雄流行音樂中心 珊瑚礁群 • 鯨魚堤岸,2025-12-05,2026-01-04,https://data.gov.tw/dataset/7778,2026-08-31
2025-12-11,台北,0,0,0,None,,,,,,,2026-08-31
2025-12-11,新北,17,1,7.75,Medium,府中15-14週年館慶 One 4 All — 為所有人精彩,Major celebration,府中路15號,2025-11-30,2025-12-31,https://data.gov.tw/dataset/7778,2026-08-31
2025-12-11,桃園,1,0,0.25,Low,《全方位職場療癒班》 IP 插畫展,Other,中原文創園區 1倉、2倉,2025-11-26,2026-03-01,https://data.gov.tw/dataset/7778,2026-08-31
2025-12-11,台中,3,1,1.5,Medium,探索臺中之美 引客獎勵方案,Major celebration,,2025-05-01,2026-03-03,https://data.gov.tw/dataset/7778,2026-08-31
2025-12-11,高雄,6,2,3.63,High,2025高流聖誕趴,Major celebration,高雄流行音樂中心 珊瑚礁群 • 鯨魚堤岸,2025-12-05,2026-01-04,https://data.gov.tw/dataset/7778,2026-08-31
2025-12-12,台北,0,0,0,None,,,,,,,2026-08-31
2025-12-12,新北,18,1,8.25,High,府中15-14週年館慶 One 4 All — 為所有人精彩,Major celebration,府中路15號,2025-11-30,2025-12-31,https://data.gov.tw/dataset/7778,2026-08-31
2025-12-12,桃園,1,0,0.25,Low,《全方位職場療癒班》 IP 插畫展,Other,中原文創園區 1倉、2倉,2025-11-26,2026-03-01,https://data.gov.tw/dataset/7778,2026-08-31
2025-12-12,台中,4,2,3.1,High,2025台中耶誕嘉年華,Major celebration,,2025-12-12,2026-01-01,https://data.gov.tw/dataset/7778,2026-08-31
2025-12-12,高雄,6,2,3.63,High,2025高流聖誕趴,Major celebration,高雄流行音樂中心 珊瑚礁群 • 鯨魚堤岸,2025-12-05,2026-01-04,https://data.gov.tw/dataset/7778,2026-08-31
2025-12-13,台北,0,0,0,None,,,,,,,2026-08-31
2025-12-13,新北,18,1,8.25,High,府中15-14週年館慶 One 4 All — 為所有人精彩,Major celebration,府中路15號,2025-11-30,2025-12-31,https://data.gov.tw/dataset/7778,2026-08-31
2025-12-13,桃園,1,0,0.25,Low,《全方位職場療癒班》 IP 插畫展,Other,中原文創園區 1倉、2倉,2025-11-26,2026-03-01,https://data.gov.tw/dataset/7778,2026-08-31
2025-12-13,台中,4,2,3.1,High,2025台中耶誕嘉年華,Major celebration,,2025-12-12,2026-01-01,https://data.gov.tw/dataset/7778,2026-08-31
2025-12-13,高雄,6,2,3.63,High,2025高流聖誕趴,Major celebration,高雄流行音樂中心 珊瑚礁群 • 鯨魚堤岸,2025-12-05,2026-01-04,https://data.gov.tw/dataset/7778,2026-08-31
2025-12-14,台北,0,0,0,None,,,,,,,2026-08-31
2025-12-14,新北,18,1,8.25,High,府中15-14週年館慶 One 4 All — 為所有人精彩,Major celebration,府中路15號,2025-11-30,2025-12-31,https://data.gov.tw/dataset/7778,2026-08-31
2025-12-14,桃園,1,0,0.25,Low,《全方位職場療癒班》 IP 插畫展,Other,中原文創園區 1倉、2倉,2025-11-26,2026-03-01,https://data.gov.tw/dataset/7778,2026-08-31
2025-12-14,台中,4,2,3.1,High,2025台中耶誕嘉年華,Major celebration,,2025-12-12,2026-01-01,https://data.gov.tw/dataset/7778,2026-08-31
2025-12-14,高雄,6,2,3.63,High,2025高流聖誕趴,Major celebration,高雄流行音樂中心 珊瑚礁群 • 鯨魚堤岸,2025-12-05,2026-01-04,https://data.gov.tw/dataset/7778,2026-08-31
2025-12-15,台北,0,0,0,None,,,,,,,2026-08-31
2025-12-15,新北,18,1,8.25,High,府中15-14週年館慶 One 4 All — 為所有人精彩,Major celebration,府中路15號,2025-11-30,2025-12-31,https://data.gov.tw/dataset/7778,2026-08-31
2025-12-15,桃園,1,0,0.25,Low,《全方位職場療癒班》 IP 插畫展,Other,中原文創園區 1倉、2倉,2025-11-26,2026-03-01,https://data.gov.tw/dataset/7778,2026-08-31
2025-12-15,台中,4,2,3.1,High,2025台中耶誕嘉年華,Major celebration,,2025-12-12,2026-01-01,https://data.gov.tw/dataset/7778,2026-08-31
2025-12-15,高雄,6,2,3.63,High,2025高流聖誕趴,Major celebration,高雄流行音樂中心 珊瑚礁群 • 鯨魚堤岸,2025-12-05,2026-01-04,https://data.gov.tw/dataset/7778,2026-08-31
2025-12-16,台北,0,0,0,None,,,,,,,2026-08-31
2025-12-16,新北,18,1,8.25,High,府中15-14週年館慶 One 4 All — 為所有人精彩,Major celebration,府中路15號,2025-11-30,2025-12-31,https://data.gov.tw/dataset/7778,2026-08-31
2025-12-16,桃園,1,0,0.25,Low,《全方位職場療癒班》 IP 插畫展,Other,中原文創園區 1倉、2倉,2025-11-26,2026-03-01,https://data.gov.tw/dataset/7778,2026-08-31
2025-12-16,台中,4,2,3.1,High,2025台中耶誕嘉年華,Major celebration,,2025-12-12,2026-01-01,https://data.gov.tw/dataset/7778,2026-08-31
2025-12-16,高雄,6,2,3.63,High,2025高流聖誕趴,Major celebration,高雄流行音樂中心 珊瑚礁群 • 鯨魚堤岸,2025-12-05,2026-01-04,https://data.gov.tw/dataset/7778,2026-08-31
2025-12-17,台北,0,0,0,None,,,,,,,2026-08-31
2025-12-17,新北,18,1,8.25,High,府中15-14週年館慶 One 4 All — 為所有人精彩,Major celebration,府中路15號,2025-11-30,2025-12-31,https://data.gov.tw/dataset/7778,2026-08-31
2025-12-17,桃園,1,0,0.25,Low,《全方位職場療癒班》 IP 插畫展,Other,中原文創園區 1倉、2倉,2025-11-26,2026-03-01,https://data.gov.tw/dataset/7778,2026-08-31
2025-12-17,台中,4,2,3.1,High,2025台中耶誕嘉年華,Major celebration,,2025-12-12,2026-01-01,https://data.gov.tw/dataset/7778,2026-08-31
2025-12-17,高雄,6,2,3.63,High,2025高流聖誕趴,Major celebration,高雄流行音樂中心 珊瑚礁群 • 鯨魚堤岸,2025-12-05,2026-01-04,https://data.gov.tw/dataset/7778,2026-08-31
2025-12-18,台北,0,0,0,None,,,,,,,2026-08-31
2025-12-18,新北,18,1,8.25,High,府中15-14週年館慶 One 4 All — 為所有人精彩,Major celebration,府中路15號,2025-11-30,2025-12-31,https://data.gov.tw/dataset/7778,2026-08-31
2025-12-18,桃園,1,0,0.25,Low,《全方位職場療癒班》 IP 插畫展,Other,中原文創園區 1倉、2倉,2025-11-26,2026-03-01,https://data.gov.tw/dataset/7778,2026-08-31
2025-12-18,台中,4,2,3.1,High,2025台中耶誕嘉年華,Major celebration,,2025-12-12,2026-01-01,https://data.gov.tw/dataset/7778,2026-08-31
2025-12-18,高雄,6,2,3.63,High,2025高流聖誕趴,Major celebration,高雄流行音樂中心 珊瑚礁群 • 鯨魚堤岸,2025-12-05,2026-01-04,https://data.gov.tw/dataset/7778,2026-08-31
2025-12-19,台北,0,0,0,None,,,,,,,2026-08-31
2025-12-19,新北,18,1,8.25,High,府中15-14週年館慶 One 4 All — 為所有人精彩,Major celebration,府中路15號,2025-11-30,2025-12-31,https://data.gov.tw/dataset/7778,2026-08-31
2025-12-19,桃園,2,0,0.5,Low,《2025永續光環境創意展》,Other,中原文創園區10倉、戶外展區,2025-12-19,2026-01-18,https://data.gov.tw/dataset/7778,2026-08-31
2025-12-19,台中,4,2,3.1,High,2025台中耶誕嘉年華,Major celebration,,2025-12-12,2026-01-01,https://data.gov.tw/dataset/7778,2026-08-31
2025-12-19,高雄,6,2,3.63,High,2025高流聖誕趴,Major celebration,高雄流行音樂中心 珊瑚礁群 • 鯨魚堤岸,2025-12-05,2026-01-04,https://data.gov.tw/dataset/7778,2026-08-31
2025-12-20,台北,0,0,0,None,,,,,,,2026-08-31
2025-12-20,新北,18,1,8.25,High,府中15-14週年館慶 One 4 All — 為所有人精彩,Major celebration,府中路15號,2025-11-30,2025-12-31,https://data.gov.tw/dataset/7778,2026-08-31
2025-12-20,桃園,2,0,0.5,Low,《2025永續光環境創意展》,Other,中原文創園區10倉、戶外展區,2025-12-19,2026-01-18,https://data.gov.tw/dataset/7778,2026-08-31
2025-12-20,台中,4,2,3.1,High,2025台中耶誕嘉年華,Major celebration,,2025-12-12,2026-01-01,https://data.gov.tw/dataset/7778,2026-08-31
2025-12-20,高雄,7,3,4.63,High,2025 高雄國際貨櫃藝術節——「愛耍廢」,Major celebration,11 號碼頭、淺一碼頭、海風廣場,2025-12-20,2026-03-01,https://data.gov.tw/dataset/7778,2026-08-31
2025-12-21,台北,0,0,0,None,,,,,,,2026-08-31
2025-12-21,新北,18,1,8.25,High,府中15-14週年館慶 One 4 All — 為所有人精彩,Major celebration,府中路15號,2025-11-30,2025-12-31,https://data.gov.tw/dataset/7778,2026-08-31
2025-12-21,桃園,2,0,0.5,Low,《2025永續光環境創意展》,Other,中原文創園區10倉、戶外展區,2025-12-19,2026-01-18,https://data.gov.tw/dataset/7778,2026-08-31
2025-12-21,台中,4,2,3.1,High,2025台中耶誕嘉年華,Major celebration,,2025-12-12,2026-01-01,https://data.gov.tw/dataset/7778,2026-08-31
2025-12-21,高雄,7,3,4.63,High,2025 高雄國際貨櫃藝術節——「愛耍廢」,Major celebration,11 號碼頭、淺一碼頭、海風廣場,2025-12-20,2026-03-01,https://data.gov.tw/dataset/7778,2026-08-31
2025-12-22,台北,0,0,0,None,,,,,,,2026-08-31
2025-12-22,新北,18,1,8.25,High,府中15-14週年館慶 One 4 All — 為所有人精彩,Major celebration,府中路15號,2025-11-30,2025-12-31,https://data.gov.tw/dataset/7778,2026-08-31
2025-12-22,桃園,2,0,0.5,Low,《2025永續光環境創意展》,Other,中原文創園區10倉、戶外展區,2025-12-19,2026-01-18,https://data.gov.tw/dataset/7778,2026-08-31
2025-12-22,台中,4,2,3.1,High,2025台中耶誕嘉年華,Major celebration,,2025-12-12,2026-01-01,https://data.gov.tw/dataset/7778,2026-08-31
2025-12-22,高雄,7,3,4.63,High,2025 高雄國際貨櫃藝術節——「愛耍廢」,Major celebration,11 號碼頭、淺一碼頭、海風廣場,2025-12-20,2026-03-01,https://data.gov.tw/dataset/7778,2026-08-31
2025-12-23,台北,0,0,0,None,,,,,,,2026-08-31
2025-12-23,新北,19,1,9.05,High,府中15-14週年館慶 One 4 All — 為所有人精彩,Major celebration,府中路15號,2025-11-30,2025-12-31,https://data.gov.tw/dataset/7778,2026-08-31
2025-12-23,桃園,2,0,0.5,Low,《2025永續光環境創意展》,Other,中原文創園區10倉、戶外展區,2025-12-19,2026-01-18,https://data.gov.tw/dataset/7778,2026-08-31
2025-12-23,台中,4,2,3.1,High,2025台中耶誕嘉年華,Major celebration,,2025-12-12,2026-01-01,https://data.gov.tw/dataset/7778,2026-08-31
2025-12-23,高雄,7,3,4.63,High,2025 高雄國際貨櫃藝術節——「愛耍廢」,Major celebration,11 號碼頭、淺一碼頭、海風廣場,2025-12-20,2026-03-01,https://data.gov.tw/dataset/7778,2026-08-31
2025-12-24,台北,0,0,0,None,,,,,,,2026-08-31
2025-12-24,新北,19,1,9.05,High,府中15-14週年館慶 One 4 All — 為所有人精彩,Major celebration,府中路15號,2025-11-30,2025-12-31,https://data.gov.tw/dataset/7778,2026-08-31
2025-12-24,桃園,2,0,0.5,Low,《2025永續光環境創意展》,Other,中原文創園區10倉、戶外展區,2025-12-19,2026-01-18,https://data.gov.tw/dataset/7778,2026-08-31
2025-12-24,台中,4,2,3.1,High,2025台中耶誕嘉年華,Major celebration,,2025-12-12,2026-01-01,https://data.gov.tw/dataset/7778,2026-08-31
2025-12-24,高雄,7,3,4.63,High,2025 高雄國際貨櫃藝術節——「愛耍廢」,Major celebration,11 號碼頭、淺一碼頭、海風廣場,2025-12-20,2026-03-01,https://data.gov.tw/dataset/7778,2026-08-31
2025-12-25,台北,0,0,0,None,,,,,,,2026-08-31
2025-12-25,新北,19,1,9.05,High,府中15-14週年館慶 One 4 All — 為所有人精彩,Major celebration,府中路15號,2025-11-30,2025-12-31,https://data.gov.tw/dataset/7778,2026-08-31
2025-12-25,桃園,2,0,0.5,Low,《2025永續光環境創意展》,Other,中原文創園區10倉、戶外展區,2025-12-19,2026-01-18,https://data.gov.tw/dataset/7778,2026-08-31
2025-12-25,台中,5,3,5.3,High,響應五月天《回到那一天》巡迴演唱會-臺中優惠店家,Concert / Music festival,,2025-12-25,2026-01-04,https://data.gov.tw/dataset/7778,2026-08-31
2025-12-25,高雄,7,3,4.63,High,2025 高雄國際貨櫃藝術節——「愛耍廢」,Major celebration,11 號碼頭、淺一碼頭、海風廣場,2025-12-20,2026-03-01,https://data.gov.tw/dataset/7778,2026-08-31
2025-12-26,台北,0,0,0,None,,,,,,,2026-08-31
2025-12-26,新北,20,1,9.3,High,府中15-14週年館慶 One 4 All — 為所有人精彩,Major celebration,府中路15號,2025-11-30,2025-12-31,https://data.gov.tw/dataset/7778,2026-08-31
2025-12-26,桃園,2,0,0.5,Low,《2025永續光環境創意展》,Other,中原文創園區10倉、戶外展區,2025-12-19,2026-01-18,https://data.gov.tw/dataset/7778,2026-08-31
2025-12-26,台中,5,3,5.3,High,響應五月天《回到那一天》巡迴演唱會-臺中優惠店家,Concert / Music festival,,2025-12-25,2026-01-04,https://data.gov.tw/dataset/7778,2026-08-31
2025-12-26,高雄,7,3,4.63,High,2025 高雄國際貨櫃藝術節——「愛耍廢」,Major celebration,11 號碼頭、淺一碼頭、海風廣場,2025-12-20,2026-03-01,https://data.gov.tw/dataset/7778,2026-08-31
2025-12-27,台北,0,0,0,None,,,,,,,2026-08-31
2025-12-27,新北,20,1,9.3,High,府中15-14週年館慶 One 4 All — 為所有人精彩,Major celebration,府中路15號,2025-11-30,2025-12-31,https://data.gov.tw/dataset/7778,2026-08-31
2025-12-27,桃園,3,0,0.75,Low,《2025永續光環境創意展》,Other,中原文創園區10倉、戶外展區,2025-12-19,2026-01-18,https://data.gov.tw/dataset/7778,2026-08-31
2025-12-27,台中,5,3,5.3,High,響應五月天《回到那一天》巡迴演唱會-臺中優惠店家,Concert / Music festival,,2025-12-25,2026-01-04,https://data.gov.tw/dataset/7778,2026-08-31
2025-12-27,高雄,7,3,4.63,High,2025 高雄國際貨櫃藝術節——「愛耍廢」,Major celebration,11 號碼頭、淺一碼頭、海風廣場,2025-12-20,2026-03-01,https://data.gov.tw/dataset/7778,2026-08-31
2025-12-28,台北,0,0,0,None,,,,,,,2026-08-31
2025-12-28,新北,20,1,9.3,High,府中15-14週年館慶 One 4 All — 為所有人精彩,Major celebration,府中路15號,2025-11-30,2025-12-31,https://data.gov.tw/dataset/7778,2026-08-31
2025-12-28,桃園,3,0,0.75,Low,《2025永續光環境創意展》,Other,中原文創園區10倉、戶外展區,2025-12-19,2026-01-18,https://data.gov.tw/dataset/7778,2026-08-31
2025-12-28,台中,5,3,5.3,High,響應五月天《回到那一天》巡迴演唱會-臺中優惠店家,Concert / Music festival,,2025-12-25,2026-01-04,https://data.gov.tw/dataset/7778,2026-08-31
2025-12-28,高雄,7,3,4.63,High,2025 高雄國際貨櫃藝術節——「愛耍廢」,Major celebration,11 號碼頭、淺一碼頭、海風廣場,2025-12-20,2026-03-01,https://data.gov.tw/dataset/7778,2026-08-31
2025-12-29,台北,0,0,0,None,,,,,,,2026-08-31
2025-12-29,新北,20,1,9.3,High,府中15-14週年館慶 One 4 All — 為所有人精彩,Major celebration,府中路15號,2025-11-30,2025-12-31,https://data.gov.tw/dataset/7778,2026-08-31
2025-12-29,桃園,3,0,0.75,Low,《2025永續光環境創意展》,Other,中原文創園區10倉、戶外展區,2025-12-19,2026-01-18,https://data.gov.tw/dataset/7778,2026-08-31
2025-12-29,台中,5,3,5.3,High,響應五月天《回到那一天》巡迴演唱會-臺中優惠店家,Concert / Music festival,,2025-12-25,2026-01-04,https://data.gov.tw/dataset/7778,2026-08-31
2025-12-29,高雄,7,3,4.63,High,2025 高雄國際貨櫃藝術節——「愛耍廢」,Major celebration,11 號碼頭、淺一碼頭、海風廣場,2025-12-20,2026-03-01,https://data.gov.tw/dataset/7778,2026-08-31
2025-12-30,台北,0,0,0,None,,,,,,,2026-08-31
2025-12-30,新北,22,3,16.1,High,2025嗨玩烏來跨年晚會,Major celebration,立體停車場,2025-12-30,2025-12-31,https://data.gov.tw/dataset/7778,2026-08-31
2025-12-30,桃園,3,0,0.75,Low,《2025永續光環境創意展》,Other,中原文創園區10倉、戶外展區,2025-12-19,2026-01-18,https://data.gov.tw/dataset/7778,2026-08-31
2025-12-30,台中,5,3,5.3,High,響應五月天《回到那一天》巡迴演唱會-臺中優惠店家,Concert / Music festival,,2025-12-25,2026-01-04,https://data.gov.tw/dataset/7778,2026-08-31
2025-12-30,高雄,7,3,4.63,High,2025 高雄國際貨櫃藝術節——「愛耍廢」,Major celebration,11 號碼頭、淺一碼頭、海風廣場,2025-12-20,2026-03-01,https://data.gov.tw/dataset/7778,2026-08-31
2025-12-31,台北,0,0,0,None,,,,,,,2026-08-31
2025-12-31,新北,22,3,16.1,High,2025嗨玩烏來跨年晚會,Major celebration,立體停車場,2025-12-30,2025-12-31,https://data.gov.tw/dataset/7778,2026-08-31
2025-12-31,桃園,4,1,4.15,Medium,2026桃園 ON AIR 跨年晚會,Major celebration,樂天桃園棒球場 (領航北路一段1號),2025-12-31,2026-01-01,https://data.gov.tw/dataset/7778,2026-08-31
2025-12-31,台中,6,4,8.7,High,2026 台中最強跨年夜,Major celebration,中科路2966號(水湳中央公園),2025-12-31,2026-01-01,https://data.gov.tw/dataset/7778,2026-08-31
2025-12-31,高雄,8,4,8.03,High,高雄跨年晚會 ✦ 2026雄嗨趴,Major celebration,夢時代,2025-12-31,2026-01-01,https://data.gov.tw/dataset/7778,2026-08-31
2026-01-01,台北,0,0,0,None,,,,,,,2026-08-31
2026-01-01,新北,19,0,9.3,High,115年新北市元旦升旗暨健走活動,Market / Family,新北市板橋435藝文特區-馬卡龍草原,2026-01-01,2026-01-01,https://data.gov.tw/dataset/7778,2026-08-31
2026-01-01,桃園,4,1,4.15,Medium,2026桃園 ON AIR 跨年晚會,Major celebration,樂天桃園棒球場 (領航北路一段1號),2025-12-31,2026-01-01,https://data.gov.tw/dataset/7778,2026-08-31
2026-01-01,台中,6,4,8.7,High,2026 台中最強跨年夜,Major celebration,中科路2966號(水湳中央公園),2025-12-31,2026-01-01,https://data.gov.tw/dataset/7778,2026-08-31
2026-01-01,高雄,9,4,10.03,High,高雄跨年晚會 ✦ 2026雄嗨趴,Major celebration,夢時代,2025-12-31,2026-01-01,https://data.gov.tw/dataset/7778,2026-08-31
2026-01-02,台北,0,0,0,None,,,,,,,2026-08-31
2026-01-02,新北,18,0,7.8,Medium,顯化末日,Other,美麗永安藝文中心,2025-12-23,2026-01-11,https://data.gov.tw/dataset/7778,2026-08-31
2026-01-02,桃園,3,0,0.75,Low,《2025永續光環境創意展》,Other,中原文創園區10倉、戶外展區,2025-12-19,2026-01-18,https://data.gov.tw/dataset/7778,2026-08-31
2026-01-02,台中,4,2,3.7,High,響應五月天《回到那一天》巡迴演唱會-臺中優惠店家,Concert / Music festival,,2025-12-25,2026-01-04,https://data.gov.tw/dataset/7778,2026-08-31
2026-01-02,高雄,7,3,4.63,High,2025 高雄國際貨櫃藝術節——「愛耍廢」,Major celebration,11 號碼頭、淺一碼頭、海風廣場,2025-12-20,2026-03-01,https://data.gov.tw/dataset/7778,2026-08-31
2026-01-03,台北,0,0,0,None,,,,,,,2026-08-31
2026-01-03,新北,18,0,7.8,Medium,顯化末日,Other,美麗永安藝文中心,2025-12-23,2026-01-11,https://data.gov.tw/dataset/7778,2026-08-31
2026-01-03,桃園,3,0,0.75,Low,《2025永續光環境創意展》,Other,中原文創園區10倉、戶外展區,2025-12-19,2026-01-18,https://data.gov.tw/dataset/7778,2026-08-31
2026-01-03,台中,4,2,3.7,High,響應五月天《回到那一天》巡迴演唱會-臺中優惠店家,Concert / Music festival,,2025-12-25,2026-01-04,https://data.gov.tw/dataset/7778,2026-08-31
2026-01-03,高雄,7,3,4.63,High,2025 高雄國際貨櫃藝術節——「愛耍廢」,Major celebration,11 號碼頭、淺一碼頭、海風廣場,2025-12-20,2026-03-01,https://data.gov.tw/dataset/7778,2026-08-31
2026-01-04,台北,0,0,0,None,,,,,,,2026-08-31
2026-01-04,新北,18,0,7.8,Medium,顯化末日,Other,美麗永安藝文中心,2025-12-23,2026-01-11,https://data.gov.tw/dataset/7778,2026-08-31
2026-01-04,桃園,3,0,0.75,Low,《2025永續光環境創意展》,Other,中原文創園區10倉、戶外展區,2025-12-19,2026-01-18,https://data.gov.tw/dataset/7778,2026-08-31
2026-01-04,台中,4,2,3.7,High,響應五月天《回到那一天》巡迴演唱會-臺中優惠店家,Concert / Music festival,,2025-12-25,2026-01-04,https://data.gov.tw/dataset/7778,2026-08-31
2026-01-04,高雄,7,3,4.63,High,2025 高雄國際貨櫃藝術節——「愛耍廢」,Major celebration,11 號碼頭、淺一碼頭、海風廣場,2025-12-20,2026-03-01,https://data.gov.tw/dataset/7778,2026-08-31
2026-01-05,台北,0,0,0,None,,,,,,,2026-08-31
2026-01-05,新北,17,0,7.55,Medium,顯化末日,Other,美麗永安藝文中心,2025-12-23,2026-01-11,https://data.gov.tw/dataset/7778,2026-08-31
2026-01-05,桃園,3,0,0.75,Low,《2025永續光環境創意展》,Other,中原文創園區10倉、戶外展區,2025-12-19,2026-01-18,https://data.gov.tw/dataset/7778,2026-08-31
2026-01-05,台中,4,1,1.75,Medium,探索臺中之美 引客獎勵方案,Major celebration,,2025-05-01,2026-03-03,https://data.gov.tw/dataset/7778,2026-08-31
2026-01-05,高雄,5,1,2.63,Medium,2025 高雄國際貨櫃藝術節——「愛耍廢」,Major celebration,11 號碼頭、淺一碼頭、海風廣場,2025-12-20,2026-03-01,https://data.gov.tw/dataset/7778,2026-08-31
2026-01-06,台北,0,0,0,None,,,,,,,2026-08-31
2026-01-06,新北,17,0,7.55,Medium,顯化末日,Other,美麗永安藝文中心,2025-12-23,2026-01-11,https://data.gov.tw/dataset/7778,2026-08-31
2026-01-06,桃園,3,0,0.75,Low,《2025永續光環境創意展》,Other,中原文創園區10倉、戶外展區,2025-12-19,2026-01-18,https://data.gov.tw/dataset/7778,2026-08-31
2026-01-06,台中,4,1,1.75,Medium,探索臺中之美 引客獎勵方案,Major celebration,,2025-05-01,2026-03-03,https://data.gov.tw/dataset/7778,2026-08-31
2026-01-06,高雄,5,1,2.63,Medium,2025 高雄國際貨櫃藝術節——「愛耍廢」,Major celebration,11 號碼頭、淺一碼頭、海風廣場,2025-12-20,2026-03-01,https://data.gov.tw/dataset/7778,2026-08-31
2026-01-07,台北,0,0,0,None,,,,,,,2026-08-31
2026-01-07,新北,17,0,7.55,Medium,顯化末日,Other,美麗永安藝文中心,2025-12-23,2026-01-11,https://data.gov.tw/dataset/7778,2026-08-31
2026-01-07,桃園,3,0,0.75,Low,《2025永續光環境創意展》,Other,中原文創園區10倉、戶外展區,2025-12-19,2026-01-18,https://data.gov.tw/dataset/7778,2026-08-31
2026-01-07,台中,4,1,1.75,Medium,探索臺中之美 引客獎勵方案,Major celebration,,2025-05-01,2026-03-03,https://data.gov.tw/dataset/7778,2026-08-31
2026-01-07,高雄,6,1,2.88,Medium,2025 高雄國際貨櫃藝術節——「愛耍廢」,Major celebration,11 號碼頭、淺一碼頭、海風廣場,2025-12-20,2026-03-01,https://data.gov.tw/dataset/7778,2026-08-31
2026-01-08,台北,0,0,0,None,,,,,,,2026-08-31
2026-01-08,新北,17,0,7.55,Medium,顯化末日,Other,美麗永安藝文中心,2025-12-23,2026-01-11,https://data.gov.tw/dataset/7778,2026-08-31
2026-01-08,桃園,3,0,0.75,Low,《2025永續光環境創意展》,Other,中原文創園區10倉、戶外展區,2025-12-19,2026-01-18,https://data.gov.tw/dataset/7778,2026-08-31
2026-01-08,台中,4,1,1.75,Medium,探索臺中之美 引客獎勵方案,Major celebration,,2025-05-01,2026-03-03,https://data.gov.tw/dataset/7778,2026-08-31
2026-01-08,高雄,6,1,2.88,Medium,2025 高雄國際貨櫃藝術節——「愛耍廢」,Major celebration,11 號碼頭、淺一碼頭、海風廣場,2025-12-20,2026-03-01,https://data.gov.tw/dataset/7778,2026-08-31
2026-01-09,台北,0,0,0,None,,,,,,,2026-08-31
2026-01-09,新北,17,0,7.55,Medium,顯化末日,Other,美麗永安藝文中心,2025-12-23,2026-01-11,https://data.gov.tw/dataset/7778,2026-08-31
2026-01-09,桃園,3,0,0.75,Low,《2025永續光環境創意展》,Other,中原文創園區10倉、戶外展區,2025-12-19,2026-01-18,https://data.gov.tw/dataset/7778,2026-08-31
2026-01-09,台中,4,1,1.75,Medium,探索臺中之美 引客獎勵方案,Major celebration,,2025-05-01,2026-03-03,https://data.gov.tw/dataset/7778,2026-08-31
2026-01-09,高雄,6,1,2.88,Medium,2025 高雄國際貨櫃藝術節——「愛耍廢」,Major celebration,11 號碼頭、淺一碼頭、海風廣場,2025-12-20,2026-03-01,https://data.gov.tw/dataset/7778,2026-08-31
2026-01-10,台北,0,0,0,None,,,,,,,2026-08-31
2026-01-10,新北,17,0,7.55,Medium,顯化末日,Other,美麗永安藝文中心,2025-12-23,2026-01-11,https://data.gov.tw/dataset/7778,2026-08-31
2026-01-10,桃園,4,1,2.35,Medium,宇內溪溫泉冬日嘉年華,Major celebration,小烏來風景特定區宇內溪溫泉戲水區,2026-01-10,2026-02-01,https://data.gov.tw/dataset/7778,2026-08-31
2026-01-10,台中,4,1,1.75,Medium,探索臺中之美 引客獎勵方案,Major celebration,,2025-05-01,2026-03-03,https://data.gov.tw/dataset/7778,2026-08-31
2026-01-10,高雄,6,1,2.88,Medium,2025 高雄國際貨櫃藝術節——「愛耍廢」,Major celebration,11 號碼頭、淺一碼頭、海風廣場,2025-12-20,2026-03-01,https://data.gov.tw/dataset/7778,2026-08-31
2026-01-11,台北,0,0,0,None,,,,,,,2026-08-31
2026-01-11,新北,17,0,7.55,Medium,顯化末日,Other,美麗永安藝文中心,2025-12-23,2026-01-11,https://data.gov.tw/dataset/7778,2026-08-31
2026-01-11,桃園,4,1,2.35,Medium,宇內溪溫泉冬日嘉年華,Major celebration,小烏來風景特定區宇內溪溫泉戲水區,2026-01-10,2026-02-01,https://data.gov.tw/dataset/7778,2026-08-31
2026-01-11,台中,4,1,1.75,Medium,探索臺中之美 引客獎勵方案,Major celebration,,2025-05-01,2026-03-03,https://data.gov.tw/dataset/7778,2026-08-31
2026-01-11,高雄,6,1,2.88,Medium,2025 高雄國際貨櫃藝術節——「愛耍廢」,Major celebration,11 號碼頭、淺一碼頭、海風廣場,2025-12-20,2026-03-01,https://data.gov.tw/dataset/7778,2026-08-31
2026-01-12,台北,0,0,0,None,,,,,,,2026-08-31
2026-01-12,新北,15,0,6.5,Medium,《新北水巡 20有成》特展,Expo / Exhibition,中正路435號(濕地故事館2樓),2025-09-19,2026-02-28,https://data.gov.tw/dataset/7778,2026-08-31
2026-01-12,桃園,4,1,2.35,Medium,宇內溪溫泉冬日嘉年華,Major celebration,小烏來風景特定區宇內溪溫泉戲水區,2026-01-10,2026-02-01,https://data.gov.tw/dataset/7778,2026-08-31
2026-01-12,台中,4,1,1.75,Medium,探索臺中之美 引客獎勵方案,Major celebration,,2025-05-01,2026-03-03,https://data.gov.tw/dataset/7778,2026-08-31
2026-01-12,高雄,6,1,2.88,Medium,2025 高雄國際貨櫃藝術節——「愛耍廢」,Major celebration,11 號碼頭、淺一碼頭、海風廣場,2025-12-20,2026-03-01,https://data.gov.tw/dataset/7778,2026-08-31
2026-01-13,台北,0,0,0,None,,,,,,,2026-08-31
2026-01-13,新北,15,0,6.5,Medium,《新北水巡 20有成》特展,Expo / Exhibition,中正路435號(濕地故事館2樓),2025-09-19,2026-02-28,https://data.gov.tw/dataset/7778,2026-08-31
2026-01-13,桃園,4,1,2.35,Medium,宇內溪溫泉冬日嘉年華,Major celebration,小烏來風景特定區宇內溪溫泉戲水區,2026-01-10,2026-02-01,https://data.gov.tw/dataset/7778,2026-08-31
2026-01-13,台中,4,1,1.75,Medium,探索臺中之美 引客獎勵方案,Major celebration,,2025-05-01,2026-03-03,https://data.gov.tw/dataset/7778,2026-08-31
2026-01-13,高雄,6,1,2.88,Medium,2025 高雄國際貨櫃藝術節——「愛耍廢」,Major celebration,11 號碼頭、淺一碼頭、海風廣場,2025-12-20,2026-03-01,https://data.gov.tw/dataset/7778,2026-08-31
2026-01-14,台北,0,0,0,None,,,,,,,2026-08-31
2026-01-14,新北,15,0,6.5,Medium,《新北水巡 20有成》特展,Expo / Exhibition,中正路435號(濕地故事館2樓),2025-09-19,2026-02-28,https://data.gov.tw/dataset/7778,2026-08-31
2026-01-14,桃園,4,1,2.35,Medium,宇內溪溫泉冬日嘉年華,Major celebration,小烏來風景特定區宇內溪溫泉戲水區,2026-01-10,2026-02-01,https://data.gov.tw/dataset/7778,2026-08-31
2026-01-14,台中,4,1,1.75,Medium,探索臺中之美 引客獎勵方案,Major celebration,,2025-05-01,2026-03-03,https://data.gov.tw/dataset/7778,2026-08-31
2026-01-14,高雄,6,1,2.88,Medium,2025 高雄國際貨櫃藝術節——「愛耍廢」,Major celebration,11 號碼頭、淺一碼頭、海風廣場,2025-12-20,2026-03-01,https://data.gov.tw/dataset/7778,2026-08-31
2026-01-15,台北,0,0,0,None,,,,,,,2026-08-31
2026-01-15,新北,15,0,6.5,Medium,《新北水巡 20有成》特展,Expo / Exhibition,中正路435號(濕地故事館2樓),2025-09-19,2026-02-28,https://data.gov.tw/dataset/7778,2026-08-31
2026-01-15,桃園,4,1,2.35,Medium,宇內溪溫泉冬日嘉年華,Major celebration,小烏來風景特定區宇內溪溫泉戲水區,2026-01-10,2026-02-01,https://data.gov.tw/dataset/7778,2026-08-31
2026-01-15,台中,4,1,1.75,Medium,探索臺中之美 引客獎勵方案,Major celebration,,2025-05-01,2026-03-03,https://data.gov.tw/dataset/7778,2026-08-31
2026-01-15,高雄,6,1,2.88,Medium,2025 高雄國際貨櫃藝術節——「愛耍廢」,Major celebration,11 號碼頭、淺一碼頭、海風廣場,2025-12-20,2026-03-01,https://data.gov.tw/dataset/7778,2026-08-31
2026-01-16,台北,0,0,0,None,,,,,,,2026-08-31
2026-01-16,新北,16,0,6.75,Medium,《新北水巡 20有成》特展,Expo / Exhibition,中正路435號(濕地故事館2樓),2025-09-19,2026-02-28,https://data.gov.tw/dataset/7778,2026-08-31
2026-01-16,桃園,4,1,2.35,Medium,宇內溪溫泉冬日嘉年華,Major celebration,小烏來風景特定區宇內溪溫泉戲水區,2026-01-10,2026-02-01,https://data.gov.tw/dataset/7778,2026-08-31
2026-01-16,台中,4,1,1.75,Medium,探索臺中之美 引客獎勵方案,Major celebration,,2025-05-01,2026-03-03,https://data.gov.tw/dataset/7778,2026-08-31
2026-01-16,高雄,7,2,5.08,High,2026高雄寵物用品保健品展&高雄喵節,Major celebration,高雄巨蛋體育館,2026-01-16,2026-01-19,https://data.gov.tw/dataset/7778,2026-08-31
2026-01-17,台北,0,0,0,None,,,,,,,2026-08-31
2026-01-17,新北,17,0,8.45,High,板橋遠百年貨大街,Expo / Exhibition,,2026-01-17,2026-01-18,https://data.gov.tw/dataset/7778,2026-08-31
2026-01-17,桃園,5,1,2.9,Medium,宇內溪溫泉冬日嘉年華,Major celebration,小烏來風景特定區宇內溪溫泉戲水區,2026-01-10,2026-02-01,https://data.gov.tw/dataset/7778,2026-08-31
2026-01-17,台中,4,1,1.75,Medium,探索臺中之美 引客獎勵方案,Major celebration,,2025-05-01,2026-03-03,https://data.gov.tw/dataset/7778,2026-08-31
2026-01-17,高雄,8,2,6.35,High,2026高雄寵物用品保健品展&高雄喵節,Major celebration,高雄巨蛋體育館,2026-01-16,2026-01-19,https://data.gov.tw/dataset/7778,2026-08-31
2026-01-18,台北,0,0,0,None,,,,,,,2026-08-31
2026-01-18,新北,17,0,8.45,High,板橋遠百年貨大街,Expo / Exhibition,,2026-01-17,2026-01-18,https://data.gov.tw/dataset/7778,2026-08-31
2026-01-18,桃園,5,1,2.9,Medium,宇內溪溫泉冬日嘉年華,Major celebration,小烏來風景特定區宇內溪溫泉戲水區,2026-01-10,2026-02-01,https://data.gov.tw/dataset/7778,2026-08-31
2026-01-18,台中,4,1,1.75,Medium,探索臺中之美 引客獎勵方案,Major celebration,,2025-05-01,2026-03-03,https://data.gov.tw/dataset/7778,2026-08-31
2026-01-18,高雄,8,2,6.35,High,2026高雄寵物用品保健品展&高雄喵節,Major celebration,高雄巨蛋體育館,2026-01-16,2026-01-19,https://data.gov.tw/dataset/7778,2026-08-31
2026-01-19,台北,0,0,0,None,,,,,,,2026-08-31
2026-01-19,新北,16,0,6.75,Medium,《新北水巡 20有成》特展,Expo / Exhibition,中正路435號(濕地故事館2樓),2025-09-19,2026-02-28,https://data.gov.tw/dataset/7778,2026-08-31
2026-01-19,桃園,4,1,2.65,Medium,宇內溪溫泉冬日嘉年華,Major celebration,小烏來風景特定區宇內溪溫泉戲水區,2026-01-10,2026-02-01,https://data.gov.tw/dataset/7778,2026-08-31
2026-01-19,台中,4,1,1.75,Medium,探索臺中之美 引客獎勵方案,Major celebration,,2025-05-01,2026-03-03,https://data.gov.tw/dataset/7778,2026-08-31
2026-01-19,高雄,7,2,5.08,High,2026高雄寵物用品保健品展&高雄喵節,Major celebration,高雄巨蛋體育館,2026-01-16,2026-01-19,https://data.gov.tw/dataset/7778,2026-08-31
2026-01-20,台北,0,0,0,None,,,,,,,2026-08-31
2026-01-20,新北,16,0,6.75,Medium,《新北水巡 20有成》特展,Expo / Exhibition,中正路435號(濕地故事館2樓),2025-09-19,2026-02-28,https://data.gov.tw/dataset/7778,2026-08-31
2026-01-20,桃園,4,1,2.65,Medium,宇內溪溫泉冬日嘉年華,Major celebration,小烏來風景特定區宇內溪溫泉戲水區,2026-01-10,2026-02-01,https://data.gov.tw/dataset/7778,2026-08-31
2026-01-20,台中,4,1,1.75,Medium,探索臺中之美 引客獎勵方案,Major celebration,,2025-05-01,2026-03-03,https://data.gov.tw/dataset/7778,2026-08-31
2026-01-20,高雄,7,1,3.26,Medium,2025 高雄國際貨櫃藝術節——「愛耍廢」,Major celebration,11 號碼頭、淺一碼頭、海風廣場,2025-12-20,2026-03-01,https://data.gov.tw/dataset/7778,2026-08-31
2026-01-21,台北,0,0,0,None,,,,,,,2026-08-31
2026-01-21,新北,16,0,6.75,Medium,《新北水巡 20有成》特展,Expo / Exhibition,中正路435號(濕地故事館2樓),2025-09-19,2026-02-28,https://data.gov.tw/dataset/7778,2026-08-31
2026-01-21,桃園,4,1,2.65,Medium,宇內溪溫泉冬日嘉年華,Major celebration,小烏來風景特定區宇內溪溫泉戲水區,2026-01-10,2026-02-01,https://data.gov.tw/dataset/7778,2026-08-31
2026-01-21,台中,4,1,1.75,Medium,探索臺中之美 引客獎勵方案,Major celebration,,2025-05-01,2026-03-03,https://data.gov.tw/dataset/7778,2026-08-31
2026-01-21,高雄,7,1,3.26,Medium,2025 高雄國際貨櫃藝術節——「愛耍廢」,Major celebration,11 號碼頭、淺一碼頭、海風廣場,2025-12-20,2026-03-01,https://data.gov.tw/dataset/7778,2026-08-31
2026-01-22,台北,0,0,0,None,,,,,,,2026-08-31
2026-01-22,新北,17,0,7.25,Medium,《新北水巡 20有成》特展,Expo / Exhibition,中正路435號(濕地故事館2樓),2025-09-19,2026-02-28,https://data.gov.tw/dataset/7778,2026-08-31
2026-01-22,桃園,4,1,2.65,Medium,宇內溪溫泉冬日嘉年華,Major celebration,小烏來風景特定區宇內溪溫泉戲水區,2026-01-10,2026-02-01,https://data.gov.tw/dataset/7778,2026-08-31
2026-01-22,台中,4,1,1.75,Medium,探索臺中之美 引客獎勵方案,Major celebration,,2025-05-01,2026-03-03,https://data.gov.tw/dataset/7778,2026-08-31
2026-01-22,高雄,7,1,3.26,Medium,2025 高雄國際貨櫃藝術節——「愛耍廢」,Major celebration,11 號碼頭、淺一碼頭、海風廣場,2025-12-20,2026-03-01,https://data.gov.tw/dataset/7778,2026-08-31
2026-01-23,台北,0,0,0,None,,,,,,,2026-08-31
2026-01-23,新北,18,0,7.5,Medium,《新北水巡 20有成》特展,Expo / Exhibition,中正路435號(濕地故事館2樓),2025-09-19,2026-02-28,https://data.gov.tw/dataset/7778,2026-08-31
2026-01-23,桃園,4,1,2.65,Medium,宇內溪溫泉冬日嘉年華,Major celebration,小烏來風景特定區宇內溪溫泉戲水區,2026-01-10,2026-02-01,https://data.gov.tw/dataset/7778,2026-08-31
2026-01-23,台中,4,1,1.75,Medium,探索臺中之美 引客獎勵方案,Major celebration,,2025-05-01,2026-03-03,https://data.gov.tw/dataset/7778,2026-08-31
2026-01-23,高雄,8,2,6.66,High,SUPER JUNIOR 20th Anniversary TOUR ＜SUPER SHOW 10＞ in KAOHSIUNG,Other,高雄巨蛋,2026-01-23,2026-01-25,https://data.gov.tw/dataset/7778,2026-08-31
2026-01-24,台北,0,0,0,None,,,,,,,2026-08-31
2026-01-24,新北,18,0,7.5,Medium,《新北水巡 20有成》特展,Expo / Exhibition,中正路435號(濕地故事館2樓),2025-09-19,2026-02-28,https://data.gov.tw/dataset/7778,2026-08-31
2026-01-24,桃園,4,1,2.65,Medium,宇內溪溫泉冬日嘉年華,Major celebration,小烏來風景特定區宇內溪溫泉戲水區,2026-01-10,2026-02-01,https://data.gov.tw/dataset/7778,2026-08-31
2026-01-24,台中,4,1,1.75,Medium,探索臺中之美 引客獎勵方案,Major celebration,,2025-05-01,2026-03-03,https://data.gov.tw/dataset/7778,2026-08-31
2026-01-24,高雄,9,3,10.06,High,2026高雄移動時尚周,Major celebration,駁二藝術特區 - 高雄港七號碼頭至高港水花園,2026-01-24,2026-01-25,https://data.gov.tw/dataset/7778,2026-08-31
2026-01-25,台北,0,0,0,None,,,,,,,2026-08-31
2026-01-25,新北,18,0,7.5,Medium,《新北水巡 20有成》特展,Expo / Exhibition,中正路435號(濕地故事館2樓),2025-09-19,2026-02-28,https://data.gov.tw/dataset/7778,2026-08-31
2026-01-25,桃園,4,1,2.65,Medium,宇內溪溫泉冬日嘉年華,Major celebration,小烏來風景特定區宇內溪溫泉戲水區,2026-01-10,2026-02-01,https://data.gov.tw/dataset/7778,2026-08-31
2026-01-25,台中,4,1,1.75,Medium,探索臺中之美 引客獎勵方案,Major celebration,,2025-05-01,2026-03-03,https://data.gov.tw/dataset/7778,2026-08-31
2026-01-25,高雄,11,4,14.56,High,SUPER MARIO: RUN TO THE GOAL-高雄場,Sports / Marathon,時代大道(成功二路-中華五路),2026-01-25,2026-01-25,https://data.gov.tw/dataset/7778,2026-08-31
2026-01-26,台北,0,0,0,None,,,,,,,2026-08-31
2026-01-26,新北,17,0,7,Medium,《新北水巡 20有成》特展,Expo / Exhibition,中正路435號(濕地故事館2樓),2025-09-19,2026-02-28,https://data.gov.tw/dataset/7778,2026-08-31
2026-01-26,桃園,3,1,2.1,Medium,宇內溪溫泉冬日嘉年華,Major celebration,小烏來風景特定區宇內溪溫泉戲水區,2026-01-10,2026-02-01,https://data.gov.tw/dataset/7778,2026-08-31
2026-01-26,台中,4,1,1.75,Medium,探索臺中之美 引客獎勵方案,Major celebration,,2025-05-01,2026-03-03,https://data.gov.tw/dataset/7778,2026-08-31
2026-01-26,高雄,7,1,3.26,Medium,2025 高雄國際貨櫃藝術節——「愛耍廢」,Major celebration,11 號碼頭、淺一碼頭、海風廣場,2025-12-20,2026-03-01,https://data.gov.tw/dataset/7778,2026-08-31
2026-01-27,台北,0,0,0,None,,,,,,,2026-08-31
2026-01-27,新北,17,0,7,Medium,《新北水巡 20有成》特展,Expo / Exhibition,中正路435號(濕地故事館2樓),2025-09-19,2026-02-28,https://data.gov.tw/dataset/7778,2026-08-31
2026-01-27,桃園,3,1,2.1,Medium,宇內溪溫泉冬日嘉年華,Major celebration,小烏來風景特定區宇內溪溫泉戲水區,2026-01-10,2026-02-01,https://data.gov.tw/dataset/7778,2026-08-31
2026-01-27,台中,4,1,1.75,Medium,探索臺中之美 引客獎勵方案,Major celebration,,2025-05-01,2026-03-03,https://data.gov.tw/dataset/7778,2026-08-31
2026-01-27,高雄,7,1,3.26,Medium,2025 高雄國際貨櫃藝術節——「愛耍廢」,Major celebration,11 號碼頭、淺一碼頭、海風廣場,2025-12-20,2026-03-01,https://data.gov.tw/dataset/7778,2026-08-31
2026-01-28,台北,0,0,0,None,,,,,,,2026-08-31
2026-01-28,新北,18,0,7.4,Medium,《新北水巡 20有成》特展,Expo / Exhibition,中正路435號(濕地故事館2樓),2025-09-19,2026-02-28,https://data.gov.tw/dataset/7778,2026-08-31
2026-01-28,桃園,3,1,2.1,Medium,宇內溪溫泉冬日嘉年華,Major celebration,小烏來風景特定區宇內溪溫泉戲水區,2026-01-10,2026-02-01,https://data.gov.tw/dataset/7778,2026-08-31
2026-01-28,台中,4,1,1.75,Medium,探索臺中之美 引客獎勵方案,Major celebration,,2025-05-01,2026-03-03,https://data.gov.tw/dataset/7778,2026-08-31
2026-01-28,高雄,7,1,3.26,Medium,2025 高雄國際貨櫃藝術節——「愛耍廢」,Major celebration,11 號碼頭、淺一碼頭、海風廣場,2025-12-20,2026-03-01,https://data.gov.tw/dataset/7778,2026-08-31
2026-01-29,台北,0,0,0,None,,,,,,,2026-08-31
2026-01-29,新北,18,0,7.4,Medium,《新北水巡 20有成》特展,Expo / Exhibition,中正路435號(濕地故事館2樓),2025-09-19,2026-02-28,https://data.gov.tw/dataset/7778,2026-08-31
2026-01-29,桃園,3,1,2.1,Medium,宇內溪溫泉冬日嘉年華,Major celebration,小烏來風景特定區宇內溪溫泉戲水區,2026-01-10,2026-02-01,https://data.gov.tw/dataset/7778,2026-08-31
2026-01-29,台中,4,1,1.75,Medium,探索臺中之美 引客獎勵方案,Major celebration,,2025-05-01,2026-03-03,https://data.gov.tw/dataset/7778,2026-08-31
2026-01-29,高雄,7,1,3.26,Medium,2025 高雄國際貨櫃藝術節——「愛耍廢」,Major celebration,11 號碼頭、淺一碼頭、海風廣場,2025-12-20,2026-03-01,https://data.gov.tw/dataset/7778,2026-08-31
2026-01-30,台北,0,0,0,None,,,,,,,2026-08-31
2026-01-30,新北,18,0,7.4,Medium,《新北水巡 20有成》特展,Expo / Exhibition,中正路435號(濕地故事館2樓),2025-09-19,2026-02-28,https://data.gov.tw/dataset/7778,2026-08-31
2026-01-30,桃園,3,1,2.1,Medium,宇內溪溫泉冬日嘉年華,Major celebration,小烏來風景特定區宇內溪溫泉戲水區,2026-01-10,2026-02-01,https://data.gov.tw/dataset/7778,2026-08-31
2026-01-30,台中,4,1,1.75,Medium,探索臺中之美 引客獎勵方案,Major celebration,,2025-05-01,2026-03-03,https://data.gov.tw/dataset/7778,2026-08-31
2026-01-30,高雄,7,1,3.26,Medium,2025 高雄國際貨櫃藝術節——「愛耍廢」,Major celebration,11 號碼頭、淺一碼頭、海風廣場,2025-12-20,2026-03-01,https://data.gov.tw/dataset/7778,2026-08-31
2026-01-31,台北,0,0,0,None,,,,,,,2026-08-31
2026-01-31,新北,18,0,7.4,Medium,《新北水巡 20有成》特展,Expo / Exhibition,中正路435號(濕地故事館2樓),2025-09-19,2026-02-28,https://data.gov.tw/dataset/7778,2026-08-31
2026-01-31,桃園,4,1,2.6,Medium,宇內溪溫泉冬日嘉年華,Major celebration,小烏來風景特定區宇內溪溫泉戲水區,2026-01-10,2026-02-01,https://data.gov.tw/dataset/7778,2026-08-31
2026-01-31,台中,5,2,6,High,頑童MJ116 OGS 台中洲際演唱會,Concert / Music festival,洲際棒球場,2026-01-31,2026-02-01,https://data.gov.tw/dataset/7778,2026-08-31
2026-01-31,高雄,9,1,5.13,Medium,2026神農市集｜一月場,Market / Family,凹子底森林公園,2026-01-31,2026-02-01,https://data.gov.tw/dataset/7778,2026-08-31
2026-02-01,台北,0,0,0,None,,,,,,,2026-08-31
2026-02-01,新北,18,0,7.4,Medium,《新北水巡 20有成》特展,Expo / Exhibition,中正路435號(濕地故事館2樓),2025-09-19,2026-02-28,https://data.gov.tw/dataset/7778,2026-08-31
2026-02-01,桃園,4,1,2.6,Medium,宇內溪溫泉冬日嘉年華,Major celebration,小烏來風景特定區宇內溪溫泉戲水區,2026-01-10,2026-02-01,https://data.gov.tw/dataset/7778,2026-08-31
2026-02-01,台中,5,2,6,High,頑童MJ116 OGS 台中洲際演唱會,Concert / Music festival,洲際棒球場,2026-01-31,2026-02-01,https://data.gov.tw/dataset/7778,2026-08-31
2026-02-01,高雄,12,2,8.43,High,2026 多元文化新年市集,Market / Family,鳳山第二市場（天公廟前／公園仔市場）,2026-02-01,2026-02-01,https://data.gov.tw/dataset/7778,2026-08-31
2026-02-02,台北,0,0,0,None,,,,,,,2026-08-31
2026-02-02,新北,18,0,7.4,Medium,《新北水巡 20有成》特展,Expo / Exhibition,中正路435號(濕地故事館2樓),2025-09-19,2026-02-28,https://data.gov.tw/dataset/7778,2026-08-31
2026-02-02,桃園,3,0,1,Low,《兵兵有理》特展,Expo / Exhibition,中原文創園區10倉,2026-01-31,2026-03-08,https://data.gov.tw/dataset/7778,2026-08-31
2026-02-02,台中,4,1,1.75,Medium,探索臺中之美 引客獎勵方案,Major celebration,,2025-05-01,2026-03-03,https://data.gov.tw/dataset/7778,2026-08-31
2026-02-02,高雄,10,2,5.66,High,野森開麥拉｜短影音圖文創意競賽,Sports / Marathon,野森動物學校,2026-02-01,2026-02-28,https://data.gov.tw/dataset/7778,2026-08-31
2026-02-03,台北,1,0,0.55,Low,2026台北國際書展,Other,台北世界貿易中心展覽一館,2026-02-03,2026-02-08,https://www.tibe.org.tw/,2026-08-31
2026-02-03,新北,18,0,7.4,Medium,《新北水巡 20有成》特展,Expo / Exhibition,中正路435號(濕地故事館2樓),2025-09-19,2026-02-28,https://data.gov.tw/dataset/7778,2026-08-31
2026-02-03,桃園,3,0,1,Low,《兵兵有理》特展,Expo / Exhibition,中原文創園區10倉,2026-01-31,2026-03-08,https://data.gov.tw/dataset/7778,2026-08-31
2026-02-03,台中,4,1,1.75,Medium,探索臺中之美 引客獎勵方案,Major celebration,,2025-05-01,2026-03-03,https://data.gov.tw/dataset/7778,2026-08-31
2026-02-03,高雄,10,2,5.66,High,野森開麥拉｜短影音圖文創意競賽,Sports / Marathon,野森動物學校,2026-02-01,2026-02-28,https://data.gov.tw/dataset/7778,2026-08-31
2026-02-04,台北,1,0,0.55,Low,2026台北國際書展,Other,台北世界貿易中心展覽一館,2026-02-03,2026-02-08,https://www.tibe.org.tw/,2026-08-31
2026-02-04,新北,18,0,7.4,Medium,《新北水巡 20有成》特展,Expo / Exhibition,中正路435號(濕地故事館2樓),2025-09-19,2026-02-28,https://data.gov.tw/dataset/7778,2026-08-31
2026-02-04,桃園,3,0,1,Low,《兵兵有理》特展,Expo / Exhibition,中原文創園區10倉,2026-01-31,2026-03-08,https://data.gov.tw/dataset/7778,2026-08-31
2026-02-04,台中,4,1,1.75,Medium,探索臺中之美 引客獎勵方案,Major celebration,,2025-05-01,2026-03-03,https://data.gov.tw/dataset/7778,2026-08-31
2026-02-04,高雄,10,2,5.66,High,野森開麥拉｜短影音圖文創意競賽,Sports / Marathon,野森動物學校,2026-02-01,2026-02-28,https://data.gov.tw/dataset/7778,2026-08-31
2026-02-05,台北,1,0,0.55,Low,2026台北國際書展,Other,台北世界貿易中心展覽一館,2026-02-03,2026-02-08,https://www.tibe.org.tw/,2026-08-31
2026-02-05,新北,21,1,10.65,High,2026永和新春燈會點燈活動,Major celebration,永和區公所區民廣場 （永和區竹林路200號）,2026-02-05,2026-03-06,https://data.gov.tw/dataset/7778,2026-08-31
2026-02-05,桃園,3,0,1,Low,《兵兵有理》特展,Expo / Exhibition,中原文創園區10倉,2026-01-31,2026-03-08,https://data.gov.tw/dataset/7778,2026-08-31
2026-02-05,台中,4,1,1.75,Medium,探索臺中之美 引客獎勵方案,Major celebration,,2025-05-01,2026-03-03,https://data.gov.tw/dataset/7778,2026-08-31
2026-02-05,高雄,10,2,5.66,High,野森開麥拉｜短影音圖文創意競賽,Sports / Marathon,野森動物學校,2026-02-01,2026-02-28,https://data.gov.tw/dataset/7778,2026-08-31
2026-02-06,台北,1,0,0.55,Low,2026台北國際書展,Other,台北世界貿易中心展覽一館,2026-02-03,2026-02-08,https://www.tibe.org.tw/,2026-08-31
2026-02-06,新北,24,1,12.45,High,2026永和新春燈會點燈活動,Major celebration,永和區公所區民廣場 （永和區竹林路200號）,2026-02-05,2026-03-06,https://data.gov.tw/dataset/7778,2026-08-31
2026-02-06,桃園,3,0,1,Low,《兵兵有理》特展,Expo / Exhibition,中原文創園區10倉,2026-01-31,2026-03-08,https://data.gov.tw/dataset/7778,2026-08-31
2026-02-06,台中,4,1,1.75,Medium,探索臺中之美 引客獎勵方案,Major celebration,,2025-05-01,2026-03-03,https://data.gov.tw/dataset/7778,2026-08-31
2026-02-06,高雄,10,2,5.66,High,野森開麥拉｜短影音圖文創意競賽,Sports / Marathon,野森動物學校,2026-02-01,2026-02-28,https://data.gov.tw/dataset/7778,2026-08-31
2026-02-07,台北,1,0,0.55,Low,2026台北國際書展,Other,台北世界貿易中心展覽一館,2026-02-03,2026-02-08,https://www.tibe.org.tw/,2026-08-31
2026-02-07,新北,27,1,14.35,High,2026永和新春燈會點燈活動,Major celebration,永和區公所區民廣場 （永和區竹林路200號）,2026-02-05,2026-03-06,https://data.gov.tw/dataset/7778,2026-08-31
2026-02-07,桃園,3,0,1,Low,《兵兵有理》特展,Expo / Exhibition,中原文創園區10倉,2026-01-31,2026-03-08,https://data.gov.tw/dataset/7778,2026-08-31
2026-02-07,台中,4,1,1.75,Medium,探索臺中之美 引客獎勵方案,Major celebration,,2025-05-01,2026-03-03,https://data.gov.tw/dataset/7778,2026-08-31
2026-02-07,高雄,15,4,11.36,High,2026高雄燈會,Major celebration,愛河灣,2026-02-07,2026-03-01,https://www.facebook.com/khh.travel,2026-08-31
2026-02-08,台北,1,0,0.55,Low,2026台北國際書展,Other,台北世界貿易中心展覽一館,2026-02-03,2026-02-08,https://www.tibe.org.tw/,2026-08-31
2026-02-08,新北,26,1,13.5,High,2026永和新春燈會點燈活動,Major celebration,永和區公所區民廣場 （永和區竹林路200號）,2026-02-05,2026-03-06,https://data.gov.tw/dataset/7778,2026-08-31
2026-02-08,桃園,3,0,1,Low,《兵兵有理》特展,Expo / Exhibition,中原文創園區10倉,2026-01-31,2026-03-08,https://data.gov.tw/dataset/7778,2026-08-31
2026-02-08,台中,4,1,1.75,Medium,探索臺中之美 引客獎勵方案,Major celebration,,2025-05-01,2026-03-03,https://data.gov.tw/dataset/7778,2026-08-31
2026-02-08,高雄,14,4,9.86,High,2026高雄燈會,Major celebration,愛河灣,2026-02-07,2026-03-01,https://www.facebook.com/khh.travel,2026-08-31
2026-02-09,台北,0,0,0,None,,,,,,,2026-08-31
2026-02-09,新北,24,1,12.4,High,2026永和新春燈會點燈活動,Major celebration,永和區公所區民廣場 （永和區竹林路200號）,2026-02-05,2026-03-06,https://data.gov.tw/dataset/7778,2026-08-31
2026-02-09,桃園,2,0,0.75,Low,《兵兵有理》特展,Expo / Exhibition,中原文創園區10倉,2026-01-31,2026-03-08,https://data.gov.tw/dataset/7778,2026-08-31
2026-02-09,台中,4,1,1.75,Medium,探索臺中之美 引客獎勵方案,Major celebration,,2025-05-01,2026-03-03,https://data.gov.tw/dataset/7778,2026-08-31
2026-02-09,高雄,14,4,9.86,High,2026高雄燈會,Major celebration,愛河灣,2026-02-07,2026-03-01,https://www.facebook.com/khh.travel,2026-08-31
2026-02-10,台北,0,0,0,None,,,,,,,2026-08-31
2026-02-10,新北,26,2,14.55,High,2026永和新春燈會點燈活動,Major celebration,永和區公所區民廣場 （永和區竹林路200號）,2026-02-05,2026-03-06,https://data.gov.tw/dataset/7778,2026-08-31
2026-02-10,桃園,2,0,0.75,Low,《兵兵有理》特展,Expo / Exhibition,中原文創園區10倉,2026-01-31,2026-03-08,https://data.gov.tw/dataset/7778,2026-08-31
2026-02-10,台中,4,1,1.75,Medium,探索臺中之美 引客獎勵方案,Major celebration,,2025-05-01,2026-03-03,https://data.gov.tw/dataset/7778,2026-08-31
2026-02-10,高雄,14,4,9.86,High,2026高雄燈會,Major celebration,愛河灣,2026-02-07,2026-03-01,https://www.facebook.com/khh.travel,2026-08-31
2026-02-11,台北,0,0,0,None,,,,,,,2026-08-31
2026-02-11,新北,26,2,14.55,High,2026永和新春燈會點燈活動,Major celebration,永和區公所區民廣場 （永和區竹林路200號）,2026-02-05,2026-03-06,https://data.gov.tw/dataset/7778,2026-08-31
2026-02-11,桃園,2,0,0.75,Low,《兵兵有理》特展,Expo / Exhibition,中原文創園區10倉,2026-01-31,2026-03-08,https://data.gov.tw/dataset/7778,2026-08-31
2026-02-11,台中,4,1,1.75,Medium,探索臺中之美 引客獎勵方案,Major celebration,,2025-05-01,2026-03-03,https://data.gov.tw/dataset/7778,2026-08-31
2026-02-11,高雄,14,4,9.86,High,2026高雄燈會,Major celebration,愛河灣,2026-02-07,2026-03-01,https://www.facebook.com/khh.travel,2026-08-31
2026-02-12,台北,0,0,0,None,,,,,,,2026-08-31
2026-02-12,新北,26,2,14.65,High,2026永和新春燈會點燈活動,Major celebration,永和區公所區民廣場 （永和區竹林路200號）,2026-02-05,2026-03-06,https://data.gov.tw/dataset/7778,2026-08-31
2026-02-12,桃園,2,0,0.75,Low,《兵兵有理》特展,Expo / Exhibition,中原文創園區10倉,2026-01-31,2026-03-08,https://data.gov.tw/dataset/7778,2026-08-31
2026-02-12,台中,4,1,1.75,Medium,探索臺中之美 引客獎勵方案,Major celebration,,2025-05-01,2026-03-03,https://data.gov.tw/dataset/7778,2026-08-31
2026-02-12,高雄,14,4,9.86,High,2026高雄燈會,Major celebration,愛河灣,2026-02-07,2026-03-01,https://www.facebook.com/khh.travel,2026-08-31
2026-02-13,台北,0,0,0,None,,,,,,,2026-08-31
2026-02-13,新北,26,2,14.65,High,2026永和新春燈會點燈活動,Major celebration,永和區公所區民廣場 （永和區竹林路200號）,2026-02-05,2026-03-06,https://data.gov.tw/dataset/7778,2026-08-31
2026-02-13,桃園,2,0,0.75,Low,《兵兵有理》特展,Expo / Exhibition,中原文創園區10倉,2026-01-31,2026-03-08,https://data.gov.tw/dataset/7778,2026-08-31
2026-02-13,台中,5,1,2.15,Medium,探索臺中之美 引客獎勵方案,Major celebration,,2025-05-01,2026-03-03,https://data.gov.tw/dataset/7778,2026-08-31
2026-02-13,高雄,14,4,9.86,High,2026高雄燈會,Major celebration,愛河灣,2026-02-07,2026-03-01,https://www.facebook.com/khh.travel,2026-08-31
2026-02-14,台北,0,0,0,None,,,,,,,2026-08-31
2026-02-14,新北,26,2,14.65,High,2026永和新春燈會點燈活動,Major celebration,永和區公所區民廣場 （永和區竹林路200號）,2026-02-05,2026-03-06,https://data.gov.tw/dataset/7778,2026-08-31
2026-02-14,桃園,3,0,1.75,Low,2026桃園藝術巡演八德場－即將成真火舞團《珍火馬戲團》火舞表演,Other,八德霄裡玉元宮前空地,2026-02-14,2026-02-14,https://data.gov.tw/dataset/7778,2026-08-31
2026-02-14,台中,6,1,2.55,Medium,探索臺中之美 引客獎勵方案,Major celebration,,2025-05-01,2026-03-03,https://data.gov.tw/dataset/7778,2026-08-31
2026-02-14,高雄,15,4,10.46,High,2026高雄燈會,Major celebration,愛河灣,2026-02-07,2026-03-01,https://www.facebook.com/khh.travel,2026-08-31
2026-02-15,台北,0,0,0,None,,,,,,,2026-08-31
2026-02-15,新北,26,2,14.65,High,2026永和新春燈會點燈活動,Major celebration,永和區公所區民廣場 （永和區竹林路200號）,2026-02-05,2026-03-06,https://data.gov.tw/dataset/7778,2026-08-31
2026-02-15,桃園,2,0,0.75,Low,《兵兵有理》特展,Expo / Exhibition,中原文創園區10倉,2026-01-31,2026-03-08,https://data.gov.tw/dataset/7778,2026-08-31
2026-02-15,台中,8,3,5.15,High,2026中臺灣燈會-幸福蜜馬  臺中MOOMIN ON,Major celebration,中央公園,2026-02-15,2026-03-03,https://data.gov.tw/dataset/7778,2026-08-31
2026-02-15,高雄,14,4,9.86,High,2026高雄燈會,Major celebration,愛河灣,2026-02-07,2026-03-01,https://www.facebook.com/khh.travel,2026-08-31
2026-02-16,台北,0,0,0,None,,,,,,,2026-08-31
2026-02-16,新北,26,2,14.65,High,2026永和新春燈會點燈活動,Major celebration,永和區公所區民廣場 （永和區竹林路200號）,2026-02-05,2026-03-06,https://data.gov.tw/dataset/7778,2026-08-31
2026-02-16,桃園,2,0,0.75,Low,《兵兵有理》特展,Expo / Exhibition,中原文創園區10倉,2026-01-31,2026-03-08,https://data.gov.tw/dataset/7778,2026-08-31
2026-02-16,台中,8,3,5.15,High,2026中臺灣燈會-幸福蜜馬  臺中MOOMIN ON,Major celebration,中央公園,2026-02-15,2026-03-03,https://data.gov.tw/dataset/7778,2026-08-31
2026-02-16,高雄,14,4,9.86,High,2026高雄燈會,Major celebration,愛河灣,2026-02-07,2026-03-01,https://www.facebook.com/khh.travel,2026-08-31
2026-02-17,台北,0,0,0,None,,,,,,,2026-08-31
2026-02-17,新北,26,2,14.65,High,2026永和新春燈會點燈活動,Major celebration,永和區公所區民廣場 （永和區竹林路200號）,2026-02-05,2026-03-06,https://data.gov.tw/dataset/7778,2026-08-31
2026-02-17,桃園,2,0,0.75,Low,《兵兵有理》特展,Expo / Exhibition,中原文創園區10倉,2026-01-31,2026-03-08,https://data.gov.tw/dataset/7778,2026-08-31
2026-02-17,台中,8,3,5.15,High,2026中臺灣燈會-幸福蜜馬  臺中MOOMIN ON,Major celebration,中央公園,2026-02-15,2026-03-03,https://data.gov.tw/dataset/7778,2026-08-31
2026-02-17,高雄,14,4,9.86,High,2026高雄燈會,Major celebration,愛河灣,2026-02-07,2026-03-01,https://www.facebook.com/khh.travel,2026-08-31
2026-02-18,台北,0,0,0,None,,,,,,,2026-08-31
2026-02-18,新北,27,2,15.2,High,2026永和新春燈會點燈活動,Major celebration,永和區公所區民廣場 （永和區竹林路200號）,2026-02-05,2026-03-06,https://data.gov.tw/dataset/7778,2026-08-31
2026-02-18,桃園,2,0,0.75,Low,《兵兵有理》特展,Expo / Exhibition,中原文創園區10倉,2026-01-31,2026-03-08,https://data.gov.tw/dataset/7778,2026-08-31
2026-02-18,台中,8,3,5.15,High,2026中臺灣燈會-幸福蜜馬  臺中MOOMIN ON,Major celebration,中央公園,2026-02-15,2026-03-03,https://data.gov.tw/dataset/7778,2026-08-31
2026-02-18,高雄,15,4,11.13,High,2026高雄燈會,Major celebration,愛河灣,2026-02-07,2026-03-01,https://www.facebook.com/khh.travel,2026-08-31
2026-02-19,台北,0,0,0,None,,,,,,,2026-08-31
2026-02-19,新北,28,3,16.8,High,2026永和新春燈會點燈活動,Major celebration,永和區公所區民廣場 （永和區竹林路200號）,2026-02-05,2026-03-06,https://data.gov.tw/dataset/7778,2026-08-31
2026-02-19,桃園,3,0,1.3,Low,Horse來了！鬥陣走春去！,Other,中原文創園區 13倉,2026-02-19,2026-02-22,https://data.gov.tw/dataset/7778,2026-08-31
2026-02-19,台中,8,3,5.15,High,2026中臺灣燈會-幸福蜜馬  臺中MOOMIN ON,Major celebration,中央公園,2026-02-15,2026-03-03,https://data.gov.tw/dataset/7778,2026-08-31
2026-02-19,高雄,15,4,11.13,High,2026高雄燈會,Major celebration,愛河灣,2026-02-07,2026-03-01,https://www.facebook.com/khh.travel,2026-08-31
2026-02-20,台北,0,0,0,None,,,,,,,2026-08-31
2026-02-20,新北,29,4,18.4,High,2026永和新春燈會點燈活動,Major celebration,永和區公所區民廣場 （永和區竹林路200號）,2026-02-05,2026-03-06,https://data.gov.tw/dataset/7778,2026-08-31
2026-02-20,桃園,3,0,1.3,Low,Horse來了！鬥陣走春去！,Other,中原文創園區 13倉,2026-02-19,2026-02-22,https://data.gov.tw/dataset/7778,2026-08-31
2026-02-20,台中,9,3,5.4,High,2026中臺灣燈會-幸福蜜馬  臺中MOOMIN ON,Major celebration,中央公園,2026-02-15,2026-03-03,https://data.gov.tw/dataset/7778,2026-08-31
2026-02-20,高雄,16,5,14.53,High,2026冬日遊樂園寫生暨著色畫比賽,Major celebration,高雄港18號碼頭（高雄旅運中心旁）,2026-02-20,2026-02-22,https://data.gov.tw/dataset/7778,2026-08-31
2026-02-21,台北,0,0,0,None,,,,,,,2026-08-31
2026-02-21,新北,29,4,18.4,High,2026永和新春燈會點燈活動,Major celebration,永和區公所區民廣場 （永和區竹林路200號）,2026-02-05,2026-03-06,https://data.gov.tw/dataset/7778,2026-08-31
2026-02-21,桃園,3,0,1.3,Low,Horse來了！鬥陣走春去！,Other,中原文創園區 13倉,2026-02-19,2026-02-22,https://data.gov.tw/dataset/7778,2026-08-31
2026-02-21,台中,9,3,5.4,High,2026中臺灣燈會-幸福蜜馬  臺中MOOMIN ON,Major celebration,中央公園,2026-02-15,2026-03-03,https://data.gov.tw/dataset/7778,2026-08-31
2026-02-21,高雄,15,5,13.26,High,2026冬日遊樂園寫生暨著色畫比賽,Major celebration,高雄港18號碼頭（高雄旅運中心旁）,2026-02-20,2026-02-22,https://data.gov.tw/dataset/7778,2026-08-31
2026-02-22,台北,0,0,0,None,,,,,,,2026-08-31
2026-02-22,新北,28,4,17.85,High,2026永和新春燈會點燈活動,Major celebration,永和區公所區民廣場 （永和區竹林路200號）,2026-02-05,2026-03-06,https://data.gov.tw/dataset/7778,2026-08-31
2026-02-22,桃園,3,0,1.3,Low,Horse來了！鬥陣走春去！,Other,中原文創園區 13倉,2026-02-19,2026-02-22,https://data.gov.tw/dataset/7778,2026-08-31
2026-02-22,台中,9,3,5.4,High,2026中臺灣燈會-幸福蜜馬  臺中MOOMIN ON,Major celebration,中央公園,2026-02-15,2026-03-03,https://data.gov.tw/dataset/7778,2026-08-31
2026-02-22,高雄,15,5,13.26,High,2026冬日遊樂園寫生暨著色畫比賽,Major celebration,高雄港18號碼頭（高雄旅運中心旁）,2026-02-20,2026-02-22,https://data.gov.tw/dataset/7778,2026-08-31
2026-02-23,台北,0,0,0,None,,,,,,,2026-08-31
2026-02-23,新北,25,4,16.25,High,2026永和新春燈會點燈活動,Major celebration,永和區公所區民廣場 （永和區竹林路200號）,2026-02-05,2026-03-06,https://data.gov.tw/dataset/7778,2026-08-31
2026-02-23,桃園,2,0,0.75,Low,《兵兵有理》特展,Expo / Exhibition,中原文創園區10倉,2026-01-31,2026-03-08,https://data.gov.tw/dataset/7778,2026-08-31
2026-02-23,台中,9,3,5.4,High,2026中臺灣燈會-幸福蜜馬  臺中MOOMIN ON,Major celebration,中央公園,2026-02-15,2026-03-03,https://data.gov.tw/dataset/7778,2026-08-31
2026-02-23,高雄,13,4,9.36,High,2026高雄燈會,Major celebration,愛河灣,2026-02-07,2026-03-01,https://www.facebook.com/khh.travel,2026-08-31
2026-02-24,台北,0,0,0,None,,,,,,,2026-08-31
2026-02-24,新北,25,4,16.25,High,2026永和新春燈會點燈活動,Major celebration,永和區公所區民廣場 （永和區竹林路200號）,2026-02-05,2026-03-06,https://data.gov.tw/dataset/7778,2026-08-31
2026-02-24,桃園,2,0,0.75,Low,《兵兵有理》特展,Expo / Exhibition,中原文創園區10倉,2026-01-31,2026-03-08,https://data.gov.tw/dataset/7778,2026-08-31
2026-02-24,台中,9,3,5.4,High,2026中臺灣燈會-幸福蜜馬  臺中MOOMIN ON,Major celebration,中央公園,2026-02-15,2026-03-03,https://data.gov.tw/dataset/7778,2026-08-31
2026-02-24,高雄,13,4,9.36,High,2026高雄燈會,Major celebration,愛河灣,2026-02-07,2026-03-01,https://www.facebook.com/khh.travel,2026-08-31
2026-02-25,台北,1,1,1.6,Medium,2026台北燈節,Major celebration,西門展區(捷運西門站、中華路一段、中山堂廣場),2026-02-25,2026-03-15,https://data.gov.tw/dataset/7778,2026-08-31
2026-02-25,新北,25,4,16.25,High,2026永和新春燈會點燈活動,Major celebration,永和區公所區民廣場 （永和區竹林路200號）,2026-02-05,2026-03-06,https://data.gov.tw/dataset/7778,2026-08-31
2026-02-25,桃園,3,1,2.95,Medium,2026桃園燈會,Major celebration,虎頭山創新園區,2026-02-25,2026-03-08,https://data.gov.tw/dataset/7778,2026-08-31
2026-02-25,台中,10,4,6.28,High,2026中臺灣燈會-幸福蜜馬  臺中MOOMIN ON,Major celebration,中央公園,2026-02-15,2026-03-03,https://data.gov.tw/dataset/7778,2026-08-31
2026-02-25,高雄,13,4,9.36,High,2026高雄燈會,Major celebration,愛河灣,2026-02-07,2026-03-01,https://www.facebook.com/khh.travel,2026-08-31
2026-02-26,台北,1,1,1.6,Medium,2026台北燈節,Major celebration,西門展區(捷運西門站、中華路一段、中山堂廣場),2026-02-25,2026-03-15,https://data.gov.tw/dataset/7778,2026-08-31
2026-02-26,新北,27,5,19.3,High,2026新北市平溪天燈節,Major celebration,,2026-02-26,2026-03-03,https://data.gov.tw/dataset/7778,2026-08-31
2026-02-26,桃園,5,2,5.7,High,115年龍潭元宵藝術燈會展覽,Major celebration,龍潭大池及周邊區域,2026-02-26,2026-03-08,https://data.gov.tw/dataset/7778,2026-08-31
2026-02-26,台中,10,4,6.28,High,2026中臺灣燈會-幸福蜜馬  臺中MOOMIN ON,Major celebration,中央公園,2026-02-15,2026-03-03,https://data.gov.tw/dataset/7778,2026-08-31
2026-02-26,高雄,13,4,9.36,High,2026高雄燈會,Major celebration,愛河灣,2026-02-07,2026-03-01,https://www.facebook.com/khh.travel,2026-08-31
2026-02-27,台北,1,1,1.6,Medium,2026台北燈節,Major celebration,西門展區(捷運西門站、中華路一段、中山堂廣場),2026-02-25,2026-03-15,https://data.gov.tw/dataset/7778,2026-08-31
2026-02-27,新北,28,6,21.5,High,2026新北市平溪天燈節,Major celebration,,2026-02-26,2026-03-03,https://data.gov.tw/dataset/7778,2026-08-31
2026-02-27,桃園,7,2,6.8,High,115年龍潭元宵藝術燈會展覽,Major celebration,龍潭大池及周邊區域,2026-02-26,2026-03-08,https://data.gov.tw/dataset/7778,2026-08-31
2026-02-27,台中,11,4,6.83,High,2026中臺灣燈會-幸福蜜馬  臺中MOOMIN ON,Major celebration,中央公園,2026-02-15,2026-03-03,https://data.gov.tw/dataset/7778,2026-08-31
2026-02-27,高雄,16,5,15.9,High,燈耀元宵・龜納平安,Major celebration,捷西路298號,2026-02-27,2026-02-27,https://data.gov.tw/dataset/7778,2026-08-31
2026-02-28,台北,1,1,1.6,Medium,2026台北燈節,Major celebration,西門展區(捷運西門站、中華路一段、中山堂廣場),2026-02-25,2026-03-15,https://data.gov.tw/dataset/7778,2026-08-31
2026-02-28,新北,29,7,21.9,High,2026新北市平溪天燈節,Major celebration,,2026-02-26,2026-03-03,https://data.gov.tw/dataset/7778,2026-08-31
2026-02-28,桃園,7,2,6.8,High,115年龍潭元宵藝術燈會展覽,Major celebration,龍潭大池及周邊區域,2026-02-26,2026-03-08,https://data.gov.tw/dataset/7778,2026-08-31
2026-02-28,台中,12,4,7.68,High,2026中臺灣燈會-幸福蜜馬  臺中MOOMIN ON,Major celebration,中央公園,2026-02-15,2026-03-03,https://data.gov.tw/dataset/7778,2026-08-31
2026-02-28,高雄,15,4,11.9,High,2026高雄燈會,Major celebration,愛河灣,2026-02-07,2026-03-01,https://www.facebook.com/khh.travel,2026-08-31
2026-03-01,台北,1,1,1.6,Medium,2026台北燈節,Major celebration,西門展區(捷運西門站、中華路一段、中山堂廣場),2026-02-25,2026-03-15,https://data.gov.tw/dataset/7778,2026-08-31
2026-03-01,新北,27,7,21.2,High,2026新北市平溪天燈節,Major celebration,,2026-02-26,2026-03-03,https://data.gov.tw/dataset/7778,2026-08-31
2026-03-01,桃園,7,2,6.95,High,115年龍潭元宵藝術燈會展覽,Major celebration,龍潭大池及周邊區域,2026-02-26,2026-03-08,https://data.gov.tw/dataset/7778,2026-08-31
2026-03-01,台中,11,4,7.28,High,2026中臺灣燈會-幸福蜜馬  臺中MOOMIN ON,Major celebration,中央公園,2026-02-15,2026-03-03,https://data.gov.tw/dataset/7778,2026-08-31
2026-03-01,高雄,12,3,8.83,High,2026高雄燈會,Major celebration,愛河灣,2026-02-07,2026-03-01,https://www.facebook.com/khh.travel,2026-08-31
2026-03-02,台北,1,1,1.6,Medium,2026台北燈節,Major celebration,西門展區(捷運西門站、中華路一段、中山堂廣場),2026-02-25,2026-03-15,https://data.gov.tw/dataset/7778,2026-08-31
2026-03-02,新北,24,7,19.7,High,2026新北市平溪天燈節,Major celebration,,2026-02-26,2026-03-03,https://data.gov.tw/dataset/7778,2026-08-31
2026-03-02,桃園,5,2,5.7,High,115年龍潭元宵藝術燈會展覽,Major celebration,龍潭大池及周邊區域,2026-02-26,2026-03-08,https://data.gov.tw/dataset/7778,2026-08-31
2026-03-02,台中,9,4,6.03,High,2026中臺灣燈會-幸福蜜馬  臺中MOOMIN ON,Major celebration,中央公園,2026-02-15,2026-03-03,https://data.gov.tw/dataset/7778,2026-08-31
2026-03-02,高雄,7,0,2.96,Low,2026岡山燈藝節,Market / Family,岡山河堤公園,2026-02-14,2026-03-03,https://data.gov.tw/dataset/7778,2026-08-31
2026-03-03,台北,1,1,1.6,Medium,2026台北燈節,Major celebration,西門展區(捷運西門站、中華路一段、中山堂廣場),2026-02-25,2026-03-15,https://data.gov.tw/dataset/7778,2026-08-31
2026-03-03,新北,24,7,19.7,High,2026新北市平溪天燈節,Major celebration,,2026-02-26,2026-03-03,https://data.gov.tw/dataset/7778,2026-08-31
2026-03-03,桃園,5,2,5.7,High,115年龍潭元宵藝術燈會展覽,Major celebration,龍潭大池及周邊區域,2026-02-26,2026-03-08,https://data.gov.tw/dataset/7778,2026-08-31
2026-03-03,台中,9,4,6.03,High,2026中臺灣燈會-幸福蜜馬  臺中MOOMIN ON,Major celebration,中央公園,2026-02-15,2026-03-03,https://data.gov.tw/dataset/7778,2026-08-31
2026-03-03,高雄,7,0,2.96,Low,2026岡山燈藝節,Market / Family,岡山河堤公園,2026-02-14,2026-03-03,https://data.gov.tw/dataset/7778,2026-08-31
2026-03-04,台北,1,1,1.6,Medium,2026台北燈節,Major celebration,西門展區(捷運西門站、中華路一段、中山堂廣場),2026-02-25,2026-03-15,https://data.gov.tw/dataset/7778,2026-08-31
2026-03-04,新北,21,5,14.7,High,2026永和新春燈會點燈活動,Major celebration,永和區公所區民廣場 （永和區竹林路200號）,2026-02-05,2026-03-06,https://data.gov.tw/dataset/7778,2026-08-31
2026-03-04,桃園,5,2,5.7,High,115年龍潭元宵藝術燈會展覽,Major celebration,龍潭大池及周邊區域,2026-02-26,2026-03-08,https://data.gov.tw/dataset/7778,2026-08-31
2026-03-04,台中,7,2,3.43,High,115-116年探索臺中之美 引客獎勵方案,Major celebration,,2026-02-15,2027-03-08,https://data.gov.tw/dataset/7778,2026-08-31
2026-03-04,高雄,5,0,1.76,Low,馮．沃爾夫的花園堡壘,Expo / Exhibition,高雄市立美術館101-103展覽室,2025-11-15,2026-04-19,https://data.gov.tw/dataset/7778,2026-08-31
2026-03-05,台北,1,1,1.6,Medium,2026台北燈節,Major celebration,西門展區(捷運西門站、中華路一段、中山堂廣場),2026-02-25,2026-03-15,https://data.gov.tw/dataset/7778,2026-08-31
2026-03-05,新北,21,5,14.3,High,2026永和新春燈會點燈活動,Major celebration,永和區公所區民廣場 （永和區竹林路200號）,2026-02-05,2026-03-06,https://data.gov.tw/dataset/7778,2026-08-31
2026-03-05,桃園,5,2,5.7,High,115年龍潭元宵藝術燈會展覽,Major celebration,龍潭大池及周邊區域,2026-02-26,2026-03-08,https://data.gov.tw/dataset/7778,2026-08-31
2026-03-05,台中,7,2,3.43,High,115-116年探索臺中之美 引客獎勵方案,Major celebration,,2026-02-15,2027-03-08,https://data.gov.tw/dataset/7778,2026-08-31
2026-03-05,高雄,6,0,2.86,Low,2026 WBC世界棒球經典賽高雄轉播活動,Other,衛武營國家藝術文化中心 榕樹廣場,2026-03-05,2026-03-08,https://data.gov.tw/dataset/7778,2026-08-31
2026-03-06,台北,1,1,1.6,Medium,2026台北燈節,Major celebration,西門展區(捷運西門站、中華路一段、中山堂廣場),2026-02-25,2026-03-15,https://data.gov.tw/dataset/7778,2026-08-31
2026-03-06,新北,22,5,15.15,High,2026永和新春燈會點燈活動,Major celebration,永和區公所區民廣場 （永和區竹林路200號）,2026-02-05,2026-03-06,https://data.gov.tw/dataset/7778,2026-08-31
2026-03-06,桃園,5,2,5.7,High,115年龍潭元宵藝術燈會展覽,Major celebration,龍潭大池及周邊區域,2026-02-26,2026-03-08,https://data.gov.tw/dataset/7778,2026-08-31
2026-03-06,台中,7,2,3.43,High,115-116年探索臺中之美 引客獎勵方案,Major celebration,,2026-02-15,2027-03-08,https://data.gov.tw/dataset/7778,2026-08-31
2026-03-06,高雄,7,0,4.13,Medium,2026日光海島生活節,Market / Family,中央公園 X 高雄車站,2026-03-06,2026-03-08,https://data.gov.tw/dataset/7778,2026-08-31
2026-03-07,台北,1,1,1.6,Medium,2026台北燈節,Major celebration,西門展區(捷運西門站、中華路一段、中山堂廣場),2026-02-25,2026-03-15,https://data.gov.tw/dataset/7778,2026-08-31
2026-03-07,新北,22,4,14.4,High,2026新北市樹林之美新春嘉年華燈會,Major celebration,新北市樹林區後站廣場、財團法人新北市樹林鎮南宮廣場、山佳火車站站前廣場,2026-02-10,2026-03-08,https://data.gov.tw/dataset/7778,2026-08-31
2026-03-07,桃園,5,2,5.7,High,115年龍潭元宵藝術燈會展覽,Major celebration,龍潭大池及周邊區域,2026-02-26,2026-03-08,https://data.gov.tw/dataset/7778,2026-08-31
2026-03-07,台中,8,3,7.43,High,台灣年度最大雞尾酒嘉年華    ,Major celebration,雙十路一段65號,2026-03-07,2026-03-07,https://data.gov.tw/dataset/7778,2026-08-31
2026-03-07,高雄,9,0,6.33,Medium,KSAF《加勒比海盜 神鬼奇航：鬼盜船魔咒》電影草地音樂會,Other,高美館草坡（美術館路80號）,2026-03-07,2026-03-08,https://data.gov.tw/dataset/7778,2026-08-31
2026-03-08,台北,1,1,1.6,Medium,2026台北燈節,Major celebration,西門展區(捷運西門站、中華路一段、中山堂廣場),2026-02-25,2026-03-15,https://data.gov.tw/dataset/7778,2026-08-31
2026-03-08,新北,21,4,13.55,High,2026新北市樹林之美新春嘉年華燈會,Major celebration,新北市樹林區後站廣場、財團法人新北市樹林鎮南宮廣場、山佳火車站站前廣場,2026-02-10,2026-03-08,https://data.gov.tw/dataset/7778,2026-08-31
2026-03-08,桃園,5,2,5.7,High,115年龍潭元宵藝術燈會展覽,Major celebration,龍潭大池及周邊區域,2026-02-26,2026-03-08,https://data.gov.tw/dataset/7778,2026-08-31
2026-03-08,台中,7,2,3.43,High,115-116年探索臺中之美 引客獎勵方案,Major celebration,,2026-02-15,2027-03-08,https://data.gov.tw/dataset/7778,2026-08-31
2026-03-08,高雄,9,0,6.33,Medium,KSAF《加勒比海盜 神鬼奇航：鬼盜船魔咒》電影草地音樂會,Other,高美館草坡（美術館路80號）,2026-03-07,2026-03-08,https://data.gov.tw/dataset/7778,2026-08-31
2026-03-09,台北,1,1,1.6,Medium,2026台北燈節,Major celebration,西門展區(捷運西門站、中華路一段、中山堂廣場),2026-02-25,2026-03-15,https://data.gov.tw/dataset/7778,2026-08-31
2026-03-09,新北,16,1,7.4,Medium,2026新北考古季：永續蔚藍進行式,Major celebration,新北市立十三行博物館,2026-02-28,2026-05-17,https://data.gov.tw/dataset/7778,2026-08-31
2026-03-09,桃園,1,0,0.25,Low,2026蘆竹炫YA農遊季,Other,大古路228號,2026-02-27,2026-04-19,https://data.gov.tw/dataset/7778,2026-08-31
2026-03-09,台中,6,2,2.88,High,115-116年探索臺中之美 引客獎勵方案,Major celebration,,2026-02-15,2027-03-08,https://data.gov.tw/dataset/7778,2026-08-31
2026-03-09,高雄,6,0,2.26,Low,2026鹽埕藝術季,Expo / Exhibition,各展覽空間與公共場域,2026-03-07,2026-04-26,https://data.gov.tw/dataset/7778,2026-08-31
2026-03-10,台北,1,1,1.6,Medium,2026台北燈節,Major celebration,西門展區(捷運西門站、中華路一段、中山堂廣場),2026-02-25,2026-03-15,https://data.gov.tw/dataset/7778,2026-08-31
2026-03-10,新北,16,1,7.4,Medium,2026新北考古季：永續蔚藍進行式,Major celebration,新北市立十三行博物館,2026-02-28,2026-05-17,https://data.gov.tw/dataset/7778,2026-08-31
2026-03-10,桃園,1,0,0.25,Low,2026蘆竹炫YA農遊季,Other,大古路228號,2026-02-27,2026-04-19,https://data.gov.tw/dataset/7778,2026-08-31
2026-03-10,台中,6,2,2.88,High,115-116年探索臺中之美 引客獎勵方案,Major celebration,,2026-02-15,2027-03-08,https://data.gov.tw/dataset/7778,2026-08-31
2026-03-10,高雄,6,0,2.26,Low,2026鹽埕藝術季,Expo / Exhibition,各展覽空間與公共場域,2026-03-07,2026-04-26,https://data.gov.tw/dataset/7778,2026-08-31
2026-03-11,台北,1,1,1.6,Medium,2026台北燈節,Major celebration,西門展區(捷運西門站、中華路一段、中山堂廣場),2026-02-25,2026-03-15,https://data.gov.tw/dataset/7778,2026-08-31
2026-03-11,新北,16,1,7.4,Medium,2026新北考古季：永續蔚藍進行式,Major celebration,新北市立十三行博物館,2026-02-28,2026-05-17,https://data.gov.tw/dataset/7778,2026-08-31
2026-03-11,桃園,1,0,0.25,Low,2026蘆竹炫YA農遊季,Other,大古路228號,2026-02-27,2026-04-19,https://data.gov.tw/dataset/7778,2026-08-31
2026-03-11,台中,6,2,2.88,High,115-116年探索臺中之美 引客獎勵方案,Major celebration,,2026-02-15,2027-03-08,https://data.gov.tw/dataset/7778,2026-08-31
2026-03-11,高雄,6,0,2.26,Low,2026鹽埕藝術季,Expo / Exhibition,各展覽空間與公共場域,2026-03-07,2026-04-26,https://data.gov.tw/dataset/7778,2026-08-31
2026-03-12,台北,1,1,1.6,Medium,2026台北燈節,Major celebration,西門展區(捷運西門站、中華路一段、中山堂廣場),2026-02-25,2026-03-15,https://data.gov.tw/dataset/7778,2026-08-31
2026-03-12,新北,16,1,7.4,Medium,2026新北考古季：永續蔚藍進行式,Major celebration,新北市立十三行博物館,2026-02-28,2026-05-17,https://data.gov.tw/dataset/7778,2026-08-31
2026-03-12,桃園,1,0,0.25,Low,2026蘆竹炫YA農遊季,Other,大古路228號,2026-02-27,2026-04-19,https://data.gov.tw/dataset/7778,2026-08-31
2026-03-12,台中,6,2,2.88,High,115-116年探索臺中之美 引客獎勵方案,Major celebration,,2026-02-15,2027-03-08,https://data.gov.tw/dataset/7778,2026-08-31
2026-03-12,高雄,6,0,2.26,Low,2026鹽埕藝術季,Expo / Exhibition,各展覽空間與公共場域,2026-03-07,2026-04-26,https://data.gov.tw/dataset/7778,2026-08-31
2026-03-13,台北,1,1,1.6,Medium,2026台北燈節,Major celebration,西門展區(捷運西門站、中華路一段、中山堂廣場),2026-02-25,2026-03-15,https://data.gov.tw/dataset/7778,2026-08-31
2026-03-13,新北,17,1,7.95,Medium,2026新北考古季：永續蔚藍進行式,Major celebration,新北市立十三行博物館,2026-02-28,2026-05-17,https://data.gov.tw/dataset/7778,2026-08-31
2026-03-13,桃園,2,0,0.75,Low,「見像・聞聲」聽見陶瓷特展,Expo / Exhibition,中原文創園區 1倉、2倉、3倉、微型廣場B,2026-03-13,2026-05-10,https://data.gov.tw/dataset/7778,2026-08-31
2026-03-13,台中,6,2,2.88,High,115-116年探索臺中之美 引客獎勵方案,Major celebration,,2026-02-15,2027-03-08,https://data.gov.tw/dataset/7778,2026-08-31
2026-03-13,高雄,7,1,5.66,Medium,2026高雄櫻花季音樂節,Concert / Music festival,高雄夢時代前廣場,2026-03-13,2026-03-15,https://data.gov.tw/dataset/7778,2026-08-31
2026-03-14,台北,1,1,1.6,Medium,2026台北燈節,Major celebration,西門展區(捷運西門站、中華路一段、中山堂廣場),2026-02-25,2026-03-15,https://data.gov.tw/dataset/7778,2026-08-31
2026-03-14,新北,18,2,10.93,High,2026新北市萬金石馬拉松,Sports / Marathon,太平洋建設第二停車場,2026-03-14,2026-03-15,https://data.gov.tw/dataset/7778,2026-08-31
2026-03-14,桃園,2,0,0.75,Low,「見像・聞聲」聽見陶瓷特展,Expo / Exhibition,中原文創園區 1倉、2倉、3倉、微型廣場B,2026-03-13,2026-05-10,https://data.gov.tw/dataset/7778,2026-08-31
2026-03-14,台中,6,2,2.88,High,115-116年探索臺中之美 引客獎勵方案,Major celebration,,2026-02-15,2027-03-08,https://data.gov.tw/dataset/7778,2026-08-31
2026-03-14,高雄,9,2,10.06,High,2026高雄櫻花季音樂節,Concert / Music festival,高雄夢時代前廣場,2026-03-13,2026-03-15,https://data.gov.tw/dataset/7778,2026-08-31
2026-03-15,台北,1,1,1.6,Medium,2026台北燈節,Major celebration,西門展區(捷運西門站、中華路一段、中山堂廣場),2026-02-25,2026-03-15,https://data.gov.tw/dataset/7778,2026-08-31
2026-03-15,新北,17,2,10.68,High,2026新北市萬金石馬拉松,Sports / Marathon,太平洋建設第二停車場,2026-03-14,2026-03-15,https://data.gov.tw/dataset/7778,2026-08-31
2026-03-15,桃園,2,0,0.75,Low,「見像・聞聲」聽見陶瓷特展,Expo / Exhibition,中原文創園區 1倉、2倉、3倉、微型廣場B,2026-03-13,2026-05-10,https://data.gov.tw/dataset/7778,2026-08-31
2026-03-15,台中,7,2,3.26,High,115-116年探索臺中之美 引客獎勵方案,Major celebration,,2026-02-15,2027-03-08,https://data.gov.tw/dataset/7778,2026-08-31
2026-03-15,高雄,9,2,10.56,High,2026高雄櫻花季音樂節,Concert / Music festival,高雄夢時代前廣場,2026-03-13,2026-03-15,https://data.gov.tw/dataset/7778,2026-08-31
2026-03-16,台北,0,0,0,None,,,,,,,2026-08-31
2026-03-16,新北,13,1,6.2,Medium,2026新北考古季：永續蔚藍進行式,Major celebration,新北市立十三行博物館,2026-02-28,2026-05-17,https://data.gov.tw/dataset/7778,2026-08-31
2026-03-16,桃園,3,1,4.25,Medium,2026國際自由車環台賽-桃園市站,Sports / Marathon,起點:中壢青塘園 終點:復興區角板山,2026-03-16,2026-03-16,https://data.gov.tw/dataset/7778,2026-08-31
2026-03-16,台中,7,2,3.26,High,115-116年探索臺中之美 引客獎勵方案,Major celebration,,2026-02-15,2027-03-08,https://data.gov.tw/dataset/7778,2026-08-31
2026-03-16,高雄,6,0,2.26,Low,2026鹽埕藝術季,Expo / Exhibition,各展覽空間與公共場域,2026-03-07,2026-04-26,https://data.gov.tw/dataset/7778,2026-08-31
2026-03-17,台北,0,0,0,None,,,,,,,2026-08-31
2026-03-17,新北,13,1,6.2,Medium,2026新北考古季：永續蔚藍進行式,Major celebration,新北市立十三行博物館,2026-02-28,2026-05-17,https://data.gov.tw/dataset/7778,2026-08-31
2026-03-17,桃園,2,0,0.75,Low,「見像・聞聲」聽見陶瓷特展,Expo / Exhibition,中原文創園區 1倉、2倉、3倉、微型廣場B,2026-03-13,2026-05-10,https://data.gov.tw/dataset/7778,2026-08-31
2026-03-17,台中,7,2,3.26,High,115-116年探索臺中之美 引客獎勵方案,Major celebration,,2026-02-15,2027-03-08,https://data.gov.tw/dataset/7778,2026-08-31
2026-03-17,高雄,6,0,2.26,Low,2026鹽埕藝術季,Expo / Exhibition,各展覽空間與公共場域,2026-03-07,2026-04-26,https://data.gov.tw/dataset/7778,2026-08-31
2026-03-18,台北,0,0,0,None,,,,,,,2026-08-31
2026-03-18,新北,13,1,6.2,Medium,2026新北考古季：永續蔚藍進行式,Major celebration,新北市立十三行博物館,2026-02-28,2026-05-17,https://data.gov.tw/dataset/7778,2026-08-31
2026-03-18,桃園,2,0,0.75,Low,「見像・聞聲」聽見陶瓷特展,Expo / Exhibition,中原文創園區 1倉、2倉、3倉、微型廣場B,2026-03-13,2026-05-10,https://data.gov.tw/dataset/7778,2026-08-31
2026-03-18,台中,7,2,3.26,High,115-116年探索臺中之美 引客獎勵方案,Major celebration,,2026-02-15,2027-03-08,https://data.gov.tw/dataset/7778,2026-08-31
2026-03-18,高雄,6,0,2.26,Low,2026鹽埕藝術季,Expo / Exhibition,各展覽空間與公共場域,2026-03-07,2026-04-26,https://data.gov.tw/dataset/7778,2026-08-31
2026-03-19,台北,0,0,0,None,,,,,,,2026-08-31
2026-03-19,新北,13,1,6.2,Medium,2026新北考古季：永續蔚藍進行式,Major celebration,新北市立十三行博物館,2026-02-28,2026-05-17,https://data.gov.tw/dataset/7778,2026-08-31
2026-03-19,桃園,2,0,0.75,Low,「見像・聞聲」聽見陶瓷特展,Expo / Exhibition,中原文創園區 1倉、2倉、3倉、微型廣場B,2026-03-13,2026-05-10,https://data.gov.tw/dataset/7778,2026-08-31
2026-03-19,台中,7,2,3.26,High,115-116年探索臺中之美 引客獎勵方案,Major celebration,,2026-02-15,2027-03-08,https://data.gov.tw/dataset/7778,2026-08-31
2026-03-19,高雄,7,0,2.81,Low,有塩人大舞台,Other,鹽埕第一公有市場與市場周邊,2026-03-19,2026-03-22,https://data.gov.tw/dataset/7778,2026-08-31
2026-03-20,台北,0,0,0,None,,,,,,,2026-08-31
2026-03-20,新北,15,1,7.55,Medium,2026新北考古季：永續蔚藍進行式,Major celebration,新北市立十三行博物館,2026-02-28,2026-05-17,https://data.gov.tw/dataset/7778,2026-08-31
2026-03-20,桃園,2,0,0.75,Low,「見像・聞聲」聽見陶瓷特展,Expo / Exhibition,中原文創園區 1倉、2倉、3倉、微型廣場B,2026-03-13,2026-05-10,https://data.gov.tw/dataset/7778,2026-08-31
2026-03-20,台中,8,2,3.76,High,115-116年探索臺中之美 引客獎勵方案,Major celebration,,2026-02-15,2027-03-08,https://data.gov.tw/dataset/7778,2026-08-31
2026-03-20,高雄,7,0,2.81,Low,有塩人大舞台,Other,鹽埕第一公有市場與市場周邊,2026-03-19,2026-03-22,https://data.gov.tw/dataset/7778,2026-08-31
2026-03-21,台北,0,0,0,None,,,,,,,2026-08-31
2026-03-21,新北,15,1,7.55,Medium,2026新北考古季：永續蔚藍進行式,Major celebration,新北市立十三行博物館,2026-02-28,2026-05-17,https://data.gov.tw/dataset/7778,2026-08-31
2026-03-21,桃園,3,0,1.6,Low,2026櫻花勇士｜探索北橫・騎行羅馬,Other,慈湖遊客中心(復興路一段1097號),2026-03-21,2026-03-22,https://data.gov.tw/dataset/7778,2026-08-31
2026-03-21,台中,8,2,3.76,High,115-116年探索臺中之美 引客獎勵方案,Major celebration,,2026-02-15,2027-03-08,https://data.gov.tw/dataset/7778,2026-08-31
2026-03-21,高雄,10,3,9.41,High,2026大港開唱 Megaport FestivalＸ國泰世華銀行,Concert / Music festival,駁二藝術特區,2026-03-21,2026-03-22,https://data.gov.tw/dataset/7778,2026-08-31
2026-03-22,台北,0,0,0,None,,,,,,,2026-08-31
2026-03-22,新北,15,1,7.55,Medium,2026新北考古季：永續蔚藍進行式,Major celebration,新北市立十三行博物館,2026-02-28,2026-05-17,https://data.gov.tw/dataset/7778,2026-08-31
2026-03-22,桃園,3,0,1.6,Low,2026櫻花勇士｜探索北橫・騎行羅馬,Other,慈湖遊客中心(復興路一段1097號),2026-03-21,2026-03-22,https://data.gov.tw/dataset/7778,2026-08-31
2026-03-22,台中,8,2,3.76,High,115-116年探索臺中之美 引客獎勵方案,Major celebration,,2026-02-15,2027-03-08,https://data.gov.tw/dataset/7778,2026-08-31
2026-03-22,高雄,10,3,9.41,High,2026大港開唱 Megaport FestivalＸ國泰世華銀行,Concert / Music festival,駁二藝術特區,2026-03-21,2026-03-22,https://data.gov.tw/dataset/7778,2026-08-31
2026-03-23,台北,0,0,0,None,,,,,,,2026-08-31
2026-03-23,新北,12,1,5.65,Medium,2026新北考古季：永續蔚藍進行式,Major celebration,新北市立十三行博物館,2026-02-28,2026-05-17,https://data.gov.tw/dataset/7778,2026-08-31
2026-03-23,桃園,2,0,0.75,Low,「見像・聞聲」聽見陶瓷特展,Expo / Exhibition,中原文創園區 1倉、2倉、3倉、微型廣場B,2026-03-13,2026-05-10,https://data.gov.tw/dataset/7778,2026-08-31
2026-03-23,台中,8,2,3.76,High,115-116年探索臺中之美 引客獎勵方案,Major celebration,,2026-02-15,2027-03-08,https://data.gov.tw/dataset/7778,2026-08-31
2026-03-23,高雄,8,2,5.46,High,2026高雄內門宋江陣,Major celebration,內門紫竹寺,2026-03-21,2026-04-05,https://data.gov.tw/dataset/7778,2026-08-31
2026-03-24,台北,0,0,0,None,,,,,,,2026-08-31
2026-03-24,新北,12,1,5.65,Medium,2026新北考古季：永續蔚藍進行式,Major celebration,新北市立十三行博物館,2026-02-28,2026-05-17,https://data.gov.tw/dataset/7778,2026-08-31
2026-03-24,桃園,2,0,0.75,Low,「見像・聞聲」聽見陶瓷特展,Expo / Exhibition,中原文創園區 1倉、2倉、3倉、微型廣場B,2026-03-13,2026-05-10,https://data.gov.tw/dataset/7778,2026-08-31
2026-03-24,台中,8,2,3.76,High,115-116年探索臺中之美 引客獎勵方案,Major celebration,,2026-02-15,2027-03-08,https://data.gov.tw/dataset/7778,2026-08-31
2026-03-24,高雄,8,2,5.46,High,2026高雄內門宋江陣,Major celebration,內門紫竹寺,2026-03-21,2026-04-05,https://data.gov.tw/dataset/7778,2026-08-31
2026-03-25,台北,0,0,0,None,,,,,,,2026-08-31
2026-03-25,新北,12,1,5.65,Medium,2026新北考古季：永續蔚藍進行式,Major celebration,新北市立十三行博物館,2026-02-28,2026-05-17,https://data.gov.tw/dataset/7778,2026-08-31
2026-03-25,桃園,2,0,0.75,Low,「見像・聞聲」聽見陶瓷特展,Expo / Exhibition,中原文創園區 1倉、2倉、3倉、微型廣場B,2026-03-13,2026-05-10,https://data.gov.tw/dataset/7778,2026-08-31
2026-03-25,台中,8,2,3.76,High,115-116年探索臺中之美 引客獎勵方案,Major celebration,,2026-02-15,2027-03-08,https://data.gov.tw/dataset/7778,2026-08-31
2026-03-25,高雄,8,2,5.46,High,2026高雄內門宋江陣,Major celebration,內門紫竹寺,2026-03-21,2026-04-05,https://data.gov.tw/dataset/7778,2026-08-31
2026-03-26,台北,1,0,0.25,Low,2026臺北時裝週,Other,空總臺灣當代文化實驗場,2026-03-26,2026-10-18,https://www.facebook.com/tpefashionweek/?locale=zh_TW,2026-08-31
2026-03-26,新北,13,1,6.15,Medium,2026新北考古季：永續蔚藍進行式,Major celebration,新北市立十三行博物館,2026-02-28,2026-05-17,https://data.gov.tw/dataset/7778,2026-08-31
2026-03-26,桃園,2,0,0.75,Low,「見像・聞聲」聽見陶瓷特展,Expo / Exhibition,中原文創園區 1倉、2倉、3倉、微型廣場B,2026-03-13,2026-05-10,https://data.gov.tw/dataset/7778,2026-08-31
2026-03-26,台中,8,2,3.76,High,115-116年探索臺中之美 引客獎勵方案,Major celebration,,2026-02-15,2027-03-08,https://data.gov.tw/dataset/7778,2026-08-31
2026-03-26,高雄,8,2,5.46,High,2026高雄內門宋江陣,Major celebration,內門紫竹寺,2026-03-21,2026-04-05,https://data.gov.tw/dataset/7778,2026-08-31
2026-03-27,台北,1,0,0.25,Low,2026臺北時裝週,Other,空總臺灣當代文化實驗場,2026-03-26,2026-10-18,https://www.facebook.com/tpefashionweek/?locale=zh_TW,2026-08-31
2026-03-27,新北,14,1,7,Medium,2026新北考古季：永續蔚藍進行式,Major celebration,新北市立十三行博物館,2026-02-28,2026-05-17,https://data.gov.tw/dataset/7778,2026-08-31
2026-03-27,桃園,3,0,1.15,Low,「見像・聞聲」聽見陶瓷特展,Expo / Exhibition,中原文創園區 1倉、2倉、3倉、微型廣場B,2026-03-13,2026-05-10,https://data.gov.tw/dataset/7778,2026-08-31
2026-03-27,台中,8,2,3.76,High,115-116年探索臺中之美 引客獎勵方案,Major celebration,,2026-02-15,2027-03-08,https://data.gov.tw/dataset/7778,2026-08-31
2026-03-27,高雄,9,2,5.84,High,2026高雄內門宋江陣,Major celebration,內門紫竹寺,2026-03-21,2026-04-05,https://data.gov.tw/dataset/7778,2026-08-31
2026-03-28,台北,1,0,0.25,Low,2026臺北時裝週,Other,空總臺灣當代文化實驗場,2026-03-26,2026-10-18,https://www.facebook.com/tpefashionweek/?locale=zh_TW,2026-08-31
2026-03-28,新北,14,1,7,Medium,2026新北考古季：永續蔚藍進行式,Major celebration,新北市立十三行博物館,2026-02-28,2026-05-17,https://data.gov.tw/dataset/7778,2026-08-31
2026-03-28,桃園,5,0,2.9,Low,2026桃園藝術巡演中壢場-蘋果劇團《追夢投手果果》兒童劇,Market / Family,文化公園天幕籃球場,2026-03-28,2026-03-28,https://data.gov.tw/dataset/7778,2026-08-31
2026-03-28,台中,10,4,11.76,High,115年臺中市食農教育成果展暨校園食農教育嘉年華活動,Major celebration,館前路1號,2026-03-28,2026-03-28,https://data.gov.tw/dataset/7778,2026-08-31
2026-03-28,高雄,10,3,6.84,High,2026高雄內門宋江陣,Major celebration,內門紫竹寺,2026-03-21,2026-04-05,https://data.gov.tw/dataset/7778,2026-08-31
2026-03-29,台北,1,0,0.25,Low,2026臺北時裝週,Other,空總臺灣當代文化實驗場,2026-03-26,2026-10-18,https://www.facebook.com/tpefashionweek/?locale=zh_TW,2026-08-31
2026-03-29,新北,14,1,7,Medium,2026新北考古季：永續蔚藍進行式,Major celebration,新北市立十三行博物館,2026-02-28,2026-05-17,https://data.gov.tw/dataset/7778,2026-08-31
2026-03-29,桃園,4,0,1.4,Low,「見像・聞聲」聽見陶瓷特展,Expo / Exhibition,中原文創園區 1倉、2倉、3倉、微型廣場B,2026-03-13,2026-05-10,https://data.gov.tw/dataset/7778,2026-08-31
2026-03-29,台中,8,2,3.76,High,115-116年探索臺中之美 引客獎勵方案,Major celebration,,2026-02-15,2027-03-08,https://data.gov.tw/dataset/7778,2026-08-31
2026-03-29,高雄,10,3,6.84,High,2026高雄內門宋江陣,Major celebration,內門紫竹寺,2026-03-21,2026-04-05,https://data.gov.tw/dataset/7778,2026-08-31
2026-03-30,台北,1,0,0.25,Low,2026臺北時裝週,Other,空總臺灣當代文化實驗場,2026-03-26,2026-10-18,https://www.facebook.com/tpefashionweek/?locale=zh_TW,2026-08-31
2026-03-30,新北,12,1,5.75,Medium,2026新北考古季：永續蔚藍進行式,Major celebration,新北市立十三行博物館,2026-02-28,2026-05-17,https://data.gov.tw/dataset/7778,2026-08-31
2026-03-30,桃園,4,0,1.4,Low,「見像・聞聲」聽見陶瓷特展,Expo / Exhibition,中原文創園區 1倉、2倉、3倉、微型廣場B,2026-03-13,2026-05-10,https://data.gov.tw/dataset/7778,2026-08-31
2026-03-30,台中,8,2,3.76,High,115-116年探索臺中之美 引客獎勵方案,Major celebration,,2026-02-15,2027-03-08,https://data.gov.tw/dataset/7778,2026-08-31
2026-03-30,高雄,9,3,6.46,High,2026高雄內門宋江陣,Major celebration,內門紫竹寺,2026-03-21,2026-04-05,https://data.gov.tw/dataset/7778,2026-08-31
2026-03-31,台北,1,0,0.25,Low,2026臺北時裝週,Other,空總臺灣當代文化實驗場,2026-03-26,2026-10-18,https://www.facebook.com/tpefashionweek/?locale=zh_TW,2026-08-31
2026-03-31,新北,12,1,5.75,Medium,2026新北考古季：永續蔚藍進行式,Major celebration,新北市立十三行博物館,2026-02-28,2026-05-17,https://data.gov.tw/dataset/7778,2026-08-31
2026-03-31,桃園,4,0,1.4,Low,「見像・聞聲」聽見陶瓷特展,Expo / Exhibition,中原文創園區 1倉、2倉、3倉、微型廣場B,2026-03-13,2026-05-10,https://data.gov.tw/dataset/7778,2026-08-31
2026-03-31,台中,7,2,3.51,High,115-116年探索臺中之美 引客獎勵方案,Major celebration,,2026-02-15,2027-03-08,https://data.gov.tw/dataset/7778,2026-08-31
2026-03-31,高雄,9,3,6.46,High,2026高雄內門宋江陣,Major celebration,內門紫竹寺,2026-03-21,2026-04-05,https://data.gov.tw/dataset/7778,2026-08-31
2026-04-01,台北,1,0,0.25,Low,2026臺北時裝週,Other,空總臺灣當代文化實驗場,2026-03-26,2026-10-18,https://www.facebook.com/tpefashionweek/?locale=zh_TW,2026-08-31
2026-04-01,新北,12,1,5.75,Medium,2026新北考古季：永續蔚藍進行式,Major celebration,新北市立十三行博物館,2026-02-28,2026-05-17,https://data.gov.tw/dataset/7778,2026-08-31
2026-04-01,桃園,4,0,1.4,Low,「見像・聞聲」聽見陶瓷特展,Expo / Exhibition,中原文創園區 1倉、2倉、3倉、微型廣場B,2026-03-13,2026-05-10,https://data.gov.tw/dataset/7778,2026-08-31
2026-04-01,台中,7,2,3.51,High,115-116年探索臺中之美 引客獎勵方案,Major celebration,,2026-02-15,2027-03-08,https://data.gov.tw/dataset/7778,2026-08-31
2026-04-01,高雄,10,3,6.71,High,2026高雄內門宋江陣,Major celebration,內門紫竹寺,2026-03-21,2026-04-05,https://data.gov.tw/dataset/7778,2026-08-31
2026-04-02,台北,1,0,0.25,Low,2026臺北時裝週,Other,空總臺灣當代文化實驗場,2026-03-26,2026-10-18,https://www.facebook.com/tpefashionweek/?locale=zh_TW,2026-08-31
2026-04-02,新北,15,1,7.58,Medium,2026新北考古季：永續蔚藍進行式,Major celebration,新北市立十三行博物館,2026-02-28,2026-05-17,https://data.gov.tw/dataset/7778,2026-08-31
2026-04-02,桃園,4,0,1.4,Low,「見像・聞聲」聽見陶瓷特展,Expo / Exhibition,中原文創園區 1倉、2倉、3倉、微型廣場B,2026-03-13,2026-05-10,https://data.gov.tw/dataset/7778,2026-08-31
2026-04-02,台中,7,2,3.51,High,115-116年探索臺中之美 引客獎勵方案,Major celebration,,2026-02-15,2027-03-08,https://data.gov.tw/dataset/7778,2026-08-31
2026-04-02,高雄,10,3,6.71,High,2026高雄內門宋江陣,Major celebration,內門紫竹寺,2026-03-21,2026-04-05,https://data.gov.tw/dataset/7778,2026-08-31
2026-04-03,台北,1,0,0.25,Low,2026臺北時裝週,Other,空總臺灣當代文化實驗場,2026-03-26,2026-10-18,https://www.facebook.com/tpefashionweek/?locale=zh_TW,2026-08-31
2026-04-03,新北,15,1,7.58,Medium,2026新北考古季：永續蔚藍進行式,Major celebration,新北市立十三行博物館,2026-02-28,2026-05-17,https://data.gov.tw/dataset/7778,2026-08-31
2026-04-03,桃園,4,0,1.4,Low,「見像・聞聲」聽見陶瓷特展,Expo / Exhibition,中原文創園區 1倉、2倉、3倉、微型廣場B,2026-03-13,2026-05-10,https://data.gov.tw/dataset/7778,2026-08-31
2026-04-03,台中,7,2,3.51,High,115-116年探索臺中之美 引客獎勵方案,Major celebration,,2026-02-15,2027-03-08,https://data.gov.tw/dataset/7778,2026-08-31
2026-04-03,高雄,17,5,14.65,High,2026高雄兒童節｜恐龍酷樂園,Major celebration,衛武營國家藝術文化中心,2026-04-03,2026-04-06,https://data.gov.tw/dataset/7778,2026-08-31
2026-04-04,台北,1,0,0.25,Low,2026臺北時裝週,Other,空總臺灣當代文化實驗場,2026-03-26,2026-10-18,https://www.facebook.com/tpefashionweek/?locale=zh_TW,2026-08-31
2026-04-04,新北,15,1,7.58,Medium,2026新北考古季：永續蔚藍進行式,Major celebration,新北市立十三行博物館,2026-02-28,2026-05-17,https://data.gov.tw/dataset/7778,2026-08-31
2026-04-04,桃園,4,0,1.4,Low,「見像・聞聲」聽見陶瓷特展,Expo / Exhibition,中原文創園區 1倉、2倉、3倉、微型廣場B,2026-03-13,2026-05-10,https://data.gov.tw/dataset/7778,2026-08-31
2026-04-04,台中,7,2,3.51,High,115-116年探索臺中之美 引客獎勵方案,Major celebration,,2026-02-15,2027-03-08,https://data.gov.tw/dataset/7778,2026-08-31
2026-04-04,高雄,17,5,14.65,High,2026高雄兒童節｜恐龍酷樂園,Major celebration,衛武營國家藝術文化中心,2026-04-03,2026-04-06,https://data.gov.tw/dataset/7778,2026-08-31
2026-04-05,台北,1,0,0.25,Low,2026臺北時裝週,Other,空總臺灣當代文化實驗場,2026-03-26,2026-10-18,https://www.facebook.com/tpefashionweek/?locale=zh_TW,2026-08-31
2026-04-05,新北,15,1,7.58,Medium,2026新北考古季：永續蔚藍進行式,Major celebration,新北市立十三行博物館,2026-02-28,2026-05-17,https://data.gov.tw/dataset/7778,2026-08-31
2026-04-05,桃園,4,0,1.4,Low,「見像・聞聲」聽見陶瓷特展,Expo / Exhibition,中原文創園區 1倉、2倉、3倉、微型廣場B,2026-03-13,2026-05-10,https://data.gov.tw/dataset/7778,2026-08-31
2026-04-05,台中,7,2,3.51,High,115-116年探索臺中之美 引客獎勵方案,Major celebration,,2026-02-15,2027-03-08,https://data.gov.tw/dataset/7778,2026-08-31
2026-04-05,高雄,17,5,14.65,High,2026高雄兒童節｜恐龍酷樂園,Major celebration,衛武營國家藝術文化中心,2026-04-03,2026-04-06,https://data.gov.tw/dataset/7778,2026-08-31
2026-04-06,台北,1,0,0.25,Low,2026臺北時裝週,Other,空總臺灣當代文化實驗場,2026-03-26,2026-10-18,https://www.facebook.com/tpefashionweek/?locale=zh_TW,2026-08-31
2026-04-06,新北,14,1,6.75,Medium,2026新北考古季：永續蔚藍進行式,Major celebration,新北市立十三行博物館,2026-02-28,2026-05-17,https://data.gov.tw/dataset/7778,2026-08-31
2026-04-06,桃園,4,0,1.4,Low,「見像・聞聲」聽見陶瓷特展,Expo / Exhibition,中原文創園區 1倉、2倉、3倉、微型廣場B,2026-03-13,2026-05-10,https://data.gov.tw/dataset/7778,2026-08-31
2026-04-06,台中,7,2,3.51,High,115-116年探索臺中之美 引客獎勵方案,Major celebration,,2026-02-15,2027-03-08,https://data.gov.tw/dataset/7778,2026-08-31
2026-04-06,高雄,15,3,11.45,High,2026高雄兒童節｜恐龍酷樂園,Major celebration,衛武營國家藝術文化中心,2026-04-03,2026-04-06,https://data.gov.tw/dataset/7778,2026-08-31
2026-04-07,台北,1,0,0.25,Low,2026臺北時裝週,Other,空總臺灣當代文化實驗場,2026-03-26,2026-10-18,https://www.facebook.com/tpefashionweek/?locale=zh_TW,2026-08-31
2026-04-07,新北,13,1,6.5,Medium,2026新北考古季：永續蔚藍進行式,Major celebration,新北市立十三行博物館,2026-02-28,2026-05-17,https://data.gov.tw/dataset/7778,2026-08-31
2026-04-07,桃園,4,0,1.4,Low,「見像・聞聲」聽見陶瓷特展,Expo / Exhibition,中原文創園區 1倉、2倉、3倉、微型廣場B,2026-03-13,2026-05-10,https://data.gov.tw/dataset/7778,2026-08-31
2026-04-07,台中,7,2,3.51,High,115-116年探索臺中之美 引客獎勵方案,Major celebration,,2026-02-15,2027-03-08,https://data.gov.tw/dataset/7778,2026-08-31
2026-04-07,高雄,9,1,4.01,Medium,六龜湯旅春遊季,Concert / Music festival,寶來溫泉區、不老溫泉區,2026-03-28,2026-05-30,https://data.gov.tw/dataset/7778,2026-08-31
2026-04-08,台北,1,0,0.25,Low,2026臺北時裝週,Other,空總臺灣當代文化實驗場,2026-03-26,2026-10-18,https://www.facebook.com/tpefashionweek/?locale=zh_TW,2026-08-31
2026-04-08,新北,13,1,6.5,Medium,2026新北考古季：永續蔚藍進行式,Major celebration,新北市立十三行博物館,2026-02-28,2026-05-17,https://data.gov.tw/dataset/7778,2026-08-31
2026-04-08,桃園,4,0,1.4,Low,「見像・聞聲」聽見陶瓷特展,Expo / Exhibition,中原文創園區 1倉、2倉、3倉、微型廣場B,2026-03-13,2026-05-10,https://data.gov.tw/dataset/7778,2026-08-31
2026-04-08,台中,7,2,3.51,High,115-116年探索臺中之美 引客獎勵方案,Major celebration,,2026-02-15,2027-03-08,https://data.gov.tw/dataset/7778,2026-08-31
2026-04-08,高雄,9,1,4.01,Medium,六龜湯旅春遊季,Concert / Music festival,寶來溫泉區、不老溫泉區,2026-03-28,2026-05-30,https://data.gov.tw/dataset/7778,2026-08-31
2026-04-09,台北,1,0,0.25,Low,2026臺北時裝週,Other,空總臺灣當代文化實驗場,2026-03-26,2026-10-18,https://www.facebook.com/tpefashionweek/?locale=zh_TW,2026-08-31
2026-04-09,新北,13,1,6.5,Medium,2026新北考古季：永續蔚藍進行式,Major celebration,新北市立十三行博物館,2026-02-28,2026-05-17,https://data.gov.tw/dataset/7778,2026-08-31
2026-04-09,桃園,4,0,1.4,Low,「見像・聞聲」聽見陶瓷特展,Expo / Exhibition,中原文創園區 1倉、2倉、3倉、微型廣場B,2026-03-13,2026-05-10,https://data.gov.tw/dataset/7778,2026-08-31
2026-04-09,台中,7,2,3.51,High,115-116年探索臺中之美 引客獎勵方案,Major celebration,,2026-02-15,2027-03-08,https://data.gov.tw/dataset/7778,2026-08-31
2026-04-09,高雄,9,1,4.01,Medium,六龜湯旅春遊季,Concert / Music festival,寶來溫泉區、不老溫泉區,2026-03-28,2026-05-30,https://data.gov.tw/dataset/7778,2026-08-31
2026-04-10,台北,1,0,0.25,Low,2026臺北時裝週,Other,空總臺灣當代文化實驗場,2026-03-26,2026-10-18,https://www.facebook.com/tpefashionweek/?locale=zh_TW,2026-08-31
2026-04-10,新北,14,1,7.77,Medium,2026新北市黑白切,Market / Family,國立空中大學,2026-04-10,2026-04-12,https://data.gov.tw/dataset/7778,2026-08-31
2026-04-10,桃園,4,0,1.4,Low,「見像・聞聲」聽見陶瓷特展,Expo / Exhibition,中原文創園區 1倉、2倉、3倉、微型廣場B,2026-03-13,2026-05-10,https://data.gov.tw/dataset/7778,2026-08-31
2026-04-10,台中,7,2,3.51,High,115-116年探索臺中之美 引客獎勵方案,Major celebration,,2026-02-15,2027-03-08,https://data.gov.tw/dataset/7778,2026-08-31
2026-04-10,高雄,9,1,4.01,Medium,六龜湯旅春遊季,Concert / Music festival,寶來溫泉區、不老溫泉區,2026-03-28,2026-05-30,https://data.gov.tw/dataset/7778,2026-08-31
2026-04-11,台北,1,0,0.25,Low,2026臺北時裝週,Other,空總臺灣當代文化實驗場,2026-03-26,2026-10-18,https://www.facebook.com/tpefashionweek/?locale=zh_TW,2026-08-31
2026-04-11,新北,15,1,8.27,High,2026新北市黑白切,Market / Family,國立空中大學,2026-04-10,2026-04-12,https://data.gov.tw/dataset/7778,2026-08-31
2026-04-11,桃園,5,1,2.4,Medium,2026桃園鐵玫瑰藝術節,Major celebration,展演中心,2026-04-11,2026-05-24,https://data.gov.tw/dataset/7778,2026-08-31
2026-04-11,台中,8,3,4.51,High,115-116年探索臺中之美 引客獎勵方案,Major celebration,,2026-02-15,2027-03-08,https://data.gov.tw/dataset/7778,2026-08-31
2026-04-11,高雄,11,2,8.51,High,2026 Apink Asia Tour 《The Origin：APINK》 in KAOHSIUNG,Other,高雄流行音樂中心,2026-04-11,2026-04-11,https://data.gov.tw/dataset/7778,2026-08-31
2026-04-12,台北,1,0,0.25,Low,2026臺北時裝週,Other,空總臺灣當代文化實驗場,2026-03-26,2026-10-18,https://www.facebook.com/tpefashionweek/?locale=zh_TW,2026-08-31
2026-04-12,新北,15,1,8.27,High,2026新北市黑白切,Market / Family,國立空中大學,2026-04-10,2026-04-12,https://data.gov.tw/dataset/7778,2026-08-31
2026-04-12,桃園,5,1,2.4,Medium,2026桃園鐵玫瑰藝術節,Major celebration,展演中心,2026-04-11,2026-05-24,https://data.gov.tw/dataset/7778,2026-08-31
2026-04-12,台中,8,3,4.51,High,115-116年探索臺中之美 引客獎勵方案,Major celebration,,2026-02-15,2027-03-08,https://data.gov.tw/dataset/7778,2026-08-31
2026-04-12,高雄,11,2,8.01,High,2026 ZEPRO RUN全國半程馬拉松：高雄場,Sports / Marathon,時代大道(成功二路-中華五路),2026-04-12,2026-04-12,https://data.gov.tw/dataset/7778,2026-08-31
2026-04-13,台北,1,0,0.25,Low,2026臺北時裝週,Other,空總臺灣當代文化實驗場,2026-03-26,2026-10-18,https://www.facebook.com/tpefashionweek/?locale=zh_TW,2026-08-31
2026-04-13,新北,15,1,7.25,Medium,2026新北考古季：永續蔚藍進行式,Major celebration,新北市立十三行博物館,2026-02-28,2026-05-17,https://data.gov.tw/dataset/7778,2026-08-31
2026-04-13,桃園,4,1,2,Medium,2026桃園鐵玫瑰藝術節,Major celebration,展演中心,2026-04-11,2026-05-24,https://data.gov.tw/dataset/7778,2026-08-31
2026-04-13,台中,8,3,4.51,High,115-116年探索臺中之美 引客獎勵方案,Major celebration,,2026-02-15,2027-03-08,https://data.gov.tw/dataset/7778,2026-08-31
2026-04-13,高雄,10,1,4.51,Medium,六龜湯旅春遊季,Concert / Music festival,寶來溫泉區、不老溫泉區,2026-03-28,2026-05-30,https://data.gov.tw/dataset/7778,2026-08-31
2026-04-14,台北,1,0,0.25,Low,2026臺北時裝週,Other,空總臺灣當代文化實驗場,2026-03-26,2026-10-18,https://www.facebook.com/tpefashionweek/?locale=zh_TW,2026-08-31
2026-04-14,新北,15,1,7.25,Medium,2026新北考古季：永續蔚藍進行式,Major celebration,新北市立十三行博物館,2026-02-28,2026-05-17,https://data.gov.tw/dataset/7778,2026-08-31
2026-04-14,桃園,4,1,2,Medium,2026桃園鐵玫瑰藝術節,Major celebration,展演中心,2026-04-11,2026-05-24,https://data.gov.tw/dataset/7778,2026-08-31
2026-04-14,台中,8,3,4.51,High,115-116年探索臺中之美 引客獎勵方案,Major celebration,,2026-02-15,2027-03-08,https://data.gov.tw/dataset/7778,2026-08-31
2026-04-14,高雄,11,1,5.61,Medium,2026高雄永續食農生活節,Expo / Exhibition,高雄市立圖書館總館8樓展覽區,2026-04-14,2026-04-27,https://data.gov.tw/dataset/7778,2026-08-31
2026-04-15,台北,1,0,0.25,Low,2026臺北時裝週,Other,空總臺灣當代文化實驗場,2026-03-26,2026-10-18,https://www.facebook.com/tpefashionweek/?locale=zh_TW,2026-08-31
2026-04-15,新北,15,1,7.25,Medium,2026新北考古季：永續蔚藍進行式,Major celebration,新北市立十三行博物館,2026-02-28,2026-05-17,https://data.gov.tw/dataset/7778,2026-08-31
2026-04-15,桃園,4,1,2,Medium,2026桃園鐵玫瑰藝術節,Major celebration,展演中心,2026-04-11,2026-05-24,https://data.gov.tw/dataset/7778,2026-08-31
2026-04-15,台中,8,3,4.51,High,115-116年探索臺中之美 引客獎勵方案,Major celebration,,2026-02-15,2027-03-08,https://data.gov.tw/dataset/7778,2026-08-31
2026-04-15,高雄,12,1,5.86,Medium,2026高雄永續食農生活節,Expo / Exhibition,高雄市立圖書館總館8樓展覽區,2026-04-14,2026-04-27,https://data.gov.tw/dataset/7778,2026-08-31
2026-04-16,台北,1,0,0.25,Low,2026臺北時裝週,Other,空總臺灣當代文化實驗場,2026-03-26,2026-10-18,https://www.facebook.com/tpefashionweek/?locale=zh_TW,2026-08-31
2026-04-16,新北,17,1,8.3,High,2026新北考古季：永續蔚藍進行式,Major celebration,新北市立十三行博物館,2026-02-28,2026-05-17,https://data.gov.tw/dataset/7778,2026-08-31
2026-04-16,桃園,4,1,2,Medium,2026桃園鐵玫瑰藝術節,Major celebration,展演中心,2026-04-11,2026-05-24,https://data.gov.tw/dataset/7778,2026-08-31
2026-04-16,台中,8,3,4.51,High,115-116年探索臺中之美 引客獎勵方案,Major celebration,,2026-02-15,2027-03-08,https://data.gov.tw/dataset/7778,2026-08-31
2026-04-16,高雄,12,1,5.86,Medium,2026高雄永續食農生活節,Expo / Exhibition,高雄市立圖書館總館8樓展覽區,2026-04-14,2026-04-27,https://data.gov.tw/dataset/7778,2026-08-31
2026-04-17,台北,1,0,0.25,Low,2026臺北時裝週,Other,空總臺灣當代文化實驗場,2026-03-26,2026-10-18,https://www.facebook.com/tpefashionweek/?locale=zh_TW,2026-08-31
2026-04-17,新北,22,1,11.63,High,2026新北考古季：永續蔚藍進行式,Major celebration,新北市立十三行博物館,2026-02-28,2026-05-17,https://data.gov.tw/dataset/7778,2026-08-31
2026-04-17,桃園,4,1,2,Medium,2026桃園鐵玫瑰藝術節,Major celebration,展演中心,2026-04-11,2026-05-24,https://data.gov.tw/dataset/7778,2026-08-31
2026-04-17,台中,10,3,6.61,High,「2026臺中市逍遙音樂町－暮色之歌．光音奔馳」節能減碳 在地行動 go!!,Market / Family,神岡路30號,2026-04-17,2026-04-18,https://data.gov.tw/dataset/7778,2026-08-31
2026-04-17,高雄,12,1,5.86,Medium,2026高雄永續食農生活節,Expo / Exhibition,高雄市立圖書館總館8樓展覽區,2026-04-14,2026-04-27,https://data.gov.tw/dataset/7778,2026-08-31
2026-04-18,台北,1,0,0.25,Low,2026臺北時裝週,Other,空總臺灣當代文化實驗場,2026-03-26,2026-10-18,https://www.facebook.com/tpefashionweek/?locale=zh_TW,2026-08-31
2026-04-18,新北,25,2,16.31,High,2026新北鐵道馬拉松接力賽,Sports / Marathon,福容大飯店福隆,2026-04-18,2026-04-19,https://data.gov.tw/dataset/7778,2026-08-31
2026-04-18,桃園,6,1,2.95,Medium,2026桃園鐵玫瑰藝術節,Major celebration,展演中心,2026-04-11,2026-05-24,https://data.gov.tw/dataset/7778,2026-08-31
2026-04-18,台中,10,3,6.61,High,「2026臺中市逍遙音樂町－暮色之歌．光音奔馳」節能減碳 在地行動 go!!,Market / Family,神岡路30號,2026-04-17,2026-04-18,https://data.gov.tw/dataset/7778,2026-08-31
2026-04-18,高雄,12,1,5.86,Medium,2026高雄永續食農生活節,Expo / Exhibition,高雄市立圖書館總館8樓展覽區,2026-04-14,2026-04-27,https://data.gov.tw/dataset/7778,2026-08-31
2026-04-19,台北,1,0,0.25,Low,2026臺北時裝週,Other,空總臺灣當代文化實驗場,2026-03-26,2026-10-18,https://www.facebook.com/tpefashionweek/?locale=zh_TW,2026-08-31
2026-04-19,新北,24,3,18.11,High,2026新北市鐵道馬拉松接力賽,Sports / Marathon,福容大飯店福隆（彩虹橋前廣場）,2026-04-19,2026-04-19,https://newtaipei.travel/zh-tw/calendar/detail/3632,2026-08-31
2026-04-19,桃園,6,1,2.95,Medium,2026桃園鐵玫瑰藝術節,Major celebration,展演中心,2026-04-11,2026-05-24,https://data.gov.tw/dataset/7778,2026-08-31
2026-04-19,台中,9,3,5.34,High,115-116年探索臺中之美 引客獎勵方案,Major celebration,,2026-02-15,2027-03-08,https://data.gov.tw/dataset/7778,2026-08-31
2026-04-19,高雄,12,1,5.86,Medium,2026高雄永續食農生活節,Expo / Exhibition,高雄市立圖書館總館8樓展覽區,2026-04-14,2026-04-27,https://data.gov.tw/dataset/7778,2026-08-31
2026-04-20,台北,1,0,0.25,Low,2026臺北時裝週,Other,空總臺灣當代文化實驗場,2026-03-26,2026-10-18,https://www.facebook.com/tpefashionweek/?locale=zh_TW,2026-08-31
2026-04-20,新北,19,1,9.08,High,2026新北考古季：永續蔚藍進行式,Major celebration,新北市立十三行博物館,2026-02-28,2026-05-17,https://data.gov.tw/dataset/7778,2026-08-31
2026-04-20,桃園,5,1,2.7,Medium,2026桃園鐵玫瑰藝術節,Major celebration,展演中心,2026-04-11,2026-05-24,https://data.gov.tw/dataset/7778,2026-08-31
2026-04-20,台中,9,3,5.34,High,115-116年探索臺中之美 引客獎勵方案,Major celebration,,2026-02-15,2027-03-08,https://data.gov.tw/dataset/7778,2026-08-31
2026-04-20,高雄,11,1,5.36,Medium,2026高雄永續食農生活節,Expo / Exhibition,高雄市立圖書館總館8樓展覽區,2026-04-14,2026-04-27,https://data.gov.tw/dataset/7778,2026-08-31
2026-04-21,台北,1,0,0.25,Low,2026臺北時裝週,Other,空總臺灣當代文化實驗場,2026-03-26,2026-10-18,https://www.facebook.com/tpefashionweek/?locale=zh_TW,2026-08-31
2026-04-21,新北,18,1,8.58,High,2026新北考古季：永續蔚藍進行式,Major celebration,新北市立十三行博物館,2026-02-28,2026-05-17,https://data.gov.tw/dataset/7778,2026-08-31
2026-04-21,桃園,5,1,2.7,Medium,2026桃園鐵玫瑰藝術節,Major celebration,展演中心,2026-04-11,2026-05-24,https://data.gov.tw/dataset/7778,2026-08-31
2026-04-21,台中,8,3,4.84,High,115-116年探索臺中之美 引客獎勵方案,Major celebration,,2026-02-15,2027-03-08,https://data.gov.tw/dataset/7778,2026-08-31
2026-04-21,高雄,11,1,5.36,Medium,2026高雄永續食農生活節,Expo / Exhibition,高雄市立圖書館總館8樓展覽區,2026-04-14,2026-04-27,https://data.gov.tw/dataset/7778,2026-08-31
2026-04-22,台北,1,0,0.25,Low,2026臺北時裝週,Other,空總臺灣當代文化實驗場,2026-03-26,2026-10-18,https://www.facebook.com/tpefashionweek/?locale=zh_TW,2026-08-31
2026-04-22,新北,21,2,10.46,High,2026新北考古季：永續蔚藍進行式,Major celebration,新北市立十三行博物館,2026-02-28,2026-05-17,https://data.gov.tw/dataset/7778,2026-08-31
2026-04-22,桃園,5,1,2.7,Medium,2026桃園鐵玫瑰藝術節,Major celebration,展演中心,2026-04-11,2026-05-24,https://data.gov.tw/dataset/7778,2026-08-31
2026-04-22,台中,9,4,7.04,High,2026 ATTA 臺中國際旅展,Major celebration,黎明路三段1000號,2026-04-22,2026-04-27,https://data.gov.tw/dataset/7778,2026-08-31
2026-04-22,高雄,11,1,5.36,Medium,2026高雄永續食農生活節,Expo / Exhibition,高雄市立圖書館總館8樓展覽區,2026-04-14,2026-04-27,https://data.gov.tw/dataset/7778,2026-08-31
2026-04-23,台北,1,0,0.25,Low,2026臺北時裝週,Other,空總臺灣當代文化實驗場,2026-03-26,2026-10-18,https://www.facebook.com/tpefashionweek/?locale=zh_TW,2026-08-31
2026-04-23,新北,21,2,10.46,High,2026新北考古季：永續蔚藍進行式,Major celebration,新北市立十三行博物館,2026-02-28,2026-05-17,https://data.gov.tw/dataset/7778,2026-08-31
2026-04-23,桃園,5,1,2.7,Medium,2026桃園鐵玫瑰藝術節,Major celebration,展演中心,2026-04-11,2026-05-24,https://data.gov.tw/dataset/7778,2026-08-31
2026-04-23,台中,9,4,7.04,High,2026 ATTA 臺中國際旅展,Major celebration,黎明路三段1000號,2026-04-22,2026-04-27,https://data.gov.tw/dataset/7778,2026-08-31
2026-04-23,高雄,11,1,5.36,Medium,2026高雄永續食農生活節,Expo / Exhibition,高雄市立圖書館總館8樓展覽區,2026-04-14,2026-04-27,https://data.gov.tw/dataset/7778,2026-08-31
2026-04-24,台北,1,0,0.25,Low,2026臺北時裝週,Other,空總臺灣當代文化實驗場,2026-03-26,2026-10-18,https://www.facebook.com/tpefashionweek/?locale=zh_TW,2026-08-31
2026-04-24,新北,26,2,14.01,High,2026新北考古季：永續蔚藍進行式,Major celebration,新北市立十三行博物館,2026-02-28,2026-05-17,https://data.gov.tw/dataset/7778,2026-08-31
2026-04-24,桃園,5,1,2.7,Medium,2026桃園鐵玫瑰藝術節,Major celebration,展演中心,2026-04-11,2026-05-24,https://data.gov.tw/dataset/7778,2026-08-31
2026-04-24,台中,9,4,7.04,High,2026 ATTA 臺中國際旅展,Major celebration,黎明路三段1000號,2026-04-22,2026-04-27,https://data.gov.tw/dataset/7778,2026-08-31
2026-04-24,高雄,14,3,14.03,High,KSAF《日本江戶傳統藝能之夜》,Major celebration,高雄文化中心至德堂,2026-04-24,2026-04-24,https://data.gov.tw/dataset/7778,2026-08-31
2026-04-25,台北,1,0,0.25,Low,2026臺北時裝週,Other,空總臺灣當代文化實驗場,2026-03-26,2026-10-18,https://www.facebook.com/tpefashionweek/?locale=zh_TW,2026-08-31
2026-04-25,新北,27,2,14.86,High,2026新北考古季：永續蔚藍進行式,Major celebration,新北市立十三行博物館,2026-02-28,2026-05-17,https://data.gov.tw/dataset/7778,2026-08-31
2026-04-25,桃園,7,2,5.45,High,2026桃園龍岡米干節,Major celebration,忠貞新村文化園區,2026-04-25,2026-05-02,https://data.gov.tw/dataset/7778,2026-08-31
2026-04-25,台中,9,4,7.04,High,2026 ATTA 臺中國際旅展,Major celebration,黎明路三段1000號,2026-04-22,2026-04-27,https://data.gov.tw/dataset/7778,2026-08-31
2026-04-25,高雄,16,2,12.56,High,CxM [DOUBLE UP] LIVE PARTY in KAOHSIUNG,Other,高雄巨蛋,2026-04-24,2026-04-26,https://data.gov.tw/dataset/7778,2026-08-31
2026-04-26,台北,1,0,0.25,Low,2026臺北時裝週,Other,空總臺灣當代文化實驗場,2026-03-26,2026-10-18,https://www.facebook.com/tpefashionweek/?locale=zh_TW,2026-08-31
2026-04-26,新北,24,2,12.31,High,2026新北考古季：永續蔚藍進行式,Major celebration,新北市立十三行博物館,2026-02-28,2026-05-17,https://data.gov.tw/dataset/7778,2026-08-31
2026-04-26,桃園,7,2,5.45,High,2026桃園龍岡米干節,Major celebration,忠貞新村文化園區,2026-04-25,2026-05-02,https://data.gov.tw/dataset/7778,2026-08-31
2026-04-26,台中,9,5,10.21,High,2026臺中媽祖國際觀光文化節   鐵道追福-郵輪專列逍遙遊,Major celebration,,2026-04-26,2026-04-26,https://data.gov.tw/dataset/7778,2026-08-31
2026-04-26,高雄,16,2,12.56,High,CxM [DOUBLE UP] LIVE PARTY in KAOHSIUNG,Other,高雄巨蛋,2026-04-24,2026-04-26,https://data.gov.tw/dataset/7778,2026-08-31
2026-04-27,台北,1,0,0.25,Low,2026臺北時裝週,Other,空總臺灣當代文化實驗場,2026-03-26,2026-10-18,https://www.facebook.com/tpefashionweek/?locale=zh_TW,2026-08-31
2026-04-27,新北,21,2,10.41,High,2026新北考古季：永續蔚藍進行式,Major celebration,新北市立十三行博物館,2026-02-28,2026-05-17,https://data.gov.tw/dataset/7778,2026-08-31
2026-04-27,桃園,6,2,4.9,High,2026桃園龍岡米干節,Major celebration,忠貞新村文化園區,2026-04-25,2026-05-02,https://data.gov.tw/dataset/7778,2026-08-31
2026-04-27,台中,8,4,6.21,High,2026 ATTA 臺中國際旅展,Major celebration,黎明路三段1000號,2026-04-22,2026-04-27,https://data.gov.tw/dataset/7778,2026-08-31
2026-04-27,高雄,11,1,5.69,Medium,2026高雄永續食農生活節,Expo / Exhibition,高雄市立圖書館總館8樓展覽區,2026-04-14,2026-04-27,https://data.gov.tw/dataset/7778,2026-08-31
2026-04-28,台北,1,0,0.25,Low,2026臺北時裝週,Other,空總臺灣當代文化實驗場,2026-03-26,2026-10-18,https://www.facebook.com/tpefashionweek/?locale=zh_TW,2026-08-31
2026-04-28,新北,21,2,10.41,High,2026新北考古季：永續蔚藍進行式,Major celebration,新北市立十三行博物館,2026-02-28,2026-05-17,https://data.gov.tw/dataset/7778,2026-08-31
2026-04-28,桃園,6,2,4.9,High,2026桃園龍岡米干節,Major celebration,忠貞新村文化園區,2026-04-25,2026-05-02,https://data.gov.tw/dataset/7778,2026-08-31
2026-04-28,台中,7,3,4.01,High,115-116年探索臺中之美 引客獎勵方案,Major celebration,,2026-02-15,2027-03-08,https://data.gov.tw/dataset/7778,2026-08-31
2026-04-28,高雄,10,1,4.59,Medium,六龜湯旅春遊季,Concert / Music festival,寶來溫泉區、不老溫泉區,2026-03-28,2026-05-30,https://data.gov.tw/dataset/7778,2026-08-31
2026-04-29,台北,1,0,0.25,Low,2026臺北時裝週,Other,空總臺灣當代文化實驗場,2026-03-26,2026-10-18,https://www.facebook.com/tpefashionweek/?locale=zh_TW,2026-08-31
2026-04-29,新北,21,2,10.41,High,2026新北考古季：永續蔚藍進行式,Major celebration,新北市立十三行博物館,2026-02-28,2026-05-17,https://data.gov.tw/dataset/7778,2026-08-31
2026-04-29,桃園,6,2,4.9,High,2026桃園龍岡米干節,Major celebration,忠貞新村文化園區,2026-04-25,2026-05-02,https://data.gov.tw/dataset/7778,2026-08-31
2026-04-29,台中,7,3,4.01,High,115-116年探索臺中之美 引客獎勵方案,Major celebration,,2026-02-15,2027-03-08,https://data.gov.tw/dataset/7778,2026-08-31
2026-04-29,高雄,10,1,4.59,Medium,六龜湯旅春遊季,Concert / Music festival,寶來溫泉區、不老溫泉區,2026-03-28,2026-05-30,https://data.gov.tw/dataset/7778,2026-08-31
2026-04-30,台北,1,0,0.25,Low,2026臺北時裝週,Other,空總臺灣當代文化實驗場,2026-03-26,2026-10-18,https://www.facebook.com/tpefashionweek/?locale=zh_TW,2026-08-31
2026-04-30,新北,23,2,10.91,High,2026新北考古季：永續蔚藍進行式,Major celebration,新北市立十三行博物館,2026-02-28,2026-05-17,https://data.gov.tw/dataset/7778,2026-08-31
2026-04-30,桃園,6,2,4.9,High,2026桃園龍岡米干節,Major celebration,忠貞新村文化園區,2026-04-25,2026-05-02,https://data.gov.tw/dataset/7778,2026-08-31
2026-04-30,台中,7,3,4.01,High,115-116年探索臺中之美 引客獎勵方案,Major celebration,,2026-02-15,2027-03-08,https://data.gov.tw/dataset/7778,2026-08-31
2026-04-30,高雄,11,2,6.79,High,高雄2026亞洲同志運動會,Sports / Marathon,高雄流行音樂中心・海音館,2026-04-30,2026-05-04,https://data.gov.tw/dataset/7778,2026-08-31
2026-05-01,台北,1,0,0.25,Low,2026臺北時裝週,Other,空總臺灣當代文化實驗場,2026-03-26,2026-10-18,https://www.facebook.com/tpefashionweek/?locale=zh_TW,2026-08-31
2026-05-01,新北,23,2,11.93,High,2026新北市客家桐花祭｜在石碇有福桐享共下行,Market / Family,石碇老街,2026-05-01,2026-05-02,https://data.gov.tw/dataset/7778,2026-08-31
2026-05-01,桃園,7,2,5.45,High,2026桃園龍岡米干節,Major celebration,忠貞新村文化園區,2026-04-25,2026-05-02,https://data.gov.tw/dataset/7778,2026-08-31
2026-05-01,台中,7,3,4.01,High,115-116年探索臺中之美 引客獎勵方案,Major celebration,,2026-02-15,2027-03-08,https://data.gov.tw/dataset/7778,2026-08-31
2026-05-01,高雄,11,2,6.79,High,高雄2026亞洲同志運動會,Sports / Marathon,高雄流行音樂中心・海音館,2026-04-30,2026-05-04,https://data.gov.tw/dataset/7778,2026-08-31
2026-05-02,台北,1,0,0.25,Low,2026臺北時裝週,Other,空總臺灣當代文化實驗場,2026-03-26,2026-10-18,https://www.facebook.com/tpefashionweek/?locale=zh_TW,2026-08-31
2026-05-02,新北,23,2,11.93,High,2026新北市客家桐花祭｜在石碇有福桐享共下行,Market / Family,石碇老街,2026-05-01,2026-05-02,https://data.gov.tw/dataset/7778,2026-08-31
2026-05-02,桃園,8,2,5.7,High,2026桃園龍岡米干節,Major celebration,忠貞新村文化園區,2026-04-25,2026-05-02,https://data.gov.tw/dataset/7778,2026-08-31
2026-05-02,台中,7,3,4.01,High,115-116年探索臺中之美 引客獎勵方案,Major celebration,,2026-02-15,2027-03-08,https://data.gov.tw/dataset/7778,2026-08-31
2026-05-02,高雄,11,2,6.79,High,高雄2026亞洲同志運動會,Sports / Marathon,高雄流行音樂中心・海音館,2026-04-30,2026-05-04,https://data.gov.tw/dataset/7778,2026-08-31
2026-05-03,台北,1,0,0.25,Low,2026臺北時裝週,Other,空總臺灣當代文化實驗場,2026-03-26,2026-10-18,https://www.facebook.com/tpefashionweek/?locale=zh_TW,2026-08-31
2026-05-03,新北,23,2,11.21,High,2026新北考古季：永續蔚藍進行式,Major celebration,新北市立十三行博物館,2026-02-28,2026-05-17,https://data.gov.tw/dataset/7778,2026-08-31
2026-05-03,桃園,6,1,2.95,Medium,2026桃園鐵玫瑰藝術節,Major celebration,展演中心,2026-04-11,2026-05-24,https://data.gov.tw/dataset/7778,2026-08-31
2026-05-03,台中,7,3,4.01,High,115-116年探索臺中之美 引客獎勵方案,Major celebration,,2026-02-15,2027-03-08,https://data.gov.tw/dataset/7778,2026-08-31
2026-05-03,高雄,11,2,6.79,High,高雄2026亞洲同志運動會,Sports / Marathon,高雄流行音樂中心・海音館,2026-04-30,2026-05-04,https://data.gov.tw/dataset/7778,2026-08-31
2026-05-04,台北,1,0,0.25,Low,2026臺北時裝週,Other,空總臺灣當代文化實驗場,2026-03-26,2026-10-18,https://www.facebook.com/tpefashionweek/?locale=zh_TW,2026-08-31
2026-05-04,新北,23,2,11.21,High,2026新北考古季：永續蔚藍進行式,Major celebration,新北市立十三行博物館,2026-02-28,2026-05-17,https://data.gov.tw/dataset/7778,2026-08-31
2026-05-04,桃園,6,1,2.95,Medium,2026桃園鐵玫瑰藝術節,Major celebration,展演中心,2026-04-11,2026-05-24,https://data.gov.tw/dataset/7778,2026-08-31
2026-05-04,台中,7,3,4.01,High,115-116年探索臺中之美 引客獎勵方案,Major celebration,,2026-02-15,2027-03-08,https://data.gov.tw/dataset/7778,2026-08-31
2026-05-04,高雄,9,2,5.58,High,高雄2026亞洲同志運動會,Sports / Marathon,高雄流行音樂中心・海音館,2026-04-30,2026-05-04,https://data.gov.tw/dataset/7778,2026-08-31
2026-05-05,台北,1,0,0.25,Low,2026臺北時裝週,Other,空總臺灣當代文化實驗場,2026-03-26,2026-10-18,https://www.facebook.com/tpefashionweek/?locale=zh_TW,2026-08-31
2026-05-05,新北,23,2,11.21,High,2026新北考古季：永續蔚藍進行式,Major celebration,新北市立十三行博物館,2026-02-28,2026-05-17,https://data.gov.tw/dataset/7778,2026-08-31
2026-05-05,桃園,6,1,2.95,Medium,2026桃園鐵玫瑰藝術節,Major celebration,展演中心,2026-04-11,2026-05-24,https://data.gov.tw/dataset/7778,2026-08-31
2026-05-05,台中,7,3,4.01,High,115-116年探索臺中之美 引客獎勵方案,Major celebration,,2026-02-15,2027-03-08,https://data.gov.tw/dataset/7778,2026-08-31
2026-05-05,高雄,8,1,3.38,Medium,六龜湯旅春遊季,Concert / Music festival,寶來溫泉區、不老溫泉區,2026-03-28,2026-05-30,https://data.gov.tw/dataset/7778,2026-08-31
2026-05-06,台北,1,0,0.25,Low,2026臺北時裝週,Other,空總臺灣當代文化實驗場,2026-03-26,2026-10-18,https://www.facebook.com/tpefashionweek/?locale=zh_TW,2026-08-31
2026-05-06,新北,23,2,11.21,High,2026新北考古季：永續蔚藍進行式,Major celebration,新北市立十三行博物館,2026-02-28,2026-05-17,https://data.gov.tw/dataset/7778,2026-08-31
2026-05-06,桃園,6,1,2.95,Medium,2026桃園鐵玫瑰藝術節,Major celebration,展演中心,2026-04-11,2026-05-24,https://data.gov.tw/dataset/7778,2026-08-31
2026-05-06,台中,7,3,4.01,High,115-116年探索臺中之美 引客獎勵方案,Major celebration,,2026-02-15,2027-03-08,https://data.gov.tw/dataset/7778,2026-08-31
2026-05-06,高雄,8,1,3.38,Medium,六龜湯旅春遊季,Concert / Music festival,寶來溫泉區、不老溫泉區,2026-03-28,2026-05-30,https://data.gov.tw/dataset/7778,2026-08-31
2026-05-07,台北,1,0,0.25,Low,2026臺北時裝週,Other,空總臺灣當代文化實驗場,2026-03-26,2026-10-18,https://www.facebook.com/tpefashionweek/?locale=zh_TW,2026-08-31
2026-05-07,新北,23,2,11.21,High,2026新北考古季：永續蔚藍進行式,Major celebration,新北市立十三行博物館,2026-02-28,2026-05-17,https://data.gov.tw/dataset/7778,2026-08-31
2026-05-07,桃園,6,1,2.95,Medium,2026桃園鐵玫瑰藝術節,Major celebration,展演中心,2026-04-11,2026-05-24,https://data.gov.tw/dataset/7778,2026-08-31
2026-05-07,台中,7,3,4.01,High,115-116年探索臺中之美 引客獎勵方案,Major celebration,,2026-02-15,2027-03-08,https://data.gov.tw/dataset/7778,2026-08-31
2026-05-07,高雄,8,1,3.38,Medium,六龜湯旅春遊季,Concert / Music festival,寶來溫泉區、不老溫泉區,2026-03-28,2026-05-30,https://data.gov.tw/dataset/7778,2026-08-31
2026-05-08,台北,1,0,0.25,Low,2026臺北時裝週,Other,空總臺灣當代文化實驗場,2026-03-26,2026-10-18,https://www.facebook.com/tpefashionweek/?locale=zh_TW,2026-08-31
2026-05-08,新北,25,2,11.86,High,2026新北考古季：永續蔚藍進行式,Major celebration,新北市立十三行博物館,2026-02-28,2026-05-17,https://data.gov.tw/dataset/7778,2026-08-31
2026-05-08,桃園,6,1,2.95,Medium,2026桃園鐵玫瑰藝術節,Major celebration,展演中心,2026-04-11,2026-05-24,https://data.gov.tw/dataset/7778,2026-08-31
2026-05-08,台中,7,3,4.01,High,115-116年探索臺中之美 引客獎勵方案,Major celebration,,2026-02-15,2027-03-08,https://data.gov.tw/dataset/7778,2026-08-31
2026-05-08,高雄,8,1,3.38,Medium,六龜湯旅春遊季,Concert / Music festival,寶來溫泉區、不老溫泉區,2026-03-28,2026-05-30,https://data.gov.tw/dataset/7778,2026-08-31
2026-05-09,台北,1,0,0.25,Low,2026臺北時裝週,Other,空總臺灣當代文化實驗場,2026-03-26,2026-10-18,https://www.facebook.com/tpefashionweek/?locale=zh_TW,2026-08-31
2026-05-09,新北,25,2,11.86,High,2026新北考古季：永續蔚藍進行式,Major celebration,新北市立十三行博物館,2026-02-28,2026-05-17,https://data.gov.tw/dataset/7778,2026-08-31
2026-05-09,桃園,8,1,4.62,Medium,2026媽媽桃宣傳活動「媽媽樂桃桃 粉紅市集」,Market / Family,台茂購物中心戶外廣場(桃園市蘆竹區南崁路一段112號),2026-05-09,2026-05-10,https://data.gov.tw/dataset/7778,2026-08-31
2026-05-09,台中,8,4,7.41,High,2026 鐵山音樂季-春瘋媽祖,Major celebration,鐵砧山風景特定區,2026-05-09,2026-05-10,https://data.gov.tw/dataset/7778,2026-08-31
2026-05-09,高雄,10,1,4.13,Medium,六龜湯旅春遊季,Concert / Music festival,寶來溫泉區、不老溫泉區,2026-03-28,2026-05-30,https://data.gov.tw/dataset/7778,2026-08-31
2026-05-10,台北,1,0,0.25,Low,2026臺北時裝週,Other,空總臺灣當代文化實驗場,2026-03-26,2026-10-18,https://www.facebook.com/tpefashionweek/?locale=zh_TW,2026-08-31
2026-05-10,新北,24,2,11.46,High,2026新北考古季：永續蔚藍進行式,Major celebration,新北市立十三行博物館,2026-02-28,2026-05-17,https://data.gov.tw/dataset/7778,2026-08-31
2026-05-10,桃園,6,1,3.97,Medium,2026媽媽桃宣傳活動「媽媽樂桃桃 粉紅市集」,Market / Family,台茂購物中心戶外廣場(桃園市蘆竹區南崁路一段112號),2026-05-09,2026-05-10,https://data.gov.tw/dataset/7778,2026-08-31
2026-05-10,台中,9,4,7.66,High,2026 鐵山音樂季-春瘋媽祖,Major celebration,鐵砧山風景特定區,2026-05-09,2026-05-10,https://data.gov.tw/dataset/7778,2026-08-31
2026-05-10,高雄,10,1,4.13,Medium,六龜湯旅春遊季,Concert / Music festival,寶來溫泉區、不老溫泉區,2026-03-28,2026-05-30,https://data.gov.tw/dataset/7778,2026-08-31
2026-05-11,台北,1,0,0.25,Low,2026臺北時裝週,Other,空總臺灣當代文化實驗場,2026-03-26,2026-10-18,https://www.facebook.com/tpefashionweek/?locale=zh_TW,2026-08-31
2026-05-11,新北,24,2,11.46,High,2026新北考古季：永續蔚藍進行式,Major celebration,新北市立十三行博物館,2026-02-28,2026-05-17,https://data.gov.tw/dataset/7778,2026-08-31
2026-05-11,桃園,3,1,1.65,Medium,2026桃園鐵玫瑰藝術節,Major celebration,展演中心,2026-04-11,2026-05-24,https://data.gov.tw/dataset/7778,2026-08-31
2026-05-11,台中,8,3,4.26,High,115-116年探索臺中之美 引客獎勵方案,Major celebration,,2026-02-15,2027-03-08,https://data.gov.tw/dataset/7778,2026-08-31
2026-05-11,高雄,10,1,4.13,Medium,六龜湯旅春遊季,Concert / Music festival,寶來溫泉區、不老溫泉區,2026-03-28,2026-05-30,https://data.gov.tw/dataset/7778,2026-08-31
2026-05-12,台北,1,0,0.25,Low,2026臺北時裝週,Other,空總臺灣當代文化實驗場,2026-03-26,2026-10-18,https://www.facebook.com/tpefashionweek/?locale=zh_TW,2026-08-31
2026-05-12,新北,24,2,11.46,High,2026新北考古季：永續蔚藍進行式,Major celebration,新北市立十三行博物館,2026-02-28,2026-05-17,https://data.gov.tw/dataset/7778,2026-08-31
2026-05-12,桃園,3,1,1.65,Medium,2026桃園鐵玫瑰藝術節,Major celebration,展演中心,2026-04-11,2026-05-24,https://data.gov.tw/dataset/7778,2026-08-31
2026-05-12,台中,8,3,4.26,High,115-116年探索臺中之美 引客獎勵方案,Major celebration,,2026-02-15,2027-03-08,https://data.gov.tw/dataset/7778,2026-08-31
2026-05-12,高雄,10,1,4.13,Medium,六龜湯旅春遊季,Concert / Music festival,寶來溫泉區、不老溫泉區,2026-03-28,2026-05-30,https://data.gov.tw/dataset/7778,2026-08-31
2026-05-13,台北,1,0,0.25,Low,2026臺北時裝週,Other,空總臺灣當代文化實驗場,2026-03-26,2026-10-18,https://www.facebook.com/tpefashionweek/?locale=zh_TW,2026-08-31
2026-05-13,新北,24,2,11.46,High,2026新北考古季：永續蔚藍進行式,Major celebration,新北市立十三行博物館,2026-02-28,2026-05-17,https://data.gov.tw/dataset/7778,2026-08-31
2026-05-13,桃園,3,1,1.65,Medium,2026桃園鐵玫瑰藝術節,Major celebration,展演中心,2026-04-11,2026-05-24,https://data.gov.tw/dataset/7778,2026-08-31
2026-05-13,台中,9,3,4.51,High,115-116年探索臺中之美 引客獎勵方案,Major celebration,,2026-02-15,2027-03-08,https://data.gov.tw/dataset/7778,2026-08-31
2026-05-13,高雄,10,1,4.13,Medium,六龜湯旅春遊季,Concert / Music festival,寶來溫泉區、不老溫泉區,2026-03-28,2026-05-30,https://data.gov.tw/dataset/7778,2026-08-31
2026-05-14,台北,1,0,0.25,Low,2026臺北時裝週,Other,空總臺灣當代文化實驗場,2026-03-26,2026-10-18,https://www.facebook.com/tpefashionweek/?locale=zh_TW,2026-08-31
2026-05-14,新北,23,2,10.91,High,2026新北考古季：永續蔚藍進行式,Major celebration,新北市立十三行博物館,2026-02-28,2026-05-17,https://data.gov.tw/dataset/7778,2026-08-31
2026-05-14,桃園,3,1,1.65,Medium,2026桃園鐵玫瑰藝術節,Major celebration,展演中心,2026-04-11,2026-05-24,https://data.gov.tw/dataset/7778,2026-08-31
2026-05-14,台中,9,3,4.51,High,115-116年探索臺中之美 引客獎勵方案,Major celebration,,2026-02-15,2027-03-08,https://data.gov.tw/dataset/7778,2026-08-31
2026-05-14,高雄,11,2,6.06,High,2026青春設計節 Youth Innovative Design Festival,Sports / Marathon,駁二藝術特區 大勇及蓬萊倉庫群,2026-05-14,2026-05-17,https://data.gov.tw/dataset/7778,2026-08-31
2026-05-15,台北,1,0,0.25,Low,2026臺北時裝週,Other,空總臺灣當代文化實驗場,2026-03-26,2026-10-18,https://www.facebook.com/tpefashionweek/?locale=zh_TW,2026-08-31
2026-05-15,新北,28,2,13.81,High,2026新北考古季：永續蔚藍進行式,Major celebration,新北市立十三行博物館,2026-02-28,2026-05-17,https://data.gov.tw/dataset/7778,2026-08-31
2026-05-15,桃園,3,1,1.65,Medium,2026桃園鐵玫瑰藝術節,Major celebration,展演中心,2026-04-11,2026-05-24,https://data.gov.tw/dataset/7778,2026-08-31
2026-05-15,台中,9,3,4.51,High,115-116年探索臺中之美 引客獎勵方案,Major celebration,,2026-02-15,2027-03-08,https://data.gov.tw/dataset/7778,2026-08-31
2026-05-15,高雄,12,2,7.16,High,2026青春設計節 Youth Innovative Design Festival,Sports / Marathon,駁二藝術特區 大勇及蓬萊倉庫群,2026-05-14,2026-05-17,https://data.gov.tw/dataset/7778,2026-08-31
2026-05-16,台北,1,0,0.25,Low,2026臺北時裝週,Other,空總臺灣當代文化實驗場,2026-03-26,2026-10-18,https://www.facebook.com/tpefashionweek/?locale=zh_TW,2026-08-31
2026-05-16,新北,27,2,13.56,High,2026新北考古季：永續蔚藍進行式,Major celebration,新北市立十三行博物館,2026-02-28,2026-05-17,https://data.gov.tw/dataset/7778,2026-08-31
2026-05-16,桃園,4,1,1.9,Medium,2026桃園鐵玫瑰藝術節,Major celebration,展演中心,2026-04-11,2026-05-24,https://data.gov.tw/dataset/7778,2026-08-31
2026-05-16,台中,8,2,3.63,High,115-116年探索臺中之美 引客獎勵方案,Major celebration,,2026-02-15,2027-03-08,https://data.gov.tw/dataset/7778,2026-08-31
2026-05-16,高雄,15,2,10.51,High,2026青春設計節 Youth Innovative Design Festival,Sports / Marathon,駁二藝術特區 大勇及蓬萊倉庫群,2026-05-14,2026-05-17,https://data.gov.tw/dataset/7778,2026-08-31
2026-05-17,台北,1,0,0.25,Low,2026臺北時裝週,Other,空總臺灣當代文化實驗場,2026-03-26,2026-10-18,https://www.facebook.com/tpefashionweek/?locale=zh_TW,2026-08-31
2026-05-17,新北,27,2,14.41,High,新北文化友善年 × 518國際博物館日活動,Expo / Exhibition,新北市立十三行博物館、新北市立淡水古蹟博物館、新北市立鶯歌陶瓷博物館、新北市立黃金博物館、新北市美術館、新北市坪林茶業博物館、國定古蹟林本源園邸、朱銘美術館、世界宗教博物館,2026-05-17,2026-05-18,https://data.gov.tw/dataset/7778,2026-08-31
2026-05-17,桃園,5,2,5.4,High,2026桃園市珍珠海岸馬拉松接力賽,Sports / Marathon,永安漁港,2026-05-17,2026-05-17,https://data.gov.tw/dataset/7778,2026-08-31
2026-05-17,台中,7,2,3.38,High,115-116年探索臺中之美 引客獎勵方案,Major celebration,,2026-02-15,2027-03-08,https://data.gov.tw/dataset/7778,2026-08-31
2026-05-17,高雄,14,2,8.26,High,2026青春設計節 Youth Innovative Design Festival,Sports / Marathon,駁二藝術特區 大勇及蓬萊倉庫群,2026-05-14,2026-05-17,https://data.gov.tw/dataset/7778,2026-08-31
2026-05-18,台北,1,0,0.25,Low,2026臺北時裝週,Other,空總臺灣當代文化實驗場,2026-03-26,2026-10-18,https://www.facebook.com/tpefashionweek/?locale=zh_TW,2026-08-31
2026-05-18,新北,24,1,12.06,High,新北文化友善年 × 518國際博物館日活動,Expo / Exhibition,新北市立十三行博物館、新北市立淡水古蹟博物館、新北市立鶯歌陶瓷博物館、新北市立黃金博物館、新北市美術館、新北市坪林茶業博物館、國定古蹟林本源園邸、朱銘美術館、世界宗教博物館,2026-05-17,2026-05-18,https://data.gov.tw/dataset/7778,2026-08-31
2026-05-18,桃園,4,1,1.9,Medium,2026桃園鐵玫瑰藝術節,Major celebration,展演中心,2026-04-11,2026-05-24,https://data.gov.tw/dataset/7778,2026-08-31
2026-05-18,台中,7,2,3.38,High,115-116年探索臺中之美 引客獎勵方案,Major celebration,,2026-02-15,2027-03-08,https://data.gov.tw/dataset/7778,2026-08-31
2026-05-18,高雄,12,1,5.48,Medium,2026高雄市旅行公會國際旅展,Expo / Exhibition,成功二路39號(高雄展覽館),2026-05-15,2026-05-18,https://data.gov.tw/dataset/7778,2026-08-31
2026-05-19,台北,1,0,0.25,Low,2026臺北時裝週,Other,空總臺灣當代文化實驗場,2026-03-26,2026-10-18,https://www.facebook.com/tpefashionweek/?locale=zh_TW,2026-08-31
2026-05-19,新北,23,1,10.36,High,2026新北國際街舞大賽,Sports / Marathon,文化路一段313號,2026-04-22,2026-08-02,https://data.gov.tw/dataset/7778,2026-08-31
2026-05-19,桃園,4,1,1.9,Medium,2026桃園鐵玫瑰藝術節,Major celebration,展演中心,2026-04-11,2026-05-24,https://data.gov.tw/dataset/7778,2026-08-31
2026-05-19,台中,7,2,3.38,High,115-116年探索臺中之美 引客獎勵方案,Major celebration,,2026-02-15,2027-03-08,https://data.gov.tw/dataset/7778,2026-08-31
2026-05-19,高雄,11,1,4.38,Medium,六龜湯旅春遊季,Concert / Music festival,寶來溫泉區、不老溫泉區,2026-03-28,2026-05-30,https://data.gov.tw/dataset/7778,2026-08-31
2026-05-20,台北,1,0,0.25,Low,2026臺北時裝週,Other,空總臺灣當代文化實驗場,2026-03-26,2026-10-18,https://www.facebook.com/tpefashionweek/?locale=zh_TW,2026-08-31
2026-05-20,新北,22,1,9.86,High,2026新北國際街舞大賽,Sports / Marathon,文化路一段313號,2026-04-22,2026-08-02,https://data.gov.tw/dataset/7778,2026-08-31
2026-05-20,桃園,4,1,1.9,Medium,2026桃園鐵玫瑰藝術節,Major celebration,展演中心,2026-04-11,2026-05-24,https://data.gov.tw/dataset/7778,2026-08-31
2026-05-20,台中,7,2,3.38,High,115-116年探索臺中之美 引客獎勵方案,Major celebration,,2026-02-15,2027-03-08,https://data.gov.tw/dataset/7778,2026-08-31
2026-05-20,高雄,11,1,4.38,Medium,六龜湯旅春遊季,Concert / Music festival,寶來溫泉區、不老溫泉區,2026-03-28,2026-05-30,https://data.gov.tw/dataset/7778,2026-08-31
2026-05-21,台北,1,0,0.25,Low,2026臺北時裝週,Other,空總臺灣當代文化實驗場,2026-03-26,2026-10-18,https://www.facebook.com/tpefashionweek/?locale=zh_TW,2026-08-31
2026-05-21,新北,23,1,10.41,High,2026新北國際街舞大賽,Sports / Marathon,文化路一段313號,2026-04-22,2026-08-02,https://data.gov.tw/dataset/7778,2026-08-31
2026-05-21,桃園,4,1,1.9,Medium,2026桃園鐵玫瑰藝術節,Major celebration,展演中心,2026-04-11,2026-05-24,https://data.gov.tw/dataset/7778,2026-08-31
2026-05-21,台中,7,2,3.38,High,115-116年探索臺中之美 引客獎勵方案,Major celebration,,2026-02-15,2027-03-08,https://data.gov.tw/dataset/7778,2026-08-31
2026-05-21,高雄,11,1,4.38,Medium,六龜湯旅春遊季,Concert / Music festival,寶來溫泉區、不老溫泉區,2026-03-28,2026-05-30,https://data.gov.tw/dataset/7778,2026-08-31
2026-05-22,台北,1,0,0.25,Low,2026臺北時裝週,Other,空總臺灣當代文化實驗場,2026-03-26,2026-10-18,https://www.facebook.com/tpefashionweek/?locale=zh_TW,2026-08-31
2026-05-22,新北,23,1,10.41,High,2026新北國際街舞大賽,Sports / Marathon,文化路一段313號,2026-04-22,2026-08-02,https://data.gov.tw/dataset/7778,2026-08-31
2026-05-22,桃園,4,1,1.9,Medium,2026桃園鐵玫瑰藝術節,Major celebration,展演中心,2026-04-11,2026-05-24,https://data.gov.tw/dataset/7778,2026-08-31
2026-05-22,台中,7,2,3.38,High,115-116年探索臺中之美 引客獎勵方案,Major celebration,,2026-02-15,2027-03-08,https://data.gov.tw/dataset/7778,2026-08-31
2026-05-22,高雄,12,1,6.08,Medium,2026法國生活節在高雄,Other,衛武營國家藝術文化中心,2026-05-22,2026-05-24,https://data.gov.tw/dataset/7778,2026-08-31
2026-05-23,台北,1,0,0.25,Low,2026臺北時裝週,Other,空總臺灣當代文化實驗場,2026-03-26,2026-10-18,https://www.facebook.com/tpefashionweek/?locale=zh_TW,2026-08-31
2026-05-23,新北,23,1,10.41,High,2026新北國際街舞大賽,Sports / Marathon,文化路一段313號,2026-04-22,2026-08-02,https://data.gov.tw/dataset/7778,2026-08-31
2026-05-23,桃園,4,1,1.9,Medium,2026桃園鐵玫瑰藝術節,Major celebration,展演中心,2026-04-11,2026-05-24,https://data.gov.tw/dataset/7778,2026-08-31
2026-05-23,台中,8,2,4.21,High,115-116年探索臺中之美 引客獎勵方案,Major celebration,,2026-02-15,2027-03-08,https://data.gov.tw/dataset/7778,2026-08-31
2026-05-23,高雄,14,1,8.62,High,2026法國生活節在高雄,Other,衛武營國家藝術文化中心,2026-05-22,2026-05-24,https://data.gov.tw/dataset/7778,2026-08-31
2026-05-24,台北,1,0,0.25,Low,2026臺北時裝週,Other,空總臺灣當代文化實驗場,2026-03-26,2026-10-18,https://www.facebook.com/tpefashionweek/?locale=zh_TW,2026-08-31
2026-05-24,新北,23,1,10.41,High,2026新北國際街舞大賽,Sports / Marathon,文化路一段313號,2026-04-22,2026-08-02,https://data.gov.tw/dataset/7778,2026-08-31
2026-05-24,桃園,4,1,1.9,Medium,2026桃園鐵玫瑰藝術節,Major celebration,展演中心,2026-04-11,2026-05-24,https://data.gov.tw/dataset/7778,2026-08-31
2026-05-24,台中,8,2,4.21,High,115-116年探索臺中之美 引客獎勵方案,Major celebration,,2026-02-15,2027-03-08,https://data.gov.tw/dataset/7778,2026-08-31
2026-05-24,高雄,14,1,8.62,High,2026法國生活節在高雄,Other,衛武營國家藝術文化中心,2026-05-22,2026-05-24,https://data.gov.tw/dataset/7778,2026-08-31
2026-05-25,台北,1,0,0.25,Low,2026臺北時裝週,Other,空總臺灣當代文化實驗場,2026-03-26,2026-10-18,https://www.facebook.com/tpefashionweek/?locale=zh_TW,2026-08-31
2026-05-25,新北,20,1,8.91,High,2026新北國際街舞大賽,Sports / Marathon,文化路一段313號,2026-04-22,2026-08-02,https://data.gov.tw/dataset/7778,2026-08-31
2026-05-25,桃園,2,0,0.5,Low,《E號出口》2026創意畢業季,Other,中原文創園區,2026-05-16,2026-06-21,https://data.gov.tw/dataset/7778,2026-08-31
2026-05-25,台中,8,2,4.21,High,115-116年探索臺中之美 引客獎勵方案,Major celebration,,2026-02-15,2027-03-08,https://data.gov.tw/dataset/7778,2026-08-31
2026-05-25,高雄,11,1,4.38,Medium,六龜湯旅春遊季,Concert / Music festival,寶來溫泉區、不老溫泉區,2026-03-28,2026-05-30,https://data.gov.tw/dataset/7778,2026-08-31
2026-05-26,台北,1,0,0.25,Low,2026臺北時裝週,Other,空總臺灣當代文化實驗場,2026-03-26,2026-10-18,https://www.facebook.com/tpefashionweek/?locale=zh_TW,2026-08-31
2026-05-26,新北,20,1,8.91,High,2026新北國際街舞大賽,Sports / Marathon,文化路一段313號,2026-04-22,2026-08-02,https://data.gov.tw/dataset/7778,2026-08-31
2026-05-26,桃園,2,0,0.5,Low,《E號出口》2026創意畢業季,Other,中原文創園區,2026-05-16,2026-06-21,https://data.gov.tw/dataset/7778,2026-08-31
2026-05-26,台中,8,2,4.21,High,115-116年探索臺中之美 引客獎勵方案,Major celebration,,2026-02-15,2027-03-08,https://data.gov.tw/dataset/7778,2026-08-31
2026-05-26,高雄,11,1,4.38,Medium,六龜湯旅春遊季,Concert / Music festival,寶來溫泉區、不老溫泉區,2026-03-28,2026-05-30,https://data.gov.tw/dataset/7778,2026-08-31
2026-05-27,台北,1,0,0.25,Low,2026臺北時裝週,Other,空總臺灣當代文化實驗場,2026-03-26,2026-10-18,https://www.facebook.com/tpefashionweek/?locale=zh_TW,2026-08-31
2026-05-27,新北,20,1,8.91,High,2026新北國際街舞大賽,Sports / Marathon,文化路一段313號,2026-04-22,2026-08-02,https://data.gov.tw/dataset/7778,2026-08-31
2026-05-27,桃園,2,0,0.5,Low,《E號出口》2026創意畢業季,Other,中原文創園區,2026-05-16,2026-06-21,https://data.gov.tw/dataset/7778,2026-08-31
2026-05-27,台中,8,2,4.21,High,115-116年探索臺中之美 引客獎勵方案,Major celebration,,2026-02-15,2027-03-08,https://data.gov.tw/dataset/7778,2026-08-31
2026-05-27,高雄,11,1,4.38,Medium,六龜湯旅春遊季,Concert / Music festival,寶來溫泉區、不老溫泉區,2026-03-28,2026-05-30,https://data.gov.tw/dataset/7778,2026-08-31
2026-05-28,台北,1,0,0.25,Low,2026臺北時裝週,Other,空總臺灣當代文化實驗場,2026-03-26,2026-10-18,https://www.facebook.com/tpefashionweek/?locale=zh_TW,2026-08-31
2026-05-28,新北,23,1,10.76,High,2026新北國際街舞大賽,Sports / Marathon,文化路一段313號,2026-04-22,2026-08-02,https://data.gov.tw/dataset/7778,2026-08-31
2026-05-28,桃園,2,0,0.5,Low,《E號出口》2026創意畢業季,Other,中原文創園區,2026-05-16,2026-06-21,https://data.gov.tw/dataset/7778,2026-08-31
2026-05-28,台中,8,2,4.21,High,115-116年探索臺中之美 引客獎勵方案,Major celebration,,2026-02-15,2027-03-08,https://data.gov.tw/dataset/7778,2026-08-31
2026-05-28,高雄,11,1,4.38,Medium,六龜湯旅春遊季,Concert / Music festival,寶來溫泉區、不老溫泉區,2026-03-28,2026-05-30,https://data.gov.tw/dataset/7778,2026-08-31
2026-05-29,台北,1,0,0.25,Low,2026臺北時裝週,Other,空總臺灣當代文化實驗場,2026-03-26,2026-10-18,https://www.facebook.com/tpefashionweek/?locale=zh_TW,2026-08-31
2026-05-29,新北,27,2,14.58,High,115年新北市深坑四寶文化節,Market / Family,兒童遊戲場,2026-05-29,2026-05-30,https://data.gov.tw/dataset/7778,2026-08-31
2026-05-29,桃園,3,1,2.7,Medium,2026桃園管樂嘉年華,Major celebration,中正路1188號,2026-05-29,2026-06-07,https://data.gov.tw/dataset/7778,2026-08-31
2026-05-29,台中,8,2,4.21,High,115-116年探索臺中之美 引客獎勵方案,Major celebration,,2026-02-15,2027-03-08,https://data.gov.tw/dataset/7778,2026-08-31
2026-05-29,高雄,11,1,4.38,Medium,六龜湯旅春遊季,Concert / Music festival,寶來溫泉區、不老溫泉區,2026-03-28,2026-05-30,https://data.gov.tw/dataset/7778,2026-08-31
2026-05-30,台北,1,0,0.25,Low,2026臺北時裝週,Other,空總臺灣當代文化實驗場,2026-03-26,2026-10-18,https://www.facebook.com/tpefashionweek/?locale=zh_TW,2026-08-31
2026-05-30,新北,27,2,14.58,High,115年新北市深坑四寶文化節,Market / Family,兒童遊戲場,2026-05-29,2026-05-30,https://data.gov.tw/dataset/7778,2026-08-31
2026-05-30,桃園,3,1,2.7,Medium,2026桃園管樂嘉年華,Major celebration,中正路1188號,2026-05-29,2026-06-07,https://data.gov.tw/dataset/7778,2026-08-31
2026-05-30,台中,10,3,7.91,High,2026參山騎旅系列活動,Major celebration,,2026-05-30,2026-06-07,https://data.gov.tw/dataset/7778,2026-08-31
2026-05-30,高雄,14,3,13.73,High,K-SPARK IN KAOHSIUNG 2026,Other,世運大道100號(高雄國家體育場),2026-05-30,2026-05-30,https://data.gov.tw/dataset/7778,2026-08-31
2026-05-31,台北,1,0,0.25,Low,2026臺北時裝週,Other,空總臺灣當代文化實驗場,2026-03-26,2026-10-18,https://www.facebook.com/tpefashionweek/?locale=zh_TW,2026-08-31
2026-05-31,新北,25,2,12.04,High,2026新北國際街舞大賽,Sports / Marathon,文化路一段313號,2026-04-22,2026-08-02,https://data.gov.tw/dataset/7778,2026-08-31
2026-05-31,桃園,3,1,2.7,Medium,2026桃園管樂嘉年華,Major celebration,中正路1188號,2026-05-29,2026-06-07,https://data.gov.tw/dataset/7778,2026-08-31
2026-05-31,台中,8,3,5.58,High,2026參山騎旅系列活動,Major celebration,,2026-05-30,2026-06-07,https://data.gov.tw/dataset/7778,2026-08-31
2026-05-31,高雄,11,0,4.23,Medium,2026高雄夏祭新鮮市｜高雄鳳荔季⁣,Other,大坑路108-18號(大樹姑山倉庫),2026-05-30,2026-05-31,https://data.gov.tw/dataset/7778,2026-08-31
2026-06-01,台北,1,0,0.25,Low,2026臺北時裝週,Other,空總臺灣當代文化實驗場,2026-03-26,2026-10-18,https://www.facebook.com/tpefashionweek/?locale=zh_TW,2026-08-31
2026-06-01,新北,23,2,12.01,High,2026藝術0距離Ｘ微光製造「到處跳舞在樹林」,Other,樹新路40-8號(樹林藝文中心),2026-06-01,2026-06-14,https://data.gov.tw/dataset/7778,2026-08-31
2026-06-01,桃園,3,1,2.7,Medium,2026桃園管樂嘉年華,Major celebration,中正路1188號,2026-05-29,2026-06-07,https://data.gov.tw/dataset/7778,2026-08-31
2026-06-01,台中,8,3,5.58,High,2026參山騎旅系列活動,Major celebration,,2026-05-30,2026-06-07,https://data.gov.tw/dataset/7778,2026-08-31
2026-06-01,高雄,10,0,3.38,Medium,冰河巨獸展！化石博覽會,Expo / Exhibition,蓬萊路17號(棧貳庫KW2),2026-04-11,2026-10-11,https://data.gov.tw/dataset/7778,2026-08-31
2026-06-02,台北,1,0,0.25,Low,2026臺北時裝週,Other,空總臺灣當代文化實驗場,2026-03-26,2026-10-18,https://www.facebook.com/tpefashionweek/?locale=zh_TW,2026-08-31
2026-06-02,新北,22,2,11.61,High,2026藝術0距離Ｘ微光製造「到處跳舞在樹林」,Other,樹新路40-8號(樹林藝文中心),2026-06-01,2026-06-14,https://data.gov.tw/dataset/7778,2026-08-31
2026-06-02,桃園,3,1,2.7,Medium,2026桃園管樂嘉年華,Major celebration,中正路1188號,2026-05-29,2026-06-07,https://data.gov.tw/dataset/7778,2026-08-31
2026-06-02,台中,8,3,5.58,High,2026參山騎旅系列活動,Major celebration,,2026-05-30,2026-06-07,https://data.gov.tw/dataset/7778,2026-08-31
2026-06-02,高雄,10,0,3.38,Medium,冰河巨獸展！化石博覽會,Expo / Exhibition,蓬萊路17號(棧貳庫KW2),2026-04-11,2026-10-11,https://data.gov.tw/dataset/7778,2026-08-31
2026-06-03,台北,1,0,0.25,Low,2026臺北時裝週,Other,空總臺灣當代文化實驗場,2026-03-26,2026-10-18,https://www.facebook.com/tpefashionweek/?locale=zh_TW,2026-08-31
2026-06-03,新北,22,2,11.61,High,2026藝術0距離Ｘ微光製造「到處跳舞在樹林」,Other,樹新路40-8號(樹林藝文中心),2026-06-01,2026-06-14,https://data.gov.tw/dataset/7778,2026-08-31
2026-06-03,桃園,3,1,2.7,Medium,2026桃園管樂嘉年華,Major celebration,中正路1188號,2026-05-29,2026-06-07,https://data.gov.tw/dataset/7778,2026-08-31
2026-06-03,台中,8,3,5.58,High,2026參山騎旅系列活動,Major celebration,,2026-05-30,2026-06-07,https://data.gov.tw/dataset/7778,2026-08-31
2026-06-03,高雄,10,0,3.38,Medium,冰河巨獸展！化石博覽會,Expo / Exhibition,蓬萊路17號(棧貳庫KW2),2026-04-11,2026-10-11,https://data.gov.tw/dataset/7778,2026-08-31
2026-06-04,台北,1,0,0.25,Low,2026臺北時裝週,Other,空總臺灣當代文化實驗場,2026-03-26,2026-10-18,https://www.facebook.com/tpefashionweek/?locale=zh_TW,2026-08-31
2026-06-04,新北,22,2,11.61,High,2026藝術0距離Ｘ微光製造「到處跳舞在樹林」,Other,樹新路40-8號(樹林藝文中心),2026-06-01,2026-06-14,https://data.gov.tw/dataset/7778,2026-08-31
2026-06-04,桃園,3,1,2.7,Medium,2026桃園管樂嘉年華,Major celebration,中正路1188號,2026-05-29,2026-06-07,https://data.gov.tw/dataset/7778,2026-08-31
2026-06-04,台中,8,3,5.58,High,2026參山騎旅系列活動,Major celebration,,2026-05-30,2026-06-07,https://data.gov.tw/dataset/7778,2026-08-31
2026-06-04,高雄,9,0,3.13,Medium,冰河巨獸展！化石博覽會,Expo / Exhibition,蓬萊路17號(棧貳庫KW2),2026-04-11,2026-10-11,https://data.gov.tw/dataset/7778,2026-08-31
2026-06-05,台北,1,0,0.25,Low,2026臺北時裝週,Other,空總臺灣當代文化實驗場,2026-03-26,2026-10-18,https://www.facebook.com/tpefashionweek/?locale=zh_TW,2026-08-31
2026-06-05,新北,24,2,12.66,High,2026藝術0距離Ｘ微光製造「到處跳舞在樹林」,Other,樹新路40-8號(樹林藝文中心),2026-06-01,2026-06-14,https://data.gov.tw/dataset/7778,2026-08-31
2026-06-05,桃園,4,1,2.95,Medium,2026桃園管樂嘉年華,Major celebration,中正路1188號,2026-05-29,2026-06-07,https://data.gov.tw/dataset/7778,2026-08-31
2026-06-05,台中,11,5,14.78,High,2026臺中市逍遙音樂町－金曲大肚・追分開唱,Concert / Music festival,大肚區沙田路一段364號,2026-06-05,2026-06-05,https://data.gov.tw/dataset/7778,2026-08-31
2026-06-05,高雄,9,0,3.13,Medium,冰河巨獸展！化石博覽會,Expo / Exhibition,蓬萊路17號(棧貳庫KW2),2026-04-11,2026-10-11,https://data.gov.tw/dataset/7778,2026-08-31
2026-06-06,台北,1,0,0.25,Low,2026臺北時裝週,Other,空總臺灣當代文化實驗場,2026-03-26,2026-10-18,https://www.facebook.com/tpefashionweek/?locale=zh_TW,2026-08-31
2026-06-06,新北,24,2,12.66,High,2026藝術0距離Ｘ微光製造「到處跳舞在樹林」,Other,樹新路40-8號(樹林藝文中心),2026-06-01,2026-06-14,https://data.gov.tw/dataset/7778,2026-08-31
2026-06-06,桃園,5,1,3.2,Medium,2026桃園管樂嘉年華,Major celebration,中正路1188號,2026-05-29,2026-06-07,https://data.gov.tw/dataset/7778,2026-08-31
2026-06-06,台中,9,3,7.28,High,2026參山騎旅系列活動,Major celebration,,2026-05-30,2026-06-07,https://data.gov.tw/dataset/7778,2026-08-31
2026-06-06,高雄,10,0,3.63,Medium,冰河巨獸展！化石博覽會,Expo / Exhibition,蓬萊路17號(棧貳庫KW2),2026-04-11,2026-10-11,https://data.gov.tw/dataset/7778,2026-08-31
2026-06-07,台北,1,0,0.25,Low,2026臺北時裝週,Other,空總臺灣當代文化實驗場,2026-03-26,2026-10-18,https://www.facebook.com/tpefashionweek/?locale=zh_TW,2026-08-31
2026-06-07,新北,24,2,12.66,High,2026藝術0距離Ｘ微光製造「到處跳舞在樹林」,Other,樹新路40-8號(樹林藝文中心),2026-06-01,2026-06-14,https://data.gov.tw/dataset/7778,2026-08-31
2026-06-07,桃園,5,1,3.2,Medium,2026桃園管樂嘉年華,Major celebration,中正路1188號,2026-05-29,2026-06-07,https://data.gov.tw/dataset/7778,2026-08-31
2026-06-07,台中,9,3,7.28,High,2026參山騎旅系列活動,Major celebration,,2026-05-30,2026-06-07,https://data.gov.tw/dataset/7778,2026-08-31
2026-06-07,高雄,10,0,3.63,Medium,冰河巨獸展！化石博覽會,Expo / Exhibition,蓬萊路17號(棧貳庫KW2),2026-04-11,2026-10-11,https://data.gov.tw/dataset/7778,2026-08-31
2026-06-08,台北,1,0,0.25,Low,2026臺北時裝週,Other,空總臺灣當代文化實驗場,2026-03-26,2026-10-18,https://www.facebook.com/tpefashionweek/?locale=zh_TW,2026-08-31
2026-06-08,新北,24,2,12.66,High,2026藝術0距離Ｘ微光製造「到處跳舞在樹林」,Other,樹新路40-8號(樹林藝文中心),2026-06-01,2026-06-14,https://data.gov.tw/dataset/7778,2026-08-31
2026-06-08,桃園,4,0,1,Low,《E號出口》2026創意畢業季,Other,中原文創園區,2026-05-16,2026-06-21,https://data.gov.tw/dataset/7778,2026-08-31
2026-06-08,台中,7,2,3.38,High,115-116年探索臺中之美 引客獎勵方案,Major celebration,,2026-02-15,2027-03-08,https://data.gov.tw/dataset/7778,2026-08-31
2026-06-08,高雄,9,0,3.13,Medium,冰河巨獸展！化石博覽會,Expo / Exhibition,蓬萊路17號(棧貳庫KW2),2026-04-11,2026-10-11,https://data.gov.tw/dataset/7778,2026-08-31
2026-06-09,台北,1,0,0.25,Low,2026臺北時裝週,Other,空總臺灣當代文化實驗場,2026-03-26,2026-10-18,https://www.facebook.com/tpefashionweek/?locale=zh_TW,2026-08-31
2026-06-09,新北,24,2,12.66,High,2026藝術0距離Ｘ微光製造「到處跳舞在樹林」,Other,樹新路40-8號(樹林藝文中心),2026-06-01,2026-06-14,https://data.gov.tw/dataset/7778,2026-08-31
2026-06-09,桃園,4,0,1,Low,《E號出口》2026創意畢業季,Other,中原文創園區,2026-05-16,2026-06-21,https://data.gov.tw/dataset/7778,2026-08-31
2026-06-09,台中,7,2,3.38,High,115-116年探索臺中之美 引客獎勵方案,Major celebration,,2026-02-15,2027-03-08,https://data.gov.tw/dataset/7778,2026-08-31
2026-06-09,高雄,9,0,3.13,Medium,冰河巨獸展！化石博覽會,Expo / Exhibition,蓬萊路17號(棧貳庫KW2),2026-04-11,2026-10-11,https://data.gov.tw/dataset/7778,2026-08-31
2026-06-10,台北,1,0,0.25,Low,2026臺北時裝週,Other,空總臺灣當代文化實驗場,2026-03-26,2026-10-18,https://www.facebook.com/tpefashionweek/?locale=zh_TW,2026-08-31
2026-06-10,新北,24,2,12.66,High,2026藝術0距離Ｘ微光製造「到處跳舞在樹林」,Other,樹新路40-8號(樹林藝文中心),2026-06-01,2026-06-14,https://data.gov.tw/dataset/7778,2026-08-31
2026-06-10,桃園,4,0,1,Low,《E號出口》2026創意畢業季,Other,中原文創園區,2026-05-16,2026-06-21,https://data.gov.tw/dataset/7778,2026-08-31
2026-06-10,台中,8,3,6.88,High,大安浪花盃沙灘排球賽2nd,Sports / Marathon,海墘里中山北路113號,2026-06-10,2026-06-10,https://data.gov.tw/dataset/7778,2026-08-31
2026-06-10,高雄,10,1,5.33,Medium,2026高雄端午龍舟嘉年華-林園傳統龍舟賽,Major celebration,中芸漁港,2026-06-10,2026-06-20,https://data.gov.tw/dataset/7778,2026-08-31
2026-06-11,台北,1,0,0.25,Low,2026臺北時裝週,Other,空總臺灣當代文化實驗場,2026-03-26,2026-10-18,https://www.facebook.com/tpefashionweek/?locale=zh_TW,2026-08-31
2026-06-11,新北,27,3,14.29,High,2026藝術0距離Ｘ微光製造「到處跳舞在樹林」,Other,樹新路40-8號(樹林藝文中心),2026-06-01,2026-06-14,https://data.gov.tw/dataset/7778,2026-08-31
2026-06-11,桃園,4,0,1,Low,《E號出口》2026創意畢業季,Other,中原文創園區,2026-05-16,2026-06-21,https://data.gov.tw/dataset/7778,2026-08-31
2026-06-11,台中,7,2,3.38,High,115-116年探索臺中之美 引客獎勵方案,Major celebration,,2026-02-15,2027-03-08,https://data.gov.tw/dataset/7778,2026-08-31
2026-06-11,高雄,10,1,5.33,Medium,2026高雄端午龍舟嘉年華-林園傳統龍舟賽,Major celebration,中芸漁港,2026-06-10,2026-06-20,https://data.gov.tw/dataset/7778,2026-08-31
2026-06-12,台北,1,0,0.25,Low,2026臺北時裝週,Other,空總臺灣當代文化實驗場,2026-03-26,2026-10-18,https://www.facebook.com/tpefashionweek/?locale=zh_TW,2026-08-31
2026-06-12,新北,30,3,17.01,High,2026 新北市客家文化園區市集日,Market / Family,新北市客家文化園區,2026-06-12,2026-06-13,https://data.gov.tw/dataset/7778,2026-08-31
2026-06-12,桃園,4,0,1,Low,《E號出口》2026創意畢業季,Other,中原文創園區,2026-05-16,2026-06-21,https://data.gov.tw/dataset/7778,2026-08-31
2026-06-12,台中,8,2,4.38,High,115-116年探索臺中之美 引客獎勵方案,Major celebration,,2026-02-15,2027-03-08,https://data.gov.tw/dataset/7778,2026-08-31
2026-06-12,高雄,11,1,5.83,Medium,2026高雄端午龍舟嘉年華-林園傳統龍舟賽,Major celebration,中芸漁港,2026-06-10,2026-06-20,https://data.gov.tw/dataset/7778,2026-08-31
2026-06-13,台北,1,0,0.25,Low,2026臺北時裝週,Other,空總臺灣當代文化實驗場,2026-03-26,2026-10-18,https://www.facebook.com/tpefashionweek/?locale=zh_TW,2026-08-31
2026-06-13,新北,30,3,17.01,High,2026 新北市客家文化園區市集日,Market / Family,新北市客家文化園區,2026-06-12,2026-06-13,https://data.gov.tw/dataset/7778,2026-08-31
2026-06-13,桃園,5,0,2.5,Low,2026桃園藝術巡演觀音場－九歌兒童劇團《東郭、獵人、狼》兒童劇,Market / Family,觀音國小 (桃園市觀音區文化路2號),2026-06-13,2026-06-13,https://data.gov.tw/dataset/7778,2026-08-31
2026-06-13,台中,6,2,3.13,High,115-116年探索臺中之美 引客獎勵方案,Major celebration,,2026-02-15,2027-03-08,https://data.gov.tw/dataset/7778,2026-08-31
2026-06-13,高雄,13,2,10.38,High,CNBLUE「3LOGY」2026 LIVE WORLD TOUR IN KAOHSIUNG,Other,高雄流行音樂中心 海音館,2026-06-13,2026-06-13,https://data.gov.tw/dataset/7778,2026-08-31
2026-06-14,台北,1,0,0.25,Low,2026臺北時裝週,Other,空總臺灣當代文化實驗場,2026-03-26,2026-10-18,https://www.facebook.com/tpefashionweek/?locale=zh_TW,2026-08-31
2026-06-14,新北,29,3,15.74,High,2026藝術0距離Ｘ微光製造「到處跳舞在樹林」,Other,樹新路40-8號(樹林藝文中心),2026-06-01,2026-06-14,https://data.gov.tw/dataset/7778,2026-08-31
2026-06-14,桃園,4,0,1,Low,《E號出口》2026創意畢業季,Other,中原文創園區,2026-05-16,2026-06-21,https://data.gov.tw/dataset/7778,2026-08-31
2026-06-14,台中,6,2,3.13,High,115-116年探索臺中之美 引客獎勵方案,Major celebration,,2026-02-15,2027-03-08,https://data.gov.tw/dataset/7778,2026-08-31
2026-06-14,高雄,12,1,6.38,Medium,2026高雄端午龍舟嘉年華-林園傳統龍舟賽,Major celebration,中芸漁港,2026-06-10,2026-06-20,https://data.gov.tw/dataset/7778,2026-08-31
2026-06-15,台北,1,0,0.25,Low,2026臺北時裝週,Other,空總臺灣當代文化實驗場,2026-03-26,2026-10-18,https://www.facebook.com/tpefashionweek/?locale=zh_TW,2026-08-31
2026-06-15,新北,23,3,11.44,High,2026全國兒少陶藝獎,Sports / Marathon,文化路200號,2026-06-11,2026-07-26,https://data.gov.tw/dataset/7778,2026-08-31
2026-06-15,桃園,4,0,1,Low,《E號出口》2026創意畢業季,Other,中原文創園區,2026-05-16,2026-06-21,https://data.gov.tw/dataset/7778,2026-08-31
2026-06-15,台中,5,1,2.13,Medium,115-116年探索臺中之美 引客獎勵方案,Major celebration,,2026-02-15,2027-03-08,https://data.gov.tw/dataset/7778,2026-08-31
2026-06-15,高雄,12,1,6.38,Medium,2026高雄端午龍舟嘉年華-林園傳統龍舟賽,Major celebration,中芸漁港,2026-06-10,2026-06-20,https://data.gov.tw/dataset/7778,2026-08-31
2026-06-16,台北,1,0,0.25,Low,2026臺北時裝週,Other,空總臺灣當代文化實驗場,2026-03-26,2026-10-18,https://www.facebook.com/tpefashionweek/?locale=zh_TW,2026-08-31
2026-06-16,新北,23,3,11.44,High,2026全國兒少陶藝獎,Sports / Marathon,文化路200號,2026-06-11,2026-07-26,https://data.gov.tw/dataset/7778,2026-08-31
2026-06-16,桃園,4,0,1,Low,《E號出口》2026創意畢業季,Other,中原文創園區,2026-05-16,2026-06-21,https://data.gov.tw/dataset/7778,2026-08-31
2026-06-16,台中,5,1,2.13,Medium,115-116年探索臺中之美 引客獎勵方案,Major celebration,,2026-02-15,2027-03-08,https://data.gov.tw/dataset/7778,2026-08-31
2026-06-16,高雄,12,1,6.38,Medium,2026高雄端午龍舟嘉年華-林園傳統龍舟賽,Major celebration,中芸漁港,2026-06-10,2026-06-20,https://data.gov.tw/dataset/7778,2026-08-31
2026-06-17,台北,1,0,0.25,Low,2026臺北時裝週,Other,空總臺灣當代文化實驗場,2026-03-26,2026-10-18,https://www.facebook.com/tpefashionweek/?locale=zh_TW,2026-08-31
2026-06-17,新北,23,3,11.44,High,2026全國兒少陶藝獎,Sports / Marathon,文化路200號,2026-06-11,2026-07-26,https://data.gov.tw/dataset/7778,2026-08-31
2026-06-17,桃園,4,0,1,Low,《E號出口》2026創意畢業季,Other,中原文創園區,2026-05-16,2026-06-21,https://data.gov.tw/dataset/7778,2026-08-31
2026-06-17,台中,5,1,2.13,Medium,115-116年探索臺中之美 引客獎勵方案,Major celebration,,2026-02-15,2027-03-08,https://data.gov.tw/dataset/7778,2026-08-31
2026-06-17,高雄,12,1,6.38,Medium,2026高雄端午龍舟嘉年華-林園傳統龍舟賽,Major celebration,中芸漁港,2026-06-10,2026-06-20,https://data.gov.tw/dataset/7778,2026-08-31
2026-06-18,台北,1,0,0.25,Low,2026臺北時裝週,Other,空總臺灣當代文化實驗場,2026-03-26,2026-10-18,https://www.facebook.com/tpefashionweek/?locale=zh_TW,2026-08-31
2026-06-18,新北,26,3,15.51,High,115年端午節活動「無形文化資產─淡水清水巖遶境文化深度體驗」,Other,新北市立淡水古蹟博物館,2026-06-18,2026-06-19,https://data.gov.tw/dataset/7778,2026-08-31
2026-06-18,桃園,4,0,1,Low,《E號出口》2026創意畢業季,Other,中原文創園區,2026-05-16,2026-06-21,https://data.gov.tw/dataset/7778,2026-08-31
2026-06-18,台中,5,1,2.13,Medium,115-116年探索臺中之美 引客獎勵方案,Major celebration,,2026-02-15,2027-03-08,https://data.gov.tw/dataset/7778,2026-08-31
2026-06-18,高雄,12,1,6.38,Medium,2026高雄端午龍舟嘉年華-林園傳統龍舟賽,Major celebration,中芸漁港,2026-06-10,2026-06-20,https://data.gov.tw/dataset/7778,2026-08-31
2026-06-19,台北,1,0,0.25,Low,2026臺北時裝週,Other,空總臺灣當代文化實驗場,2026-03-26,2026-10-18,https://www.facebook.com/tpefashionweek/?locale=zh_TW,2026-08-31
2026-06-19,新北,29,5,24.01,High,2026新北夏至音樂節,Concert / Music festival,館前路300號(新北市美術館戶外園區),2026-06-19,2026-06-21,https://data.gov.tw/dataset/7778,2026-08-31
2026-06-19,桃園,6,0,2.7,Low,《即刻救原3-珍粽再見》,Other,中原文創園區 13倉,2026-06-19,2026-06-21,https://data.gov.tw/dataset/7778,2026-08-31
2026-06-19,台中,7,3,9.63,High,2026大甲鐵砧山劍井取午時水活動,Major celebration,臺中市大甲區頂店里成功路221號,2026-06-19,2026-06-19,https://data.gov.tw/dataset/7778,2026-08-31
2026-06-19,高雄,18,4,17.85,High,紙風車劇團【蕃薯森林奇遇記】,Sports / Marathon,二二八和平公園 ​ 草坪廣場,2026-06-19,2026-06-19,https://data.gov.tw/dataset/7778,2026-08-31
2026-06-20,台北,1,0,0.25,Low,2026臺北時裝週,Other,空總臺灣當代文化實驗場,2026-03-26,2026-10-18,https://www.facebook.com/tpefashionweek/?locale=zh_TW,2026-08-31
2026-06-20,新北,27,5,21.04,High,2026新北夏至音樂節,Concert / Music festival,館前路300號(新北市美術館戶外園區),2026-06-19,2026-06-21,https://data.gov.tw/dataset/7778,2026-08-31
2026-06-20,桃園,7,1,6.1,Medium,桃園市蘆竹區鐵道龍舟嘉年華,Major celebration,坑口里航空城重劃區(桃林鐵路長興段),2026-06-20,2026-06-21,https://data.gov.tw/dataset/7778,2026-08-31
2026-06-20,台中,5,1,2.13,Medium,115-116年探索臺中之美 引客獎勵方案,Major celebration,,2026-02-15,2027-03-08,https://data.gov.tw/dataset/7778,2026-08-31
2026-06-20,高雄,17,3,14.35,High,2026高雄端午嘉年華暨龍舟錦標賽,Major celebration,愛河水域,2026-06-19,2026-06-21,https://data.gov.tw/dataset/7778,2026-08-31
2026-06-21,台北,1,0,0.25,Low,2026臺北時裝週,Other,空總臺灣當代文化實驗場,2026-03-26,2026-10-18,https://www.facebook.com/tpefashionweek/?locale=zh_TW,2026-08-31
2026-06-21,新北,27,5,21.04,High,2026新北夏至音樂節,Concert / Music festival,館前路300號(新北市美術館戶外園區),2026-06-19,2026-06-21,https://data.gov.tw/dataset/7778,2026-08-31
2026-06-21,桃園,7,1,6.1,Medium,桃園市蘆竹區鐵道龍舟嘉年華,Major celebration,坑口里航空城重劃區(桃林鐵路長興段),2026-06-20,2026-06-21,https://data.gov.tw/dataset/7778,2026-08-31
2026-06-21,台中,5,1,2.13,Medium,115-116年探索臺中之美 引客獎勵方案,Major celebration,,2026-02-15,2027-03-08,https://data.gov.tw/dataset/7778,2026-08-31
2026-06-21,高雄,15,2,11.6,High,2026高雄端午嘉年華暨龍舟錦標賽,Major celebration,愛河水域,2026-06-19,2026-06-21,https://data.gov.tw/dataset/7778,2026-08-31
2026-06-22,台北,1,0,0.25,Low,2026臺北時裝週,Other,空總臺灣當代文化實驗場,2026-03-26,2026-10-18,https://www.facebook.com/tpefashionweek/?locale=zh_TW,2026-08-31
2026-06-22,新北,20,3,9.74,High,2026全國兒少陶藝獎,Sports / Marathon,文化路200號,2026-06-11,2026-07-26,https://data.gov.tw/dataset/7778,2026-08-31
2026-06-22,桃園,3,0,0.75,Low,115年度原住民族豐年祭,Other,原住民族集會所 天幕廣場,2026-06-06,2026-09-12,https://data.gov.tw/dataset/7778,2026-08-31
2026-06-22,台中,5,1,2.13,Medium,115-116年探索臺中之美 引客獎勵方案,Major celebration,,2026-02-15,2027-03-08,https://data.gov.tw/dataset/7778,2026-08-31
2026-06-22,高雄,12,1,6.08,Medium,2026高雄巨蛋夏季旅展暨伴手禮展,Expo / Exhibition,高雄巨蛋,2026-06-19,2026-06-22,https://data.gov.tw/dataset/7778,2026-08-31
2026-06-23,台北,1,0,0.25,Low,2026臺北時裝週,Other,空總臺灣當代文化實驗場,2026-03-26,2026-10-18,https://www.facebook.com/tpefashionweek/?locale=zh_TW,2026-08-31
2026-06-23,新北,19,3,9.24,High,2026全國兒少陶藝獎,Sports / Marathon,文化路200號,2026-06-11,2026-07-26,https://data.gov.tw/dataset/7778,2026-08-31
2026-06-23,桃園,3,0,0.75,Low,115年度原住民族豐年祭,Other,原住民族集會所 天幕廣場,2026-06-06,2026-09-12,https://data.gov.tw/dataset/7778,2026-08-31
2026-06-23,台中,5,1,2.13,Medium,115-116年探索臺中之美 引客獎勵方案,Major celebration,,2026-02-15,2027-03-08,https://data.gov.tw/dataset/7778,2026-08-31
2026-06-23,高雄,11,0,3.88,Medium,冰河巨獸展！化石博覽會,Expo / Exhibition,蓬萊路17號(棧貳庫KW2),2026-04-11,2026-10-11,https://data.gov.tw/dataset/7778,2026-08-31
2026-06-24,台北,1,0,0.25,Low,2026臺北時裝週,Other,空總臺灣當代文化實驗場,2026-03-26,2026-10-18,https://www.facebook.com/tpefashionweek/?locale=zh_TW,2026-08-31
2026-06-24,新北,19,3,9.24,High,2026全國兒少陶藝獎,Sports / Marathon,文化路200號,2026-06-11,2026-07-26,https://data.gov.tw/dataset/7778,2026-08-31
2026-06-24,桃園,3,0,0.75,Low,115年度原住民族豐年祭,Other,原住民族集會所 天幕廣場,2026-06-06,2026-09-12,https://data.gov.tw/dataset/7778,2026-08-31
2026-06-24,台中,5,1,2.13,Medium,115-116年探索臺中之美 引客獎勵方案,Major celebration,,2026-02-15,2027-03-08,https://data.gov.tw/dataset/7778,2026-08-31
2026-06-24,高雄,11,0,3.88,Medium,冰河巨獸展！化石博覽會,Expo / Exhibition,蓬萊路17號(棧貳庫KW2),2026-04-11,2026-10-11,https://data.gov.tw/dataset/7778,2026-08-31
2026-06-25,台北,1,0,0.25,Low,2026臺北時裝週,Other,空總臺灣當代文化實驗場,2026-03-26,2026-10-18,https://www.facebook.com/tpefashionweek/?locale=zh_TW,2026-08-31
2026-06-25,新北,19,3,9.24,High,2026全國兒少陶藝獎,Sports / Marathon,文化路200號,2026-06-11,2026-07-26,https://data.gov.tw/dataset/7778,2026-08-31
2026-06-25,桃園,4,0,1,Low,115年度原住民族豐年祭,Other,原住民族集會所 天幕廣場,2026-06-06,2026-09-12,https://data.gov.tw/dataset/7778,2026-08-31
2026-06-25,台中,5,1,2.13,Medium,115-116年探索臺中之美 引客獎勵方案,Major celebration,,2026-02-15,2027-03-08,https://data.gov.tw/dataset/7778,2026-08-31
2026-06-25,高雄,11,0,3.88,Medium,冰河巨獸展！化石博覽會,Expo / Exhibition,蓬萊路17號(棧貳庫KW2),2026-04-11,2026-10-11,https://data.gov.tw/dataset/7778,2026-08-31
2026-06-26,台北,3,2,7.05,High,2026台灣部落觀光嘉年華,Major celebration,北平西路3號,2026-06-26,2026-06-28,https://www.facebook.com/TaiwanIndigenousTourismFestival/,2026-08-31
2026-06-26,新北,19,3,9.24,High,2026全國兒少陶藝獎,Sports / Marathon,文化路200號,2026-06-11,2026-07-26,https://data.gov.tw/dataset/7778,2026-08-31
2026-06-26,桃園,4,0,1,Low,115年度原住民族豐年祭,Other,原住民族集會所 天幕廣場,2026-06-06,2026-09-12,https://data.gov.tw/dataset/7778,2026-08-31
2026-06-26,台中,6,2,3.53,High,響應四國菁英棒球對抗賽-臺中優惠店家,Sports / Marathon,,2026-06-26,2026-07-19,https://data.gov.tw/dataset/7778,2026-08-31
2026-06-26,高雄,11,0,3.88,Medium,冰河巨獸展！化石博覽會,Expo / Exhibition,蓬萊路17號(棧貳庫KW2),2026-04-11,2026-10-11,https://data.gov.tw/dataset/7778,2026-08-31
2026-06-27,台北,3,2,7.05,High,2026台灣部落觀光嘉年華,Major celebration,北平西路3號,2026-06-26,2026-06-28,https://www.facebook.com/TaiwanIndigenousTourismFestival/,2026-08-31
2026-06-27,新北,20,3,9.64,High,2026全國兒少陶藝獎,Sports / Marathon,文化路200號,2026-06-11,2026-07-26,https://data.gov.tw/dataset/7778,2026-08-31
2026-06-27,桃園,6,0,1.8,Low,《紙上城市插畫展 Paper Towns Illustration Exhibition》,Other,中原文創園區,2026-06-27,2026-07-26,https://data.gov.tw/dataset/7778,2026-08-31
2026-06-27,台中,7,3,6.93,High,2026台中夏日馬戲節,Major celebration,北區雙十路一段65號,2026-06-27,2026-06-28,https://data.gov.tw/dataset/7778,2026-08-31
2026-06-27,高雄,13,1,8.13,High,ITZY 3RD WORLD TOUR 《TUNNEL VISION》 in KAOHSIUNG,Other,高雄巨蛋,2026-06-27,2026-06-28,https://data.gov.tw/dataset/7778,2026-08-31
2026-06-28,台北,3,2,7.05,High,2026台灣部落觀光嘉年華,Major celebration,北平西路3號,2026-06-26,2026-06-28,https://www.facebook.com/TaiwanIndigenousTourismFestival/,2026-08-31
2026-06-28,新北,21,4,10.32,High,2026全國兒少陶藝獎,Sports / Marathon,文化路200號,2026-06-11,2026-07-26,https://data.gov.tw/dataset/7778,2026-08-31
2026-06-28,桃園,6,0,1.8,Low,《紙上城市插畫展 Paper Towns Illustration Exhibition》,Other,中原文創園區,2026-06-27,2026-07-26,https://data.gov.tw/dataset/7778,2026-08-31
2026-06-28,台中,7,3,6.93,High,2026台中夏日馬戲節,Major celebration,北區雙十路一段65號,2026-06-27,2026-06-28,https://data.gov.tw/dataset/7778,2026-08-31
2026-06-28,高雄,13,1,8.13,High,ITZY 3RD WORLD TOUR 《TUNNEL VISION》 in KAOHSIUNG,Other,高雄巨蛋,2026-06-27,2026-06-28,https://data.gov.tw/dataset/7778,2026-08-31
2026-06-29,台北,1,0,0.25,Low,2026臺北時裝週,Other,空總臺灣當代文化實驗場,2026-03-26,2026-10-18,https://www.facebook.com/tpefashionweek/?locale=zh_TW,2026-08-31
2026-06-29,新北,22,5,12.52,High,2026第六屆貢寮水T藝術節,Major celebration,遇見雞母嶺、全興造船廠園區,2026-06-29,2026-07-05,https://data.gov.tw/dataset/7778,2026-08-31
2026-06-29,桃園,6,0,1.8,Low,《紙上城市插畫展 Paper Towns Illustration Exhibition》,Other,中原文創園區,2026-06-27,2026-07-26,https://data.gov.tw/dataset/7778,2026-08-31
2026-06-29,台中,6,2,3.53,High,響應四國菁英棒球對抗賽-臺中優惠店家,Sports / Marathon,,2026-06-26,2026-07-19,https://data.gov.tw/dataset/7778,2026-08-31
2026-06-29,高雄,11,0,3.88,Medium,冰河巨獸展！化石博覽會,Expo / Exhibition,蓬萊路17號(棧貳庫KW2),2026-04-11,2026-10-11,https://data.gov.tw/dataset/7778,2026-08-31
2026-06-30,台北,1,0,0.25,Low,2026臺北時裝週,Other,空總臺灣當代文化實驗場,2026-03-26,2026-10-18,https://www.facebook.com/tpefashionweek/?locale=zh_TW,2026-08-31
2026-06-30,新北,22,5,12.52,High,2026第六屆貢寮水T藝術節,Major celebration,遇見雞母嶺、全興造船廠園區,2026-06-29,2026-07-05,https://data.gov.tw/dataset/7778,2026-08-31
2026-06-30,桃園,6,0,1.8,Low,《紙上城市插畫展 Paper Towns Illustration Exhibition》,Other,中原文創園區,2026-06-27,2026-07-26,https://data.gov.tw/dataset/7778,2026-08-31
2026-06-30,台中,6,2,3.53,High,響應四國菁英棒球對抗賽-臺中優惠店家,Sports / Marathon,,2026-06-26,2026-07-19,https://data.gov.tw/dataset/7778,2026-08-31
2026-06-30,高雄,11,0,3.88,Medium,冰河巨獸展！化石博覽會,Expo / Exhibition,蓬萊路17號(棧貳庫KW2),2026-04-11,2026-10-11,https://data.gov.tw/dataset/7778,2026-08-31
2026-07-01,台北,1,0,0.25,Low,2026臺北時裝週,Other,空總臺灣當代文化實驗場,2026-03-26,2026-10-18,https://www.facebook.com/tpefashionweek/?locale=zh_TW,2026-08-31
2026-07-01,新北,21,5,12.27,High,2026第六屆貢寮水T藝術節,Major celebration,遇見雞母嶺、全興造船廠園區,2026-06-29,2026-07-05,https://data.gov.tw/dataset/7778,2026-08-31
2026-07-01,桃園,6,0,1.8,Low,《紙上城市插畫展 Paper Towns Illustration Exhibition》,Other,中原文創園區,2026-06-27,2026-07-26,https://data.gov.tw/dataset/7778,2026-08-31
2026-07-01,台中,7,3,4.53,High,響應四國菁英棒球對抗賽-臺中優惠店家,Sports / Marathon,,2026-06-26,2026-07-19,https://data.gov.tw/dataset/7778,2026-08-31
2026-07-01,高雄,11,0,4.13,Medium,冰河巨獸展！化石博覽會,Expo / Exhibition,蓬萊路17號(棧貳庫KW2),2026-04-11,2026-10-11,https://data.gov.tw/dataset/7778,2026-08-31
2026-07-02,台北,1,0,0.25,Low,2026臺北時裝週,Other,空總臺灣當代文化實驗場,2026-03-26,2026-10-18,https://www.facebook.com/tpefashionweek/?locale=zh_TW,2026-08-31
2026-07-02,新北,23,6,13.92,High,2026第六屆貢寮水T藝術節,Major celebration,遇見雞母嶺、全興造船廠園區,2026-06-29,2026-07-05,https://data.gov.tw/dataset/7778,2026-08-31
2026-07-02,桃園,6,0,1.8,Low,《紙上城市插畫展 Paper Towns Illustration Exhibition》,Other,中原文創園區,2026-06-27,2026-07-26,https://data.gov.tw/dataset/7778,2026-08-31
2026-07-02,台中,7,3,4.53,High,響應四國菁英棒球對抗賽-臺中優惠店家,Sports / Marathon,,2026-06-26,2026-07-19,https://data.gov.tw/dataset/7778,2026-08-31
2026-07-02,高雄,11,0,4.13,Medium,冰河巨獸展！化石博覽會,Expo / Exhibition,蓬萊路17號(棧貳庫KW2),2026-04-11,2026-10-11,https://data.gov.tw/dataset/7778,2026-08-31
2026-07-03,台北,1,0,0.25,Low,2026臺北時裝週,Other,空總臺灣當代文化實驗場,2026-03-26,2026-10-18,https://www.facebook.com/tpefashionweek/?locale=zh_TW,2026-08-31
2026-07-03,新北,28,6,17.6,High,2026第六屆貢寮水T藝術節,Major celebration,遇見雞母嶺、全興造船廠園區,2026-06-29,2026-07-05,https://data.gov.tw/dataset/7778,2026-08-31
2026-07-03,桃園,6,0,1.8,Low,《紙上城市插畫展 Paper Towns Illustration Exhibition》,Other,中原文創園區,2026-06-27,2026-07-26,https://data.gov.tw/dataset/7778,2026-08-31
2026-07-03,台中,7,3,4.53,High,響應四國菁英棒球對抗賽-臺中優惠店家,Sports / Marathon,,2026-06-26,2026-07-19,https://data.gov.tw/dataset/7778,2026-08-31
2026-07-03,高雄,13,1,7.78,Medium,2026高雄啤酒音樂節,Concert / Music festival,中華五路789號(高雄夢時代前廣場),2026-07-03,2026-07-05,https://data.gov.tw/dataset/7778,2026-08-31
2026-07-04,台北,1,0,0.25,Low,2026臺北時裝週,Other,空總臺灣當代文化實驗場,2026-03-26,2026-10-18,https://www.facebook.com/tpefashionweek/?locale=zh_TW,2026-08-31
2026-07-04,新北,30,6,20.37,High,2026第六屆貢寮水T藝術節,Major celebration,遇見雞母嶺、全興造船廠園區,2026-06-29,2026-07-05,https://data.gov.tw/dataset/7778,2026-08-31
2026-07-04,桃園,12,3,7.55,High,2026桃園兒童藝術節,Major celebration,桃園陽光劇場,2026-07-04,2026-07-26,https://data.gov.tw/dataset/7778,2026-08-31
2026-07-04,台中,7,3,4.53,High,響應四國菁英棒球對抗賽-臺中優惠店家,Sports / Marathon,,2026-06-26,2026-07-19,https://data.gov.tw/dataset/7778,2026-08-31
2026-07-04,高雄,19,4,17.99,High,2026高雄啤酒音樂節,Concert / Music festival,中華五路789號(高雄夢時代前廣場),2026-07-03,2026-07-05,https://data.gov.tw/dataset/7778,2026-08-31
2026-07-05,台北,1,0,0.25,Low,2026臺北時裝週,Other,空總臺灣當代文化實驗場,2026-03-26,2026-10-18,https://www.facebook.com/tpefashionweek/?locale=zh_TW,2026-08-31
2026-07-05,新北,29,6,17.85,High,2026第六屆貢寮水T藝術節,Major celebration,遇見雞母嶺、全興造船廠園區,2026-06-29,2026-07-05,https://data.gov.tw/dataset/7778,2026-08-31
2026-07-05,桃園,12,3,7.55,High,2026桃園兒童藝術節,Major celebration,桃園陽光劇場,2026-07-04,2026-07-26,https://data.gov.tw/dataset/7778,2026-08-31
2026-07-05,台中,7,3,4.53,High,響應四國菁英棒球對抗賽-臺中優惠店家,Sports / Marathon,,2026-06-26,2026-07-19,https://data.gov.tw/dataset/7778,2026-08-31
2026-07-05,高雄,19,4,17.99,High,2026高雄啤酒音樂節,Concert / Music festival,中華五路789號(高雄夢時代前廣場),2026-07-03,2026-07-05,https://data.gov.tw/dataset/7778,2026-08-31
2026-07-06,台北,1,0,0.25,Low,2026臺北時裝週,Other,空總臺灣當代文化實驗場,2026-03-26,2026-10-18,https://www.facebook.com/tpefashionweek/?locale=zh_TW,2026-08-31
2026-07-06,新北,28,6,14.91,High,2026新莊响仁和鼓文化特展,Sports / Marathon,新莊文化藝術中心藝術廳,2026-07-02,2026-07-26,https://data.gov.tw/dataset/7778,2026-08-31
2026-07-06,桃園,11,3,6.05,High,2026桃園兒童藝術節,Major celebration,桃園陽光劇場,2026-07-04,2026-07-26,https://data.gov.tw/dataset/7778,2026-08-31
2026-07-06,台中,7,3,4.53,High,響應四國菁英棒球對抗賽-臺中優惠店家,Sports / Marathon,,2026-06-26,2026-07-19,https://data.gov.tw/dataset/7778,2026-08-31
2026-07-06,高雄,14,2,7.38,High,2026花露露的童樂節,Major celebration,衛武營國家藝術文化中心,2026-07-04,2026-07-19,https://data.gov.tw/dataset/7778,2026-08-31
2026-07-07,台北,1,0,0.25,Low,2026臺北時裝週,Other,空總臺灣當代文化實驗場,2026-03-26,2026-10-18,https://www.facebook.com/tpefashionweek/?locale=zh_TW,2026-08-31
2026-07-07,新北,28,6,14.91,High,2026新莊响仁和鼓文化特展,Sports / Marathon,新莊文化藝術中心藝術廳,2026-07-02,2026-07-26,https://data.gov.tw/dataset/7778,2026-08-31
2026-07-07,桃園,11,3,6.05,High,2026桃園兒童藝術節,Major celebration,桃園陽光劇場,2026-07-04,2026-07-26,https://data.gov.tw/dataset/7778,2026-08-31
2026-07-07,台中,7,3,4.53,High,響應四國菁英棒球對抗賽-臺中優惠店家,Sports / Marathon,,2026-06-26,2026-07-19,https://data.gov.tw/dataset/7778,2026-08-31
2026-07-07,高雄,14,2,7.38,High,2026花露露的童樂節,Major celebration,衛武營國家藝術文化中心,2026-07-04,2026-07-19,https://data.gov.tw/dataset/7778,2026-08-31
2026-07-08,台北,1,0,0.25,Low,2026臺北時裝週,Other,空總臺灣當代文化實驗場,2026-03-26,2026-10-18,https://www.facebook.com/tpefashionweek/?locale=zh_TW,2026-08-31
2026-07-08,新北,28,6,14.91,High,2026新莊响仁和鼓文化特展,Sports / Marathon,新莊文化藝術中心藝術廳,2026-07-02,2026-07-26,https://data.gov.tw/dataset/7778,2026-08-31
2026-07-08,桃園,11,3,6.05,High,2026桃園兒童藝術節,Major celebration,桃園陽光劇場,2026-07-04,2026-07-26,https://data.gov.tw/dataset/7778,2026-08-31
2026-07-08,台中,7,3,4.53,High,響應四國菁英棒球對抗賽-臺中優惠店家,Sports / Marathon,,2026-06-26,2026-07-19,https://data.gov.tw/dataset/7778,2026-08-31
2026-07-08,高雄,14,2,7.38,High,2026花露露的童樂節,Major celebration,衛武營國家藝術文化中心,2026-07-04,2026-07-19,https://data.gov.tw/dataset/7778,2026-08-31
2026-07-09,台北,1,0,0.25,Low,2026臺北時裝週,Other,空總臺灣當代文化實驗場,2026-03-26,2026-10-18,https://www.facebook.com/tpefashionweek/?locale=zh_TW,2026-08-31
2026-07-09,新北,28,6,14.91,High,2026新莊响仁和鼓文化特展,Sports / Marathon,新莊文化藝術中心藝術廳,2026-07-02,2026-07-26,https://data.gov.tw/dataset/7778,2026-08-31
2026-07-09,桃園,11,3,6.05,High,2026桃園兒童藝術節,Major celebration,桃園陽光劇場,2026-07-04,2026-07-26,https://data.gov.tw/dataset/7778,2026-08-31
2026-07-09,台中,7,3,4.53,High,響應四國菁英棒球對抗賽-臺中優惠店家,Sports / Marathon,,2026-06-26,2026-07-19,https://data.gov.tw/dataset/7778,2026-08-31
2026-07-09,高雄,14,2,7.38,High,2026花露露的童樂節,Major celebration,衛武營國家藝術文化中心,2026-07-04,2026-07-19,https://data.gov.tw/dataset/7778,2026-08-31
2026-07-10,台北,1,0,0.25,Low,2026臺北時裝週,Other,空總臺灣當代文化實驗場,2026-03-26,2026-10-18,https://www.facebook.com/tpefashionweek/?locale=zh_TW,2026-08-31
2026-07-10,新北,28,6,14.91,High,2026新莊响仁和鼓文化特展,Sports / Marathon,新莊文化藝術中心藝術廳,2026-07-02,2026-07-26,https://data.gov.tw/dataset/7778,2026-08-31
2026-07-10,桃園,11,3,6.05,High,2026桃園兒童藝術節,Major celebration,桃園陽光劇場,2026-07-04,2026-07-26,https://data.gov.tw/dataset/7778,2026-08-31
2026-07-10,台中,7,3,4.53,High,響應四國菁英棒球對抗賽-臺中優惠店家,Sports / Marathon,,2026-06-26,2026-07-19,https://data.gov.tw/dataset/7778,2026-08-31
2026-07-10,高雄,14,2,7.38,High,2026花露露的童樂節,Major celebration,衛武營國家藝術文化中心,2026-07-04,2026-07-19,https://data.gov.tw/dataset/7778,2026-08-31
2026-07-11,台北,1,0,0.25,Low,2026臺北時裝週,Other,空總臺灣當代文化實驗場,2026-03-26,2026-10-18,https://www.facebook.com/tpefashionweek/?locale=zh_TW,2026-08-31
2026-07-11,新北,28,6,14.91,High,2026新莊响仁和鼓文化特展,Sports / Marathon,新莊文化藝術中心藝術廳,2026-07-02,2026-07-26,https://data.gov.tw/dataset/7778,2026-08-31
2026-07-11,桃園,12,3,7.55,High,2026桃園兒童藝術節,Major celebration,桃園陽光劇場,2026-07-04,2026-07-26,https://data.gov.tw/dataset/7778,2026-08-31
2026-07-11,台中,7,3,4.53,High,響應四國菁英棒球對抗賽-臺中優惠店家,Sports / Marathon,,2026-06-26,2026-07-19,https://data.gov.tw/dataset/7778,2026-08-31
2026-07-11,高雄,17,4,14.53,High,2026乘風而騎｜三民城市客家文化單車遊,Sports / Marathon,盤花公園(同盟與自立路路口-光之塔前),2026-07-11,2026-07-11,https://data.gov.tw/dataset/7778,2026-08-31
2026-07-12,台北,1,0,0.25,Low,2026臺北時裝週,Other,空總臺灣當代文化實驗場,2026-03-26,2026-10-18,https://www.facebook.com/tpefashionweek/?locale=zh_TW,2026-08-31
2026-07-12,新北,29,7,17.11,High,2026新北市兒童藝術節｜怪獸叢林,Major celebration,新北市市民廣場、市府大廳、府中廣場及各藝文中心,2026-07-12,2026-07-19,https://data.gov.tw/dataset/7778,2026-08-31
2026-07-12,桃園,12,3,7.55,High,2026桃園兒童藝術節,Major celebration,桃園陽光劇場,2026-07-04,2026-07-26,https://data.gov.tw/dataset/7778,2026-08-31
2026-07-12,台中,7,3,4.53,High,響應四國菁英棒球對抗賽-臺中優惠店家,Sports / Marathon,,2026-06-26,2026-07-19,https://data.gov.tw/dataset/7778,2026-08-31
2026-07-12,高雄,16,3,11.03,High,NMIXX 1ST WORLD TOUR ＜EPISODE 1： ZERO FRONTIER＞ IN KAOHSIUNG,Other,高雄巨蛋,2026-07-11,2026-07-12,https://data.gov.tw/dataset/7778,2026-08-31
2026-07-13,台北,1,0,0.25,Low,2026臺北時裝週,Other,空總臺灣當代文化實驗場,2026-03-26,2026-10-18,https://www.facebook.com/tpefashionweek/?locale=zh_TW,2026-08-31
2026-07-13,新北,26,7,15.81,High,2026新北市兒童藝術節｜怪獸叢林,Major celebration,新北市市民廣場、市府大廳、府中廣場及各藝文中心,2026-07-12,2026-07-19,https://data.gov.tw/dataset/7778,2026-08-31
2026-07-13,桃園,11,3,6.05,High,2026桃園兒童藝術節,Major celebration,桃園陽光劇場,2026-07-04,2026-07-26,https://data.gov.tw/dataset/7778,2026-08-31
2026-07-13,台中,7,3,4.53,High,響應四國菁英棒球對抗賽-臺中優惠店家,Sports / Marathon,,2026-06-26,2026-07-19,https://data.gov.tw/dataset/7778,2026-08-31
2026-07-13,高雄,15,2,7.63,High,2026花露露的童樂節,Major celebration,衛武營國家藝術文化中心,2026-07-04,2026-07-19,https://data.gov.tw/dataset/7778,2026-08-31
2026-07-14,台北,1,0,0.25,Low,2026臺北時裝週,Other,空總臺灣當代文化實驗場,2026-03-26,2026-10-18,https://www.facebook.com/tpefashionweek/?locale=zh_TW,2026-08-31
2026-07-14,新北,27,8,18.01,High,115年烏來區泰雅文化季,Major celebration,烏來區綜合體育場,2026-07-14,2026-07-18,https://data.gov.tw/dataset/7778,2026-08-31
2026-07-14,桃園,11,3,6.05,High,2026桃園兒童藝術節,Major celebration,桃園陽光劇場,2026-07-04,2026-07-26,https://data.gov.tw/dataset/7778,2026-08-31
2026-07-14,台中,8,3,4.78,High,響應四國菁英棒球對抗賽-臺中優惠店家,Sports / Marathon,,2026-06-26,2026-07-19,https://data.gov.tw/dataset/7778,2026-08-31
2026-07-14,高雄,15,2,7.63,High,2026花露露的童樂節,Major celebration,衛武營國家藝術文化中心,2026-07-04,2026-07-19,https://data.gov.tw/dataset/7778,2026-08-31
2026-07-15,台北,1,0,0.25,Low,2026臺北時裝週,Other,空總臺灣當代文化實驗場,2026-03-26,2026-10-18,https://www.facebook.com/tpefashionweek/?locale=zh_TW,2026-08-31
2026-07-15,新北,27,8,18.01,High,115年烏來區泰雅文化季,Major celebration,烏來區綜合體育場,2026-07-14,2026-07-18,https://data.gov.tw/dataset/7778,2026-08-31
2026-07-15,桃園,11,3,6.05,High,2026桃園兒童藝術節,Major celebration,桃園陽光劇場,2026-07-04,2026-07-26,https://data.gov.tw/dataset/7778,2026-08-31
2026-07-15,台中,8,3,4.78,High,響應四國菁英棒球對抗賽-臺中優惠店家,Sports / Marathon,,2026-06-26,2026-07-19,https://data.gov.tw/dataset/7778,2026-08-31
2026-07-15,高雄,15,2,7.63,High,2026花露露的童樂節,Major celebration,衛武營國家藝術文化中心,2026-07-04,2026-07-19,https://data.gov.tw/dataset/7778,2026-08-31
2026-07-16,台北,1,0,0.25,Low,2026臺北時裝週,Other,空總臺灣當代文化實驗場,2026-03-26,2026-10-18,https://www.facebook.com/tpefashionweek/?locale=zh_TW,2026-08-31
2026-07-16,新北,29,8,18.91,High,115年烏來區泰雅文化季,Major celebration,烏來區綜合體育場,2026-07-14,2026-07-18,https://data.gov.tw/dataset/7778,2026-08-31
2026-07-16,桃園,11,3,6.05,High,2026桃園兒童藝術節,Major celebration,桃園陽光劇場,2026-07-04,2026-07-26,https://data.gov.tw/dataset/7778,2026-08-31
2026-07-16,台中,8,3,4.78,High,響應四國菁英棒球對抗賽-臺中優惠店家,Sports / Marathon,,2026-06-26,2026-07-19,https://data.gov.tw/dataset/7778,2026-08-31
2026-07-16,高雄,15,2,7.63,High,2026花露露的童樂節,Major celebration,衛武營國家藝術文化中心,2026-07-04,2026-07-19,https://data.gov.tw/dataset/7778,2026-08-31
2026-07-17,台北,1,0,0.25,Low,2026臺北時裝週,Other,空總臺灣當代文化實驗場,2026-03-26,2026-10-18,https://www.facebook.com/tpefashionweek/?locale=zh_TW,2026-08-31
2026-07-17,新北,35,8,21.24,High,115年烏來區泰雅文化季,Major celebration,烏來區綜合體育場,2026-07-14,2026-07-18,https://data.gov.tw/dataset/7778,2026-08-31
2026-07-17,桃園,11,3,6.05,High,2026桃園兒童藝術節,Major celebration,桃園陽光劇場,2026-07-04,2026-07-26,https://data.gov.tw/dataset/7778,2026-08-31
2026-07-17,台中,9,3,5.16,High,響應四國菁英棒球對抗賽-臺中優惠店家,Sports / Marathon,,2026-06-26,2026-07-19,https://data.gov.tw/dataset/7778,2026-08-31
2026-07-17,高雄,15,2,7.63,High,2026花露露的童樂節,Major celebration,衛武營國家藝術文化中心,2026-07-04,2026-07-19,https://data.gov.tw/dataset/7778,2026-08-31
2026-07-18,台北,1,0,0.25,Low,2026臺北時裝週,Other,空總臺灣當代文化實驗場,2026-03-26,2026-10-18,https://www.facebook.com/tpefashionweek/?locale=zh_TW,2026-08-31
2026-07-18,新北,35,8,21.24,High,115年烏來區泰雅文化季,Major celebration,烏來區綜合體育場,2026-07-14,2026-07-18,https://data.gov.tw/dataset/7778,2026-08-31
2026-07-18,桃園,14,4,7.85,High,2026桃園兒童藝術節,Major celebration,桃園陽光劇場,2026-07-04,2026-07-26,https://data.gov.tw/dataset/7778,2026-08-31
2026-07-18,台中,10,3,6.43,High,響應四國菁英棒球對抗賽-臺中優惠店家,Sports / Marathon,,2026-06-26,2026-07-19,https://data.gov.tw/dataset/7778,2026-08-31
2026-07-18,高雄,17,4,14.01,High,EXO PLANET #6 - EXhOrizon in KAOHSIUNG,Other,高雄巨蛋（K ARENA）,2026-07-18,2026-07-19,https://data.gov.tw/dataset/7778,2026-08-31
2026-07-19,台北,1,0,0.25,Low,2026臺北時裝週,Other,空總臺灣當代文化實驗場,2026-03-26,2026-10-18,https://www.facebook.com/tpefashionweek/?locale=zh_TW,2026-08-31
2026-07-19,新北,34,7,19.04,High,2026新北市兒童藝術節｜怪獸叢林,Major celebration,新北市市民廣場、市府大廳、府中廣場及各藝文中心,2026-07-12,2026-07-19,https://data.gov.tw/dataset/7778,2026-08-31
2026-07-19,桃園,13,4,7.6,High,2026桃園兒童藝術節,Major celebration,桃園陽光劇場,2026-07-04,2026-07-26,https://data.gov.tw/dataset/7778,2026-08-31
2026-07-19,台中,10,3,6.43,High,響應四國菁英棒球對抗賽-臺中優惠店家,Sports / Marathon,,2026-06-26,2026-07-19,https://data.gov.tw/dataset/7778,2026-08-31
2026-07-19,高雄,17,4,14.01,High,EXO PLANET #6 - EXhOrizon in KAOHSIUNG,Other,高雄巨蛋（K ARENA）,2026-07-18,2026-07-19,https://data.gov.tw/dataset/7778,2026-08-31
2026-07-20,台北,1,0,0.25,Low,2026臺北時裝週,Other,空總臺灣當代文化實驗場,2026-03-26,2026-10-18,https://www.facebook.com/tpefashionweek/?locale=zh_TW,2026-08-31
2026-07-20,新北,33,6,16.84,High,2026新莊响仁和鼓文化特展,Sports / Marathon,新莊文化藝術中心藝術廳,2026-07-02,2026-07-26,https://data.gov.tw/dataset/7778,2026-08-31
2026-07-20,桃園,12,4,7.2,High,2026桃園兒童藝術節,Major celebration,桃園陽光劇場,2026-07-04,2026-07-26,https://data.gov.tw/dataset/7778,2026-08-31
2026-07-20,台中,8,2,3.76,High,115-116年探索臺中之美 引客獎勵方案,Major celebration,,2026-02-15,2027-03-08,https://data.gov.tw/dataset/7778,2026-08-31
2026-07-20,高雄,14,1,6.03,Medium,【漢餅文化館】舊振南 ·夏躍星空,Sports / Marathon,舊振南漢餅文化館,2026-07-04,2026-08-01,https://data.gov.tw/dataset/7778,2026-08-31
2026-07-21,台北,1,0,0.25,Low,2026臺北時裝週,Other,空總臺灣當代文化實驗場,2026-03-26,2026-10-18,https://www.facebook.com/tpefashionweek/?locale=zh_TW,2026-08-31
2026-07-21,新北,33,6,16.84,High,2026新莊响仁和鼓文化特展,Sports / Marathon,新莊文化藝術中心藝術廳,2026-07-02,2026-07-26,https://data.gov.tw/dataset/7778,2026-08-31
2026-07-21,桃園,12,4,7.2,High,2026桃園兒童藝術節,Major celebration,桃園陽光劇場,2026-07-04,2026-07-26,https://data.gov.tw/dataset/7778,2026-08-31
2026-07-21,台中,8,2,3.76,High,115-116年探索臺中之美 引客獎勵方案,Major celebration,,2026-02-15,2027-03-08,https://data.gov.tw/dataset/7778,2026-08-31
2026-07-21,高雄,14,1,6.03,Medium,【漢餅文化館】舊振南 ·夏躍星空,Sports / Marathon,舊振南漢餅文化館,2026-07-04,2026-08-01,https://data.gov.tw/dataset/7778,2026-08-31
2026-07-22,台北,1,0,0.25,Low,2026臺北時裝週,Other,空總臺灣當代文化實驗場,2026-03-26,2026-10-18,https://www.facebook.com/tpefashionweek/?locale=zh_TW,2026-08-31
2026-07-22,新北,33,6,16.84,High,2026新莊响仁和鼓文化特展,Sports / Marathon,新莊文化藝術中心藝術廳,2026-07-02,2026-07-26,https://data.gov.tw/dataset/7778,2026-08-31
2026-07-22,桃園,12,4,7.2,High,2026桃園兒童藝術節,Major celebration,桃園陽光劇場,2026-07-04,2026-07-26,https://data.gov.tw/dataset/7778,2026-08-31
2026-07-22,台中,8,2,3.76,High,115-116年探索臺中之美 引客獎勵方案,Major celebration,,2026-02-15,2027-03-08,https://data.gov.tw/dataset/7778,2026-08-31
2026-07-22,高雄,15,1,6.28,Medium,【漢餅文化館】舊振南 ·夏躍星空,Sports / Marathon,舊振南漢餅文化館,2026-07-04,2026-08-01,https://data.gov.tw/dataset/7778,2026-08-31
2026-07-23,台北,1,0,0.25,Low,2026臺北時裝週,Other,空總臺灣當代文化實驗場,2026-03-26,2026-10-18,https://www.facebook.com/tpefashionweek/?locale=zh_TW,2026-08-31
2026-07-23,新北,33,6,16.84,High,2026新莊响仁和鼓文化特展,Sports / Marathon,新莊文化藝術中心藝術廳,2026-07-02,2026-07-26,https://data.gov.tw/dataset/7778,2026-08-31
2026-07-23,桃園,12,4,7.2,High,2026桃園兒童藝術節,Major celebration,桃園陽光劇場,2026-07-04,2026-07-26,https://data.gov.tw/dataset/7778,2026-08-31
2026-07-23,台中,8,2,3.76,High,115-116年探索臺中之美 引客獎勵方案,Major celebration,,2026-02-15,2027-03-08,https://data.gov.tw/dataset/7778,2026-08-31
2026-07-23,高雄,15,1,6.28,Medium,【漢餅文化館】舊振南 ·夏躍星空,Sports / Marathon,舊振南漢餅文化館,2026-07-04,2026-08-01,https://data.gov.tw/dataset/7778,2026-08-31
2026-07-24,台北,1,0,0.25,Low,2026臺北時裝週,Other,空總臺灣當代文化實驗場,2026-03-26,2026-10-18,https://www.facebook.com/tpefashionweek/?locale=zh_TW,2026-08-31
2026-07-24,新北,35,7,20.74,High,2026新北南島文化節,Major celebration,十三行博物館 陽光廣場,2026-07-24,2026-07-26,https://data.gov.tw/dataset/7778,2026-08-31
2026-07-24,桃園,12,4,7.2,High,2026桃園兒童藝術節,Major celebration,桃園陽光劇場,2026-07-04,2026-07-26,https://data.gov.tw/dataset/7778,2026-08-31
2026-07-24,台中,8,2,3.76,High,115-116年探索臺中之美 引客獎勵方案,Major celebration,,2026-02-15,2027-03-08,https://data.gov.tw/dataset/7778,2026-08-31
2026-07-24,高雄,15,1,6.28,Medium,【漢餅文化館】舊振南 ·夏躍星空,Sports / Marathon,舊振南漢餅文化館,2026-07-04,2026-08-01,https://data.gov.tw/dataset/7778,2026-08-31
2026-07-25,台北,2,1,1.85,Medium,2026大稻埕夏日節,Major celebration,大稻埕河濱公園,2026-07-25,2026-08-15,https://www.travel.taipei/zh-tw/event-calendar/details/66378,2026-08-31
2026-07-25,新北,36,7,21.14,High,2026新北南島文化節,Major celebration,十三行博物館 陽光廣場,2026-07-24,2026-07-26,https://data.gov.tw/dataset/7778,2026-08-31
2026-07-25,桃園,12,4,7.2,High,2026桃園兒童藝術節,Major celebration,桃園陽光劇場,2026-07-04,2026-07-26,https://data.gov.tw/dataset/7778,2026-08-31
2026-07-25,台中,8,2,3.76,High,115-116年探索臺中之美 引客獎勵方案,Major celebration,,2026-02-15,2027-03-08,https://data.gov.tw/dataset/7778,2026-08-31
2026-07-25,高雄,17,2,11.38,High,2026 DONGHAE 1ST SOLO CONCERT TOUR [ALIVE] in KAOHSIUNG,Concert / Music festival,高雄流行音樂中心,2026-07-25,2026-07-26,https://data.gov.tw/dataset/7778,2026-08-31
2026-07-26,台北,2,1,1.85,Medium,2026大稻埕夏日節,Major celebration,大稻埕河濱公園,2026-07-25,2026-08-15,https://www.travel.taipei/zh-tw/event-calendar/details/66378,2026-08-31
2026-07-26,新北,36,7,21.14,High,2026新北南島文化節,Major celebration,十三行博物館 陽光廣場,2026-07-24,2026-07-26,https://data.gov.tw/dataset/7778,2026-08-31
2026-07-26,桃園,11,4,6.95,High,2026桃園兒童藝術節,Major celebration,桃園陽光劇場,2026-07-04,2026-07-26,https://data.gov.tw/dataset/7778,2026-08-31
2026-07-26,台中,8,2,3.76,High,115-116年探索臺中之美 引客獎勵方案,Major celebration,,2026-02-15,2027-03-08,https://data.gov.tw/dataset/7778,2026-08-31
2026-07-26,高雄,17,2,11.38,High,2026 DONGHAE 1ST SOLO CONCERT TOUR [ALIVE] in KAOHSIUNG,Concert / Music festival,高雄流行音樂中心,2026-07-25,2026-07-26,https://data.gov.tw/dataset/7778,2026-08-31
2026-07-27,台北,2,1,1.85,Medium,2026大稻埕夏日節,Major celebration,大稻埕河濱公園,2026-07-25,2026-08-15,https://www.travel.taipei/zh-tw/event-calendar/details/66378,2026-08-31
2026-07-27,新北,32,4,14.91,High,2026新北市生音藝術節,Major celebration,新北市藝文中心,2026-07-06,2026-10-10,https://data.gov.tw/dataset/7778,2026-08-31
2026-07-27,桃園,8,3,4.55,High,2026永安漁港星繽樂狂歡嘉年華,Major celebration,永安漁港漁市前廣場、後停車場,2026-07-18,2026-08-29,https://data.gov.tw/dataset/7778,2026-08-31
2026-07-27,台中,8,2,3.76,High,115-116年探索臺中之美 引客獎勵方案,Major celebration,,2026-02-15,2027-03-08,https://data.gov.tw/dataset/7778,2026-08-31
2026-07-27,高雄,15,1,6.28,Medium,【漢餅文化館】舊振南 ·夏躍星空,Sports / Marathon,舊振南漢餅文化館,2026-07-04,2026-08-01,https://data.gov.tw/dataset/7778,2026-08-31
2026-07-28,台北,2,1,1.85,Medium,2026大稻埕夏日節,Major celebration,大稻埕河濱公園,2026-07-25,2026-08-15,https://www.travel.taipei/zh-tw/event-calendar/details/66378,2026-08-31
2026-07-28,新北,32,4,14.91,High,2026新北市生音藝術節,Major celebration,新北市藝文中心,2026-07-06,2026-10-10,https://data.gov.tw/dataset/7778,2026-08-31
2026-07-28,桃園,8,3,4.55,High,2026永安漁港星繽樂狂歡嘉年華,Major celebration,永安漁港漁市前廣場、後停車場,2026-07-18,2026-08-29,https://data.gov.tw/dataset/7778,2026-08-31
2026-07-28,台中,8,2,3.76,High,115-116年探索臺中之美 引客獎勵方案,Major celebration,,2026-02-15,2027-03-08,https://data.gov.tw/dataset/7778,2026-08-31
2026-07-28,高雄,16,2,8.48,High,2026佛光盃｜國際大學籃球邀請賽,Other,高雄巨蛋,2026-07-28,2026-08-02,https://data.gov.tw/dataset/7778,2026-08-31
2026-07-29,台北,2,1,1.85,Medium,2026大稻埕夏日節,Major celebration,大稻埕河濱公園,2026-07-25,2026-08-15,https://www.travel.taipei/zh-tw/event-calendar/details/66378,2026-08-31
2026-07-29,新北,32,4,14.91,High,2026新北市生音藝術節,Major celebration,新北市藝文中心,2026-07-06,2026-10-10,https://data.gov.tw/dataset/7778,2026-08-31
2026-07-29,桃園,8,3,4.55,High,2026永安漁港星繽樂狂歡嘉年華,Major celebration,永安漁港漁市前廣場、後停車場,2026-07-18,2026-08-29,https://data.gov.tw/dataset/7778,2026-08-31
2026-07-29,台中,8,2,3.76,High,115-116年探索臺中之美 引客獎勵方案,Major celebration,,2026-02-15,2027-03-08,https://data.gov.tw/dataset/7778,2026-08-31
2026-07-29,高雄,16,2,8.48,High,2026佛光盃｜國際大學籃球邀請賽,Other,高雄巨蛋,2026-07-28,2026-08-02,https://data.gov.tw/dataset/7778,2026-08-31
2026-07-30,台北,2,1,1.85,Medium,2026大稻埕夏日節,Major celebration,大稻埕河濱公園,2026-07-25,2026-08-15,https://www.travel.taipei/zh-tw/event-calendar/details/66378,2026-08-31
2026-07-30,新北,34,4,15.81,High,2026新北市生音藝術節,Major celebration,新北市藝文中心,2026-07-06,2026-10-10,https://data.gov.tw/dataset/7778,2026-08-31
2026-07-30,桃園,8,3,4.55,High,2026永安漁港星繽樂狂歡嘉年華,Major celebration,永安漁港漁市前廣場、後停車場,2026-07-18,2026-08-29,https://data.gov.tw/dataset/7778,2026-08-31
2026-07-30,台中,8,2,3.76,High,115-116年探索臺中之美 引客獎勵方案,Major celebration,,2026-02-15,2027-03-08,https://data.gov.tw/dataset/7778,2026-08-31
2026-07-30,高雄,16,2,8.48,High,2026佛光盃｜國際大學籃球邀請賽,Other,高雄巨蛋,2026-07-28,2026-08-02,https://data.gov.tw/dataset/7778,2026-08-31
2026-07-31,台北,3,2,3.78,High,2026台灣美食展,Sports / Marathon,台北世界貿易中心展覽一館,2026-07-31,2026-08-03,https://www.tcetva.tw/,2026-08-31
2026-07-31,新北,39,7,24.42,High,115年樹林區｜戀戀山佳懷念老歌演唱會,Concert / Music festival,山佳火車站前廣場,2026-07-31,2026-08-02,https://data.gov.tw/dataset/7778,2026-08-31
2026-07-31,桃園,8,3,4.55,High,2026永安漁港星繽樂狂歡嘉年華,Major celebration,永安漁港漁市前廣場、後停車場,2026-07-18,2026-08-29,https://data.gov.tw/dataset/7778,2026-08-31
2026-07-31,台中,8,2,3.76,High,115-116年探索臺中之美 引客獎勵方案,Major celebration,,2026-02-15,2027-03-08,https://data.gov.tw/dataset/7778,2026-08-31
2026-07-31,高雄,16,2,8.48,High,2026佛光盃｜國際大學籃球邀請賽,Other,高雄巨蛋,2026-07-28,2026-08-02,https://data.gov.tw/dataset/7778,2026-08-31
2026-08-01,台北,3,2,3.78,High,2026台灣美食展,Sports / Marathon,台北世界貿易中心展覽一館,2026-07-31,2026-08-03,https://www.tcetva.tw/,2026-08-31
2026-08-01,新北,39,7,24.42,High,115年樹林區｜戀戀山佳懷念老歌演唱會,Concert / Music festival,山佳火車站前廣場,2026-07-31,2026-08-02,https://data.gov.tw/dataset/7778,2026-08-31
2026-08-01,桃園,10,4,8.35,High,2026桃園珍珠海岸國際音樂節,Concert / Music festival,竹圍漁港,2026-08-01,2026-08-02,https://data.gov.tw/dataset/7778,2026-08-31
2026-08-01,台中,8,2,3.76,High,115-116年探索臺中之美 引客獎勵方案,Major celebration,,2026-02-15,2027-03-08,https://data.gov.tw/dataset/7778,2026-08-31
2026-08-01,高雄,18,3,12.71,High,2026台日大港水果祭,Other,高雄流行音樂中心 海風廣場及堤岸廊道,2026-08-01,2026-08-02,https://data.gov.tw/dataset/7778,2026-08-31
2026-08-02,台北,3,2,3.78,High,2026台灣美食展,Sports / Marathon,台北世界貿易中心展覽一館,2026-07-31,2026-08-03,https://www.tcetva.tw/,2026-08-31
2026-08-02,新北,39,7,24.42,High,115年樹林區｜戀戀山佳懷念老歌演唱會,Concert / Music festival,山佳火車站前廣場,2026-07-31,2026-08-02,https://data.gov.tw/dataset/7778,2026-08-31
2026-08-02,桃園,10,4,8.35,High,2026桃園珍珠海岸國際音樂節,Concert / Music festival,竹圍漁港,2026-08-01,2026-08-02,https://data.gov.tw/dataset/7778,2026-08-31
2026-08-02,台中,8,2,3.76,High,115-116年探索臺中之美 引客獎勵方案,Major celebration,,2026-02-15,2027-03-08,https://data.gov.tw/dataset/7778,2026-08-31
2026-08-02,高雄,16,2,10.81,High,2026台日大港水果祭,Other,高雄流行音樂中心 海風廣場及堤岸廊道,2026-08-01,2026-08-02,https://data.gov.tw/dataset/7778,2026-08-31
2026-08-03,台北,3,2,3.78,High,2026台灣美食展,Sports / Marathon,台北世界貿易中心展覽一館,2026-07-31,2026-08-03,https://www.tcetva.tw/,2026-08-31
2026-08-03,新北,32,4,14.86,High,2026八里城市沙雕展,Major celebration,左岸公園沿岸沙灘及草坪,2026-07-31,2026-09-28,https://data.gov.tw/dataset/7778,2026-08-31
2026-08-03,桃園,9,3,4.95,High,2026永安漁港星繽樂狂歡嘉年華,Major celebration,永安漁港漁市前廣場、後停車場,2026-07-18,2026-08-29,https://data.gov.tw/dataset/7778,2026-08-31
2026-08-03,台中,8,2,3.76,High,115-116年探索臺中之美 引客獎勵方案,Major celebration,,2026-02-15,2027-03-08,https://data.gov.tw/dataset/7778,2026-08-31
2026-08-03,高雄,14,0,5.21,Medium,2026旗津風箏節暨氣墊水樂園,Market / Family,旗津海水浴場鍾愛之門,2026-08-01,2026-08-09,https://data.gov.tw/dataset/7778,2026-08-31
2026-08-04,台北,2,1,1.85,Medium,2026大稻埕夏日節,Major celebration,大稻埕河濱公園,2026-07-25,2026-08-15,https://www.travel.taipei/zh-tw/event-calendar/details/66378,2026-08-31
2026-08-04,新北,32,4,14.86,High,2026八里城市沙雕展,Major celebration,左岸公園沿岸沙灘及草坪,2026-07-31,2026-09-28,https://data.gov.tw/dataset/7778,2026-08-31
2026-08-04,桃園,9,3,4.95,High,2026永安漁港星繽樂狂歡嘉年華,Major celebration,永安漁港漁市前廣場、後停車場,2026-07-18,2026-08-29,https://data.gov.tw/dataset/7778,2026-08-31
2026-08-04,台中,8,2,3.76,High,115-116年探索臺中之美 引客獎勵方案,Major celebration,,2026-02-15,2027-03-08,https://data.gov.tw/dataset/7778,2026-08-31
2026-08-04,高雄,14,0,5.21,Medium,2026旗津風箏節暨氣墊水樂園,Market / Family,旗津海水浴場鍾愛之門,2026-08-01,2026-08-09,https://data.gov.tw/dataset/7778,2026-08-31
2026-08-05,台北,2,1,1.85,Medium,2026大稻埕夏日節,Major celebration,大稻埕河濱公園,2026-07-25,2026-08-15,https://www.travel.taipei/zh-tw/event-calendar/details/66378,2026-08-31
2026-08-05,新北,32,4,14.86,High,2026八里城市沙雕展,Major celebration,左岸公園沿岸沙灘及草坪,2026-07-31,2026-09-28,https://data.gov.tw/dataset/7778,2026-08-31
2026-08-05,桃園,9,3,4.95,High,2026永安漁港星繽樂狂歡嘉年華,Major celebration,永安漁港漁市前廣場、後停車場,2026-07-18,2026-08-29,https://data.gov.tw/dataset/7778,2026-08-31
2026-08-05,台中,8,2,3.76,High,115-116年探索臺中之美 引客獎勵方案,Major celebration,,2026-02-15,2027-03-08,https://data.gov.tw/dataset/7778,2026-08-31
2026-08-05,高雄,14,0,5.21,Medium,2026旗津風箏節暨氣墊水樂園,Market / Family,旗津海水浴場鍾愛之門,2026-08-01,2026-08-09,https://data.gov.tw/dataset/7778,2026-08-31
2026-08-06,台北,3,2,4.05,High,2026臺灣文化創意博覽會,Expo / Exhibition,南港展覽館1館,2026-08-06,2026-08-12,https://creativexpo.tw/,2026-08-31
2026-08-06,新北,33,4,15.11,High,2026八里城市沙雕展,Major celebration,左岸公園沿岸沙灘及草坪,2026-07-31,2026-09-28,https://data.gov.tw/dataset/7778,2026-08-31
2026-08-06,桃園,9,3,4.95,High,2026永安漁港星繽樂狂歡嘉年華,Major celebration,永安漁港漁市前廣場、後停車場,2026-07-18,2026-08-29,https://data.gov.tw/dataset/7778,2026-08-31
2026-08-06,台中,8,2,3.76,High,115-116年探索臺中之美 引客獎勵方案,Major celebration,,2026-02-15,2027-03-08,https://data.gov.tw/dataset/7778,2026-08-31
2026-08-06,高雄,14,0,5.21,Medium,2026旗津風箏節暨氣墊水樂園,Market / Family,旗津海水浴場鍾愛之門,2026-08-01,2026-08-09,https://data.gov.tw/dataset/7778,2026-08-31
2026-08-07,台北,3,2,4.05,High,2026臺灣文化創意博覽會,Expo / Exhibition,南港展覽館1館,2026-08-06,2026-08-12,https://creativexpo.tw/,2026-08-31
2026-08-07,新北,33,4,15.11,High,2026八里城市沙雕展,Major celebration,左岸公園沿岸沙灘及草坪,2026-07-31,2026-09-28,https://data.gov.tw/dataset/7778,2026-08-31
2026-08-07,桃園,8,3,4.55,High,2026永安漁港星繽樂狂歡嘉年華,Major celebration,永安漁港漁市前廣場、後停車場,2026-07-18,2026-08-29,https://data.gov.tw/dataset/7778,2026-08-31
2026-08-07,台中,8,2,3.76,High,115-116年探索臺中之美 引客獎勵方案,Major celebration,,2026-02-15,2027-03-08,https://data.gov.tw/dataset/7778,2026-08-31
2026-08-07,高雄,14,0,5.21,Medium,2026旗津風箏節暨氣墊水樂園,Market / Family,旗津海水浴場鍾愛之門,2026-08-01,2026-08-09,https://data.gov.tw/dataset/7778,2026-08-31
2026-08-08,台北,3,2,4.05,High,2026臺灣文化創意博覽會,Expo / Exhibition,南港展覽館1館,2026-08-06,2026-08-12,https://creativexpo.tw/,2026-08-31
2026-08-08,新北,34,4,15.66,High,2026八里城市沙雕展,Major celebration,左岸公園沿岸沙灘及草坪,2026-07-31,2026-09-28,https://data.gov.tw/dataset/7778,2026-08-31
2026-08-08,桃園,9,3,4.8,High,2026永安漁港星繽樂狂歡嘉年華,Major celebration,永安漁港漁市前廣場、後停車場,2026-07-18,2026-08-29,https://data.gov.tw/dataset/7778,2026-08-31
2026-08-08,台中,8,2,3.76,High,115-116年探索臺中之美 引客獎勵方案,Major celebration,,2026-02-15,2027-03-08,https://data.gov.tw/dataset/7778,2026-08-31
2026-08-08,高雄,15,0,5.81,Medium,2026旗津風箏節暨氣墊水樂園,Market / Family,旗津海水浴場鍾愛之門,2026-08-01,2026-08-09,https://data.gov.tw/dataset/7778,2026-08-31
2026-08-09,台北,3,2,4.05,High,2026臺灣文化創意博覽會,Expo / Exhibition,南港展覽館1館,2026-08-06,2026-08-12,https://creativexpo.tw/,2026-08-31
2026-08-09,新北,34,4,15.66,High,2026八里城市沙雕展,Major celebration,左岸公園沿岸沙灘及草坪,2026-07-31,2026-09-28,https://data.gov.tw/dataset/7778,2026-08-31
2026-08-09,桃園,9,3,4.8,High,2026永安漁港星繽樂狂歡嘉年華,Major celebration,永安漁港漁市前廣場、後停車場,2026-07-18,2026-08-29,https://data.gov.tw/dataset/7778,2026-08-31
2026-08-09,台中,8,2,3.76,High,115-116年探索臺中之美 引客獎勵方案,Major celebration,,2026-02-15,2027-03-08,https://data.gov.tw/dataset/7778,2026-08-31
2026-08-09,高雄,15,0,5.81,Medium,2026旗津風箏節暨氣墊水樂園,Market / Family,旗津海水浴場鍾愛之門,2026-08-01,2026-08-09,https://data.gov.tw/dataset/7778,2026-08-31
2026-08-10,台北,3,2,4.05,High,2026臺灣文化創意博覽會,Expo / Exhibition,南港展覽館1館,2026-08-06,2026-08-12,https://creativexpo.tw/,2026-08-31
2026-08-10,新北,33,4,15.26,High,2026八里城市沙雕展,Major celebration,左岸公園沿岸沙灘及草坪,2026-07-31,2026-09-28,https://data.gov.tw/dataset/7778,2026-08-31
2026-08-10,桃園,8,3,4.4,High,2026永安漁港星繽樂狂歡嘉年華,Major celebration,永安漁港漁市前廣場、後停車場,2026-07-18,2026-08-29,https://data.gov.tw/dataset/7778,2026-08-31
2026-08-10,台中,8,2,3.76,High,115-116年探索臺中之美 引客獎勵方案,Major celebration,,2026-02-15,2027-03-08,https://data.gov.tw/dataset/7778,2026-08-31
2026-08-10,高雄,14,0,4.98,Medium,高雄親子遊樂園區｜開園系列活動,Market / Family,高雄親子遊樂園區,2026-08-08,2026-08-23,https://data.gov.tw/dataset/7778,2026-08-31
2026-08-11,台北,3,2,4.05,High,2026臺灣文化創意博覽會,Expo / Exhibition,南港展覽館1館,2026-08-06,2026-08-12,https://creativexpo.tw/,2026-08-31
2026-08-11,新北,33,4,15.26,High,2026八里城市沙雕展,Major celebration,左岸公園沿岸沙灘及草坪,2026-07-31,2026-09-28,https://data.gov.tw/dataset/7778,2026-08-31
2026-08-11,桃園,8,3,4.4,High,2026永安漁港星繽樂狂歡嘉年華,Major celebration,永安漁港漁市前廣場、後停車場,2026-07-18,2026-08-29,https://data.gov.tw/dataset/7778,2026-08-31
2026-08-11,台中,8,2,3.76,High,115-116年探索臺中之美 引客獎勵方案,Major celebration,,2026-02-15,2027-03-08,https://data.gov.tw/dataset/7778,2026-08-31
2026-08-11,高雄,14,0,4.98,Medium,高雄親子遊樂園區｜開園系列活動,Market / Family,高雄親子遊樂園區,2026-08-08,2026-08-23,https://data.gov.tw/dataset/7778,2026-08-31
2026-08-12,台北,3,2,4.05,High,2026臺灣文化創意博覽會,Expo / Exhibition,南港展覽館1館,2026-08-06,2026-08-12,https://creativexpo.tw/,2026-08-31
2026-08-12,新北,33,4,15.26,High,2026八里城市沙雕展,Major celebration,左岸公園沿岸沙灘及草坪,2026-07-31,2026-09-28,https://data.gov.tw/dataset/7778,2026-08-31
2026-08-12,桃園,8,3,4.4,High,2026永安漁港星繽樂狂歡嘉年華,Major celebration,永安漁港漁市前廣場、後停車場,2026-07-18,2026-08-29,https://data.gov.tw/dataset/7778,2026-08-31
2026-08-12,台中,8,2,3.76,High,115-116年探索臺中之美 引客獎勵方案,Major celebration,,2026-02-15,2027-03-08,https://data.gov.tw/dataset/7778,2026-08-31
2026-08-12,高雄,15,0,5.98,Medium,2026星海尋蹤｜英仙座流星雨觀測活動,Other,高雄同學農場,2026-08-12,2026-08-12,https://data.gov.tw/dataset/7778,2026-08-31
2026-08-13,台北,2,1,1.85,Medium,2026大稻埕夏日節,Major celebration,大稻埕河濱公園,2026-07-25,2026-08-15,https://www.travel.taipei/zh-tw/event-calendar/details/66378,2026-08-31
2026-08-13,新北,33,4,15.26,High,2026八里城市沙雕展,Major celebration,左岸公園沿岸沙灘及草坪,2026-07-31,2026-09-28,https://data.gov.tw/dataset/7778,2026-08-31
2026-08-13,桃園,8,3,4.4,High,2026永安漁港星繽樂狂歡嘉年華,Major celebration,永安漁港漁市前廣場、後停車場,2026-07-18,2026-08-29,https://data.gov.tw/dataset/7778,2026-08-31
2026-08-13,台中,8,2,3.76,High,115-116年探索臺中之美 引客獎勵方案,Major celebration,,2026-02-15,2027-03-08,https://data.gov.tw/dataset/7778,2026-08-31
2026-08-13,高雄,14,0,4.98,Medium,高雄親子遊樂園區｜開園系列活動,Market / Family,高雄親子遊樂園區,2026-08-08,2026-08-23,https://data.gov.tw/dataset/7778,2026-08-31
2026-08-14,台北,3,1,3.12,Medium,2026大稻埕夏日節,Major celebration,大稻埕河濱公園,2026-07-25,2026-08-15,https://www.travel.taipei/zh-tw/event-calendar/details/66378,2026-08-31
2026-08-14,新北,34,5,18.66,High,2026當大人高校祭,Concert / Music festival,新北市市民廣場,2026-08-14,2026-08-15,https://data.gov.tw/dataset/7778,2026-08-31
2026-08-14,桃園,9,3,4.95,High,2026永安漁港星繽樂狂歡嘉年華,Major celebration,永安漁港漁市前廣場、後停車場,2026-07-18,2026-08-29,https://data.gov.tw/dataset/7778,2026-08-31
2026-08-14,台中,8,2,3.76,High,115-116年探索臺中之美 引客獎勵方案,Major celebration,,2026-02-15,2027-03-08,https://data.gov.tw/dataset/7778,2026-08-31
2026-08-14,高雄,14,0,4.98,Medium,高雄親子遊樂園區｜開園系列活動,Market / Family,高雄親子遊樂園區,2026-08-08,2026-08-23,https://data.gov.tw/dataset/7778,2026-08-31
2026-08-15,台北,3,1,3.12,Medium,2026大稻埕夏日節,Major celebration,大稻埕河濱公園,2026-07-25,2026-08-15,https://www.travel.taipei/zh-tw/event-calendar/details/66378,2026-08-31
2026-08-15,新北,35,5,19.06,High,2026當大人高校祭,Concert / Music festival,新北市市民廣場,2026-08-14,2026-08-15,https://data.gov.tw/dataset/7778,2026-08-31
2026-08-15,桃園,9,3,4.95,High,2026永安漁港星繽樂狂歡嘉年華,Major celebration,永安漁港漁市前廣場、後停車場,2026-07-18,2026-08-29,https://data.gov.tw/dataset/7778,2026-08-31
2026-08-15,台中,8,3,6.91,High,濱海搖滾音樂祭2026,Concert / Music festival,MITSUI OUTLET PARK台中港,2026-08-15,2026-08-16,https://data.gov.tw/dataset/7778,2026-08-31
2026-08-15,高雄,16,0,6.36,Medium,高雄熊夏日童樂會,Other,壽山動物園 解說教育中心,2026-08-15,2026-08-15,https://data.gov.tw/dataset/7778,2026-08-31
2026-08-16,台北,1,0,0.25,Low,2026臺北時裝週,Other,空總臺灣當代文化實驗場,2026-03-26,2026-10-18,https://www.facebook.com/tpefashionweek/?locale=zh_TW,2026-08-31
2026-08-16,新北,32,4,14.71,High,2026八里城市沙雕展,Major celebration,左岸公園沿岸沙灘及草坪,2026-07-31,2026-09-28,https://data.gov.tw/dataset/7778,2026-08-31
2026-08-16,桃園,8,3,4.55,High,2026永安漁港星繽樂狂歡嘉年華,Major celebration,永安漁港漁市前廣場、後停車場,2026-07-18,2026-08-29,https://data.gov.tw/dataset/7778,2026-08-31
2026-08-16,台中,8,3,6.91,High,濱海搖滾音樂祭2026,Concert / Music festival,MITSUI OUTLET PARK台中港,2026-08-15,2026-08-16,https://data.gov.tw/dataset/7778,2026-08-31
2026-08-16,高雄,15,0,5.36,Medium,高雄親子遊樂園區｜開園系列活動,Market / Family,高雄親子遊樂園區,2026-08-08,2026-08-23,https://data.gov.tw/dataset/7778,2026-08-31
2026-08-17,台北,1,0,0.25,Low,2026臺北時裝週,Other,空總臺灣當代文化實驗場,2026-03-26,2026-10-18,https://www.facebook.com/tpefashionweek/?locale=zh_TW,2026-08-31
2026-08-17,新北,31,4,14.21,High,2026八里城市沙雕展,Major celebration,左岸公園沿岸沙灘及草坪,2026-07-31,2026-09-28,https://data.gov.tw/dataset/7778,2026-08-31
2026-08-17,桃園,8,3,4.55,High,2026永安漁港星繽樂狂歡嘉年華,Major celebration,永安漁港漁市前廣場、後停車場,2026-07-18,2026-08-29,https://data.gov.tw/dataset/7778,2026-08-31
2026-08-17,台中,7,2,3.51,High,115-116年探索臺中之美 引客獎勵方案,Major celebration,,2026-02-15,2027-03-08,https://data.gov.tw/dataset/7778,2026-08-31
2026-08-17,高雄,15,0,5.36,Medium,高雄親子遊樂園區｜開園系列活動,Market / Family,高雄親子遊樂園區,2026-08-08,2026-08-23,https://data.gov.tw/dataset/7778,2026-08-31
2026-08-18,台北,1,0,0.25,Low,2026臺北時裝週,Other,空總臺灣當代文化實驗場,2026-03-26,2026-10-18,https://www.facebook.com/tpefashionweek/?locale=zh_TW,2026-08-31
2026-08-18,新北,30,4,13.96,High,2026八里城市沙雕展,Major celebration,左岸公園沿岸沙灘及草坪,2026-07-31,2026-09-28,https://data.gov.tw/dataset/7778,2026-08-31
2026-08-18,桃園,8,3,4.55,High,2026永安漁港星繽樂狂歡嘉年華,Major celebration,永安漁港漁市前廣場、後停車場,2026-07-18,2026-08-29,https://data.gov.tw/dataset/7778,2026-08-31
2026-08-18,台中,7,2,3.51,High,115-116年探索臺中之美 引客獎勵方案,Major celebration,,2026-02-15,2027-03-08,https://data.gov.tw/dataset/7778,2026-08-31
2026-08-18,高雄,15,0,5.36,Medium,高雄親子遊樂園區｜開園系列活動,Market / Family,高雄親子遊樂園區,2026-08-08,2026-08-23,https://data.gov.tw/dataset/7778,2026-08-31
2026-08-19,台北,1,0,0.25,Low,2026臺北時裝週,Other,空總臺灣當代文化實驗場,2026-03-26,2026-10-18,https://www.facebook.com/tpefashionweek/?locale=zh_TW,2026-08-31
2026-08-19,新北,30,4,13.96,High,2026八里城市沙雕展,Major celebration,左岸公園沿岸沙灘及草坪,2026-07-31,2026-09-28,https://data.gov.tw/dataset/7778,2026-08-31
2026-08-19,桃園,8,3,4.55,High,2026永安漁港星繽樂狂歡嘉年華,Major celebration,永安漁港漁市前廣場、後停車場,2026-07-18,2026-08-29,https://data.gov.tw/dataset/7778,2026-08-31
2026-08-19,台中,7,2,3.51,High,115-116年探索臺中之美 引客獎勵方案,Major celebration,,2026-02-15,2027-03-08,https://data.gov.tw/dataset/7778,2026-08-31
2026-08-19,高雄,15,0,5.36,Medium,高雄親子遊樂園區｜開園系列活動,Market / Family,高雄親子遊樂園區,2026-08-08,2026-08-23,https://data.gov.tw/dataset/7778,2026-08-31
2026-08-20,台北,1,0,0.25,Low,2026臺北時裝週,Other,空總臺灣當代文化實驗場,2026-03-26,2026-10-18,https://www.facebook.com/tpefashionweek/?locale=zh_TW,2026-08-31
2026-08-20,新北,30,4,13.96,High,2026八里城市沙雕展,Major celebration,左岸公園沿岸沙灘及草坪,2026-07-31,2026-09-28,https://data.gov.tw/dataset/7778,2026-08-31
2026-08-20,桃園,8,3,4.55,High,2026永安漁港星繽樂狂歡嘉年華,Major celebration,永安漁港漁市前廣場、後停車場,2026-07-18,2026-08-29,https://data.gov.tw/dataset/7778,2026-08-31
2026-08-20,台中,7,2,3.51,High,115-116年探索臺中之美 引客獎勵方案,Major celebration,,2026-02-15,2027-03-08,https://data.gov.tw/dataset/7778,2026-08-31
2026-08-20,高雄,15,0,5.36,Medium,高雄親子遊樂園區｜開園系列活動,Market / Family,高雄親子遊樂園區,2026-08-08,2026-08-23,https://data.gov.tw/dataset/7778,2026-08-31
2026-08-21,台北,1,0,0.25,Low,2026臺北時裝週,Other,空總臺灣當代文化實驗場,2026-03-26,2026-10-18,https://www.facebook.com/tpefashionweek/?locale=zh_TW,2026-08-31
2026-08-21,新北,31,4,14.81,High,2026八里城市沙雕展,Major celebration,左岸公園沿岸沙灘及草坪,2026-07-31,2026-09-28,https://data.gov.tw/dataset/7778,2026-08-31
2026-08-21,桃園,9,3,5.4,High,2026永安漁港星繽樂狂歡嘉年華,Major celebration,永安漁港漁市前廣場、後停車場,2026-07-18,2026-08-29,https://data.gov.tw/dataset/7778,2026-08-31
2026-08-21,台中,7,2,3.51,High,115-116年探索臺中之美 引客獎勵方案,Major celebration,,2026-02-15,2027-03-08,https://data.gov.tw/dataset/7778,2026-08-31
2026-08-21,高雄,15,0,5.36,Medium,高雄親子遊樂園區｜開園系列活動,Market / Family,高雄親子遊樂園區,2026-08-08,2026-08-23,https://data.gov.tw/dataset/7778,2026-08-31
2026-08-22,台北,2,1,1.85,Medium,2026潮臺北TRENDY TAIPEI,Concert / Music festival,臺北流行音樂中心,2026-08-22,2026-09-06,https://www.travel.taipei/zh-tw/event-calendar/details/66385,2026-08-31
2026-08-22,新北,32,4,15.66,High,2026八里城市沙雕展,Major celebration,左岸公園沿岸沙灘及草坪,2026-07-31,2026-09-28,https://data.gov.tw/dataset/7778,2026-08-31
2026-08-22,桃園,10,3,6.4,High,2026永安漁港星繽樂狂歡嘉年華,Major celebration,永安漁港漁市前廣場、後停車場,2026-07-18,2026-08-29,https://data.gov.tw/dataset/7778,2026-08-31
2026-08-22,台中,8,3,6.91,High,2026臺中石岡熱氣球嘉年華,Major celebration,土牛里豐勢路國校巷底號,2026-08-22,2026-08-24,https://data.gov.tw/dataset/7778,2026-08-31
2026-08-22,高雄,18,2,13.44,High,2026就喝 Chill 派對：泰精選⁣ S2,Major celebration,高雄流行音樂中心 珊瑚礁群,2026-08-22,2026-08-23,https://data.gov.tw/dataset/7778,2026-08-31
2026-08-23,台北,2,1,1.85,Medium,2026潮臺北TRENDY TAIPEI,Concert / Music festival,臺北流行音樂中心,2026-08-22,2026-09-06,https://www.travel.taipei/zh-tw/event-calendar/details/66385,2026-08-31
2026-08-23,新北,30,4,14.43,High,2026八里城市沙雕展,Major celebration,左岸公園沿岸沙灘及草坪,2026-07-31,2026-09-28,https://data.gov.tw/dataset/7778,2026-08-31
2026-08-23,桃園,10,3,6.4,High,2026永安漁港星繽樂狂歡嘉年華,Major celebration,永安漁港漁市前廣場、後停車場,2026-07-18,2026-08-29,https://data.gov.tw/dataset/7778,2026-08-31
2026-08-23,台中,8,3,6.91,High,2026臺中石岡熱氣球嘉年華,Major celebration,土牛里豐勢路國校巷底號,2026-08-22,2026-08-24,https://data.gov.tw/dataset/7778,2026-08-31
2026-08-23,高雄,18,2,13.44,High,2026就喝 Chill 派對：泰精選⁣ S2,Major celebration,高雄流行音樂中心 珊瑚礁群,2026-08-22,2026-08-23,https://data.gov.tw/dataset/7778,2026-08-31
2026-08-24,台北,2,1,1.85,Medium,2026潮臺北TRENDY TAIPEI,Concert / Music festival,臺北流行音樂中心,2026-08-22,2026-09-06,https://www.travel.taipei/zh-tw/event-calendar/details/66385,2026-08-31
2026-08-24,新北,27,4,12.93,High,2026八里城市沙雕展,Major celebration,左岸公園沿岸沙灘及草坪,2026-07-31,2026-09-28,https://data.gov.tw/dataset/7778,2026-08-31
2026-08-24,桃園,8,3,4.55,High,2026永安漁港星繽樂狂歡嘉年華,Major celebration,永安漁港漁市前廣場、後停車場,2026-07-18,2026-08-29,https://data.gov.tw/dataset/7778,2026-08-31
2026-08-24,台中,8,3,6.91,High,2026臺中石岡熱氣球嘉年華,Major celebration,土牛里豐勢路國校巷底號,2026-08-22,2026-08-24,https://data.gov.tw/dataset/7778,2026-08-31
2026-08-24,高雄,14,0,4.76,Medium,冰河巨獸展！化石博覽會,Expo / Exhibition,蓬萊路17號(棧貳庫KW2),2026-04-11,2026-10-11,https://data.gov.tw/dataset/7778,2026-08-31
2026-08-25,台北,2,1,1.85,Medium,2026潮臺北TRENDY TAIPEI,Concert / Music festival,臺北流行音樂中心,2026-08-22,2026-09-06,https://www.travel.taipei/zh-tw/event-calendar/details/66385,2026-08-31
2026-08-25,新北,27,4,12.93,High,2026八里城市沙雕展,Major celebration,左岸公園沿岸沙灘及草坪,2026-07-31,2026-09-28,https://data.gov.tw/dataset/7778,2026-08-31
2026-08-25,桃園,8,3,4.55,High,2026永安漁港星繽樂狂歡嘉年華,Major celebration,永安漁港漁市前廣場、後停車場,2026-07-18,2026-08-29,https://data.gov.tw/dataset/7778,2026-08-31
2026-08-25,台中,7,2,3.51,High,115-116年探索臺中之美 引客獎勵方案,Major celebration,,2026-02-15,2027-03-08,https://data.gov.tw/dataset/7778,2026-08-31
2026-08-25,高雄,14,0,4.76,Medium,冰河巨獸展！化石博覽會,Expo / Exhibition,蓬萊路17號(棧貳庫KW2),2026-04-11,2026-10-11,https://data.gov.tw/dataset/7778,2026-08-31
2026-08-26,台北,2,1,1.85,Medium,2026潮臺北TRENDY TAIPEI,Concert / Music festival,臺北流行音樂中心,2026-08-22,2026-09-06,https://www.travel.taipei/zh-tw/event-calendar/details/66385,2026-08-31
2026-08-26,新北,27,4,12.93,High,2026八里城市沙雕展,Major celebration,左岸公園沿岸沙灘及草坪,2026-07-31,2026-09-28,https://data.gov.tw/dataset/7778,2026-08-31
2026-08-26,桃園,8,3,4.55,High,2026永安漁港星繽樂狂歡嘉年華,Major celebration,永安漁港漁市前廣場、後停車場,2026-07-18,2026-08-29,https://data.gov.tw/dataset/7778,2026-08-31
2026-08-26,台中,7,2,3.51,High,115-116年探索臺中之美 引客獎勵方案,Major celebration,,2026-02-15,2027-03-08,https://data.gov.tw/dataset/7778,2026-08-31
2026-08-26,高雄,14,0,4.76,Medium,冰河巨獸展！化石博覽會,Expo / Exhibition,蓬萊路17號(棧貳庫KW2),2026-04-11,2026-10-11,https://data.gov.tw/dataset/7778,2026-08-31
2026-08-27,台北,2,1,1.85,Medium,2026潮臺北TRENDY TAIPEI,Concert / Music festival,臺北流行音樂中心,2026-08-22,2026-09-06,https://www.travel.taipei/zh-tw/event-calendar/details/66385,2026-08-31
2026-08-27,新北,27,4,12.93,High,2026八里城市沙雕展,Major celebration,左岸公園沿岸沙灘及草坪,2026-07-31,2026-09-28,https://data.gov.tw/dataset/7778,2026-08-31
2026-08-27,桃園,8,3,4.55,High,2026永安漁港星繽樂狂歡嘉年華,Major celebration,永安漁港漁市前廣場、後停車場,2026-07-18,2026-08-29,https://data.gov.tw/dataset/7778,2026-08-31
2026-08-27,台中,7,2,3.51,High,115-116年探索臺中之美 引客獎勵方案,Major celebration,,2026-02-15,2027-03-08,https://data.gov.tw/dataset/7778,2026-08-31
2026-08-27,高雄,14,0,4.76,Medium,冰河巨獸展！化石博覽會,Expo / Exhibition,蓬萊路17號(棧貳庫KW2),2026-04-11,2026-10-11,https://data.gov.tw/dataset/7778,2026-08-31
2026-08-28,台北,2,1,1.85,Medium,2026潮臺北TRENDY TAIPEI,Concert / Music festival,臺北流行音樂中心,2026-08-22,2026-09-06,https://www.travel.taipei/zh-tw/event-calendar/details/66385,2026-08-31
2026-08-28,新北,28,5,16.33,High,2026板橋夏日嘉年華,Major celebration,府中廣場（板橋區公所前廣場）,2026-08-28,2026-08-30,https://data.gov.tw/dataset/7778,2026-08-31
2026-08-28,桃園,7,3,4,High,2026永安漁港星繽樂狂歡嘉年華,Major celebration,永安漁港漁市前廣場、後停車場,2026-07-18,2026-08-29,https://data.gov.tw/dataset/7778,2026-08-31
2026-08-28,台中,7,2,3.51,High,115-116年探索臺中之美 引客獎勵方案,Major celebration,,2026-02-15,2027-03-08,https://data.gov.tw/dataset/7778,2026-08-31
2026-08-28,高雄,14,0,4.76,Medium,冰河巨獸展！化石博覽會,Expo / Exhibition,蓬萊路17號(棧貳庫KW2),2026-04-11,2026-10-11,https://data.gov.tw/dataset/7778,2026-08-31
2026-08-29,台北,2,1,1.85,Medium,2026潮臺北TRENDY TAIPEI,Concert / Music festival,臺北流行音樂中心,2026-08-22,2026-09-06,https://www.travel.taipei/zh-tw/event-calendar/details/66385,2026-08-31
2026-08-29,新北,29,6,19.73,High,2026北海岸時尚藝術季,Major celebration,淡水漁人碼頭 觀海廣場,2026-08-29,2026-08-30,https://data.gov.tw/dataset/7778,2026-08-31
2026-08-29,桃園,8,3,5,High,2026永安漁港星繽樂狂歡嘉年華,Major celebration,永安漁港漁市前廣場、後停車場,2026-07-18,2026-08-29,https://data.gov.tw/dataset/7778,2026-08-31
2026-08-29,台中,7,2,3.51,High,115-116年探索臺中之美 引客獎勵方案,Major celebration,,2026-02-15,2027-03-08,https://data.gov.tw/dataset/7778,2026-08-31
2026-08-29,高雄,14,0,4.76,Medium,冰河巨獸展！化石博覽會,Expo / Exhibition,蓬萊路17號(棧貳庫KW2),2026-04-11,2026-10-11,https://data.gov.tw/dataset/7778,2026-08-31
2026-08-30,台北,2,1,1.85,Medium,2026潮臺北TRENDY TAIPEI,Concert / Music festival,臺北流行音樂中心,2026-08-22,2026-09-06,https://www.travel.taipei/zh-tw/event-calendar/details/66385,2026-08-31
2026-08-30,新北,28,6,19.35,High,2026北海岸時尚藝術季,Major celebration,淡水漁人碼頭 觀海廣場,2026-08-29,2026-08-30,https://data.gov.tw/dataset/7778,2026-08-31
2026-08-30,桃園,6,2,3,High,2026桃園地景藝術節,Major celebration,永安漁港(永安里中山西路三段1165號),2026-07-04,2026-08-30,https://data.gov.tw/dataset/7778,2026-08-31
2026-08-30,台中,7,2,3.51,High,115-116年探索臺中之美 引客獎勵方案,Major celebration,,2026-02-15,2027-03-08,https://data.gov.tw/dataset/7778,2026-08-31
2026-08-30,高雄,13,0,4.51,Medium,冰河巨獸展！化石博覽會,Expo / Exhibition,蓬萊路17號(棧貳庫KW2),2026-04-11,2026-10-11,https://data.gov.tw/dataset/7778,2026-08-31
2026-08-31,台北,2,1,1.85,Medium,2026潮臺北TRENDY TAIPEI,Concert / Music festival,臺北流行音樂中心,2026-08-22,2026-09-06,https://www.travel.taipei/zh-tw/event-calendar/details/66385,2026-08-31
2026-08-31,新北,22,3,10.64,High,2026八里城市沙雕展,Major celebration,左岸公園沿岸沙灘及草坪,2026-07-31,2026-09-28,https://data.gov.tw/dataset/7778,2026-08-31
2026-08-31,桃園,2,0,0.5,Low,115年度原住民族豐年祭,Other,原住民族集會所 天幕廣場,2026-06-06,2026-09-12,https://data.gov.tw/dataset/7778,2026-08-31
2026-08-31,台中,7,2,3.51,High,115-116年探索臺中之美 引客獎勵方案,Major celebration,,2026-02-15,2027-03-08,https://data.gov.tw/dataset/7778,2026-08-31
2026-08-31,高雄,12,0,4.26,Medium,冰河巨獸展！化石博覽會,Expo / Exhibition,蓬萊路17號(棧貳庫KW2),2026-04-11,2026-10-11,https://data.gov.tw/dataset/7778,2026-08-31
2026-09-01,台北,3,2,2.73,High,2026潮臺北TRENDY TAIPEI,Concert / Music festival,臺北流行音樂中心,2026-08-22,2026-09-06,https://www.travel.taipei/zh-tw/event-calendar/details/66385,2026-08-31
2026-09-01,新北,22,3,10.64,High,2026八里城市沙雕展,Major celebration,左岸公園沿岸沙灘及草坪,2026-07-31,2026-09-28,https://data.gov.tw/dataset/7778,2026-08-31
2026-09-01,桃園,2,0,0.5,Low,115年度原住民族豐年祭,Other,原住民族集會所 天幕廣場,2026-06-06,2026-09-12,https://data.gov.tw/dataset/7778,2026-08-31
2026-09-01,台中,6,2,3.13,High,115-116年探索臺中之美 引客獎勵方案,Major celebration,,2026-02-15,2027-03-08,https://data.gov.tw/dataset/7778,2026-08-31
2026-09-01,高雄,11,0,3.88,Medium,冰河巨獸展！化石博覽會,Expo / Exhibition,蓬萊路17號(棧貳庫KW2),2026-04-11,2026-10-11,https://data.gov.tw/dataset/7778,2026-08-31
2026-09-02,台北,3,2,2.73,High,2026潮臺北TRENDY TAIPEI,Concert / Music festival,臺北流行音樂中心,2026-08-22,2026-09-06,https://www.travel.taipei/zh-tw/event-calendar/details/66385,2026-08-31
2026-09-02,新北,23,3,10.89,High,2026八里城市沙雕展,Major celebration,左岸公園沿岸沙灘及草坪,2026-07-31,2026-09-28,https://data.gov.tw/dataset/7778,2026-08-31
2026-09-02,桃園,2,0,0.5,Low,115年度原住民族豐年祭,Other,原住民族集會所 天幕廣場,2026-06-06,2026-09-12,https://data.gov.tw/dataset/7778,2026-08-31
2026-09-02,台中,6,2,3.13,High,115-116年探索臺中之美 引客獎勵方案,Major celebration,,2026-02-15,2027-03-08,https://data.gov.tw/dataset/7778,2026-08-31
2026-09-02,高雄,11,0,3.88,Medium,冰河巨獸展！化石博覽會,Expo / Exhibition,蓬萊路17號(棧貳庫KW2),2026-04-11,2026-10-11,https://data.gov.tw/dataset/7778,2026-08-31
2026-09-03,台北,3,2,2.73,High,2026潮臺北TRENDY TAIPEI,Concert / Music festival,臺北流行音樂中心,2026-08-22,2026-09-06,https://www.travel.taipei/zh-tw/event-calendar/details/66385,2026-08-31
2026-09-03,新北,23,3,10.89,High,2026八里城市沙雕展,Major celebration,左岸公園沿岸沙灘及草坪,2026-07-31,2026-09-28,https://data.gov.tw/dataset/7778,2026-08-31
2026-09-03,桃園,2,0,0.5,Low,115年度原住民族豐年祭,Other,原住民族集會所 天幕廣場,2026-06-06,2026-09-12,https://data.gov.tw/dataset/7778,2026-08-31
2026-09-03,台中,6,2,3.13,High,115-116年探索臺中之美 引客獎勵方案,Major celebration,,2026-02-15,2027-03-08,https://data.gov.tw/dataset/7778,2026-08-31
2026-09-03,高雄,11,0,3.88,Medium,冰河巨獸展！化石博覽會,Expo / Exhibition,蓬萊路17號(棧貳庫KW2),2026-04-11,2026-10-11,https://data.gov.tw/dataset/7778,2026-08-31
2026-09-04,台北,3,2,2.73,High,2026潮臺北TRENDY TAIPEI,Concert / Music festival,臺北流行音樂中心,2026-08-22,2026-09-06,https://www.travel.taipei/zh-tw/event-calendar/details/66385,2026-08-31
2026-09-04,新北,23,3,10.89,High,2026八里城市沙雕展,Major celebration,左岸公園沿岸沙灘及草坪,2026-07-31,2026-09-28,https://data.gov.tw/dataset/7778,2026-08-31
2026-09-04,桃園,2,0,0.5,Low,115年度原住民族豐年祭,Other,原住民族集會所 天幕廣場,2026-06-06,2026-09-12,https://data.gov.tw/dataset/7778,2026-08-31
2026-09-04,台中,8,3,4.38,High,115-116年探索臺中之美 引客獎勵方案,Major celebration,,2026-02-15,2027-03-08,https://data.gov.tw/dataset/7778,2026-08-31
2026-09-04,高雄,11,0,3.88,Medium,冰河巨獸展！化石博覽會,Expo / Exhibition,蓬萊路17號(棧貳庫KW2),2026-04-11,2026-10-11,https://data.gov.tw/dataset/7778,2026-08-31
2026-09-05,台北,3,2,2.73,High,2026潮臺北TRENDY TAIPEI,Concert / Music festival,臺北流行音樂中心,2026-08-22,2026-09-06,https://www.travel.taipei/zh-tw/event-calendar/details/66385,2026-08-31
2026-09-05,新北,22,3,10.51,High,2026八里城市沙雕展,Major celebration,左岸公園沿岸沙灘及草坪,2026-07-31,2026-09-28,https://data.gov.tw/dataset/7778,2026-08-31
2026-09-05,桃園,2,0,0.5,Low,115年度原住民族豐年祭,Other,原住民族集會所 天幕廣場,2026-06-06,2026-09-12,https://data.gov.tw/dataset/7778,2026-08-31
2026-09-05,台中,8,3,4.38,High,115-116年探索臺中之美 引客獎勵方案,Major celebration,,2026-02-15,2027-03-08,https://data.gov.tw/dataset/7778,2026-08-31
2026-09-05,高雄,12,0,5.15,Medium,2026高雄雄Hi調酒節,Market / Family,愛河河西路（中正四路至五福四路段）,2026-09-05,2026-09-06,https://data.gov.tw/dataset/7778,2026-08-31
2026-09-06,台北,3,2,2.73,High,2026潮臺北TRENDY TAIPEI,Concert / Music festival,臺北流行音樂中心,2026-08-22,2026-09-06,https://www.travel.taipei/zh-tw/event-calendar/details/66385,2026-08-31
2026-09-06,新北,22,3,10.51,High,2026八里城市沙雕展,Major celebration,左岸公園沿岸沙灘及草坪,2026-07-31,2026-09-28,https://data.gov.tw/dataset/7778,2026-08-31
2026-09-06,桃園,2,0,0.5,Low,115年度原住民族豐年祭,Other,原住民族集會所 天幕廣場,2026-06-06,2026-09-12,https://data.gov.tw/dataset/7778,2026-08-31
2026-09-06,台中,8,3,4.38,High,115-116年探索臺中之美 引客獎勵方案,Major celebration,,2026-02-15,2027-03-08,https://data.gov.tw/dataset/7778,2026-08-31
2026-09-06,高雄,12,0,5.15,Medium,2026高雄雄Hi調酒節,Market / Family,愛河河西路（中正四路至五福四路段）,2026-09-05,2026-09-06,https://data.gov.tw/dataset/7778,2026-08-31
2026-09-07,台北,2,1,1.13,Medium,2026臺灣自行車旅遊節,Sports / Marathon,2026年活動地點尚未確定,2026-09-01,2026-12-31,https://taiwanbike.tw/,2026-08-31
2026-09-07,新北,19,3,9.51,High,2026八里城市沙雕展,Major celebration,左岸公園沿岸沙灘及草坪,2026-07-31,2026-09-28,https://data.gov.tw/dataset/7778,2026-08-31
2026-09-07,桃園,2,0,0.5,Low,115年度原住民族豐年祭,Other,原住民族集會所 天幕廣場,2026-06-06,2026-09-12,https://data.gov.tw/dataset/7778,2026-08-31
2026-09-07,台中,8,3,4.38,High,115-116年探索臺中之美 引客獎勵方案,Major celebration,,2026-02-15,2027-03-08,https://data.gov.tw/dataset/7778,2026-08-31
2026-09-07,高雄,11,0,3.88,Medium,冰河巨獸展！化石博覽會,Expo / Exhibition,蓬萊路17號(棧貳庫KW2),2026-04-11,2026-10-11,https://data.gov.tw/dataset/7778,2026-08-31
2026-09-08,台北,2,1,1.13,Medium,2026臺灣自行車旅遊節,Sports / Marathon,2026年活動地點尚未確定,2026-09-01,2026-12-31,https://taiwanbike.tw/,2026-08-31
2026-09-08,新北,19,3,9.51,High,2026八里城市沙雕展,Major celebration,左岸公園沿岸沙灘及草坪,2026-07-31,2026-09-28,https://data.gov.tw/dataset/7778,2026-08-31
2026-09-08,桃園,2,0,0.5,Low,115年度原住民族豐年祭,Other,原住民族集會所 天幕廣場,2026-06-06,2026-09-12,https://data.gov.tw/dataset/7778,2026-08-31
2026-09-08,台中,8,3,4.38,High,115-116年探索臺中之美 引客獎勵方案,Major celebration,,2026-02-15,2027-03-08,https://data.gov.tw/dataset/7778,2026-08-31
2026-09-08,高雄,11,0,3.88,Medium,冰河巨獸展！化石博覽會,Expo / Exhibition,蓬萊路17號(棧貳庫KW2),2026-04-11,2026-10-11,https://data.gov.tw/dataset/7778,2026-08-31
2026-09-09,台北,2,1,1.13,Medium,2026臺灣自行車旅遊節,Sports / Marathon,2026年活動地點尚未確定,2026-09-01,2026-12-31,https://taiwanbike.tw/,2026-08-31
2026-09-09,新北,19,3,9.51,High,2026八里城市沙雕展,Major celebration,左岸公園沿岸沙灘及草坪,2026-07-31,2026-09-28,https://data.gov.tw/dataset/7778,2026-08-31
2026-09-09,桃園,2,0,0.5,Low,115年度原住民族豐年祭,Other,原住民族集會所 天幕廣場,2026-06-06,2026-09-12,https://data.gov.tw/dataset/7778,2026-08-31
2026-09-09,台中,8,3,4.38,High,115-116年探索臺中之美 引客獎勵方案,Major celebration,,2026-02-15,2027-03-08,https://data.gov.tw/dataset/7778,2026-08-31
2026-09-09,高雄,11,0,3.88,Medium,冰河巨獸展！化石博覽會,Expo / Exhibition,蓬萊路17號(棧貳庫KW2),2026-04-11,2026-10-11,https://data.gov.tw/dataset/7778,2026-08-31
2026-09-10,台北,2,1,1.13,Medium,2026臺灣自行車旅遊節,Sports / Marathon,2026年活動地點尚未確定,2026-09-01,2026-12-31,https://taiwanbike.tw/,2026-08-31
2026-09-10,新北,20,3,10.01,High,2026八里城市沙雕展,Major celebration,左岸公園沿岸沙灘及草坪,2026-07-31,2026-09-28,https://data.gov.tw/dataset/7778,2026-08-31
2026-09-10,桃園,2,0,0.5,Low,115年度原住民族豐年祭,Other,原住民族集會所 天幕廣場,2026-06-06,2026-09-12,https://data.gov.tw/dataset/7778,2026-08-31
2026-09-10,台中,8,3,4.38,High,115-116年探索臺中之美 引客獎勵方案,Major celebration,,2026-02-15,2027-03-08,https://data.gov.tw/dataset/7778,2026-08-31
2026-09-10,高雄,11,0,3.88,Medium,冰河巨獸展！化石博覽會,Expo / Exhibition,蓬萊路17號(棧貳庫KW2),2026-04-11,2026-10-11,https://data.gov.tw/dataset/7778,2026-08-31
2026-09-11,台北,2,1,1.13,Medium,2026臺灣自行車旅遊節,Sports / Marathon,2026年活動地點尚未確定,2026-09-01,2026-12-31,https://taiwanbike.tw/,2026-08-31
2026-09-11,新北,24,5,18.51,High,「2026『新北chill一夏』八里港灣嘉年華」,Major celebration,訊塘里6鄰廈竹圍7-9號,2026-09-11,2026-09-13,https://data.gov.tw/dataset/7778,2026-08-31
2026-09-11,桃園,2,0,0.5,Low,115年度原住民族豐年祭,Other,原住民族集會所 天幕廣場,2026-06-06,2026-09-12,https://data.gov.tw/dataset/7778,2026-08-31
2026-09-11,台中,8,3,4.38,High,115-116年探索臺中之美 引客獎勵方案,Major celebration,,2026-02-15,2027-03-08,https://data.gov.tw/dataset/7778,2026-08-31
2026-09-11,高雄,11,0,3.88,Medium,冰河巨獸展！化石博覽會,Expo / Exhibition,蓬萊路17號(棧貳庫KW2),2026-04-11,2026-10-11,https://data.gov.tw/dataset/7778,2026-08-31
2026-09-12,台北,2,1,1.13,Medium,2026臺灣自行車旅遊節,Sports / Marathon,2026年活動地點尚未確定,2026-09-01,2026-12-31,https://taiwanbike.tw/,2026-08-31
2026-09-12,新北,24,5,18.51,High,「2026『新北chill一夏』八里港灣嘉年華」,Major celebration,訊塘里6鄰廈竹圍7-9號,2026-09-11,2026-09-13,https://data.gov.tw/dataset/7778,2026-08-31
2026-09-12,桃園,3,1,3.9,Medium,2026土地公國際民俗藝術節,Major celebration,新永和市場停車場,2026-09-12,2026-09-13,https://data.gov.tw/dataset/7778,2026-08-31
2026-09-12,台中,10,5,11.18,High,2026臺中國際踩舞嘉年華,Major celebration,,2026-09-12,2026-09-13,https://data.gov.tw/dataset/7778,2026-08-31
2026-09-12,高雄,15,4,16.98,High,2026 FTISLAND TOUR 0 — XIX — III ‘FaTe’ in KAOHSIUNG,Other,高雄流行音樂中心 海音館,2026-09-12,2026-09-12,https://data.gov.tw/dataset/7778,2026-08-31
2026-09-13,台北,2,1,1.13,Medium,2026臺灣自行車旅遊節,Sports / Marathon,2026年活動地點尚未確定,2026-09-01,2026-12-31,https://taiwanbike.tw/,2026-08-31
2026-09-13,新北,23,5,17.66,High,「2026『新北chill一夏』八里港灣嘉年華」,Major celebration,訊塘里6鄰廈竹圍7-9號,2026-09-11,2026-09-13,https://data.gov.tw/dataset/7778,2026-08-31
2026-09-13,桃園,2,1,3.65,Medium,2026土地公國際民俗藝術節,Major celebration,新永和市場停車場,2026-09-12,2026-09-13,https://data.gov.tw/dataset/7778,2026-08-31
2026-09-13,台中,10,5,11.18,High,2026臺中國際踩舞嘉年華,Major celebration,,2026-09-12,2026-09-13,https://data.gov.tw/dataset/7778,2026-08-31
2026-09-13,高雄,13,2,9.48,High,WATERBOMB KAOHSIUNG 水炸彈音樂節,Concert / Music festival,夢時代正對面廣場,2026-09-12,2026-09-13,https://data.gov.tw/dataset/7778,2026-08-31
2026-09-14,台北,2,1,1.13,Medium,2026臺灣自行車旅遊節,Sports / Marathon,2026年活動地點尚未確定,2026-09-01,2026-12-31,https://taiwanbike.tw/,2026-08-31
2026-09-14,新北,19,3,9.51,High,2026八里城市沙雕展,Major celebration,左岸公園沿岸沙灘及草坪,2026-07-31,2026-09-28,https://data.gov.tw/dataset/7778,2026-08-31
2026-09-14,桃園,1,0,0.25,Low,玩北橫拿好禮《遊桃園 App》探索北橫打卡趣,Other,,2026-08-08,2026-09-18,https://data.gov.tw/dataset/7778,2026-08-31
2026-09-14,台中,8,3,4.38,High,115-116年探索臺中之美 引客獎勵方案,Major celebration,,2026-02-15,2027-03-08,https://data.gov.tw/dataset/7778,2026-08-31
2026-09-14,高雄,12,1,6.08,Medium,2026津之森｜海風散策,Major celebration,旗津貝殼館前防風林,2026-09-12,2026-09-20,https://data.gov.tw/dataset/7778,2026-08-31
2026-09-15,台北,2,1,1.13,Medium,2026臺灣自行車旅遊節,Sports / Marathon,2026年活動地點尚未確定,2026-09-01,2026-12-31,https://taiwanbike.tw/,2026-08-31
2026-09-15,新北,19,3,9.51,High,2026八里城市沙雕展,Major celebration,左岸公園沿岸沙灘及草坪,2026-07-31,2026-09-28,https://data.gov.tw/dataset/7778,2026-08-31
2026-09-15,桃園,2,0,0.5,Low,2026探索北橫永續遊程活動,Other,,2026-09-15,2026-10-31,https://data.gov.tw/dataset/7778,2026-08-31
2026-09-15,台中,8,3,4.38,High,115-116年探索臺中之美 引客獎勵方案,Major celebration,,2026-02-15,2027-03-08,https://data.gov.tw/dataset/7778,2026-08-31
2026-09-15,高雄,12,1,6.08,Medium,2026津之森｜海風散策,Major celebration,旗津貝殼館前防風林,2026-09-12,2026-09-20,https://data.gov.tw/dataset/7778,2026-08-31
2026-09-16,台北,2,1,1.13,Medium,2026臺灣自行車旅遊節,Sports / Marathon,2026年活動地點尚未確定,2026-09-01,2026-12-31,https://taiwanbike.tw/,2026-08-31
2026-09-16,新北,19,3,9.51,High,2026八里城市沙雕展,Major celebration,左岸公園沿岸沙灘及草坪,2026-07-31,2026-09-28,https://data.gov.tw/dataset/7778,2026-08-31
2026-09-16,桃園,2,0,0.5,Low,2026探索北橫永續遊程活動,Other,,2026-09-15,2026-10-31,https://data.gov.tw/dataset/7778,2026-08-31
2026-09-16,台中,7,3,4,High,115-116年探索臺中之美 引客獎勵方案,Major celebration,,2026-02-15,2027-03-08,https://data.gov.tw/dataset/7778,2026-08-31
2026-09-16,高雄,12,1,6.08,Medium,2026津之森｜海風散策,Major celebration,旗津貝殼館前防風林,2026-09-12,2026-09-20,https://data.gov.tw/dataset/7778,2026-08-31
2026-09-17,台北,2,1,1.13,Medium,2026臺灣自行車旅遊節,Sports / Marathon,2026年活動地點尚未確定,2026-09-01,2026-12-31,https://taiwanbike.tw/,2026-08-31
2026-09-17,新北,20,4,12.91,High,中和土地公遶境祈福嘉年華,Major celebration,碧河宮、中和安邦公園,2026-09-17,2026-09-19,https://data.gov.tw/dataset/7778,2026-08-31
2026-09-17,桃園,2,0,0.5,Low,2026探索北橫永續遊程活動,Other,,2026-09-15,2026-10-31,https://data.gov.tw/dataset/7778,2026-08-31
2026-09-17,台中,7,3,4,High,115-116年探索臺中之美 引客獎勵方案,Major celebration,,2026-02-15,2027-03-08,https://data.gov.tw/dataset/7778,2026-08-31
2026-09-17,高雄,12,1,6.08,Medium,2026津之森｜海風散策,Major celebration,旗津貝殼館前防風林,2026-09-12,2026-09-20,https://data.gov.tw/dataset/7778,2026-08-31
2026-09-18,台北,2,1,1.13,Medium,2026臺灣自行車旅遊節,Sports / Marathon,2026年活動地點尚未確定,2026-09-01,2026-12-31,https://taiwanbike.tw/,2026-08-31
2026-09-18,新北,22,4,15.46,High,中和土地公遶境祈福嘉年華,Major celebration,碧河宮、中和安邦公園,2026-09-17,2026-09-19,https://data.gov.tw/dataset/7778,2026-08-31
2026-09-18,桃園,2,0,0.5,Low,2026探索北橫永續遊程活動,Other,,2026-09-15,2026-10-31,https://data.gov.tw/dataset/7778,2026-08-31
2026-09-18,台中,7,3,4,High,115-116年探索臺中之美 引客獎勵方案,Major celebration,,2026-02-15,2027-03-08,https://data.gov.tw/dataset/7778,2026-08-31
2026-09-18,高雄,13,1,7.78,Medium,2026津之森｜海風散策,Major celebration,旗津貝殼館前防風林,2026-09-12,2026-09-20,https://data.gov.tw/dataset/7778,2026-08-31
2026-09-19,台北,2,1,1.13,Medium,2026臺灣自行車旅遊節,Sports / Marathon,2026年活動地點尚未確定,2026-09-01,2026-12-31,https://taiwanbike.tw/,2026-08-31
2026-09-19,新北,22,4,15.46,High,中和土地公遶境祈福嘉年華,Major celebration,碧河宮、中和安邦公園,2026-09-17,2026-09-19,https://data.gov.tw/dataset/7778,2026-08-31
2026-09-19,桃園,1,0,0.25,Low,2026探索北橫永續遊程活動,Other,,2026-09-15,2026-10-31,https://data.gov.tw/dataset/7778,2026-08-31
2026-09-19,台中,7,3,4,High,115-116年探索臺中之美 引客獎勵方案,Major celebration,,2026-02-15,2027-03-08,https://data.gov.tw/dataset/7778,2026-08-31
2026-09-19,高雄,17,4,21.18,High,Post Malone Presents The BIG ASS Stadium World Tour,Other,高雄國家體育場 (世運主場館),2026-09-19,2026-09-19,https://data.gov.tw/dataset/7778,2026-08-31
2026-09-20,台北,2,1,1.13,Medium,2026臺灣自行車旅遊節,Sports / Marathon,2026年活動地點尚未確定,2026-09-01,2026-12-31,https://taiwanbike.tw/,2026-08-31
2026-09-20,新北,20,3,11.21,High,2026親子FUN水藝動派對,Market / Family,新北市美術館戶外園區,2026-09-18,2026-09-20,https://data.gov.tw/dataset/7778,2026-08-31
2026-09-20,桃園,1,0,0.25,Low,2026探索北橫永續遊程活動,Other,,2026-09-15,2026-10-31,https://data.gov.tw/dataset/7778,2026-08-31
2026-09-20,台中,7,3,4,High,115-116年探索臺中之美 引客獎勵方案,Major celebration,,2026-02-15,2027-03-08,https://data.gov.tw/dataset/7778,2026-08-31
2026-09-20,高雄,13,2,10.8,High,2026高雄奶茶節,Major celebration,鹽埕埔捷運站1號出口,2026-09-19,2026-09-20,https://data.gov.tw/dataset/7778,2026-08-31
2026-09-21,台北,2,1,1.13,Medium,2026臺灣自行車旅遊節,Sports / Marathon,2026年活動地點尚未確定,2026-09-01,2026-12-31,https://taiwanbike.tw/,2026-08-31
2026-09-21,新北,16,3,8.26,High,2026八里城市沙雕展,Major celebration,左岸公園沿岸沙灘及草坪,2026-07-31,2026-09-28,https://data.gov.tw/dataset/7778,2026-08-31
2026-09-21,桃園,1,0,0.25,Low,2026探索北橫永續遊程活動,Other,,2026-09-15,2026-10-31,https://data.gov.tw/dataset/7778,2026-08-31
2026-09-21,台中,7,3,4,High,115-116年探索臺中之美 引客獎勵方案,Major celebration,,2026-02-15,2027-03-08,https://data.gov.tw/dataset/7778,2026-08-31
2026-09-21,高雄,10,0,3.5,Medium,冰河巨獸展！化石博覽會,Expo / Exhibition,蓬萊路17號(棧貳庫KW2),2026-04-11,2026-10-11,https://data.gov.tw/dataset/7778,2026-08-31
2026-09-22,台北,2,1,1.13,Medium,2026臺灣自行車旅遊節,Sports / Marathon,2026年活動地點尚未確定,2026-09-01,2026-12-31,https://taiwanbike.tw/,2026-08-31
2026-09-22,新北,16,3,8.26,High,2026八里城市沙雕展,Major celebration,左岸公園沿岸沙灘及草坪,2026-07-31,2026-09-28,https://data.gov.tw/dataset/7778,2026-08-31
2026-09-22,桃園,1,0,0.25,Low,2026探索北橫永續遊程活動,Other,,2026-09-15,2026-10-31,https://data.gov.tw/dataset/7778,2026-08-31
2026-09-22,台中,7,3,4,High,115-116年探索臺中之美 引客獎勵方案,Major celebration,,2026-02-15,2027-03-08,https://data.gov.tw/dataset/7778,2026-08-31
2026-09-22,高雄,10,0,3.5,Medium,冰河巨獸展！化石博覽會,Expo / Exhibition,蓬萊路17號(棧貳庫KW2),2026-04-11,2026-10-11,https://data.gov.tw/dataset/7778,2026-08-31
2026-09-23,台北,2,1,1.13,Medium,2026臺灣自行車旅遊節,Sports / Marathon,2026年活動地點尚未確定,2026-09-01,2026-12-31,https://taiwanbike.tw/,2026-08-31
2026-09-23,新北,16,3,8.26,High,2026八里城市沙雕展,Major celebration,左岸公園沿岸沙灘及草坪,2026-07-31,2026-09-28,https://data.gov.tw/dataset/7778,2026-08-31
2026-09-23,桃園,1,0,0.25,Low,2026探索北橫永續遊程活動,Other,,2026-09-15,2026-10-31,https://data.gov.tw/dataset/7778,2026-08-31
2026-09-23,台中,7,3,4,High,115-116年探索臺中之美 引客獎勵方案,Major celebration,,2026-02-15,2027-03-08,https://data.gov.tw/dataset/7778,2026-08-31
2026-09-23,高雄,10,0,3.5,Medium,冰河巨獸展！化石博覽會,Expo / Exhibition,蓬萊路17號(棧貳庫KW2),2026-04-11,2026-10-11,https://data.gov.tw/dataset/7778,2026-08-31
2026-09-24,台北,2,1,1.13,Medium,2026臺灣自行車旅遊節,Sports / Marathon,2026年活動地點尚未確定,2026-09-01,2026-12-31,https://taiwanbike.tw/,2026-08-31
2026-09-24,新北,16,3,8.26,High,2026八里城市沙雕展,Major celebration,左岸公園沿岸沙灘及草坪,2026-07-31,2026-09-28,https://data.gov.tw/dataset/7778,2026-08-31
2026-09-24,桃園,3,0,1.85,Low,2026台灣設計展,Expo / Exhibition,青埔市立美術館、中原文創園區,2026-09-24,2026-10-11,https://www.facebook.com/Taiwandesignexpo/?locale=zh_TW,2026-08-31
2026-09-24,台中,7,3,4,High,115-116年探索臺中之美 引客獎勵方案,Major celebration,,2026-02-15,2027-03-08,https://data.gov.tw/dataset/7778,2026-08-31
2026-09-24,高雄,10,0,3.5,Medium,冰河巨獸展！化石博覽會,Expo / Exhibition,蓬萊路17號(棧貳庫KW2),2026-04-11,2026-10-11,https://data.gov.tw/dataset/7778,2026-08-31
2026-09-25,台北,2,1,1.13,Medium,2026臺灣自行車旅遊節,Sports / Marathon,2026年活動地點尚未確定,2026-09-01,2026-12-31,https://taiwanbike.tw/,2026-08-31
2026-09-25,新北,16,3,8.26,High,2026八里城市沙雕展,Major celebration,左岸公園沿岸沙灘及草坪,2026-07-31,2026-09-28,https://data.gov.tw/dataset/7778,2026-08-31
2026-09-25,桃園,3,0,1.85,Low,2026台灣設計展,Expo / Exhibition,青埔市立美術館、中原文創園區,2026-09-24,2026-10-11,https://www.facebook.com/Taiwandesignexpo/?locale=zh_TW,2026-08-31
2026-09-25,台中,7,3,4,High,115-116年探索臺中之美 引客獎勵方案,Major celebration,,2026-02-15,2027-03-08,https://data.gov.tw/dataset/7778,2026-08-31
2026-09-25,高雄,10,0,3.5,Medium,冰河巨獸展！化石博覽會,Expo / Exhibition,蓬萊路17號(棧貳庫KW2),2026-04-11,2026-10-11,https://data.gov.tw/dataset/7778,2026-08-31
2026-09-26,台北,2,1,1.13,Medium,2026臺灣自行車旅遊節,Sports / Marathon,2026年活動地點尚未確定,2026-09-01,2026-12-31,https://taiwanbike.tw/,2026-08-31
2026-09-26,新北,16,3,8.26,High,2026八里城市沙雕展,Major celebration,左岸公園沿岸沙灘及草坪,2026-07-31,2026-09-28,https://data.gov.tw/dataset/7778,2026-08-31
2026-09-26,桃園,3,0,1.85,Low,2026台灣設計展,Expo / Exhibition,青埔市立美術館、中原文創園區,2026-09-24,2026-10-11,https://www.facebook.com/Taiwandesignexpo/?locale=zh_TW,2026-08-31
2026-09-26,台中,7,3,4,High,115-116年探索臺中之美 引客獎勵方案,Major celebration,,2026-02-15,2027-03-08,https://data.gov.tw/dataset/7778,2026-08-31
2026-09-26,高雄,10,0,3.5,Medium,冰河巨獸展！化石博覽會,Expo / Exhibition,蓬萊路17號(棧貳庫KW2),2026-04-11,2026-10-11,https://data.gov.tw/dataset/7778,2026-08-31
2026-09-27,台北,2,1,1.13,Medium,2026臺灣自行車旅遊節,Sports / Marathon,2026年活動地點尚未確定,2026-09-01,2026-12-31,https://taiwanbike.tw/,2026-08-31
2026-09-27,新北,15,3,8.01,High,2026八里城市沙雕展,Major celebration,左岸公園沿岸沙灘及草坪,2026-07-31,2026-09-28,https://data.gov.tw/dataset/7778,2026-08-31
2026-09-27,桃園,3,0,1.85,Low,2026台灣設計展,Expo / Exhibition,青埔市立美術館、中原文創園區,2026-09-24,2026-10-11,https://www.facebook.com/Taiwandesignexpo/?locale=zh_TW,2026-08-31
2026-09-27,台中,7,3,4,High,115-116年探索臺中之美 引客獎勵方案,Major celebration,,2026-02-15,2027-03-08,https://data.gov.tw/dataset/7778,2026-08-31
2026-09-27,高雄,10,0,3.5,Medium,冰河巨獸展！化石博覽會,Expo / Exhibition,蓬萊路17號(棧貳庫KW2),2026-04-11,2026-10-11,https://data.gov.tw/dataset/7778,2026-08-31
2026-09-28,台北,2,1,1.13,Medium,2026臺灣自行車旅遊節,Sports / Marathon,2026年活動地點尚未確定,2026-09-01,2026-12-31,https://taiwanbike.tw/,2026-08-31
2026-09-28,新北,13,3,7.26,High,2026八里城市沙雕展,Major celebration,左岸公園沿岸沙灘及草坪,2026-07-31,2026-09-28,https://data.gov.tw/dataset/7778,2026-08-31
2026-09-28,桃園,3,0,1.85,Low,2026台灣設計展,Expo / Exhibition,青埔市立美術館、中原文創園區,2026-09-24,2026-10-11,https://www.facebook.com/Taiwandesignexpo/?locale=zh_TW,2026-08-31
2026-09-28,台中,7,3,4,High,115-116年探索臺中之美 引客獎勵方案,Major celebration,,2026-02-15,2027-03-08,https://data.gov.tw/dataset/7778,2026-08-31
2026-09-28,高雄,10,0,3.5,Medium,冰河巨獸展！化石博覽會,Expo / Exhibition,蓬萊路17號(棧貳庫KW2),2026-04-11,2026-10-11,https://data.gov.tw/dataset/7778,2026-08-31
2026-09-29,台北,2,1,1.13,Medium,2026臺灣自行車旅遊節,Sports / Marathon,2026年活動地點尚未確定,2026-09-01,2026-12-31,https://taiwanbike.tw/,2026-08-31
2026-09-29,新北,12,2,6.26,High,2026新北市生音藝術節,Major celebration,新北市藝文中心,2026-07-06,2026-10-10,https://data.gov.tw/dataset/7778,2026-08-31
2026-09-29,桃園,3,0,1.85,Low,2026台灣設計展,Expo / Exhibition,青埔市立美術館、中原文創園區,2026-09-24,2026-10-11,https://www.facebook.com/Taiwandesignexpo/?locale=zh_TW,2026-08-31
2026-09-29,台中,7,3,4,High,115-116年探索臺中之美 引客獎勵方案,Major celebration,,2026-02-15,2027-03-08,https://data.gov.tw/dataset/7778,2026-08-31
2026-09-29,高雄,10,0,3.5,Medium,冰河巨獸展！化石博覽會,Expo / Exhibition,蓬萊路17號(棧貳庫KW2),2026-04-11,2026-10-11,https://data.gov.tw/dataset/7778,2026-08-31
2026-09-30,台北,2,1,1.13,Medium,2026臺灣自行車旅遊節,Sports / Marathon,2026年活動地點尚未確定,2026-09-01,2026-12-31,https://taiwanbike.tw/,2026-08-31
2026-09-30,新北,12,2,6.26,High,2026新北市生音藝術節,Major celebration,新北市藝文中心,2026-07-06,2026-10-10,https://data.gov.tw/dataset/7778,2026-08-31
2026-09-30,桃園,3,0,1.85,Low,2026台灣設計展,Expo / Exhibition,青埔市立美術館、中原文創園區,2026-09-24,2026-10-11,https://www.facebook.com/Taiwandesignexpo/?locale=zh_TW,2026-08-31
2026-09-30,台中,7,3,4,High,115-116年探索臺中之美 引客獎勵方案,Major celebration,,2026-02-15,2027-03-08,https://data.gov.tw/dataset/7778,2026-08-31
2026-09-30,高雄,10,0,3.5,Medium,冰河巨獸展！化石博覽會,Expo / Exhibition,蓬萊路17號(棧貳庫KW2),2026-04-11,2026-10-11,https://data.gov.tw/dataset/7778,2026-08-31
2026-10-01,台北,2,1,1.13,Medium,2026臺灣自行車旅遊節,Sports / Marathon,2026年活動地點尚未確定,2026-09-01,2026-12-31,https://taiwanbike.tw/,2026-08-31
2026-10-01,新北,12,2,6.26,High,2026新北市生音藝術節,Major celebration,新北市藝文中心,2026-07-06,2026-10-10,https://data.gov.tw/dataset/7778,2026-08-31
2026-10-01,桃園,3,0,1.85,Low,2026台灣設計展,Expo / Exhibition,青埔市立美術館、中原文創園區,2026-09-24,2026-10-11,https://www.facebook.com/Taiwandesignexpo/?locale=zh_TW,2026-08-31
2026-10-01,台中,8,3,4.25,High,115-116年探索臺中之美 引客獎勵方案,Major celebration,,2026-02-15,2027-03-08,https://data.gov.tw/dataset/7778,2026-08-31
2026-10-01,高雄,7,0,2.5,Low,冰河巨獸展！化石博覽會,Expo / Exhibition,蓬萊路17號(棧貳庫KW2),2026-04-11,2026-10-11,https://data.gov.tw/dataset/7778,2026-08-31
2026-10-02,台北,2,1,1.13,Medium,2026臺灣自行車旅遊節,Sports / Marathon,2026年活動地點尚未確定,2026-09-01,2026-12-31,https://taiwanbike.tw/,2026-08-31
2026-10-02,新北,12,2,6.26,High,2026新北市生音藝術節,Major celebration,新北市藝文中心,2026-07-06,2026-10-10,https://data.gov.tw/dataset/7778,2026-08-31
2026-10-02,桃園,3,0,1.85,Low,2026台灣設計展,Expo / Exhibition,青埔市立美術館、中原文創園區,2026-09-24,2026-10-11,https://www.facebook.com/Taiwandesignexpo/?locale=zh_TW,2026-08-31
2026-10-02,台中,8,3,4.25,High,115-116年探索臺中之美 引客獎勵方案,Major celebration,,2026-02-15,2027-03-08,https://data.gov.tw/dataset/7778,2026-08-31
2026-10-02,高雄,7,0,2.5,Low,冰河巨獸展！化石博覽會,Expo / Exhibition,蓬萊路17號(棧貳庫KW2),2026-04-11,2026-10-11,https://data.gov.tw/dataset/7778,2026-08-31
2026-10-03,台北,2,1,1.13,Medium,2026臺灣自行車旅遊節,Sports / Marathon,2026年活動地點尚未確定,2026-09-01,2026-12-31,https://taiwanbike.tw/,2026-08-31
2026-10-03,新北,12,2,6.26,High,2026新北市生音藝術節,Major celebration,新北市藝文中心,2026-07-06,2026-10-10,https://data.gov.tw/dataset/7778,2026-08-31
2026-10-03,桃園,3,0,1.85,Low,2026台灣設計展,Expo / Exhibition,青埔市立美術館、中原文創園區,2026-09-24,2026-10-11,https://www.facebook.com/Taiwandesignexpo/?locale=zh_TW,2026-08-31
2026-10-03,台中,8,3,4.25,High,115-116年探索臺中之美 引客獎勵方案,Major celebration,,2026-02-15,2027-03-08,https://data.gov.tw/dataset/7778,2026-08-31
2026-10-03,高雄,8,0,3.5,Medium,2026野趣東高雄｜甲仙場,Other,,2026-10-03,2026-10-03,https://data.gov.tw/dataset/7778,2026-08-31
2026-10-04,台北,2,1,1.13,Medium,2026臺灣自行車旅遊節,Sports / Marathon,2026年活動地點尚未確定,2026-09-01,2026-12-31,https://taiwanbike.tw/,2026-08-31
2026-10-04,新北,12,2,6.26,High,2026新北市生音藝術節,Major celebration,新北市藝文中心,2026-07-06,2026-10-10,https://data.gov.tw/dataset/7778,2026-08-31
2026-10-04,桃園,3,0,1.85,Low,2026台灣設計展,Expo / Exhibition,青埔市立美術館、中原文創園區,2026-09-24,2026-10-11,https://www.facebook.com/Taiwandesignexpo/?locale=zh_TW,2026-08-31
2026-10-04,台中,8,3,4.25,High,115-116年探索臺中之美 引客獎勵方案,Major celebration,,2026-02-15,2027-03-08,https://data.gov.tw/dataset/7778,2026-08-31
2026-10-04,高雄,7,0,2.5,Low,冰河巨獸展！化石博覽會,Expo / Exhibition,蓬萊路17號(棧貳庫KW2),2026-04-11,2026-10-11,https://data.gov.tw/dataset/7778,2026-08-31
2026-10-05,台北,2,1,1.13,Medium,2026臺灣自行車旅遊節,Sports / Marathon,2026年活動地點尚未確定,2026-09-01,2026-12-31,https://taiwanbike.tw/,2026-08-31
2026-10-05,新北,12,2,6.26,High,2026新北市生音藝術節,Major celebration,新北市藝文中心,2026-07-06,2026-10-10,https://data.gov.tw/dataset/7778,2026-08-31
2026-10-05,桃園,3,0,1.85,Low,2026台灣設計展,Expo / Exhibition,青埔市立美術館、中原文創園區,2026-09-24,2026-10-11,https://www.facebook.com/Taiwandesignexpo/?locale=zh_TW,2026-08-31
2026-10-05,台中,8,3,4.25,High,115-116年探索臺中之美 引客獎勵方案,Major celebration,,2026-02-15,2027-03-08,https://data.gov.tw/dataset/7778,2026-08-31
2026-10-05,高雄,7,0,2.5,Low,冰河巨獸展！化石博覽會,Expo / Exhibition,蓬萊路17號(棧貳庫KW2),2026-04-11,2026-10-11,https://data.gov.tw/dataset/7778,2026-08-31
2026-10-06,台北,2,1,1.13,Medium,2026臺灣自行車旅遊節,Sports / Marathon,2026年活動地點尚未確定,2026-09-01,2026-12-31,https://taiwanbike.tw/,2026-08-31
2026-10-06,新北,12,2,6.26,High,2026新北市生音藝術節,Major celebration,新北市藝文中心,2026-07-06,2026-10-10,https://data.gov.tw/dataset/7778,2026-08-31
2026-10-06,桃園,3,0,1.85,Low,2026台灣設計展,Expo / Exhibition,青埔市立美術館、中原文創園區,2026-09-24,2026-10-11,https://www.facebook.com/Taiwandesignexpo/?locale=zh_TW,2026-08-31
2026-10-06,台中,8,3,4.25,High,115-116年探索臺中之美 引客獎勵方案,Major celebration,,2026-02-15,2027-03-08,https://data.gov.tw/dataset/7778,2026-08-31
2026-10-06,高雄,7,0,2.5,Low,冰河巨獸展！化石博覽會,Expo / Exhibition,蓬萊路17號(棧貳庫KW2),2026-04-11,2026-10-11,https://data.gov.tw/dataset/7778,2026-08-31
2026-10-07,台北,2,1,1.13,Medium,2026臺灣自行車旅遊節,Sports / Marathon,2026年活動地點尚未確定,2026-09-01,2026-12-31,https://taiwanbike.tw/,2026-08-31
2026-10-07,新北,12,2,6.26,High,2026新北市生音藝術節,Major celebration,新北市藝文中心,2026-07-06,2026-10-10,https://data.gov.tw/dataset/7778,2026-08-31
2026-10-07,桃園,3,0,1.85,Low,2026台灣設計展,Expo / Exhibition,青埔市立美術館、中原文創園區,2026-09-24,2026-10-11,https://www.facebook.com/Taiwandesignexpo/?locale=zh_TW,2026-08-31
2026-10-07,台中,8,3,4.25,High,115-116年探索臺中之美 引客獎勵方案,Major celebration,,2026-02-15,2027-03-08,https://data.gov.tw/dataset/7778,2026-08-31
2026-10-07,高雄,7,0,2.5,Low,冰河巨獸展！化石博覽會,Expo / Exhibition,蓬萊路17號(棧貳庫KW2),2026-04-11,2026-10-11,https://data.gov.tw/dataset/7778,2026-08-31
2026-10-08,台北,2,1,1.13,Medium,2026臺灣自行車旅遊節,Sports / Marathon,2026年活動地點尚未確定,2026-09-01,2026-12-31,https://taiwanbike.tw/,2026-08-31
2026-10-08,新北,12,2,6.26,High,2026新北市生音藝術節,Major celebration,新北市藝文中心,2026-07-06,2026-10-10,https://data.gov.tw/dataset/7778,2026-08-31
2026-10-08,桃園,3,0,1.85,Low,2026台灣設計展,Expo / Exhibition,青埔市立美術館、中原文創園區,2026-09-24,2026-10-11,https://www.facebook.com/Taiwandesignexpo/?locale=zh_TW,2026-08-31
2026-10-08,台中,8,3,4.25,High,115-116年探索臺中之美 引客獎勵方案,Major celebration,,2026-02-15,2027-03-08,https://data.gov.tw/dataset/7778,2026-08-31
2026-10-08,高雄,7,0,2.5,Low,冰河巨獸展！化石博覽會,Expo / Exhibition,蓬萊路17號(棧貳庫KW2),2026-04-11,2026-10-11,https://data.gov.tw/dataset/7778,2026-08-31
2026-10-09,台北,2,1,1.13,Medium,2026臺灣自行車旅遊節,Sports / Marathon,2026年活動地點尚未確定,2026-09-01,2026-12-31,https://taiwanbike.tw/,2026-08-31
2026-10-09,新北,12,2,6.26,High,2026新北市生音藝術節,Major celebration,新北市藝文中心,2026-07-06,2026-10-10,https://data.gov.tw/dataset/7778,2026-08-31
2026-10-09,桃園,3,0,1.85,Low,2026台灣設計展,Expo / Exhibition,青埔市立美術館、中原文創園區,2026-09-24,2026-10-11,https://www.facebook.com/Taiwandesignexpo/?locale=zh_TW,2026-08-31
2026-10-09,台中,8,3,4.25,High,115-116年探索臺中之美 引客獎勵方案,Major celebration,,2026-02-15,2027-03-08,https://data.gov.tw/dataset/7778,2026-08-31
2026-10-09,高雄,10,1,7.25,Medium,2026高雄左營萬年季,Major celebration,左營孔廟,2026-10-09,2026-10-12,https://www.facebook.com/FireLion.Kaohsiung/,2026-08-31
2026-10-10,台北,2,1,1.13,Medium,2026臺灣自行車旅遊節,Sports / Marathon,2026年活動地點尚未確定,2026-09-01,2026-12-31,https://taiwanbike.tw/,2026-08-31
2026-10-10,新北,12,2,6.26,High,2026新北市生音藝術節,Major celebration,新北市藝文中心,2026-07-06,2026-10-10,https://data.gov.tw/dataset/7778,2026-08-31
2026-10-10,桃園,3,0,1.85,Low,2026台灣設計展,Expo / Exhibition,青埔市立美術館、中原文創園區,2026-09-24,2026-10-11,https://www.facebook.com/Taiwandesignexpo/?locale=zh_TW,2026-08-31
2026-10-10,台中,8,3,4.25,High,115-116年探索臺中之美 引客獎勵方案,Major celebration,,2026-02-15,2027-03-08,https://data.gov.tw/dataset/7778,2026-08-31
2026-10-10,高雄,10,1,7.25,Medium,2026高雄左營萬年季,Major celebration,左營孔廟,2026-10-09,2026-10-12,https://www.facebook.com/FireLion.Kaohsiung/,2026-08-31
2026-10-11,台北,2,1,1.13,Medium,2026臺灣自行車旅遊節,Sports / Marathon,2026年活動地點尚未確定,2026-09-01,2026-12-31,https://taiwanbike.tw/,2026-08-31
2026-10-11,新北,11,1,5.26,Medium,2026福隆國際沙雕藝術季系列活動,Sports / Marathon,福隆街42號,2026-05-29,2026-10-25,https://events.necoast-nsa.gov.tw/fulong26/,2026-08-31
2026-10-11,桃園,3,0,1.85,Low,2026台灣設計展,Expo / Exhibition,青埔市立美術館、中原文創園區,2026-09-24,2026-10-11,https://www.facebook.com/Taiwandesignexpo/?locale=zh_TW,2026-08-31
2026-10-11,台中,8,3,4.25,High,115-116年探索臺中之美 引客獎勵方案,Major celebration,,2026-02-15,2027-03-08,https://data.gov.tw/dataset/7778,2026-08-31
2026-10-11,高雄,9,1,5.55,Medium,2026高雄左營萬年季,Major celebration,左營孔廟,2026-10-09,2026-10-12,https://www.facebook.com/FireLion.Kaohsiung/,2026-08-31
2026-10-12,台北,2,1,1.13,Medium,2026臺灣自行車旅遊節,Sports / Marathon,2026年活動地點尚未確定,2026-09-01,2026-12-31,https://taiwanbike.tw/,2026-08-31
2026-10-12,新北,11,1,5.26,Medium,2026福隆國際沙雕藝術季系列活動,Sports / Marathon,福隆街42號,2026-05-29,2026-10-25,https://events.necoast-nsa.gov.tw/fulong26/,2026-08-31
2026-10-12,桃園,1,0,0.25,Low,2026探索北橫永續遊程活動,Other,,2026-09-15,2026-10-31,https://data.gov.tw/dataset/7778,2026-08-31
2026-10-12,台中,8,3,4.25,High,115-116年探索臺中之美 引客獎勵方案,Major celebration,,2026-02-15,2027-03-08,https://data.gov.tw/dataset/7778,2026-08-31
2026-10-12,高雄,7,1,4.2,Medium,2026高雄左營萬年季,Major celebration,左營孔廟,2026-10-09,2026-10-12,https://www.facebook.com/FireLion.Kaohsiung/,2026-08-31
2026-10-13,台北,2,1,1.13,Medium,2026臺灣自行車旅遊節,Sports / Marathon,2026年活動地點尚未確定,2026-09-01,2026-12-31,https://taiwanbike.tw/,2026-08-31
2026-10-13,新北,11,1,5.26,Medium,2026福隆國際沙雕藝術季系列活動,Sports / Marathon,福隆街42號,2026-05-29,2026-10-25,https://events.necoast-nsa.gov.tw/fulong26/,2026-08-31
2026-10-13,桃園,1,0,0.25,Low,2026探索北橫永續遊程活動,Other,,2026-09-15,2026-10-31,https://data.gov.tw/dataset/7778,2026-08-31
2026-10-13,台中,8,3,4.25,High,115-116年探索臺中之美 引客獎勵方案,Major celebration,,2026-02-15,2027-03-08,https://data.gov.tw/dataset/7778,2026-08-31
2026-10-13,高雄,6,0,2,Low,還是先躺一下再說？ Lay Down,Expo / Exhibition,駁二藝術特區 大勇區C5倉庫,2026-06-12,2027-03-01,https://data.gov.tw/dataset/7778,2026-08-31
2026-10-14,台北,2,1,1.13,Medium,2026臺灣自行車旅遊節,Sports / Marathon,2026年活動地點尚未確定,2026-09-01,2026-12-31,https://taiwanbike.tw/,2026-08-31
2026-10-14,新北,11,1,5.26,Medium,2026福隆國際沙雕藝術季系列活動,Sports / Marathon,福隆街42號,2026-05-29,2026-10-25,https://events.necoast-nsa.gov.tw/fulong26/,2026-08-31
2026-10-14,桃園,1,0,0.25,Low,2026探索北橫永續遊程活動,Other,,2026-09-15,2026-10-31,https://data.gov.tw/dataset/7778,2026-08-31
2026-10-14,台中,8,3,4.25,High,115-116年探索臺中之美 引客獎勵方案,Major celebration,,2026-02-15,2027-03-08,https://data.gov.tw/dataset/7778,2026-08-31
2026-10-14,高雄,7,1,4.2,Medium,2026衛武營管風琴音樂節,Concert / Music festival,衛武營國家藝術文化中心 音樂廳,2026-10-14,2026-10-18,https://data.gov.tw/dataset/7778,2026-08-31
2026-10-15,台北,2,1,1.13,Medium,2026臺灣自行車旅遊節,Sports / Marathon,2026年活動地點尚未確定,2026-09-01,2026-12-31,https://taiwanbike.tw/,2026-08-31
2026-10-15,新北,11,1,5.26,Medium,2026福隆國際沙雕藝術季系列活動,Sports / Marathon,福隆街42號,2026-05-29,2026-10-25,https://events.necoast-nsa.gov.tw/fulong26/,2026-08-31
2026-10-15,桃園,2,1,1.85,Medium,2026桃園萬聖城,Major celebration,桃園藝文廣場,2026-10-15,2026-10-31,https://travel.tycg.gov.tw/zh-tw/event/calendar/2026,2026-08-31
2026-10-15,台中,8,3,4.25,High,115-116年探索臺中之美 引客獎勵方案,Major celebration,,2026-02-15,2027-03-08,https://data.gov.tw/dataset/7778,2026-08-31
2026-10-15,高雄,7,1,4.2,Medium,2026衛武營管風琴音樂節,Concert / Music festival,衛武營國家藝術文化中心 音樂廳,2026-10-14,2026-10-18,https://data.gov.tw/dataset/7778,2026-08-31
2026-10-16,台北,2,1,1.13,Medium,2026臺灣自行車旅遊節,Sports / Marathon,2026年活動地點尚未確定,2026-09-01,2026-12-31,https://taiwanbike.tw/,2026-08-31
2026-10-16,新北,12,2,8.24,High,第十一屆新北市八個浪pakelang城市狩獵路跑,Sports / Marathon,水漾路一段,2026-10-16,2026-10-17,https://data.gov.tw/dataset/7778,2026-08-31
2026-10-16,桃園,2,1,1.85,Medium,2026桃園萬聖城,Major celebration,桃園藝文廣場,2026-10-15,2026-10-31,https://travel.tycg.gov.tw/zh-tw/event/calendar/2026,2026-08-31
2026-10-16,台中,9,4,6.45,High,2026臺中爵士音樂節,Concert / Music festival,臺中市市民廣場,2026-10-16,2026-10-25,https://www.taichungjazzfestival.tw/One/index.html,2026-08-31
2026-10-16,高雄,7,1,4.2,Medium,2026衛武營管風琴音樂節,Concert / Music festival,衛武營國家藝術文化中心 音樂廳,2026-10-14,2026-10-18,https://data.gov.tw/dataset/7778,2026-08-31
2026-10-17,台北,2,1,1.13,Medium,2026臺灣自行車旅遊節,Sports / Marathon,2026年活動地點尚未確定,2026-09-01,2026-12-31,https://taiwanbike.tw/,2026-08-31
2026-10-17,新北,12,2,8.24,High,第十一屆新北市八個浪pakelang城市狩獵路跑,Sports / Marathon,水漾路一段,2026-10-16,2026-10-17,https://data.gov.tw/dataset/7778,2026-08-31
2026-10-17,桃園,3,2,3.78,High,115年全民運動會,Sports / Marathon,,2026-10-17,2026-10-22,https://data.gov.tw/dataset/7778,2026-08-31
2026-10-17,台中,10,5,10.45,High,2026臺中自行車嘉年華 Let’s All Ride!,Major celebration,上新里中新街西新巷70號,2026-10-17,2026-10-17,https://data.gov.tw/dataset/7778,2026-08-31
2026-10-17,高雄,7,1,4.2,Medium,2026衛武營管風琴音樂節,Concert / Music festival,衛武營國家藝術文化中心 音樂廳,2026-10-14,2026-10-18,https://data.gov.tw/dataset/7778,2026-08-31
2026-10-18,台北,2,1,1.13,Medium,2026臺灣自行車旅遊節,Sports / Marathon,2026年活動地點尚未確定,2026-09-01,2026-12-31,https://taiwanbike.tw/,2026-08-31
2026-10-18,新北,11,1,5.26,Medium,2026福隆國際沙雕藝術季系列活動,Sports / Marathon,福隆街42號,2026-05-29,2026-10-25,https://events.necoast-nsa.gov.tw/fulong26/,2026-08-31
2026-10-18,桃園,3,2,3.78,High,115年全民運動會,Sports / Marathon,,2026-10-17,2026-10-22,https://data.gov.tw/dataset/7778,2026-08-31
2026-10-18,台中,9,4,6.45,High,2026臺中爵士音樂節,Concert / Music festival,臺中市市民廣場,2026-10-16,2026-10-25,https://www.taichungjazzfestival.tw/One/index.html,2026-08-31
2026-10-18,高雄,7,1,4.2,Medium,2026衛武營管風琴音樂節,Concert / Music festival,衛武營國家藝術文化中心 音樂廳,2026-10-14,2026-10-18,https://data.gov.tw/dataset/7778,2026-08-31
2026-10-19,台北,1,1,0.88,Medium,2026臺灣自行車旅遊節,Sports / Marathon,2026年活動地點尚未確定,2026-09-01,2026-12-31,https://taiwanbike.tw/,2026-08-31
2026-10-19,新北,11,1,5.26,Medium,2026福隆國際沙雕藝術季系列活動,Sports / Marathon,福隆街42號,2026-05-29,2026-10-25,https://events.necoast-nsa.gov.tw/fulong26/,2026-08-31
2026-10-19,桃園,3,2,3.78,High,115年全民運動會,Sports / Marathon,,2026-10-17,2026-10-22,https://data.gov.tw/dataset/7778,2026-08-31
2026-10-19,台中,9,4,6.45,High,2026臺中爵士音樂節,Concert / Music festival,臺中市市民廣場,2026-10-16,2026-10-25,https://www.taichungjazzfestival.tw/One/index.html,2026-08-31
2026-10-19,高雄,5,0,1.75,Low,還是先躺一下再說？ Lay Down,Expo / Exhibition,駁二藝術特區 大勇區C5倉庫,2026-06-12,2027-03-01,https://data.gov.tw/dataset/7778,2026-08-31
2026-10-20,台北,1,1,0.88,Medium,2026臺灣自行車旅遊節,Sports / Marathon,2026年活動地點尚未確定,2026-09-01,2026-12-31,https://taiwanbike.tw/,2026-08-31
2026-10-20,新北,11,1,5.26,Medium,2026福隆國際沙雕藝術季系列活動,Sports / Marathon,福隆街42號,2026-05-29,2026-10-25,https://events.necoast-nsa.gov.tw/fulong26/,2026-08-31
2026-10-20,桃園,3,2,3.78,High,115年全民運動會,Sports / Marathon,,2026-10-17,2026-10-22,https://data.gov.tw/dataset/7778,2026-08-31
2026-10-20,台中,9,4,6.45,High,2026臺中爵士音樂節,Concert / Music festival,臺中市市民廣場,2026-10-16,2026-10-25,https://www.taichungjazzfestival.tw/One/index.html,2026-08-31
2026-10-20,高雄,5,0,1.75,Low,還是先躺一下再說？ Lay Down,Expo / Exhibition,駁二藝術特區 大勇區C5倉庫,2026-06-12,2027-03-01,https://data.gov.tw/dataset/7778,2026-08-31
2026-10-21,台北,1,1,0.88,Medium,2026臺灣自行車旅遊節,Sports / Marathon,2026年活動地點尚未確定,2026-09-01,2026-12-31,https://taiwanbike.tw/,2026-08-31
2026-10-21,新北,11,1,5.26,Medium,2026福隆國際沙雕藝術季系列活動,Sports / Marathon,福隆街42號,2026-05-29,2026-10-25,https://events.necoast-nsa.gov.tw/fulong26/,2026-08-31
2026-10-21,桃園,3,2,3.78,High,115年全民運動會,Sports / Marathon,,2026-10-17,2026-10-22,https://data.gov.tw/dataset/7778,2026-08-31
2026-10-21,台中,9,4,6.45,High,2026臺中爵士音樂節,Concert / Music festival,臺中市市民廣場,2026-10-16,2026-10-25,https://www.taichungjazzfestival.tw/One/index.html,2026-08-31
2026-10-21,高雄,5,0,1.75,Low,還是先躺一下再說？ Lay Down,Expo / Exhibition,駁二藝術特區 大勇區C5倉庫,2026-06-12,2027-03-01,https://data.gov.tw/dataset/7778,2026-08-31
2026-10-22,台北,1,1,0.88,Medium,2026臺灣自行車旅遊節,Sports / Marathon,2026年活動地點尚未確定,2026-09-01,2026-12-31,https://taiwanbike.tw/,2026-08-31
2026-10-22,新北,11,1,5.26,Medium,2026福隆國際沙雕藝術季系列活動,Sports / Marathon,福隆街42號,2026-05-29,2026-10-25,https://events.necoast-nsa.gov.tw/fulong26/,2026-08-31
2026-10-22,桃園,3,2,3.78,High,115年全民運動會,Sports / Marathon,,2026-10-17,2026-10-22,https://data.gov.tw/dataset/7778,2026-08-31
2026-10-22,台中,9,4,6.45,High,2026臺中爵士音樂節,Concert / Music festival,臺中市市民廣場,2026-10-16,2026-10-25,https://www.taichungjazzfestival.tw/One/index.html,2026-08-31
2026-10-22,高雄,5,0,1.75,Low,還是先躺一下再說？ Lay Down,Expo / Exhibition,駁二藝術特區 大勇區C5倉庫,2026-06-12,2027-03-01,https://data.gov.tw/dataset/7778,2026-08-31
2026-10-23,台北,1,1,0.88,Medium,2026臺灣自行車旅遊節,Sports / Marathon,2026年活動地點尚未確定,2026-09-01,2026-12-31,https://taiwanbike.tw/,2026-08-31
2026-10-23,新北,11,1,5.26,Medium,2026福隆國際沙雕藝術季系列活動,Sports / Marathon,福隆街42號,2026-05-29,2026-10-25,https://events.necoast-nsa.gov.tw/fulong26/,2026-08-31
2026-10-23,桃園,2,1,1.85,Medium,2026桃園萬聖城,Major celebration,桃園藝文廣場,2026-10-15,2026-10-31,https://travel.tycg.gov.tw/zh-tw/event/calendar/2026,2026-08-31
2026-10-23,台中,9,4,6.45,High,2026臺中爵士音樂節,Concert / Music festival,臺中市市民廣場,2026-10-16,2026-10-25,https://www.taichungjazzfestival.tw/One/index.html,2026-08-31
2026-10-23,高雄,5,0,1.75,Low,還是先躺一下再說？ Lay Down,Expo / Exhibition,駁二藝術特區 大勇區C5倉庫,2026-06-12,2027-03-01,https://data.gov.tw/dataset/7778,2026-08-31
2026-10-24,台北,1,1,0.88,Medium,2026臺灣自行車旅遊節,Sports / Marathon,2026年活動地點尚未確定,2026-09-01,2026-12-31,https://taiwanbike.tw/,2026-08-31
2026-10-24,新北,11,1,5.26,Medium,2026福隆國際沙雕藝術季系列活動,Sports / Marathon,福隆街42號,2026-05-29,2026-10-25,https://events.necoast-nsa.gov.tw/fulong26/,2026-08-31
2026-10-24,桃園,2,1,1.85,Medium,2026桃園萬聖城,Major celebration,桃園藝文廣場,2026-10-15,2026-10-31,https://travel.tycg.gov.tw/zh-tw/event/calendar/2026,2026-08-31
2026-10-24,台中,9,4,6.45,High,2026臺中爵士音樂節,Concert / Music festival,臺中市市民廣場,2026-10-16,2026-10-25,https://www.taichungjazzfestival.tw/One/index.html,2026-08-31
2026-10-24,高雄,6,1,5.15,Medium,2026高雄鹹酥雞嘉年華,Major celebration,高雄大遠百-1F追夢廣場,2026-10-24,2026-10-25,https://data.gov.tw/dataset/7778,2026-08-31
2026-10-25,台北,1,1,0.88,Medium,2026臺灣自行車旅遊節,Sports / Marathon,2026年活動地點尚未確定,2026-09-01,2026-12-31,https://taiwanbike.tw/,2026-08-31
2026-10-25,新北,9,1,4.63,Medium,2026福隆國際沙雕藝術季系列活動,Sports / Marathon,福隆街42號,2026-05-29,2026-10-25,https://events.necoast-nsa.gov.tw/fulong26/,2026-08-31
2026-10-25,桃園,3,1,2.4,Medium,2026桃園萬聖城,Major celebration,桃園藝文廣場,2026-10-15,2026-10-31,https://travel.tycg.gov.tw/zh-tw/event/calendar/2026,2026-08-31
2026-10-25,台中,10,5,10.45,High,2026水流東紅酒音樂祭,Concert / Music festival,月眉北路486號,2026-10-25,2026-10-25,https://data.gov.tw/dataset/7778,2026-08-31
2026-10-25,高雄,6,1,5.15,Medium,2026高雄鹹酥雞嘉年華,Major celebration,高雄大遠百-1F追夢廣場,2026-10-24,2026-10-25,https://data.gov.tw/dataset/7778,2026-08-31
2026-10-26,台北,1,1,0.88,Medium,2026臺灣自行車旅遊節,Sports / Marathon,2026年活動地點尚未確定,2026-09-01,2026-12-31,https://taiwanbike.tw/,2026-08-31
2026-10-26,新北,8,0,3.75,Medium,2026臺灣國際陶藝雙年展,Expo / Exhibition,新北市立鶯歌陶瓷博物館 3樓特展室,2026-07-30,2026-12-27,https://data.gov.tw/dataset/7778,2026-08-31
2026-10-26,桃園,3,1,2.4,Medium,2026桃園萬聖城,Major celebration,桃園藝文廣場,2026-10-15,2026-10-31,https://travel.tycg.gov.tw/zh-tw/event/calendar/2026,2026-08-31
2026-10-26,台中,8,3,4.25,High,115-116年探索臺中之美 引客獎勵方案,Major celebration,,2026-02-15,2027-03-08,https://data.gov.tw/dataset/7778,2026-08-31
2026-10-26,高雄,5,0,1.75,Low,還是先躺一下再說？ Lay Down,Expo / Exhibition,駁二藝術特區 大勇區C5倉庫,2026-06-12,2027-03-01,https://data.gov.tw/dataset/7778,2026-08-31
2026-10-27,台北,1,1,0.88,Medium,2026臺灣自行車旅遊節,Sports / Marathon,2026年活動地點尚未確定,2026-09-01,2026-12-31,https://taiwanbike.tw/,2026-08-31
2026-10-27,新北,7,0,3.5,Medium,2026臺灣國際陶藝雙年展,Expo / Exhibition,新北市立鶯歌陶瓷博物館 3樓特展室,2026-07-30,2026-12-27,https://data.gov.tw/dataset/7778,2026-08-31
2026-10-27,桃園,3,1,2.4,Medium,2026桃園萬聖城,Major celebration,桃園藝文廣場,2026-10-15,2026-10-31,https://travel.tycg.gov.tw/zh-tw/event/calendar/2026,2026-08-31
2026-10-27,台中,8,3,4.25,High,115-116年探索臺中之美 引客獎勵方案,Major celebration,,2026-02-15,2027-03-08,https://data.gov.tw/dataset/7778,2026-08-31
2026-10-27,高雄,4,0,1.25,Low,還是先躺一下再說？ Lay Down,Expo / Exhibition,駁二藝術特區 大勇區C5倉庫,2026-06-12,2027-03-01,https://data.gov.tw/dataset/7778,2026-08-31
2026-10-28,台北,1,1,0.88,Medium,2026臺灣自行車旅遊節,Sports / Marathon,2026年活動地點尚未確定,2026-09-01,2026-12-31,https://taiwanbike.tw/,2026-08-31
2026-10-28,新北,7,0,3.5,Medium,2026臺灣國際陶藝雙年展,Expo / Exhibition,新北市立鶯歌陶瓷博物館 3樓特展室,2026-07-30,2026-12-27,https://data.gov.tw/dataset/7778,2026-08-31
2026-10-28,桃園,3,1,2.4,Medium,2026桃園萬聖城,Major celebration,桃園藝文廣場,2026-10-15,2026-10-31,https://travel.tycg.gov.tw/zh-tw/event/calendar/2026,2026-08-31
2026-10-28,台中,8,3,4.25,High,115-116年探索臺中之美 引客獎勵方案,Major celebration,,2026-02-15,2027-03-08,https://data.gov.tw/dataset/7778,2026-08-31
2026-10-28,高雄,4,0,1.25,Low,還是先躺一下再說？ Lay Down,Expo / Exhibition,駁二藝術特區 大勇區C5倉庫,2026-06-12,2027-03-01,https://data.gov.tw/dataset/7778,2026-08-31
2026-10-29,台北,1,1,0.88,Medium,2026臺灣自行車旅遊節,Sports / Marathon,2026年活動地點尚未確定,2026-09-01,2026-12-31,https://taiwanbike.tw/,2026-08-31
2026-10-29,新北,7,0,3.5,Medium,2026臺灣國際陶藝雙年展,Expo / Exhibition,新北市立鶯歌陶瓷博物館 3樓特展室,2026-07-30,2026-12-27,https://data.gov.tw/dataset/7778,2026-08-31
2026-10-29,桃園,3,1,2.4,Medium,2026桃園萬聖城,Major celebration,桃園藝文廣場,2026-10-15,2026-10-31,https://travel.tycg.gov.tw/zh-tw/event/calendar/2026,2026-08-31
2026-10-29,台中,8,3,4.25,High,115-116年探索臺中之美 引客獎勵方案,Major celebration,,2026-02-15,2027-03-08,https://data.gov.tw/dataset/7778,2026-08-31
2026-10-29,高雄,4,0,1.25,Low,還是先躺一下再說？ Lay Down,Expo / Exhibition,駁二藝術特區 大勇區C5倉庫,2026-06-12,2027-03-01,https://data.gov.tw/dataset/7778,2026-08-31
2026-10-30,台北,2,1,1.98,Medium,2026 Art Taipei 台北國際藝術博覽會,Expo / Exhibition,台北世界貿易中心展覽一館,2026-10-30,2026-11-02,https://2026.art-taipei.com/taipei/tw/,2026-08-31
2026-10-30,新北,7,0,3.5,Medium,2026臺灣國際陶藝雙年展,Expo / Exhibition,新北市立鶯歌陶瓷博物館 3樓特展室,2026-07-30,2026-12-27,https://data.gov.tw/dataset/7778,2026-08-31
2026-10-30,桃園,3,1,2.4,Medium,2026桃園萬聖城,Major celebration,桃園藝文廣場,2026-10-15,2026-10-31,https://travel.tycg.gov.tw/zh-tw/event/calendar/2026,2026-08-31
2026-10-30,台中,9,4,5.85,High,2026新社花海暨臺中國際花毯節,Major celebration,行政院農業部種苗改良繁殖場第二苗圃,2026-10-30,2026-11-22,https://data.gov.tw/dataset/7778,2026-08-31
2026-10-30,高雄,4,0,1.25,Low,還是先躺一下再說？ Lay Down,Expo / Exhibition,駁二藝術特區 大勇區C5倉庫,2026-06-12,2027-03-01,https://data.gov.tw/dataset/7778,2026-08-31
2026-10-31,台北,2,1,1.98,Medium,2026 Art Taipei 台北國際藝術博覽會,Expo / Exhibition,台北世界貿易中心展覽一館,2026-10-30,2026-11-02,https://2026.art-taipei.com/taipei/tw/,2026-08-31
2026-10-31,新北,7,0,3.5,Medium,2026臺灣國際陶藝雙年展,Expo / Exhibition,新北市立鶯歌陶瓷博物館 3樓特展室,2026-07-30,2026-12-27,https://data.gov.tw/dataset/7778,2026-08-31
2026-10-31,桃園,3,1,2.4,Medium,2026桃園萬聖城,Major celebration,桃園藝文廣場,2026-10-15,2026-10-31,https://travel.tycg.gov.tw/zh-tw/event/calendar/2026,2026-08-31
2026-10-31,台中,9,4,5.85,High,2026新社花海暨臺中國際花毯節,Major celebration,行政院農業部種苗改良繁殖場第二苗圃,2026-10-30,2026-11-22,https://data.gov.tw/dataset/7778,2026-08-31
2026-10-31,高雄,5,1,6.25,Medium,Fujii Kaze Prema World Tour - Kaohsiung,Other,高雄國家體育場,2026-10-31,2026-10-31,https://data.gov.tw/dataset/7778,2026-08-31
2026-11-01,台北,2,1,1.98,Medium,2026 Art Taipei 台北國際藝術博覽會,Expo / Exhibition,台北世界貿易中心展覽一館,2026-10-30,2026-11-02,https://2026.art-taipei.com/taipei/tw/,2026-08-31
2026-11-01,新北,8,0,3.9,Medium,2026臺灣國際陶藝雙年展,Expo / Exhibition,新北市立鶯歌陶瓷博物館 3樓特展室,2026-07-30,2026-12-27,https://data.gov.tw/dataset/7778,2026-08-31
2026-11-01,桃園,1,0,0.55,Low,2026桃園萬聖城,Other,,2026-10-25,2026-11-02,https://data.gov.tw/dataset/7778,2026-08-31
2026-11-01,台中,8,4,5.6,High,2026新社花海暨臺中國際花毯節,Major celebration,行政院農業部種苗改良繁殖場第二苗圃,2026-10-30,2026-11-22,https://data.gov.tw/dataset/7778,2026-08-31
2026-11-01,高雄,4,0,1.25,Low,還是先躺一下再說？ Lay Down,Expo / Exhibition,駁二藝術特區 大勇區C5倉庫,2026-06-12,2027-03-01,https://data.gov.tw/dataset/7778,2026-08-31
2026-11-02,台北,2,1,1.98,Medium,2026 Art Taipei 台北國際藝術博覽會,Expo / Exhibition,台北世界貿易中心展覽一館,2026-10-30,2026-11-02,https://2026.art-taipei.com/taipei/tw/,2026-08-31
2026-11-02,新北,8,0,3.9,Medium,2026臺灣國際陶藝雙年展,Expo / Exhibition,新北市立鶯歌陶瓷博物館 3樓特展室,2026-07-30,2026-12-27,https://data.gov.tw/dataset/7778,2026-08-31
2026-11-02,桃園,1,0,0.55,Low,2026桃園萬聖城,Other,,2026-10-25,2026-11-02,https://data.gov.tw/dataset/7778,2026-08-31
2026-11-02,台中,8,4,5.6,High,2026新社花海暨臺中國際花毯節,Major celebration,行政院農業部種苗改良繁殖場第二苗圃,2026-10-30,2026-11-22,https://data.gov.tw/dataset/7778,2026-08-31
2026-11-02,高雄,4,0,1.25,Low,還是先躺一下再說？ Lay Down,Expo / Exhibition,駁二藝術特區 大勇區C5倉庫,2026-06-12,2027-03-01,https://data.gov.tw/dataset/7778,2026-08-31
2026-11-03,台北,1,1,0.88,Medium,2026臺灣自行車旅遊節,Sports / Marathon,2026年活動地點尚未確定,2026-09-01,2026-12-31,https://taiwanbike.tw/,2026-08-31
2026-11-03,新北,8,0,3.9,Medium,2026臺灣國際陶藝雙年展,Expo / Exhibition,新北市立鶯歌陶瓷博物館 3樓特展室,2026-07-30,2026-12-27,https://data.gov.tw/dataset/7778,2026-08-31
2026-11-03,桃園,0,0,0,None,,,,,,,2026-08-31
2026-11-03,台中,8,4,5.6,High,2026新社花海暨臺中國際花毯節,Major celebration,行政院農業部種苗改良繁殖場第二苗圃,2026-10-30,2026-11-22,https://data.gov.tw/dataset/7778,2026-08-31
2026-11-03,高雄,4,0,1.25,Low,還是先躺一下再說？ Lay Down,Expo / Exhibition,駁二藝術特區 大勇區C5倉庫,2026-06-12,2027-03-01,https://data.gov.tw/dataset/7778,2026-08-31
2026-11-04,台北,1,1,0.88,Medium,2026臺灣自行車旅遊節,Sports / Marathon,2026年活動地點尚未確定,2026-09-01,2026-12-31,https://taiwanbike.tw/,2026-08-31
2026-11-04,新北,8,0,3.9,Medium,2026臺灣國際陶藝雙年展,Expo / Exhibition,新北市立鶯歌陶瓷博物館 3樓特展室,2026-07-30,2026-12-27,https://data.gov.tw/dataset/7778,2026-08-31
2026-11-04,桃園,0,0,0,None,,,,,,,2026-08-31
2026-11-04,台中,8,4,5.6,High,2026新社花海暨臺中國際花毯節,Major celebration,行政院農業部種苗改良繁殖場第二苗圃,2026-10-30,2026-11-22,https://data.gov.tw/dataset/7778,2026-08-31
2026-11-04,高雄,4,0,1.25,Low,還是先躺一下再說？ Lay Down,Expo / Exhibition,駁二藝術特區 大勇區C5倉庫,2026-06-12,2027-03-01,https://data.gov.tw/dataset/7778,2026-08-31
2026-11-05,台北,1,1,0.88,Medium,2026臺灣自行車旅遊節,Sports / Marathon,2026年活動地點尚未確定,2026-09-01,2026-12-31,https://taiwanbike.tw/,2026-08-31
2026-11-05,新北,8,0,3.9,Medium,2026臺灣國際陶藝雙年展,Expo / Exhibition,新北市立鶯歌陶瓷博物館 3樓特展室,2026-07-30,2026-12-27,https://data.gov.tw/dataset/7778,2026-08-31
2026-11-05,桃園,0,0,0,None,,,,,,,2026-08-31
2026-11-05,台中,8,4,5.6,High,2026新社花海暨臺中國際花毯節,Major celebration,行政院農業部種苗改良繁殖場第二苗圃,2026-10-30,2026-11-22,https://data.gov.tw/dataset/7778,2026-08-31
2026-11-05,高雄,4,0,1.25,Low,還是先躺一下再說？ Lay Down,Expo / Exhibition,駁二藝術特區 大勇區C5倉庫,2026-06-12,2027-03-01,https://data.gov.tw/dataset/7778,2026-08-31
2026-11-06,台北,1,1,0.88,Medium,2026臺灣自行車旅遊節,Sports / Marathon,2026年活動地點尚未確定,2026-09-01,2026-12-31,https://taiwanbike.tw/,2026-08-31
2026-11-06,新北,8,0,3.9,Medium,2026臺灣國際陶藝雙年展,Expo / Exhibition,新北市立鶯歌陶瓷博物館 3樓特展室,2026-07-30,2026-12-27,https://data.gov.tw/dataset/7778,2026-08-31
2026-11-06,桃園,0,0,0,None,,,,,,,2026-08-31
2026-11-06,台中,8,4,5.6,High,2026新社花海暨臺中國際花毯節,Major celebration,行政院農業部種苗改良繁殖場第二苗圃,2026-10-30,2026-11-22,https://data.gov.tw/dataset/7778,2026-08-31
2026-11-06,高雄,4,0,1.25,Low,還是先躺一下再說？ Lay Down,Expo / Exhibition,駁二藝術特區 大勇區C5倉庫,2026-06-12,2027-03-01,https://data.gov.tw/dataset/7778,2026-08-31
2026-11-07,台北,1,1,0.88,Medium,2026臺灣自行車旅遊節,Sports / Marathon,2026年活動地點尚未確定,2026-09-01,2026-12-31,https://taiwanbike.tw/,2026-08-31
2026-11-07,新北,8,0,3.9,Medium,2026臺灣國際陶藝雙年展,Expo / Exhibition,新北市立鶯歌陶瓷博物館 3樓特展室,2026-07-30,2026-12-27,https://data.gov.tw/dataset/7778,2026-08-31
2026-11-07,桃園,0,0,0,None,,,,,,,2026-08-31
2026-11-07,台中,8,4,5.6,High,2026新社花海暨臺中國際花毯節,Major celebration,行政院農業部種苗改良繁殖場第二苗圃,2026-10-30,2026-11-22,https://data.gov.tw/dataset/7778,2026-08-31
2026-11-07,高雄,4,0,1.25,Low,還是先躺一下再說？ Lay Down,Expo / Exhibition,駁二藝術特區 大勇區C5倉庫,2026-06-12,2027-03-01,https://data.gov.tw/dataset/7778,2026-08-31
2026-11-08,台北,1,1,0.88,Medium,2026臺灣自行車旅遊節,Sports / Marathon,2026年活動地點尚未確定,2026-09-01,2026-12-31,https://taiwanbike.tw/,2026-08-31
2026-11-08,新北,8,0,3.9,Medium,2026臺灣國際陶藝雙年展,Expo / Exhibition,新北市立鶯歌陶瓷博物館 3樓特展室,2026-07-30,2026-12-27,https://data.gov.tw/dataset/7778,2026-08-31
2026-11-08,桃園,0,0,0,None,,,,,,,2026-08-31
2026-11-08,台中,8,4,5.6,High,2026新社花海暨臺中國際花毯節,Major celebration,行政院農業部種苗改良繁殖場第二苗圃,2026-10-30,2026-11-22,https://data.gov.tw/dataset/7778,2026-08-31
2026-11-08,高雄,4,0,1.25,Low,還是先躺一下再說？ Lay Down,Expo / Exhibition,駁二藝術特區 大勇區C5倉庫,2026-06-12,2027-03-01,https://data.gov.tw/dataset/7778,2026-08-31
2026-11-09,台北,1,1,0.88,Medium,2026臺灣自行車旅遊節,Sports / Marathon,2026年活動地點尚未確定,2026-09-01,2026-12-31,https://taiwanbike.tw/,2026-08-31
2026-11-09,新北,8,0,3.9,Medium,2026臺灣國際陶藝雙年展,Expo / Exhibition,新北市立鶯歌陶瓷博物館 3樓特展室,2026-07-30,2026-12-27,https://data.gov.tw/dataset/7778,2026-08-31
2026-11-09,桃園,0,0,0,None,,,,,,,2026-08-31
2026-11-09,台中,8,4,5.6,High,2026新社花海暨臺中國際花毯節,Major celebration,行政院農業部種苗改良繁殖場第二苗圃,2026-10-30,2026-11-22,https://data.gov.tw/dataset/7778,2026-08-31
2026-11-09,高雄,4,0,1.25,Low,還是先躺一下再說？ Lay Down,Expo / Exhibition,駁二藝術特區 大勇區C5倉庫,2026-06-12,2027-03-01,https://data.gov.tw/dataset/7778,2026-08-31
2026-11-10,台北,1,1,0.88,Medium,2026臺灣自行車旅遊節,Sports / Marathon,2026年活動地點尚未確定,2026-09-01,2026-12-31,https://taiwanbike.tw/,2026-08-31
2026-11-10,新北,8,0,3.9,Medium,2026臺灣國際陶藝雙年展,Expo / Exhibition,新北市立鶯歌陶瓷博物館 3樓特展室,2026-07-30,2026-12-27,https://data.gov.tw/dataset/7778,2026-08-31
2026-11-10,桃園,0,0,0,None,,,,,,,2026-08-31
2026-11-10,台中,8,4,5.6,High,2026新社花海暨臺中國際花毯節,Major celebration,行政院農業部種苗改良繁殖場第二苗圃,2026-10-30,2026-11-22,https://data.gov.tw/dataset/7778,2026-08-31
2026-11-10,高雄,4,0,1.25,Low,還是先躺一下再說？ Lay Down,Expo / Exhibition,駁二藝術特區 大勇區C5倉庫,2026-06-12,2027-03-01,https://data.gov.tw/dataset/7778,2026-08-31
2026-11-11,台北,1,1,0.88,Medium,2026臺灣自行車旅遊節,Sports / Marathon,2026年活動地點尚未確定,2026-09-01,2026-12-31,https://taiwanbike.tw/,2026-08-31
2026-11-11,新北,8,0,3.9,Medium,2026臺灣國際陶藝雙年展,Expo / Exhibition,新北市立鶯歌陶瓷博物館 3樓特展室,2026-07-30,2026-12-27,https://data.gov.tw/dataset/7778,2026-08-31
2026-11-11,桃園,0,0,0,None,,,,,,,2026-08-31
2026-11-11,台中,8,4,5.6,High,2026新社花海暨臺中國際花毯節,Major celebration,行政院農業部種苗改良繁殖場第二苗圃,2026-10-30,2026-11-22,https://data.gov.tw/dataset/7778,2026-08-31
2026-11-11,高雄,4,0,1.25,Low,還是先躺一下再說？ Lay Down,Expo / Exhibition,駁二藝術特區 大勇區C5倉庫,2026-06-12,2027-03-01,https://data.gov.tw/dataset/7778,2026-08-31
2026-11-12,台北,1,1,0.88,Medium,2026臺灣自行車旅遊節,Sports / Marathon,2026年活動地點尚未確定,2026-09-01,2026-12-31,https://taiwanbike.tw/,2026-08-31
2026-11-12,新北,8,0,3.9,Medium,2026臺灣國際陶藝雙年展,Expo / Exhibition,新北市立鶯歌陶瓷博物館 3樓特展室,2026-07-30,2026-12-27,https://data.gov.tw/dataset/7778,2026-08-31
2026-11-12,桃園,0,0,0,None,,,,,,,2026-08-31
2026-11-12,台中,8,4,5.6,High,2026新社花海暨臺中國際花毯節,Major celebration,行政院農業部種苗改良繁殖場第二苗圃,2026-10-30,2026-11-22,https://data.gov.tw/dataset/7778,2026-08-31
2026-11-12,高雄,4,0,1.25,Low,還是先躺一下再說？ Lay Down,Expo / Exhibition,駁二藝術特區 大勇區C5倉庫,2026-06-12,2027-03-01,https://data.gov.tw/dataset/7778,2026-08-31
2026-11-13,台北,1,1,0.88,Medium,2026臺灣自行車旅遊節,Sports / Marathon,2026年活動地點尚未確定,2026-09-01,2026-12-31,https://taiwanbike.tw/,2026-08-31
2026-11-13,新北,8,0,3.9,Medium,2026臺灣國際陶藝雙年展,Expo / Exhibition,新北市立鶯歌陶瓷博物館 3樓特展室,2026-07-30,2026-12-27,https://data.gov.tw/dataset/7778,2026-08-31
2026-11-13,桃園,0,0,0,None,,,,,,,2026-08-31
2026-11-13,台中,8,4,5.6,High,2026新社花海暨臺中國際花毯節,Major celebration,行政院農業部種苗改良繁殖場第二苗圃,2026-10-30,2026-11-22,https://data.gov.tw/dataset/7778,2026-08-31
2026-11-13,高雄,4,0,1.25,Low,還是先躺一下再說？ Lay Down,Expo / Exhibition,駁二藝術特區 大勇區C5倉庫,2026-06-12,2027-03-01,https://data.gov.tw/dataset/7778,2026-08-31
2026-11-14,台北,1,1,0.88,Medium,2026臺灣自行車旅遊節,Sports / Marathon,2026年活動地點尚未確定,2026-09-01,2026-12-31,https://taiwanbike.tw/,2026-08-31
2026-11-14,新北,9,0,4.15,Medium,2026臺灣國際陶藝雙年展,Expo / Exhibition,新北市立鶯歌陶瓷博物館 3樓特展室,2026-07-30,2026-12-27,https://data.gov.tw/dataset/7778,2026-08-31
2026-11-14,桃園,1,0,0.55,Low,2026桃園花彩節,Other,大溪月眉休閒農業區,2026-11-14,2026-11-22,https://data.gov.tw/dataset/7778,2026-08-31
2026-11-14,台中,8,4,5.6,High,2026新社花海暨臺中國際花毯節,Major celebration,行政院農業部種苗改良繁殖場第二苗圃,2026-10-30,2026-11-22,https://data.gov.tw/dataset/7778,2026-08-31
2026-11-14,高雄,4,0,1.25,Low,還是先躺一下再說？ Lay Down,Expo / Exhibition,駁二藝術特區 大勇區C5倉庫,2026-06-12,2027-03-01,https://data.gov.tw/dataset/7778,2026-08-31
2026-11-15,台北,1,1,0.88,Medium,2026臺灣自行車旅遊節,Sports / Marathon,2026年活動地點尚未確定,2026-09-01,2026-12-31,https://taiwanbike.tw/,2026-08-31
2026-11-15,新北,9,0,4.15,Medium,2026臺灣國際陶藝雙年展,Expo / Exhibition,新北市立鶯歌陶瓷博物館 3樓特展室,2026-07-30,2026-12-27,https://data.gov.tw/dataset/7778,2026-08-31
2026-11-15,桃園,2,0,0.8,Low,2026桃園花彩節,Other,大溪月眉休閒農業區,2026-11-14,2026-11-22,https://data.gov.tw/dataset/7778,2026-08-31
2026-11-15,台中,8,4,5.6,High,2026新社花海暨臺中國際花毯節,Major celebration,行政院農業部種苗改良繁殖場第二苗圃,2026-10-30,2026-11-22,https://data.gov.tw/dataset/7778,2026-08-31
2026-11-15,高雄,5,1,4.23,Medium,2026高雄戲獅甲,Sports / Marathon,中正一路94巷1號,2026-11-15,2026-11-16,https://www.facebook.com/KaohsiungLionDance/?locale=zh_TW,2026-08-31
2026-11-16,台北,1,1,0.88,Medium,2026臺灣自行車旅遊節,Sports / Marathon,2026年活動地點尚未確定,2026-09-01,2026-12-31,https://taiwanbike.tw/,2026-08-31
2026-11-16,新北,8,0,3.65,Medium,2026臺灣國際陶藝雙年展,Expo / Exhibition,新北市立鶯歌陶瓷博物館 3樓特展室,2026-07-30,2026-12-27,https://data.gov.tw/dataset/7778,2026-08-31
2026-11-16,桃園,2,0,0.8,Low,2026桃園花彩節,Other,大溪月眉休閒農業區,2026-11-14,2026-11-22,https://data.gov.tw/dataset/7778,2026-08-31
2026-11-16,台中,8,4,5.6,High,2026新社花海暨臺中國際花毯節,Major celebration,行政院農業部種苗改良繁殖場第二苗圃,2026-10-30,2026-11-22,https://data.gov.tw/dataset/7778,2026-08-31
2026-11-16,高雄,5,1,4.23,Medium,2026高雄戲獅甲,Sports / Marathon,中正一路94巷1號,2026-11-15,2026-11-16,https://www.facebook.com/KaohsiungLionDance/?locale=zh_TW,2026-08-31
2026-11-17,台北,1,1,0.88,Medium,2026臺灣自行車旅遊節,Sports / Marathon,2026年活動地點尚未確定,2026-09-01,2026-12-31,https://taiwanbike.tw/,2026-08-31
2026-11-17,新北,8,0,3.65,Medium,2026臺灣國際陶藝雙年展,Expo / Exhibition,新北市立鶯歌陶瓷博物館 3樓特展室,2026-07-30,2026-12-27,https://data.gov.tw/dataset/7778,2026-08-31
2026-11-17,桃園,2,0,0.8,Low,2026桃園花彩節,Other,大溪月眉休閒農業區,2026-11-14,2026-11-22,https://data.gov.tw/dataset/7778,2026-08-31
2026-11-17,台中,8,4,5.6,High,2026新社花海暨臺中國際花毯節,Major celebration,行政院農業部種苗改良繁殖場第二苗圃,2026-10-30,2026-11-22,https://data.gov.tw/dataset/7778,2026-08-31
2026-11-17,高雄,4,0,1.25,Low,還是先躺一下再說？ Lay Down,Expo / Exhibition,駁二藝術特區 大勇區C5倉庫,2026-06-12,2027-03-01,https://data.gov.tw/dataset/7778,2026-08-31
2026-11-18,台北,1,1,0.88,Medium,2026臺灣自行車旅遊節,Sports / Marathon,2026年活動地點尚未確定,2026-09-01,2026-12-31,https://taiwanbike.tw/,2026-08-31
2026-11-18,新北,8,0,3.65,Medium,2026臺灣國際陶藝雙年展,Expo / Exhibition,新北市立鶯歌陶瓷博物館 3樓特展室,2026-07-30,2026-12-27,https://data.gov.tw/dataset/7778,2026-08-31
2026-11-18,桃園,2,0,0.8,Low,2026桃園花彩節,Other,大溪月眉休閒農業區,2026-11-14,2026-11-22,https://data.gov.tw/dataset/7778,2026-08-31
2026-11-18,台中,8,4,5.6,High,2026新社花海暨臺中國際花毯節,Major celebration,行政院農業部種苗改良繁殖場第二苗圃,2026-10-30,2026-11-22,https://data.gov.tw/dataset/7778,2026-08-31
2026-11-18,高雄,4,0,1.25,Low,還是先躺一下再說？ Lay Down,Expo / Exhibition,駁二藝術特區 大勇區C5倉庫,2026-06-12,2027-03-01,https://data.gov.tw/dataset/7778,2026-08-31
2026-11-19,台北,1,1,0.88,Medium,2026臺灣自行車旅遊節,Sports / Marathon,2026年活動地點尚未確定,2026-09-01,2026-12-31,https://taiwanbike.tw/,2026-08-31
2026-11-19,新北,8,0,3.65,Medium,2026臺灣國際陶藝雙年展,Expo / Exhibition,新北市立鶯歌陶瓷博物館 3樓特展室,2026-07-30,2026-12-27,https://data.gov.tw/dataset/7778,2026-08-31
2026-11-19,桃園,2,0,0.8,Low,2026桃園花彩節,Other,大溪月眉休閒農業區,2026-11-14,2026-11-22,https://data.gov.tw/dataset/7778,2026-08-31
2026-11-19,台中,8,4,5.6,High,2026新社花海暨臺中國際花毯節,Major celebration,行政院農業部種苗改良繁殖場第二苗圃,2026-10-30,2026-11-22,https://data.gov.tw/dataset/7778,2026-08-31
2026-11-19,高雄,5,1,4,Medium,BTS WORLD TOUR ’ARIRANG’ IN KAOHSIUNG,Other,高雄國家體育場 (世運主場館),2026-11-19,2026-11-22,https://data.gov.tw/dataset/7778,2026-08-31
2026-11-20,台北,1,1,0.88,Medium,2026臺灣自行車旅遊節,Sports / Marathon,2026年活動地點尚未確定,2026-09-01,2026-12-31,https://taiwanbike.tw/,2026-08-31
2026-11-20,新北,8,0,3.65,Medium,2026臺灣國際陶藝雙年展,Expo / Exhibition,新北市立鶯歌陶瓷博物館 3樓特展室,2026-07-30,2026-12-27,https://data.gov.tw/dataset/7778,2026-08-31
2026-11-20,桃園,2,0,0.8,Low,2026桃園花彩節,Other,大溪月眉休閒農業區,2026-11-14,2026-11-22,https://data.gov.tw/dataset/7778,2026-08-31
2026-11-20,台中,8,4,5.6,High,2026新社花海暨臺中國際花毯節,Major celebration,行政院農業部種苗改良繁殖場第二苗圃,2026-10-30,2026-11-22,https://data.gov.tw/dataset/7778,2026-08-31
2026-11-20,高雄,5,1,4,Medium,BTS WORLD TOUR ’ARIRANG’ IN KAOHSIUNG,Other,高雄國家體育場 (世運主場館),2026-11-19,2026-11-22,https://data.gov.tw/dataset/7778,2026-08-31
2026-11-21,台北,1,1,0.88,Medium,2026臺灣自行車旅遊節,Sports / Marathon,2026年活動地點尚未確定,2026-09-01,2026-12-31,https://taiwanbike.tw/,2026-08-31
2026-11-21,新北,8,0,3.65,Medium,2026臺灣國際陶藝雙年展,Expo / Exhibition,新北市立鶯歌陶瓷博物館 3樓特展室,2026-07-30,2026-12-27,https://data.gov.tw/dataset/7778,2026-08-31
2026-11-21,桃園,2,0,0.8,Low,2026桃園花彩節,Other,大溪月眉休閒農業區,2026-11-14,2026-11-22,https://data.gov.tw/dataset/7778,2026-08-31
2026-11-21,台中,8,4,5.6,High,2026新社花海暨臺中國際花毯節,Major celebration,行政院農業部種苗改良繁殖場第二苗圃,2026-10-30,2026-11-22,https://data.gov.tw/dataset/7778,2026-08-31
2026-11-21,高雄,5,1,4,Medium,BTS WORLD TOUR ’ARIRANG’ IN KAOHSIUNG,Other,高雄國家體育場 (世運主場館),2026-11-19,2026-11-22,https://data.gov.tw/dataset/7778,2026-08-31
2026-11-22,台北,1,1,0.88,Medium,2026臺灣自行車旅遊節,Sports / Marathon,2026年活動地點尚未確定,2026-09-01,2026-12-31,https://taiwanbike.tw/,2026-08-31
2026-11-22,新北,8,0,3.65,Medium,2026臺灣國際陶藝雙年展,Expo / Exhibition,新北市立鶯歌陶瓷博物館 3樓特展室,2026-07-30,2026-12-27,https://data.gov.tw/dataset/7778,2026-08-31
2026-11-22,桃園,2,0,0.8,Low,2026桃園花彩節,Other,大溪月眉休閒農業區,2026-11-14,2026-11-22,https://data.gov.tw/dataset/7778,2026-08-31
2026-11-22,台中,8,4,5.6,High,2026新社花海暨臺中國際花毯節,Major celebration,行政院農業部種苗改良繁殖場第二苗圃,2026-10-30,2026-11-22,https://data.gov.tw/dataset/7778,2026-08-31
2026-11-22,高雄,5,1,4,Medium,BTS WORLD TOUR ’ARIRANG’ IN KAOHSIUNG,Other,高雄國家體育場 (世運主場館),2026-11-19,2026-11-22,https://data.gov.tw/dataset/7778,2026-08-31
2026-11-23,台北,1,1,0.88,Medium,2026臺灣自行車旅遊節,Sports / Marathon,2026年活動地點尚未確定,2026-09-01,2026-12-31,https://taiwanbike.tw/,2026-08-31
2026-11-23,新北,7,0,3.15,Medium,2026臺灣國際陶藝雙年展,Expo / Exhibition,新北市立鶯歌陶瓷博物館 3樓特展室,2026-07-30,2026-12-27,https://data.gov.tw/dataset/7778,2026-08-31
2026-11-23,桃園,1,0,0.25,Low,2026大溪豆干節,Other,,2026-11-15,2026-12-20,https://data.gov.tw/dataset/7778,2026-08-31
2026-11-23,台中,7,3,4,High,115-116年探索臺中之美 引客獎勵方案,Major celebration,,2026-02-15,2027-03-08,https://data.gov.tw/dataset/7778,2026-08-31
2026-11-23,高雄,4,0,1.25,Low,還是先躺一下再說？ Lay Down,Expo / Exhibition,駁二藝術特區 大勇區C5倉庫,2026-06-12,2027-03-01,https://data.gov.tw/dataset/7778,2026-08-31
2026-11-24,台北,1,1,0.88,Medium,2026臺灣自行車旅遊節,Sports / Marathon,2026年活動地點尚未確定,2026-09-01,2026-12-31,https://taiwanbike.tw/,2026-08-31
2026-11-24,新北,7,0,3.15,Medium,2026臺灣國際陶藝雙年展,Expo / Exhibition,新北市立鶯歌陶瓷博物館 3樓特展室,2026-07-30,2026-12-27,https://data.gov.tw/dataset/7778,2026-08-31
2026-11-24,桃園,1,0,0.25,Low,2026大溪豆干節,Other,,2026-11-15,2026-12-20,https://data.gov.tw/dataset/7778,2026-08-31
2026-11-24,台中,7,3,4,High,115-116年探索臺中之美 引客獎勵方案,Major celebration,,2026-02-15,2027-03-08,https://data.gov.tw/dataset/7778,2026-08-31
2026-11-24,高雄,4,0,1.25,Low,還是先躺一下再說？ Lay Down,Expo / Exhibition,駁二藝術特區 大勇區C5倉庫,2026-06-12,2027-03-01,https://data.gov.tw/dataset/7778,2026-08-31
2026-11-25,台北,1,1,0.88,Medium,2026臺灣自行車旅遊節,Sports / Marathon,2026年活動地點尚未確定,2026-09-01,2026-12-31,https://taiwanbike.tw/,2026-08-31
2026-11-25,新北,7,0,3.15,Medium,2026臺灣國際陶藝雙年展,Expo / Exhibition,新北市立鶯歌陶瓷博物館 3樓特展室,2026-07-30,2026-12-27,https://data.gov.tw/dataset/7778,2026-08-31
2026-11-25,桃園,1,0,0.25,Low,2026大溪豆干節,Other,,2026-11-15,2026-12-20,https://data.gov.tw/dataset/7778,2026-08-31
2026-11-25,台中,7,3,4,High,115-116年探索臺中之美 引客獎勵方案,Major celebration,,2026-02-15,2027-03-08,https://data.gov.tw/dataset/7778,2026-08-31
2026-11-25,高雄,4,0,1.25,Low,還是先躺一下再說？ Lay Down,Expo / Exhibition,駁二藝術特區 大勇區C5倉庫,2026-06-12,2027-03-01,https://data.gov.tw/dataset/7778,2026-08-31
2026-11-26,台北,1,1,0.88,Medium,2026臺灣自行車旅遊節,Sports / Marathon,2026年活動地點尚未確定,2026-09-01,2026-12-31,https://taiwanbike.tw/,2026-08-31
2026-11-26,新北,7,0,3.15,Medium,2026臺灣國際陶藝雙年展,Expo / Exhibition,新北市立鶯歌陶瓷博物館 3樓特展室,2026-07-30,2026-12-27,https://data.gov.tw/dataset/7778,2026-08-31
2026-11-26,桃園,1,0,0.25,Low,2026大溪豆干節,Other,,2026-11-15,2026-12-20,https://data.gov.tw/dataset/7778,2026-08-31
2026-11-26,台中,7,3,4,High,115-116年探索臺中之美 引客獎勵方案,Major celebration,,2026-02-15,2027-03-08,https://data.gov.tw/dataset/7778,2026-08-31
2026-11-26,高雄,4,0,1.25,Low,還是先躺一下再說？ Lay Down,Expo / Exhibition,駁二藝術特區 大勇區C5倉庫,2026-06-12,2027-03-01,https://data.gov.tw/dataset/7778,2026-08-31
2026-11-27,台北,1,1,0.88,Medium,2026臺灣自行車旅遊節,Sports / Marathon,2026年活動地點尚未確定,2026-09-01,2026-12-31,https://taiwanbike.tw/,2026-08-31
2026-11-27,新北,7,0,3.15,Medium,2026臺灣國際陶藝雙年展,Expo / Exhibition,新北市立鶯歌陶瓷博物館 3樓特展室,2026-07-30,2026-12-27,https://data.gov.tw/dataset/7778,2026-08-31
2026-11-27,桃園,1,0,0.25,Low,2026大溪豆干節,Other,,2026-11-15,2026-12-20,https://data.gov.tw/dataset/7778,2026-08-31
2026-11-27,台中,7,3,4,High,115-116年探索臺中之美 引客獎勵方案,Major celebration,,2026-02-15,2027-03-08,https://data.gov.tw/dataset/7778,2026-08-31
2026-11-27,高雄,4,0,1.25,Low,還是先躺一下再說？ Lay Down,Expo / Exhibition,駁二藝術特區 大勇區C5倉庫,2026-06-12,2027-03-01,https://data.gov.tw/dataset/7778,2026-08-31
2026-11-28,台北,1,1,0.88,Medium,2026臺灣自行車旅遊節,Sports / Marathon,2026年活動地點尚未確定,2026-09-01,2026-12-31,https://taiwanbike.tw/,2026-08-31
2026-11-28,新北,7,0,3.15,Medium,2026臺灣國際陶藝雙年展,Expo / Exhibition,新北市立鶯歌陶瓷博物館 3樓特展室,2026-07-30,2026-12-27,https://data.gov.tw/dataset/7778,2026-08-31
2026-11-28,桃園,1,0,0.25,Low,2026大溪豆干節,Other,,2026-11-15,2026-12-20,https://data.gov.tw/dataset/7778,2026-08-31
2026-11-28,台中,7,3,4,High,115-116年探索臺中之美 引客獎勵方案,Major celebration,,2026-02-15,2027-03-08,https://data.gov.tw/dataset/7778,2026-08-31
2026-11-28,高雄,4,0,1.25,Low,還是先躺一下再說？ Lay Down,Expo / Exhibition,駁二藝術特區 大勇區C5倉庫,2026-06-12,2027-03-01,https://data.gov.tw/dataset/7778,2026-08-31
2026-11-29,台北,1,1,0.88,Medium,2026臺灣自行車旅遊節,Sports / Marathon,2026年活動地點尚未確定,2026-09-01,2026-12-31,https://taiwanbike.tw/,2026-08-31
2026-11-29,新北,7,0,3.15,Medium,2026臺灣國際陶藝雙年展,Expo / Exhibition,新北市立鶯歌陶瓷博物館 3樓特展室,2026-07-30,2026-12-27,https://data.gov.tw/dataset/7778,2026-08-31
2026-11-29,桃園,1,0,0.25,Low,2026大溪豆干節,Other,,2026-11-15,2026-12-20,https://data.gov.tw/dataset/7778,2026-08-31
2026-11-29,台中,7,3,4,High,115-116年探索臺中之美 引客獎勵方案,Major celebration,,2026-02-15,2027-03-08,https://data.gov.tw/dataset/7778,2026-08-31
2026-11-29,高雄,4,0,1.25,Low,還是先躺一下再說？ Lay Down,Expo / Exhibition,駁二藝術特區 大勇區C5倉庫,2026-06-12,2027-03-01,https://data.gov.tw/dataset/7778,2026-08-31
2026-11-30,台北,1,1,0.88,Medium,2026臺灣自行車旅遊節,Sports / Marathon,2026年活動地點尚未確定,2026-09-01,2026-12-31,https://taiwanbike.tw/,2026-08-31
2026-11-30,新北,7,0,3.15,Medium,2026臺灣國際陶藝雙年展,Expo / Exhibition,新北市立鶯歌陶瓷博物館 3樓特展室,2026-07-30,2026-12-27,https://data.gov.tw/dataset/7778,2026-08-31
2026-11-30,桃園,1,0,0.25,Low,2026大溪豆干節,Other,,2026-11-15,2026-12-20,https://data.gov.tw/dataset/7778,2026-08-31
2026-11-30,台中,7,3,4,High,115-116年探索臺中之美 引客獎勵方案,Major celebration,,2026-02-15,2027-03-08,https://data.gov.tw/dataset/7778,2026-08-31
2026-11-30,高雄,4,0,1.25,Low,還是先躺一下再說？ Lay Down,Expo / Exhibition,駁二藝術特區 大勇區C5倉庫,2026-06-12,2027-03-01,https://data.gov.tw/dataset/7778,2026-08-31
2026-12-01,台北,1,1,0.88,Medium,2026臺灣自行車旅遊節,Sports / Marathon,2026年活動地點尚未確定,2026-09-01,2026-12-31,https://taiwanbike.tw/,2026-08-31
2026-12-01,新北,6,0,2.75,Low,2026臺灣國際陶藝雙年展,Expo / Exhibition,新北市立鶯歌陶瓷博物館 3樓特展室,2026-07-30,2026-12-27,https://data.gov.tw/dataset/7778,2026-08-31
2026-12-01,桃園,1,0,0.25,Low,2026大溪豆干節,Other,,2026-11-15,2026-12-20,https://data.gov.tw/dataset/7778,2026-08-31
2026-12-01,台中,7,3,4,High,115-116年探索臺中之美 引客獎勵方案,Major celebration,,2026-02-15,2027-03-08,https://data.gov.tw/dataset/7778,2026-08-31
2026-12-01,高雄,4,0,1.25,Low,還是先躺一下再說？ Lay Down,Expo / Exhibition,駁二藝術特區 大勇區C5倉庫,2026-06-12,2027-03-01,https://data.gov.tw/dataset/7778,2026-08-31
2026-12-02,台北,1,1,0.88,Medium,2026臺灣自行車旅遊節,Sports / Marathon,2026年活動地點尚未確定,2026-09-01,2026-12-31,https://taiwanbike.tw/,2026-08-31
2026-12-02,新北,6,0,2.75,Low,2026臺灣國際陶藝雙年展,Expo / Exhibition,新北市立鶯歌陶瓷博物館 3樓特展室,2026-07-30,2026-12-27,https://data.gov.tw/dataset/7778,2026-08-31
2026-12-02,桃園,1,0,0.25,Low,2026大溪豆干節,Other,,2026-11-15,2026-12-20,https://data.gov.tw/dataset/7778,2026-08-31
2026-12-02,台中,7,3,4,High,115-116年探索臺中之美 引客獎勵方案,Major celebration,,2026-02-15,2027-03-08,https://data.gov.tw/dataset/7778,2026-08-31
2026-12-02,高雄,4,0,1.25,Low,還是先躺一下再說？ Lay Down,Expo / Exhibition,駁二藝術特區 大勇區C5倉庫,2026-06-12,2027-03-01,https://data.gov.tw/dataset/7778,2026-08-31
2026-12-03,台北,1,1,0.88,Medium,2026臺灣自行車旅遊節,Sports / Marathon,2026年活動地點尚未確定,2026-09-01,2026-12-31,https://taiwanbike.tw/,2026-08-31
2026-12-03,新北,6,0,2.75,Low,2026臺灣國際陶藝雙年展,Expo / Exhibition,新北市立鶯歌陶瓷博物館 3樓特展室,2026-07-30,2026-12-27,https://data.gov.tw/dataset/7778,2026-08-31
2026-12-03,桃園,1,0,0.25,Low,2026大溪豆干節,Other,,2026-11-15,2026-12-20,https://data.gov.tw/dataset/7778,2026-08-31
2026-12-03,台中,7,3,4,High,115-116年探索臺中之美 引客獎勵方案,Major celebration,,2026-02-15,2027-03-08,https://data.gov.tw/dataset/7778,2026-08-31
2026-12-03,高雄,3,0,1,Low,還是先躺一下再說？ Lay Down,Expo / Exhibition,駁二藝術特區 大勇區C5倉庫,2026-06-12,2027-03-01,https://data.gov.tw/dataset/7778,2026-08-31
2026-12-04,台北,1,1,0.88,Medium,2026臺灣自行車旅遊節,Sports / Marathon,2026年活動地點尚未確定,2026-09-01,2026-12-31,https://taiwanbike.tw/,2026-08-31
2026-12-04,新北,6,0,2.75,Low,2026臺灣國際陶藝雙年展,Expo / Exhibition,新北市立鶯歌陶瓷博物館 3樓特展室,2026-07-30,2026-12-27,https://data.gov.tw/dataset/7778,2026-08-31
2026-12-04,桃園,1,0,0.25,Low,2026大溪豆干節,Other,,2026-11-15,2026-12-20,https://data.gov.tw/dataset/7778,2026-08-31
2026-12-04,台中,7,3,4,High,115-116年探索臺中之美 引客獎勵方案,Major celebration,,2026-02-15,2027-03-08,https://data.gov.tw/dataset/7778,2026-08-31
2026-12-04,高雄,3,0,1,Low,還是先躺一下再說？ Lay Down,Expo / Exhibition,駁二藝術特區 大勇區C5倉庫,2026-06-12,2027-03-01,https://data.gov.tw/dataset/7778,2026-08-31
2026-12-05,台北,1,1,0.88,Medium,2026臺灣自行車旅遊節,Sports / Marathon,2026年活動地點尚未確定,2026-09-01,2026-12-31,https://taiwanbike.tw/,2026-08-31
2026-12-05,新北,7,1,6.15,Medium,2026新北市耶誕馬拉松接力賽－耶誕快追,Major celebration,新北市政府市民廣場(新北歡樂耶誕城),2026-12-05,2026-12-06,https://data.gov.tw/dataset/7778,2026-08-31
2026-12-05,桃園,2,1,1.85,Medium,2026仙草嘉年華,Major celebration,楊梅休閒農業區,2026-12-05,2026-12-20,https://data.gov.tw/dataset/7778,2026-08-31
2026-12-05,台中,7,3,4,High,115-116年探索臺中之美 引客獎勵方案,Major celebration,,2026-02-15,2027-03-08,https://data.gov.tw/dataset/7778,2026-08-31
2026-12-05,高雄,4,1,5.25,Medium,2026 Asia Artist Awards in Kaohsiung,Other,高雄國家體育場,2026-12-05,2026-12-06,https://data.gov.tw/dataset/7778,2026-08-31
2026-12-06,台北,1,1,0.88,Medium,2026臺灣自行車旅遊節,Sports / Marathon,2026年活動地點尚未確定,2026-09-01,2026-12-31,https://taiwanbike.tw/,2026-08-31
2026-12-06,新北,7,1,6.15,Medium,2026新北市耶誕馬拉松接力賽－耶誕快追,Major celebration,新北市政府市民廣場(新北歡樂耶誕城),2026-12-05,2026-12-06,https://data.gov.tw/dataset/7778,2026-08-31
2026-12-06,桃園,3,2,5.35,High,2026桃園半程馬拉松 石門水庫楓半馬,Sports / Marathon,石門水庫南苑停車場,2026-12-06,2026-12-06,https://data.gov.tw/dataset/7778,2026-08-31
2026-12-06,台中,7,3,4,High,115-116年探索臺中之美 引客獎勵方案,Major celebration,,2026-02-15,2027-03-08,https://data.gov.tw/dataset/7778,2026-08-31
2026-12-06,高雄,4,1,5.25,Medium,2026 Asia Artist Awards in Kaohsiung,Other,高雄國家體育場,2026-12-05,2026-12-06,https://data.gov.tw/dataset/7778,2026-08-31
2026-12-07,台北,1,1,0.88,Medium,2026臺灣自行車旅遊節,Sports / Marathon,2026年活動地點尚未確定,2026-09-01,2026-12-31,https://taiwanbike.tw/,2026-08-31
2026-12-07,新北,6,0,2.75,Low,2026臺灣國際陶藝雙年展,Expo / Exhibition,新北市立鶯歌陶瓷博物館 3樓特展室,2026-07-30,2026-12-27,https://data.gov.tw/dataset/7778,2026-08-31
2026-12-07,桃園,2,1,1.85,Medium,2026仙草嘉年華,Major celebration,楊梅休閒農業區,2026-12-05,2026-12-20,https://data.gov.tw/dataset/7778,2026-08-31
2026-12-07,台中,7,3,4,High,115-116年探索臺中之美 引客獎勵方案,Major celebration,,2026-02-15,2027-03-08,https://data.gov.tw/dataset/7778,2026-08-31
2026-12-07,高雄,3,0,1,Low,還是先躺一下再說？ Lay Down,Expo / Exhibition,駁二藝術特區 大勇區C5倉庫,2026-06-12,2027-03-01,https://data.gov.tw/dataset/7778,2026-08-31
2026-12-08,台北,1,1,0.88,Medium,2026臺灣自行車旅遊節,Sports / Marathon,2026年活動地點尚未確定,2026-09-01,2026-12-31,https://taiwanbike.tw/,2026-08-31
2026-12-08,新北,6,0,2.75,Low,2026臺灣國際陶藝雙年展,Expo / Exhibition,新北市立鶯歌陶瓷博物館 3樓特展室,2026-07-30,2026-12-27,https://data.gov.tw/dataset/7778,2026-08-31
2026-12-08,桃園,2,1,1.85,Medium,2026仙草嘉年華,Major celebration,楊梅休閒農業區,2026-12-05,2026-12-20,https://data.gov.tw/dataset/7778,2026-08-31
2026-12-08,台中,7,3,4,High,115-116年探索臺中之美 引客獎勵方案,Major celebration,,2026-02-15,2027-03-08,https://data.gov.tw/dataset/7778,2026-08-31
2026-12-08,高雄,3,0,1,Low,還是先躺一下再說？ Lay Down,Expo / Exhibition,駁二藝術特區 大勇區C5倉庫,2026-06-12,2027-03-01,https://data.gov.tw/dataset/7778,2026-08-31
2026-12-09,台北,1,1,0.88,Medium,2026臺灣自行車旅遊節,Sports / Marathon,2026年活動地點尚未確定,2026-09-01,2026-12-31,https://taiwanbike.tw/,2026-08-31
2026-12-09,新北,6,0,2.75,Low,2026臺灣國際陶藝雙年展,Expo / Exhibition,新北市立鶯歌陶瓷博物館 3樓特展室,2026-07-30,2026-12-27,https://data.gov.tw/dataset/7778,2026-08-31
2026-12-09,桃園,2,1,1.85,Medium,2026仙草嘉年華,Major celebration,楊梅休閒農業區,2026-12-05,2026-12-20,https://data.gov.tw/dataset/7778,2026-08-31
2026-12-09,台中,7,3,4,High,115-116年探索臺中之美 引客獎勵方案,Major celebration,,2026-02-15,2027-03-08,https://data.gov.tw/dataset/7778,2026-08-31
2026-12-09,高雄,3,0,1,Low,還是先躺一下再說？ Lay Down,Expo / Exhibition,駁二藝術特區 大勇區C5倉庫,2026-06-12,2027-03-01,https://data.gov.tw/dataset/7778,2026-08-31
2026-12-10,台北,1,1,0.88,Medium,2026臺灣自行車旅遊節,Sports / Marathon,2026年活動地點尚未確定,2026-09-01,2026-12-31,https://taiwanbike.tw/,2026-08-31
2026-12-10,新北,6,0,2.75,Low,2026臺灣國際陶藝雙年展,Expo / Exhibition,新北市立鶯歌陶瓷博物館 3樓特展室,2026-07-30,2026-12-27,https://data.gov.tw/dataset/7778,2026-08-31
2026-12-10,桃園,2,1,1.85,Medium,2026仙草嘉年華,Major celebration,楊梅休閒農業區,2026-12-05,2026-12-20,https://data.gov.tw/dataset/7778,2026-08-31
2026-12-10,台中,7,3,4,High,115-116年探索臺中之美 引客獎勵方案,Major celebration,,2026-02-15,2027-03-08,https://data.gov.tw/dataset/7778,2026-08-31
2026-12-10,高雄,2,0,0.75,Low,還是先躺一下再說？ Lay Down,Expo / Exhibition,駁二藝術特區 大勇區C5倉庫,2026-06-12,2027-03-01,https://data.gov.tw/dataset/7778,2026-08-31
2026-12-11,台北,1,1,0.88,Medium,2026臺灣自行車旅遊節,Sports / Marathon,2026年活動地點尚未確定,2026-09-01,2026-12-31,https://taiwanbike.tw/,2026-08-31
2026-12-11,新北,6,0,2.75,Low,2026臺灣國際陶藝雙年展,Expo / Exhibition,新北市立鶯歌陶瓷博物館 3樓特展室,2026-07-30,2026-12-27,https://data.gov.tw/dataset/7778,2026-08-31
2026-12-11,桃園,2,1,1.85,Medium,2026仙草嘉年華,Major celebration,楊梅休閒農業區,2026-12-05,2026-12-20,https://data.gov.tw/dataset/7778,2026-08-31
2026-12-11,台中,7,3,4,High,115-116年探索臺中之美 引客獎勵方案,Major celebration,,2026-02-15,2027-03-08,https://data.gov.tw/dataset/7778,2026-08-31
2026-12-11,高雄,2,0,0.75,Low,還是先躺一下再說？ Lay Down,Expo / Exhibition,駁二藝術特區 大勇區C5倉庫,2026-06-12,2027-03-01,https://data.gov.tw/dataset/7778,2026-08-31
2026-12-12,台北,1,1,0.88,Medium,2026臺灣自行車旅遊節,Sports / Marathon,2026年活動地點尚未確定,2026-09-01,2026-12-31,https://taiwanbike.tw/,2026-08-31
2026-12-12,新北,6,0,2.75,Low,2026臺灣國際陶藝雙年展,Expo / Exhibition,新北市立鶯歌陶瓷博物館 3樓特展室,2026-07-30,2026-12-27,https://data.gov.tw/dataset/7778,2026-08-31
2026-12-12,桃園,2,1,1.85,Medium,2026仙草嘉年華,Major celebration,楊梅休閒農業區,2026-12-05,2026-12-20,https://data.gov.tw/dataset/7778,2026-08-31
2026-12-12,台中,7,3,4,High,115-116年探索臺中之美 引客獎勵方案,Major celebration,,2026-02-15,2027-03-08,https://data.gov.tw/dataset/7778,2026-08-31
2026-12-12,高雄,2,0,0.75,Low,還是先躺一下再說？ Lay Down,Expo / Exhibition,駁二藝術特區 大勇區C5倉庫,2026-06-12,2027-03-01,https://data.gov.tw/dataset/7778,2026-08-31
2026-12-13,台北,1,1,0.88,Medium,2026臺灣自行車旅遊節,Sports / Marathon,2026年活動地點尚未確定,2026-09-01,2026-12-31,https://taiwanbike.tw/,2026-08-31
2026-12-13,新北,6,0,2.75,Low,2026臺灣國際陶藝雙年展,Expo / Exhibition,新北市立鶯歌陶瓷博物館 3樓特展室,2026-07-30,2026-12-27,https://data.gov.tw/dataset/7778,2026-08-31
2026-12-13,桃園,2,1,1.85,Medium,2026仙草嘉年華,Major celebration,楊梅休閒農業區,2026-12-05,2026-12-20,https://data.gov.tw/dataset/7778,2026-08-31
2026-12-13,台中,7,3,4,High,115-116年探索臺中之美 引客獎勵方案,Major celebration,,2026-02-15,2027-03-08,https://data.gov.tw/dataset/7778,2026-08-31
2026-12-13,高雄,2,0,0.75,Low,還是先躺一下再說？ Lay Down,Expo / Exhibition,駁二藝術特區 大勇區C5倉庫,2026-06-12,2027-03-01,https://data.gov.tw/dataset/7778,2026-08-31
2026-12-14,台北,1,1,0.88,Medium,2026臺灣自行車旅遊節,Sports / Marathon,2026年活動地點尚未確定,2026-09-01,2026-12-31,https://taiwanbike.tw/,2026-08-31
2026-12-14,新北,6,0,2.75,Low,2026臺灣國際陶藝雙年展,Expo / Exhibition,新北市立鶯歌陶瓷博物館 3樓特展室,2026-07-30,2026-12-27,https://data.gov.tw/dataset/7778,2026-08-31
2026-12-14,桃園,2,1,1.85,Medium,2026仙草嘉年華,Major celebration,楊梅休閒農業區,2026-12-05,2026-12-20,https://data.gov.tw/dataset/7778,2026-08-31
2026-12-14,台中,7,3,4,High,115-116年探索臺中之美 引客獎勵方案,Major celebration,,2026-02-15,2027-03-08,https://data.gov.tw/dataset/7778,2026-08-31
2026-12-14,高雄,2,0,0.75,Low,還是先躺一下再說？ Lay Down,Expo / Exhibition,駁二藝術特區 大勇區C5倉庫,2026-06-12,2027-03-01,https://data.gov.tw/dataset/7778,2026-08-31
2026-12-15,台北,1,1,0.88,Medium,2026臺灣自行車旅遊節,Sports / Marathon,2026年活動地點尚未確定,2026-09-01,2026-12-31,https://taiwanbike.tw/,2026-08-31
2026-12-15,新北,6,0,2.75,Low,2026臺灣國際陶藝雙年展,Expo / Exhibition,新北市立鶯歌陶瓷博物館 3樓特展室,2026-07-30,2026-12-27,https://data.gov.tw/dataset/7778,2026-08-31
2026-12-15,桃園,2,1,1.85,Medium,2026仙草嘉年華,Major celebration,楊梅休閒農業區,2026-12-05,2026-12-20,https://data.gov.tw/dataset/7778,2026-08-31
2026-12-15,台中,7,3,4,High,115-116年探索臺中之美 引客獎勵方案,Major celebration,,2026-02-15,2027-03-08,https://data.gov.tw/dataset/7778,2026-08-31
2026-12-15,高雄,2,0,0.75,Low,還是先躺一下再說？ Lay Down,Expo / Exhibition,駁二藝術特區 大勇區C5倉庫,2026-06-12,2027-03-01,https://data.gov.tw/dataset/7778,2026-08-31
2026-12-16,台北,1,1,0.88,Medium,2026臺灣自行車旅遊節,Sports / Marathon,2026年活動地點尚未確定,2026-09-01,2026-12-31,https://taiwanbike.tw/,2026-08-31
2026-12-16,新北,6,0,2.75,Low,2026臺灣國際陶藝雙年展,Expo / Exhibition,新北市立鶯歌陶瓷博物館 3樓特展室,2026-07-30,2026-12-27,https://data.gov.tw/dataset/7778,2026-08-31
2026-12-16,桃園,2,1,1.85,Medium,2026仙草嘉年華,Major celebration,楊梅休閒農業區,2026-12-05,2026-12-20,https://data.gov.tw/dataset/7778,2026-08-31
2026-12-16,台中,7,3,4,High,115-116年探索臺中之美 引客獎勵方案,Major celebration,,2026-02-15,2027-03-08,https://data.gov.tw/dataset/7778,2026-08-31
2026-12-16,高雄,2,0,0.75,Low,還是先躺一下再說？ Lay Down,Expo / Exhibition,駁二藝術特區 大勇區C5倉庫,2026-06-12,2027-03-01,https://data.gov.tw/dataset/7778,2026-08-31
2026-12-17,台北,1,1,0.88,Medium,2026臺灣自行車旅遊節,Sports / Marathon,2026年活動地點尚未確定,2026-09-01,2026-12-31,https://taiwanbike.tw/,2026-08-31
2026-12-17,新北,6,0,2.75,Low,2026臺灣國際陶藝雙年展,Expo / Exhibition,新北市立鶯歌陶瓷博物館 3樓特展室,2026-07-30,2026-12-27,https://data.gov.tw/dataset/7778,2026-08-31
2026-12-17,桃園,2,1,1.85,Medium,2026仙草嘉年華,Major celebration,楊梅休閒農業區,2026-12-05,2026-12-20,https://data.gov.tw/dataset/7778,2026-08-31
2026-12-17,台中,7,3,4,High,115-116年探索臺中之美 引客獎勵方案,Major celebration,,2026-02-15,2027-03-08,https://data.gov.tw/dataset/7778,2026-08-31
2026-12-17,高雄,2,0,0.75,Low,還是先躺一下再說？ Lay Down,Expo / Exhibition,駁二藝術特區 大勇區C5倉庫,2026-06-12,2027-03-01,https://data.gov.tw/dataset/7778,2026-08-31
2026-12-18,台北,1,1,0.88,Medium,2026臺灣自行車旅遊節,Sports / Marathon,2026年活動地點尚未確定,2026-09-01,2026-12-31,https://taiwanbike.tw/,2026-08-31
2026-12-18,新北,6,0,2.75,Low,2026臺灣國際陶藝雙年展,Expo / Exhibition,新北市立鶯歌陶瓷博物館 3樓特展室,2026-07-30,2026-12-27,https://data.gov.tw/dataset/7778,2026-08-31
2026-12-18,桃園,2,1,1.85,Medium,2026仙草嘉年華,Major celebration,楊梅休閒農業區,2026-12-05,2026-12-20,https://data.gov.tw/dataset/7778,2026-08-31
2026-12-18,台中,7,3,4,High,115-116年探索臺中之美 引客獎勵方案,Major celebration,,2026-02-15,2027-03-08,https://data.gov.tw/dataset/7778,2026-08-31
2026-12-18,高雄,3,0,1.25,Low,《Mundo Pixar Experience》皮克斯世界巡迴展 台灣站,Expo / Exhibition,「高雄輕軌－高雄展覽館站C8」海邊路與成功二路交匯處,2026-12-18,2027-04-18,https://data.gov.tw/dataset/7778,2026-08-31
2026-12-19,台北,1,1,0.88,Medium,2026臺灣自行車旅遊節,Sports / Marathon,2026年活動地點尚未確定,2026-09-01,2026-12-31,https://taiwanbike.tw/,2026-08-31
2026-12-19,新北,6,0,2.75,Low,2026臺灣國際陶藝雙年展,Expo / Exhibition,新北市立鶯歌陶瓷博物館 3樓特展室,2026-07-30,2026-12-27,https://data.gov.tw/dataset/7778,2026-08-31
2026-12-19,桃園,2,1,1.85,Medium,2026仙草嘉年華,Major celebration,楊梅休閒農業區,2026-12-05,2026-12-20,https://data.gov.tw/dataset/7778,2026-08-31
2026-12-19,台中,7,3,4,High,115-116年探索臺中之美 引客獎勵方案,Major celebration,,2026-02-15,2027-03-08,https://data.gov.tw/dataset/7778,2026-08-31
2026-12-19,高雄,3,0,1.25,Low,《Mundo Pixar Experience》皮克斯世界巡迴展 台灣站,Expo / Exhibition,「高雄輕軌－高雄展覽館站C8」海邊路與成功二路交匯處,2026-12-18,2027-04-18,https://data.gov.tw/dataset/7778,2026-08-31
2026-12-20,台北,2,2,4.38,High,2026臺北馬拉松,Sports / Marathon,臺北市市民廣場,2026-12-20,2026-12-20,https://www.taipeicitymarathon.com/,2026-08-31
2026-12-20,新北,6,0,2.75,Low,2026臺灣國際陶藝雙年展,Expo / Exhibition,新北市立鶯歌陶瓷博物館 3樓特展室,2026-07-30,2026-12-27,https://data.gov.tw/dataset/7778,2026-08-31
2026-12-20,桃園,2,1,1.85,Medium,2026仙草嘉年華,Major celebration,楊梅休閒農業區,2026-12-05,2026-12-20,https://data.gov.tw/dataset/7778,2026-08-31
2026-12-20,台中,7,3,4,High,115-116年探索臺中之美 引客獎勵方案,Major celebration,,2026-02-15,2027-03-08,https://data.gov.tw/dataset/7778,2026-08-31
2026-12-20,高雄,3,0,1.25,Low,《Mundo Pixar Experience》皮克斯世界巡迴展 台灣站,Expo / Exhibition,「高雄輕軌－高雄展覽館站C8」海邊路與成功二路交匯處,2026-12-18,2027-04-18,https://data.gov.tw/dataset/7778,2026-08-31
2026-12-21,台北,1,1,0.88,Medium,2026臺灣自行車旅遊節,Sports / Marathon,2026年活動地點尚未確定,2026-09-01,2026-12-31,https://taiwanbike.tw/,2026-08-31
2026-12-21,新北,6,0,2.75,Low,2026臺灣國際陶藝雙年展,Expo / Exhibition,新北市立鶯歌陶瓷博物館 3樓特展室,2026-07-30,2026-12-27,https://data.gov.tw/dataset/7778,2026-08-31
2026-12-21,桃園,0,0,0,None,,,,,,,2026-08-31
2026-12-21,台中,7,3,4,High,115-116年探索臺中之美 引客獎勵方案,Major celebration,,2026-02-15,2027-03-08,https://data.gov.tw/dataset/7778,2026-08-31
2026-12-21,高雄,3,0,1.25,Low,《Mundo Pixar Experience》皮克斯世界巡迴展 台灣站,Expo / Exhibition,「高雄輕軌－高雄展覽館站C8」海邊路與成功二路交匯處,2026-12-18,2027-04-18,https://data.gov.tw/dataset/7778,2026-08-31
2026-12-22,台北,1,1,0.88,Medium,2026臺灣自行車旅遊節,Sports / Marathon,2026年活動地點尚未確定,2026-09-01,2026-12-31,https://taiwanbike.tw/,2026-08-31
2026-12-22,新北,6,0,2.75,Low,2026臺灣國際陶藝雙年展,Expo / Exhibition,新北市立鶯歌陶瓷博物館 3樓特展室,2026-07-30,2026-12-27,https://data.gov.tw/dataset/7778,2026-08-31
2026-12-22,桃園,0,0,0,None,,,,,,,2026-08-31
2026-12-22,台中,7,3,4,High,115-116年探索臺中之美 引客獎勵方案,Major celebration,,2026-02-15,2027-03-08,https://data.gov.tw/dataset/7778,2026-08-31
2026-12-22,高雄,3,0,1.25,Low,《Mundo Pixar Experience》皮克斯世界巡迴展 台灣站,Expo / Exhibition,「高雄輕軌－高雄展覽館站C8」海邊路與成功二路交匯處,2026-12-18,2027-04-18,https://data.gov.tw/dataset/7778,2026-08-31
2026-12-23,台北,1,1,0.88,Medium,2026臺灣自行車旅遊節,Sports / Marathon,2026年活動地點尚未確定,2026-09-01,2026-12-31,https://taiwanbike.tw/,2026-08-31
2026-12-23,新北,6,0,2.75,Low,2026臺灣國際陶藝雙年展,Expo / Exhibition,新北市立鶯歌陶瓷博物館 3樓特展室,2026-07-30,2026-12-27,https://data.gov.tw/dataset/7778,2026-08-31
2026-12-23,桃園,0,0,0,None,,,,,,,2026-08-31
2026-12-23,台中,7,3,4,High,115-116年探索臺中之美 引客獎勵方案,Major celebration,,2026-02-15,2027-03-08,https://data.gov.tw/dataset/7778,2026-08-31
2026-12-23,高雄,3,0,1.25,Low,《Mundo Pixar Experience》皮克斯世界巡迴展 台灣站,Expo / Exhibition,「高雄輕軌－高雄展覽館站C8」海邊路與成功二路交匯處,2026-12-18,2027-04-18,https://data.gov.tw/dataset/7778,2026-08-31
2026-12-24,台北,1,1,0.88,Medium,2026臺灣自行車旅遊節,Sports / Marathon,2026年活動地點尚未確定,2026-09-01,2026-12-31,https://taiwanbike.tw/,2026-08-31
2026-12-24,新北,6,0,2.75,Low,2026臺灣國際陶藝雙年展,Expo / Exhibition,新北市立鶯歌陶瓷博物館 3樓特展室,2026-07-30,2026-12-27,https://data.gov.tw/dataset/7778,2026-08-31
2026-12-24,桃園,0,0,0,None,,,,,,,2026-08-31
2026-12-24,台中,7,3,4,High,115-116年探索臺中之美 引客獎勵方案,Major celebration,,2026-02-15,2027-03-08,https://data.gov.tw/dataset/7778,2026-08-31
2026-12-24,高雄,3,0,1.25,Low,《Mundo Pixar Experience》皮克斯世界巡迴展 台灣站,Expo / Exhibition,「高雄輕軌－高雄展覽館站C8」海邊路與成功二路交匯處,2026-12-18,2027-04-18,https://data.gov.tw/dataset/7778,2026-08-31
2026-12-25,台北,1,1,0.88,Medium,2026臺灣自行車旅遊節,Sports / Marathon,2026年活動地點尚未確定,2026-09-01,2026-12-31,https://taiwanbike.tw/,2026-08-31
2026-12-25,新北,6,0,2.75,Low,2026臺灣國際陶藝雙年展,Expo / Exhibition,新北市立鶯歌陶瓷博物館 3樓特展室,2026-07-30,2026-12-27,https://data.gov.tw/dataset/7778,2026-08-31
2026-12-25,桃園,0,0,0,None,,,,,,,2026-08-31
2026-12-25,台中,7,3,4,High,115-116年探索臺中之美 引客獎勵方案,Major celebration,,2026-02-15,2027-03-08,https://data.gov.tw/dataset/7778,2026-08-31
2026-12-25,高雄,3,0,1.25,Low,《Mundo Pixar Experience》皮克斯世界巡迴展 台灣站,Expo / Exhibition,「高雄輕軌－高雄展覽館站C8」海邊路與成功二路交匯處,2026-12-18,2027-04-18,https://data.gov.tw/dataset/7778,2026-08-31
2026-12-26,台北,1,1,0.88,Medium,2026臺灣自行車旅遊節,Sports / Marathon,2026年活動地點尚未確定,2026-09-01,2026-12-31,https://taiwanbike.tw/,2026-08-31
2026-12-26,新北,6,0,2.75,Low,2026臺灣國際陶藝雙年展,Expo / Exhibition,新北市立鶯歌陶瓷博物館 3樓特展室,2026-07-30,2026-12-27,https://data.gov.tw/dataset/7778,2026-08-31
2026-12-26,桃園,0,0,0,None,,,,,,,2026-08-31
2026-12-26,台中,7,3,4,High,115-116年探索臺中之美 引客獎勵方案,Major celebration,,2026-02-15,2027-03-08,https://data.gov.tw/dataset/7778,2026-08-31
2026-12-26,高雄,3,0,1.25,Low,《Mundo Pixar Experience》皮克斯世界巡迴展 台灣站,Expo / Exhibition,「高雄輕軌－高雄展覽館站C8」海邊路與成功二路交匯處,2026-12-18,2027-04-18,https://data.gov.tw/dataset/7778,2026-08-31
2026-12-27,台北,1,1,0.88,Medium,2026臺灣自行車旅遊節,Sports / Marathon,2026年活動地點尚未確定,2026-09-01,2026-12-31,https://taiwanbike.tw/,2026-08-31
2026-12-27,新北,6,0,2.75,Low,2026臺灣國際陶藝雙年展,Expo / Exhibition,新北市立鶯歌陶瓷博物館 3樓特展室,2026-07-30,2026-12-27,https://data.gov.tw/dataset/7778,2026-08-31
2026-12-27,桃園,0,0,0,None,,,,,,,2026-08-31
2026-12-27,台中,7,3,4,High,115-116年探索臺中之美 引客獎勵方案,Major celebration,,2026-02-15,2027-03-08,https://data.gov.tw/dataset/7778,2026-08-31
2026-12-27,高雄,3,0,1.25,Low,《Mundo Pixar Experience》皮克斯世界巡迴展 台灣站,Expo / Exhibition,「高雄輕軌－高雄展覽館站C8」海邊路與成功二路交匯處,2026-12-18,2027-04-18,https://data.gov.tw/dataset/7778,2026-08-31
2026-12-28,台北,1,1,0.88,Medium,2026臺灣自行車旅遊節,Sports / Marathon,2026年活動地點尚未確定,2026-09-01,2026-12-31,https://taiwanbike.tw/,2026-08-31
2026-12-28,新北,5,0,2.25,Low,阮ê海海人生-臺韓海洋文化交流特展,Expo / Exhibition,博物館路200號,2026-04-22,2027-01-03,https://data.gov.tw/dataset/7778,2026-08-31
2026-12-28,桃園,0,0,0,None,,,,,,,2026-08-31
2026-12-28,台中,7,3,4,High,115-116年探索臺中之美 引客獎勵方案,Major celebration,,2026-02-15,2027-03-08,https://data.gov.tw/dataset/7778,2026-08-31
2026-12-28,高雄,3,0,1.25,Low,《Mundo Pixar Experience》皮克斯世界巡迴展 台灣站,Expo / Exhibition,「高雄輕軌－高雄展覽館站C8」海邊路與成功二路交匯處,2026-12-18,2027-04-18,https://data.gov.tw/dataset/7778,2026-08-31
2026-12-29,台北,1,1,0.88,Medium,2026臺灣自行車旅遊節,Sports / Marathon,2026年活動地點尚未確定,2026-09-01,2026-12-31,https://taiwanbike.tw/,2026-08-31
2026-12-29,新北,4,0,2,Low,阮ê海海人生-臺韓海洋文化交流特展,Expo / Exhibition,博物館路200號,2026-04-22,2027-01-03,https://data.gov.tw/dataset/7778,2026-08-31
2026-12-29,桃園,0,0,0,None,,,,,,,2026-08-31
2026-12-29,台中,7,3,4,High,115-116年探索臺中之美 引客獎勵方案,Major celebration,,2026-02-15,2027-03-08,https://data.gov.tw/dataset/7778,2026-08-31
2026-12-29,高雄,3,0,1.25,Low,《Mundo Pixar Experience》皮克斯世界巡迴展 台灣站,Expo / Exhibition,「高雄輕軌－高雄展覽館站C8」海邊路與成功二路交匯處,2026-12-18,2027-04-18,https://data.gov.tw/dataset/7778,2026-08-31
2026-12-30,台北,1,1,0.88,Medium,2026臺灣自行車旅遊節,Sports / Marathon,2026年活動地點尚未確定,2026-09-01,2026-12-31,https://taiwanbike.tw/,2026-08-31
2026-12-30,新北,4,0,2,Low,阮ê海海人生-臺韓海洋文化交流特展,Expo / Exhibition,博物館路200號,2026-04-22,2027-01-03,https://data.gov.tw/dataset/7778,2026-08-31
2026-12-30,桃園,0,0,0,None,,,,,,,2026-08-31
2026-12-30,台中,7,3,4,High,115-116年探索臺中之美 引客獎勵方案,Major celebration,,2026-02-15,2027-03-08,https://data.gov.tw/dataset/7778,2026-08-31
2026-12-30,高雄,3,0,1.25,Low,《Mundo Pixar Experience》皮克斯世界巡迴展 台灣站,Expo / Exhibition,「高雄輕軌－高雄展覽館站C8」海邊路與成功二路交匯處,2026-12-18,2027-04-18,https://data.gov.tw/dataset/7778,2026-08-31
2026-12-31,台北,1,1,0.88,Medium,2026臺灣自行車旅遊節,Sports / Marathon,2026年活動地點尚未確定,2026-09-01,2026-12-31,https://taiwanbike.tw/,2026-08-31
2026-12-31,新北,4,0,2,Low,阮ê海海人生-臺韓海洋文化交流特展,Expo / Exhibition,博物館路200號,2026-04-22,2027-01-03,https://data.gov.tw/dataset/7778,2026-08-31
2026-12-31,桃園,1,1,4,Medium,2027桃園跨年晚會,Major celebration,,2026-12-31,2026-12-31,https://data.gov.tw/dataset/7778,2026-08-31
2026-12-31,台中,7,3,4,High,115-116年探索臺中之美 引客獎勵方案,Major celebration,,2026-02-15,2027-03-08,https://data.gov.tw/dataset/7778,2026-08-31
2026-12-31,高雄,3,0,1.25,Low,《Mundo Pixar Experience》皮克斯世界巡迴展 台灣站,Expo / Exhibition,「高雄輕軌－高雄展覽館站C8」海邊路與成功二路交匯處,2026-12-18,2027-04-18,https://data.gov.tw/dataset/7778,2026-08-31
